school_id,item_id,subject,grade,assessment_type,session,item_name
019eb11c-410a-7ffb-86e6-a0294c669670,7334632137,ELA,Grade 1,Lesson  Assessments,2024-25,Nice to Meet You!: Weekly Assessment: Week 1
019eb11c-410a-7ffb-86e6-a0294c669670,7334632189,ELA,Grade 1,Lesson  Assessments,2024-25,Nice to Meet You!: Weekly Assessment: Week 2
019eb11c-410a-7ffb-86e6-a0294c669670,7334632245,ELA,Grade 1,Lesson  Assessments,2024-25,Nice to Meet You!: Weekly Assessment: Week 3
019eb11c-410a-7ffb-86e6-a0294c669670,7334632266,ELA,Grade 1,Unit-Chap  Assessments,2024-25,Module Assessment: Nice to Meet You!
019eb11c-410a-7ffb-86e6-a0294c669670,7334632340,ELA,Grade 1,Lesson  Assessments,2024-25,"My Family, My Community: Weekly Assessment: Week 2"
019eb11c-410a-7ffb-86e6-a0294c669670,7334632395,ELA,Grade 1,Unit-Chap  Assessments,2024-25,"Module Assessment: My Family, My Community"
019eb11c-410a-7ffb-86e6-a0294c669670,7334632445,ELA,Grade 1,Lesson  Assessments,2024-25,Amazing Animals: Weekly Assessment: Week 1
019eb11c-410a-7ffb-86e6-a0294c669670,7334632515,ELA,Grade 1,Lesson  Assessments,2024-25,Amazing Animals: Weekly Assessment: Week 3
019eb11c-410a-7ffb-86e6-a0294c669670,7334632560,ELA,Grade 1,Unit-Chap  Assessments,2024-25,Module Assessment: Amazing Animals
019eb11c-410a-7ffb-86e6-a0294c669670,7334632604,ELA,Grade 1,Lesson  Assessments,2024-25,Better Together: Weekly Assessment: Week 1
019eb11c-410a-7ffb-86e6-a0294c669670,7334632637,ELA,Grade 1,Lesson  Assessments,2024-25,Better Together: Weekly Assessment: Week 2
019eb11c-410a-7ffb-86e6-a0294c669670,7334632673,ELA,Grade 1,Lesson  Assessments,2024-25,Better Together: Weekly Assessment: Week 3
019eb11c-410a-7ffb-86e6-a0294c669670,7334632708,ELA,Grade 1,Assessments,2024-25,Module Assessment: Better Together
019eb11c-410a-7ffb-86e6-a0294c669670,7334632768,ELA,Grade 1,Assessments,2024-25,"Now You See It, Now You Don't: Weekly Assessment: Week 1"
019eb11c-410a-7ffb-86e6-a0294c669670,7334632803,ELA,Grade 1,Lesson  Assessments,2024-25,"Now You See It, Now You Don't: Weekly Assessment: Week 2"
019eb11c-410a-7ffb-86e6-a0294c669670,7334632852,ELA,Grade 1,Lesson  Assessments,2024-25,"Now You See It, Now You Don't: Weekly Assessment: Week 3"
019eb11c-410a-7ffb-86e6-a0294c669670,7334632884,ELA,Grade 1,Lesson  Assessments,2024-25,"Module Assessment: Now You See It, Now You Don't"
019eb11c-410a-7ffb-86e6-a0294c669670,7334632919,ELA,Grade 1,Lesson  Assessments,2024-25,Celebrate America: Weekly Assessment: Week 1
019eb11c-410a-7ffb-86e6-a0294c669670,7334632950,ELA,Grade 1,Lesson  Assessments,2024-25,Celebrate America: Weekly Assessment: Week 2
019eb11c-410a-7ffb-86e6-a0294c669670,7334633019,ELA,Grade 1,Lesson  Assessments,2024-25,Module Assessment: Celebrate America
019eb11c-410a-7ffb-86e6-a0294c669670,7334633063,ELA,Grade 1,Assessments,2024-25,The Big Outdoors: Weekly Assessment: Week 1
019eb11c-410a-7ffb-86e6-a0294c669670,7334633224,ELA,Grade 1,Lesson  Assessments,2024-25,Tell Me a Story: Weekly Assessment: Week 1
019eb11c-410a-7ffb-86e6-a0294c669670,7334633284,ELA,Grade 1,Lesson  Assessments,2024-25,Tell Me a Story: Weekly Assessment: Week 3
019eb11c-410a-7ffb-86e6-a0294c669670,7334633311,ELA,Grade 1,Lesson  Assessments,2024-25,Module Assessment: Tell Me a Story
019eb11c-410a-7ffb-86e6-a0294c669670,7334633366,ELA,Grade 1,Lesson  Assessments,2024-25,Nice to Meet You!: Weekly Assessment: Week 1
019eb11c-410a-7ffb-86e6-a0294c669670,7334633419,ELA,Grade 1,Lesson  Assessments,2024-25,Nice to Meet You!: Weekly Assessment: Week 2
019eb11c-410a-7ffb-86e6-a0294c669670,7334633464,ELA,Grade 1,Lesson  Assessments,2024-25,Nice to Meet You!: Weekly Assessment: Week 3
019eb11c-410a-7ffb-86e6-a0294c669670,7334633495,ELA,Grade 1,Unit-Chap  Assessments,2024-25,Module Assessment: Nice to Meet You!
019eb11c-410a-7ffb-86e6-a0294c669670,7334633556,ELA,Grade 1,Lesson  Assessments,2024-25,"My Family, My Community: Weekly Assessment: Week 2"
019eb11c-410a-7ffb-86e6-a0294c669670,7334633663,ELA,Grade 1,Unit-Chap  Assessments,2024-25,"Module Assessment: My Family, My Community"
019eb11c-410a-7ffb-86e6-a0294c669670,7334633690,ELA,Grade 1,Lesson  Assessments,2024-25,Amazing Animals: Weekly Assessment: Week 1
019eb11c-410a-7ffb-86e6-a0294c669670,7334633737,ELA,Grade 1,Lesson  Assessments,2024-25,Amazing Animals: Weekly Assessment: Week 3
019eb11c-410a-7ffb-86e6-a0294c669670,7334633763,ELA,Grade 1,Unit-Chap  Assessments,2024-25,Module Assessment: Amazing Animals
019eb11c-410a-7ffb-86e6-a0294c669670,7334633806,ELA,Grade 1,Lesson  Assessments,2024-25,Better Together: Weekly Assessment: Week 1
019eb11c-410a-7ffb-86e6-a0294c669670,7334633825,ELA,Grade 1,Lesson  Assessments,2024-25,Better Together: Weekly Assessment: Week 2
019eb11c-410a-7ffb-86e6-a0294c669670,7334633857,ELA,Grade 1,Lesson  Assessments,2024-25,Better Together: Weekly Assessment: Week 3
019eb11c-410a-7ffb-86e6-a0294c669670,7334633878,ELA,Grade 1,Assessments,2024-25,Module Assessment: Better Together
019eb11c-410a-7ffb-86e6-a0294c669670,7334633906,ELA,Grade 1,Assessments,2024-25,"Now You See It, Now You Don't: Weekly Assessment: Week 1"
019eb11c-410a-7ffb-86e6-a0294c669670,7334633943,ELA,Grade 1,Lesson  Assessments,2024-25,"Now You See It, Now You Don't: Weekly Assessment: Week 2"
019eb11c-410a-7ffb-86e6-a0294c669670,7334633973,ELA,Grade 1,Lesson  Assessments,2024-25,"Now You See It, Now You Don't: Weekly Assessment: Week 3"
019eb11c-410a-7ffb-86e6-a0294c669670,7334634007,ELA,Grade 1,Lesson  Assessments,2024-25,"Module Assessment: Now You See It, Now You Don't"
019eb11c-410a-7ffb-86e6-a0294c669670,7334634065,ELA,Grade 1,Lesson  Assessments,2024-25,Celebrate America: Weekly Assessment: Week 1
019eb11c-410a-7ffb-86e6-a0294c669670,7334634115,ELA,Grade 1,Lesson  Assessments,2024-25,Celebrate America: Weekly Assessment: Week 2
019eb11c-410a-7ffb-86e6-a0294c669670,7334634189,ELA,Grade 1,Lesson  Assessments,2024-25,Module Assessment: Celebrate America
019eb11c-410a-7ffb-86e6-a0294c669670,7334634237,ELA,Grade 1,Assessments,2024-25,The Big Outdoors: Weekly Assessment: Week 1
019eb11c-410a-7ffb-86e6-a0294c669670,7334634386,ELA,Grade 1,Lesson  Assessments,2024-25,Tell Me a Story: Weekly Assessment: Week 1
019eb11c-410a-7ffb-86e6-a0294c669670,7334634475,ELA,Grade 1,Lesson  Assessments,2024-25,Tell Me a Story: Weekly Assessment: Week 3
019eb11c-410a-7ffb-86e6-a0294c669670,7334634502,ELA,Grade 1,Lesson  Assessments,2024-25,Module Assessment: Tell Me a Story
019eb11c-410a-7ffb-86e6-a0294c669670,7334634550,ELA,Grade 1,Lesson  Assessments,2024-25,Nice to Meet You!: Weekly Assessment: Week 1
019eb11c-410a-7ffb-86e6-a0294c669670,7334634575,ELA,Grade 1,Lesson  Assessments,2024-25,Nice to Meet You!: Weekly Assessment: Week 2
019eb11c-410a-7ffb-86e6-a0294c669670,7334634602,ELA,Grade 1,Lesson  Assessments,2024-25,Nice to Meet You!: Weekly Assessment: Week 3
019eb11c-410a-7ffb-86e6-a0294c669670,7334634624,ELA,Grade 1,Unit-Chap  Assessments,2024-25,Module Assessment: Nice to Meet You!
019eb11c-410a-7ffb-86e6-a0294c669670,7334634701,ELA,Grade 1,Lesson  Assessments,2024-25,"My Family, My Community: Weekly Assessment: Week 2"
019eb11c-410a-7ffb-86e6-a0294c669670,7334634787,ELA,Grade 1,Unit-Chap  Assessments,2024-25,"Module Assessment: My Family, My Community"
019eb11c-410a-7ffb-86e6-a0294c669670,7334634835,ELA,Grade 1,Lesson  Assessments,2024-25,Amazing Animals: Weekly Assessment: Week 1
019eb11c-410a-7ffb-86e6-a0294c669670,7334634965,ELA,Grade 1,Lesson  Assessments,2024-25,Amazing Animals: Weekly Assessment: Week 3
019eb11c-410a-7ffb-86e6-a0294c669670,7334635009,ELA,Grade 1,Unit-Chap  Assessments,2024-25,Module Assessment: Amazing Animals
019eb11c-410a-7ffb-86e6-a0294c669670,7334635062,ELA,Grade 1,Lesson  Assessments,2024-25,Better Together: Weekly Assessment: Week 1
019eb11c-410a-7ffb-86e6-a0294c669670,7334635084,ELA,Grade 1,Lesson  Assessments,2024-25,Better Together: Weekly Assessment: Week 2
019eb11c-410a-7ffb-86e6-a0294c669670,7334635126,ELA,Grade 1,Lesson  Assessments,2024-25,Better Together: Weekly Assessment: Week 3
019eb11c-410a-7ffb-86e6-a0294c669670,7334635166,ELA,Grade 1,Assessments,2024-25,Module Assessment: Better Together
019eb11c-410a-7ffb-86e6-a0294c669670,7334635223,ELA,Grade 1,Lesson  Assessments,2024-25,"Now You See It, Now You Don't: Weekly Assessment: Week 1"
019eb11c-410a-7ffb-86e6-a0294c669670,7334635298,ELA,Grade 1,Lesson  Assessments,2024-25,"Now You See It, Now You Don't: Weekly Assessment: Week 2"
019eb11c-410a-7ffb-86e6-a0294c669670,7334635372,ELA,Grade 1,Lesson  Assessments,2024-25,"Now You See It, Now You Don't: Weekly Assessment: Week 3"
019eb11c-410a-7ffb-86e6-a0294c669670,7334635437,ELA,Grade 1,Lesson  Assessments,2024-25,"Module Assessment: Now You See It, Now You Don't"
019eb11c-410a-7ffb-86e6-a0294c669670,7334635491,ELA,Grade 1,Lesson  Assessments,2024-25,Celebrate America: Weekly Assessment: Week 1
019eb11c-410a-7ffb-86e6-a0294c669670,7334635533,ELA,Grade 1,Lesson  Assessments,2024-25,Celebrate America: Weekly Assessment: Week 2
019eb11c-410a-7ffb-86e6-a0294c669670,7334635604,ELA,Grade 1,Lesson  Assessments,2024-25,Module Assessment: Celebrate America
019eb11c-410a-7ffb-86e6-a0294c669670,7334635662,ELA,Grade 1,Assessments,2024-25,The Big Outdoors: Weekly Assessment: Week 1
019eb11c-410a-7ffb-86e6-a0294c669670,7334635860,ELA,Grade 1,Lesson  Assessments,2024-25,Tell Me a Story: Weekly Assessment: Week 1
019eb11c-410a-7ffb-86e6-a0294c669670,7334635960,ELA,Grade 1,Lesson  Assessments,2024-25,Tell Me a Story: Weekly Assessment: Week 3
019eb11c-410a-7ffb-86e6-a0294c669670,7334636009,ELA,Grade 1,Lesson  Assessments,2024-25,Module Assessment: Tell Me a Story
019eb11c-410a-7ffb-86e6-a0294c669670,7334677702,ELA,Grade 2,Lesson  Assessments,2024-25,Be a Super Citizen: Weekly Assessment: Week 1
019eb11c-410a-7ffb-86e6-a0294c669670,7334677716,ELA,Grade 2,Lesson  Assessments,2024-25,Be a Super Citizen: Weekly Assessment: Week 2
019eb11c-410a-7ffb-86e6-a0294c669670,7334677729,ELA,Grade 2,Lesson  Assessments,2024-25,Be a Super Citizen: Weekly Assessment: Week 3
019eb11c-410a-7ffb-86e6-a0294c669670,7334677739,ELA,Grade 2,Unit-Chap  Assessments,2024-25,Module Assessment: Be a Super Citizen
019eb11c-410a-7ffb-86e6-a0294c669670,7334677764,ELA,Grade 2,Lesson  Assessments,2024-25,Look Around and Explore!: Weekly Assessment: Week 2
019eb11c-410a-7ffb-86e6-a0294c669670,7334677815,ELA,Grade 2,Unit-Chap  Assessments,2024-25,Module Assessment: Look Around and Explore!
019eb11c-410a-7ffb-86e6-a0294c669670,7334677836,ELA,Grade 2,Lesson  Assessments,2024-25,Meet in the Middle: Weekly Assessment: Week 1
019eb11c-410a-7ffb-86e6-a0294c669670,7334677866,ELA,Grade 2,Lesson  Assessments,2024-25,Meet in the Middle: Weekly Assessment: Week 3
019eb11c-410a-7ffb-86e6-a0294c669670,7334677882,ELA,Grade 2,Unit-Chap  Assessments,2024-25,Module Assessment: Meet in the Middle
019eb11c-410a-7ffb-86e6-a0294c669670,7334677903,ELA,Grade 2,Lesson  Assessments,2024-25,Once Upon a Time: Weekly Assessment: Week 1
019eb11c-410a-7ffb-86e6-a0294c669670,7334677923,ELA,Grade 2,Lesson  Assessments,2024-25,Once Upon a Time: Weekly Assessment: Week 2
019eb11c-410a-7ffb-86e6-a0294c669670,7334677940,ELA,Grade 2,Lesson  Assessments,2024-25,Once Upon a Time: Weekly Assessment: Week 3
019eb11c-410a-7ffb-86e6-a0294c669670,7334677961,ELA,Grade 2,Lesson  Assessments,2024-25,Module Assessment: Once Upon a Time
019eb11c-410a-7ffb-86e6-a0294c669670,7334677961,ELA,Grade 2,Assessments,2024-25,Module Assessment: Once Upon a Time
019eb11c-410a-7ffb-86e6-a0294c669670,7334677982,ELA,Grade 2,Assessments,2024-25,Lead the Way: Weekly Assessment: Week 1
019eb11c-410a-7ffb-86e6-a0294c669670,7334678003,ELA,Grade 2,Lesson  Assessments,2024-25,Lead the Way: Weekly Assessment: Week 2
019eb11c-410a-7ffb-86e6-a0294c669670,7334678025,ELA,Grade 2,Lesson  Assessments,2024-25,Lead the Way: Weekly Assessment: Week 3
019eb11c-410a-7ffb-86e6-a0294c669670,7334678039,ELA,Grade 2,Lesson  Assessments,2024-25,Module Assessment: Lead the Way
019eb11c-410a-7ffb-86e6-a0294c669670,7334678059,ELA,Grade 2,Lesson  Assessments,2024-25,Weather Wise: Weekly Assessment: Week 1
019eb11c-410a-7ffb-86e6-a0294c669670,7334678086,ELA,Grade 2,Lesson  Assessments,2024-25,Weather Wise: Weekly Assessment: Week 2
019eb11c-410a-7ffb-86e6-a0294c669670,7334678155,ELA,Grade 2,Lesson  Assessments,2024-25,Module Assessment: Weather Wise
019eb11c-410a-7ffb-86e6-a0294c669670,7334678180,ELA,Grade 2,Assessments,2024-25,Everyone Has a Story: Weekly Assessment: Week 1
019eb11c-410a-7ffb-86e6-a0294c669670,7334678220,ELA,Grade 2,Assessments,2024-25,Everyone Has a Story: Weekly Assessment: Week 2
019eb11c-410a-7ffb-86e6-a0294c669670,7334679009,ELA,Grade 2,Lesson  Assessments,2024-25,Be a Super Citizen: Weekly Assessment: Week 1
019eb11c-410a-7ffb-86e6-a0294c669670,7334679082,ELA,Grade 2,Lesson  Assessments,2024-25,Be a Super Citizen: Weekly Assessment: Week 2
019eb11c-410a-7ffb-86e6-a0294c669670,7334679122,ELA,Grade 2,Lesson  Assessments,2024-25,Be a Super Citizen: Weekly Assessment: Week 3
019eb11c-410a-7ffb-86e6-a0294c669670,7334679162,ELA,Grade 2,Unit-Chap  Assessments,2024-25,Module Assessment: Be a Super Citizen
019eb11c-410a-7ffb-86e6-a0294c669670,7334679235,ELA,Grade 2,Lesson  Assessments,2024-25,Look Around and Explore!: Weekly Assessment: Week 2
019eb11c-410a-7ffb-86e6-a0294c669670,7334679306,ELA,Grade 2,Unit-Chap  Assessments,2024-25,Module Assessment: Look Around and Explore!
019eb11c-410a-7ffb-86e6-a0294c669670,7334679341,ELA,Grade 2,Lesson  Assessments,2024-25,Meet in the Middle: Weekly Assessment: Week 1
019eb11c-410a-7ffb-86e6-a0294c669670,7334679392,ELA,Grade 2,Lesson  Assessments,2024-25,Meet in the Middle: Weekly Assessment: Week 3
019eb11c-410a-7ffb-86e6-a0294c669670,7334679419,ELA,Grade 2,Unit-Chap  Assessments,2024-25,Module Assessment: Meet in the Middle
019eb11c-410a-7ffb-86e6-a0294c669670,7334679452,ELA,Grade 2,Lesson  Assessments,2024-25,Once Upon a Time: Weekly Assessment: Week 1
019eb11c-410a-7ffb-86e6-a0294c669670,7334679487,ELA,Grade 2,Lesson  Assessments,2024-25,Once Upon a Time: Weekly Assessment: Week 2
019eb11c-410a-7ffb-86e6-a0294c669670,7334679551,ELA,Grade 2,Lesson  Assessments,2024-25,Module Assessment: Once Upon a Time
019eb11c-410a-7ffb-86e6-a0294c669670,7334679587,ELA,Grade 2,Assessments,2024-25,Lead the Way: Weekly Assessment: Week 1
019eb11c-410a-7ffb-86e6-a0294c669670,7334679618,ELA,Grade 2,Lesson  Assessments,2024-25,Lead the Way: Weekly Assessment: Week 2
019eb11c-410a-7ffb-86e6-a0294c669670,7334679663,ELA,Grade 2,Lesson  Assessments,2024-25,Lead the Way: Weekly Assessment: Week 3
019eb11c-410a-7ffb-86e6-a0294c669670,7334679687,ELA,Grade 2,Lesson  Assessments,2024-25,Module Assessment: Lead the Way
019eb11c-410a-7ffb-86e6-a0294c669670,7334679715,ELA,Grade 2,Lesson  Assessments,2024-25,Weather Wise: Weekly Assessment: Week 1
019eb11c-410a-7ffb-86e6-a0294c669670,7334679736,ELA,Grade 2,Lesson  Assessments,2024-25,Weather Wise: Weekly Assessment: Week 2
019eb11c-410a-7ffb-86e6-a0294c669670,7334679776,ELA,Grade 2,Lesson  Assessments,2024-25,Module Assessment: Weather Wise
019eb11c-410a-7ffb-86e6-a0294c669670,7334679791,ELA,Grade 2,Assessments,2024-25,Everyone Has a Story: Weekly Assessment: Week 1
019eb11c-410a-7ffb-86e6-a0294c669670,7334679809,ELA,Grade 2,Lesson  Assessments,2024-25,Everyone Has a Story: Weekly Assessment: Week 2
019eb11c-410a-7ffb-86e6-a0294c669670,7334679836,ELA,Grade 2,Lesson  Assessments,2024-25,Everyone Has a Story: Weekly Assessment: Week 3
019eb11c-410a-7ffb-86e6-a0294c669670,7334679874,ELA,Grade 2,Lesson  Assessments,2024-25,Time to Grow!: Weekly Assessment: Week 1
019eb11c-410a-7ffb-86e6-a0294c669670,7334679917,ELA,Grade 2,Lesson  Assessments,2024-25,Time to Grow!: Weekly Assessment: Week 3
019eb11c-410a-7ffb-86e6-a0294c669670,7334679935,ELA,Grade 2,Lesson  Assessments,2024-25,Module Assessment: Time to Grow!
019eb11c-410a-7ffb-86e6-a0294c669670,7334680245,ELA,Grade 2,Lesson  Assessments,2024-25,Be a Super Citizen: Weekly Assessment: Week 1
019eb11c-410a-7ffb-86e6-a0294c669670,7334680261,ELA,Grade 2,Lesson  Assessments,2024-25,Be a Super Citizen: Weekly Assessment: Week 2
019eb11c-410a-7ffb-86e6-a0294c669670,7334680299,ELA,Grade 2,Lesson  Assessments,2024-25,Be a Super Citizen: Weekly Assessment: Week 3
019eb11c-410a-7ffb-86e6-a0294c669670,7334680331,ELA,Grade 2,Unit-Chap  Assessments,2024-25,Module Assessment: Be a Super Citizen
019eb11c-410a-7ffb-86e6-a0294c669670,7334680366,ELA,Grade 2,Lesson  Assessments,2024-25,Look Around and Explore!: Weekly Assessment: Week 2
019eb11c-410a-7ffb-86e6-a0294c669670,7334680413,ELA,Grade 2,Unit-Chap  Assessments,2024-25,Module Assessment: Look Around and Explore!
019eb11c-410a-7ffb-86e6-a0294c669670,7334680430,ELA,Grade 2,Lesson  Assessments,2024-25,Meet in the Middle: Weekly Assessment: Week 1
019eb11c-410a-7ffb-86e6-a0294c669670,7334680475,ELA,Grade 2,Lesson  Assessments,2024-25,Meet in the Middle: Weekly Assessment: Week 3
019eb11c-410a-7ffb-86e6-a0294c669670,7334680498,ELA,Grade 2,Unit-Chap  Assessments,2024-25,Module Assessment: Meet in the Middle
019eb11c-410a-7ffb-86e6-a0294c669670,7334680518,ELA,Grade 2,Lesson  Assessments,2024-25,Once Upon a Time: Weekly Assessment: Week 1
019eb11c-410a-7ffb-86e6-a0294c669670,7334680536,ELA,Grade 2,Lesson  Assessments,2024-25,Once Upon a Time: Weekly Assessment: Week 2
019eb11c-410a-7ffb-86e6-a0294c669670,7334680559,ELA,Grade 2,Lesson  Assessments,2024-25,Once Upon a Time: Weekly Assessment: Week 3
019eb11c-410a-7ffb-86e6-a0294c669670,7334680580,ELA,Grade 2,Assessments,2024-25,Module Assessment: Once Upon a Time
019eb11c-410a-7ffb-86e6-a0294c669670,7334680590,ELA,Grade 2,Assessments,2024-25,Lead the Way: Weekly Assessment: Week 1
019eb11c-410a-7ffb-86e6-a0294c669670,7334680610,ELA,Grade 2,Lesson  Assessments,2024-25,Lead the Way: Weekly Assessment: Week 2
019eb11c-410a-7ffb-86e6-a0294c669670,7334680643,ELA,Grade 2,Lesson  Assessments,2024-25,Lead the Way: Weekly Assessment: Week 3
019eb11c-410a-7ffb-86e6-a0294c669670,7334680664,ELA,Grade 2,Lesson  Assessments,2024-25,Module Assessment: Lead the Way
019eb11c-410a-7ffb-86e6-a0294c669670,7334680685,ELA,Grade 2,Lesson  Assessments,2024-25,Weather Wise: Weekly Assessment: Week 1
019eb11c-410a-7ffb-86e6-a0294c669670,7334680706,ELA,Grade 2,Lesson  Assessments,2024-25,Weather Wise: Weekly Assessment: Week 2
019eb11c-410a-7ffb-86e6-a0294c669670,7334680753,ELA,Grade 2,Lesson  Assessments,2024-25,Module Assessment: Weather Wise
019eb11c-410a-7ffb-86e6-a0294c669670,7334680779,ELA,Grade 2,Assessments,2024-25,Everyone Has a Story: Weekly Assessment: Week 1
019eb11c-410a-7ffb-86e6-a0294c669670,7334680804,ELA,Grade 2,Lesson  Assessments,2024-25,Everyone Has a Story: Weekly Assessment: Week 2
019eb11c-410a-7ffb-86e6-a0294c669670,7334680926,ELA,Grade 2,Lesson  Assessments,2024-25,Time to Grow!: Weekly Assessment: Week 1
019eb11c-410a-7ffb-86e6-a0294c669670,7334680996,ELA,Grade 2,Lesson  Assessments,2024-25,Time to Grow!: Weekly Assessment: Week 3
019eb11c-410a-7ffb-86e6-a0294c669670,7334681024,ELA,Grade 2,Lesson  Assessments,2024-25,Module Assessment: Time to Grow!
019eb11c-410a-7ffb-86e6-a0294c669670,7334738428,ELA,Grade 3,Lesson  Assessments,2024-25,What a Character!: Weekly Assessment: Week 1
019eb11c-410a-7ffb-86e6-a0294c669670,7334738488,ELA,Grade 3,Lesson  Assessments,2024-25,What a Character!: Weekly Assessment: Week 2
019eb11c-410a-7ffb-86e6-a0294c669670,7334738523,ELA,Grade 3,Lesson  Assessments,2024-25,What a Character!: Weekly Assessment: Week 3
019eb11c-410a-7ffb-86e6-a0294c669670,7334738543,ELA,Grade 3,Unit-Chap  Assessments,2024-25,Module Assessment: What a Character!
019eb11c-410a-7ffb-86e6-a0294c669670,7334738602,ELA,Grade 3,Lesson  Assessments,2024-25,Use Your Words: Weekly Assessment: Week 2
019eb11c-410a-7ffb-86e6-a0294c669670,7334738643,ELA,Grade 3,Lesson  Assessments,2024-25,Use Your Words: Weekly Assessment: Week 3
019eb11c-410a-7ffb-86e6-a0294c669670,7334738663,ELA,Grade 3,Unit-Chap  Assessments,2024-25,Module Assessment: Use Your Words
019eb11c-410a-7ffb-86e6-a0294c669670,7334738724,ELA,Grade 3,Lesson  Assessments,2024-25,Let Freedom Ring!: Weekly Assessment: Week 2
019eb11c-410a-7ffb-86e6-a0294c669670,7334738751,ELA,Grade 3,Lesson  Assessments,2024-25,Let Freedom Ring!: Weekly Assessment: Week 3
019eb11c-410a-7ffb-86e6-a0294c669670,7334738785,ELA,Grade 3,Unit-Chap  Assessments,2024-25,Module Assessment: Let Freedom Ring!
019eb11c-410a-7ffb-86e6-a0294c669670,7334738820,ELA,Grade 3,Lesson  Assessments,2024-25,Stories on Stage: Weekly Assessment: Week 1
019eb11c-410a-7ffb-86e6-a0294c669670,7334738857,ELA,Grade 3,Lesson  Assessments,2024-25,Stories on Stage: Weekly Assessment: Week 2
019eb11c-410a-7ffb-86e6-a0294c669670,7334738893,ELA,Grade 3,Lesson  Assessments,2024-25,Stories on Stage: Weekly Assessment: Week 3
019eb11c-410a-7ffb-86e6-a0294c669670,7334738908,ELA,Grade 3,Assessments,2024-25,Module Assessment: Stories on Stage
019eb11c-410a-7ffb-86e6-a0294c669670,7334738943,ELA,Grade 3,Assessments,2024-25,Teamwork: Weekly Assessment: Week 1
019eb11c-410a-7ffb-86e6-a0294c669670,7334738972,ELA,Grade 3,Lesson  Assessments,2024-25,Teamwork: Weekly Assessment: Week 2
019eb11c-410a-7ffb-86e6-a0294c669670,7334739018,ELA,Grade 3,Lesson  Assessments,2024-25,Teamwork: Weekly Assessment: Week 3
019eb11c-410a-7ffb-86e6-a0294c669670,7334739045,ELA,Grade 3,Lesson  Assessments,2024-25,Module Assessment: Teamwork
019eb11c-410a-7ffb-86e6-a0294c669670,7334739094,ELA,Grade 3,Lesson  Assessments,2024-25,Animal Behaviors: Weekly Assessment: Week 1
019eb11c-410a-7ffb-86e6-a0294c669670,7334739133,ELA,Grade 3,Lesson  Assessments,2024-25,Animal Behaviors: Weekly Assessment: Week 2
019eb11c-410a-7ffb-86e6-a0294c669670,7334739203,ELA,Grade 3,Lesson  Assessments,2024-25,Module Assessment: Animal Behaviors
019eb11c-410a-7ffb-86e6-a0294c669670,7334739224,ELA,Grade 3,Assessments,2024-25,Make a Difference: Weekly Assessment: Week 1
019eb11c-410a-7ffb-86e6-a0294c669670,7334739247,ELA,Grade 3,Lesson  Assessments,2024-25,Make a Difference: Weekly Assessment: Week 2
019eb11c-410a-7ffb-86e6-a0294c669670,7334739542,ELA,Grade 3,Lesson  Assessments,2024-25,What a Character!: Weekly Assessment: Week 1
019eb11c-410a-7ffb-86e6-a0294c669670,7334739567,ELA,Grade 3,Lesson  Assessments,2024-25,What a Character!: Weekly Assessment: Week 2
019eb11c-410a-7ffb-86e6-a0294c669670,7334739599,ELA,Grade 3,Lesson  Assessments,2024-25,What a Character!: Weekly Assessment: Week 3
019eb11c-410a-7ffb-86e6-a0294c669670,7334739629,ELA,Grade 3,Unit-Chap  Assessments,2024-25,Module Assessment: What a Character!
019eb11c-410a-7ffb-86e6-a0294c669670,7334739710,ELA,Grade 3,Lesson  Assessments,2024-25,Use Your Words: Weekly Assessment: Week 2
019eb11c-410a-7ffb-86e6-a0294c669670,7334739746,ELA,Grade 3,Lesson  Assessments,2024-25,Use Your Words: Weekly Assessment: Week 3
019eb11c-410a-7ffb-86e6-a0294c669670,7334739781,ELA,Grade 3,Lesson  Assessments,2024-25,Module Assessment: Use Your Words
019eb11c-410a-7ffb-86e6-a0294c669670,7334739781,ELA,Grade 3,Unit-Chap  Assessments,2024-25,Module Assessment: Use Your Words - 10/21/24
019eb11c-410a-7ffb-86e6-a0294c669670,7334739873,ELA,Grade 3,Lesson  Assessments,2024-25,Let Freedom Ring!: Weekly Assessment: Week 2
019eb11c-410a-7ffb-86e6-a0294c669670,7334739935,ELA,Grade 3,Lesson  Assessments,2024-25,Let Freedom Ring!: Weekly Assessment: Week 3
019eb11c-410a-7ffb-86e6-a0294c669670,7334739994,ELA,Grade 3,Unit-Chap  Assessments,2024-25,Module Assessment: Let Freedom Ring!
019eb11c-410a-7ffb-86e6-a0294c669670,7334740087,ELA,Grade 3,Lesson  Assessments,2024-25,Stories on Stage: Weekly Assessment: Week 1
019eb11c-410a-7ffb-86e6-a0294c669670,7334740162,ELA,Grade 3,Lesson  Assessments,2024-25,Stories on Stage: Weekly Assessment: Week 2
019eb11c-410a-7ffb-86e6-a0294c669670,7334740236,ELA,Grade 3,Lesson  Assessments,2024-25,Stories on Stage: Weekly Assessment: Week 3
019eb11c-410a-7ffb-86e6-a0294c669670,7334740293,ELA,Grade 3,Lesson  Assessments,2024-25,Module Assessment: Stories on Stage
019eb11c-410a-7ffb-86e6-a0294c669670,7334740354,ELA,Grade 3,Lesson  Assessments,2024-25,Teamwork: Weekly Assessment: Week 1
019eb11c-410a-7ffb-86e6-a0294c669670,7334740404,ELA,Grade 3,Lesson  Assessments,2024-25,Teamwork: Weekly Assessment: Week 2
019eb11c-410a-7ffb-86e6-a0294c669670,7334740466,ELA,Grade 3,Lesson  Assessments,2024-25,Teamwork: Weekly Assessment: Week 3
019eb11c-410a-7ffb-86e6-a0294c669670,7334740525,ELA,Grade 3,Lesson  Assessments,2024-25,Module Assessment: Teamwork
019eb11c-410a-7ffb-86e6-a0294c669670,7334740594,ELA,Grade 3,Lesson  Assessments,2024-25,Animal Behaviors: Weekly Assessment: Week 1
019eb11c-410a-7ffb-86e6-a0294c669670,7334740638,ELA,Grade 3,Lesson  Assessments,2024-25,Animal Behaviors: Weekly Assessment: Week 2
019eb11c-410a-7ffb-86e6-a0294c669670,7334740738,ELA,Grade 3,Lesson  Assessments,2024-25,Module Assessment: Animal Behaviors
019eb11c-410a-7ffb-86e6-a0294c669670,7334740802,ELA,Grade 3,Assessments,2024-25,Make a Difference: Weekly Assessment: Week 1
019eb11c-410a-7ffb-86e6-a0294c669670,7334740849,ELA,Grade 3,Lesson  Assessments,2024-25,Make a Difference: Weekly Assessment: Week 2
019eb11c-410a-7ffb-86e6-a0294c669670,7334741201,ELA,Grade 3,Lesson  Assessments,2024-25,What a Character!: Weekly Assessment: Week 1
019eb11c-410a-7ffb-86e6-a0294c669670,7334741242,ELA,Grade 3,Lesson  Assessments,2024-25,What a Character!: Weekly Assessment: Week 2
019eb11c-410a-7ffb-86e6-a0294c669670,7334741291,ELA,Grade 3,Lesson  Assessments,2024-25,What a Character!: Weekly Assessment: Week 3
019eb11c-410a-7ffb-86e6-a0294c669670,7334741323,ELA,Grade 3,Unit-Chap  Assessments,2024-25,Module Assessment: What a Character!
019eb11c-410a-7ffb-86e6-a0294c669670,7334741415,ELA,Grade 3,Lesson  Assessments,2024-25,Use Your Words: Weekly Assessment: Week 2
019eb11c-410a-7ffb-86e6-a0294c669670,7334741458,ELA,Grade 3,Lesson  Assessments,2024-25,Use Your Words: Weekly Assessment: Week 3
019eb11c-410a-7ffb-86e6-a0294c669670,7334741481,ELA,Grade 3,Unit-Chap  Assessments,2024-25,Module Assessment: Use Your Words
019eb11c-410a-7ffb-86e6-a0294c669670,7334741548,ELA,Grade 3,Lesson  Assessments,2024-25,Let Freedom Ring!: Weekly Assessment: Week 2
019eb11c-410a-7ffb-86e6-a0294c669670,7334741573,ELA,Grade 3,Lesson  Assessments,2024-25,Let Freedom Ring!: Weekly Assessment: Week 3
019eb11c-410a-7ffb-86e6-a0294c669670,7334741602,ELA,Grade 3,Unit-Chap  Assessments,2024-25,Module Assessment: Let Freedom Ring!
019eb11c-410a-7ffb-86e6-a0294c669670,7334741643,ELA,Grade 3,Lesson  Assessments,2024-25,Stories on Stage: Weekly Assessment: Week 1
019eb11c-410a-7ffb-86e6-a0294c669670,7334741689,ELA,Grade 3,Lesson  Assessments,2024-25,Stories on Stage: Weekly Assessment: Week 2
019eb11c-410a-7ffb-86e6-a0294c669670,7334741759,ELA,Grade 3,Lesson  Assessments,2024-25,Stories on Stage: Weekly Assessment: Week 3
019eb11c-410a-7ffb-86e6-a0294c669670,7334741824,ELA,Grade 3,Assessments,2024-25,Module Assessment: Stories on Stage
019eb11c-410a-7ffb-86e6-a0294c669670,7334741824,ELA,Grade 3,Lesson  Assessments,2024-25,Module Assessment: Stories on Stage
019eb11c-410a-7ffb-86e6-a0294c669670,7334741890,ELA,Grade 3,Assessments,2024-25,Teamwork: Weekly Assessment: Week 1
019eb11c-410a-7ffb-86e6-a0294c669670,7334741943,ELA,Grade 3,Lesson  Assessments,2024-25,Teamwork: Weekly Assessment: Week 2
019eb11c-410a-7ffb-86e6-a0294c669670,7334741995,ELA,Grade 3,Lesson  Assessments,2024-25,Teamwork: Weekly Assessment: Week 3
019eb11c-410a-7ffb-86e6-a0294c669670,7334742014,ELA,Grade 3,Lesson  Assessments,2024-25,Module Assessment: Teamwork
019eb11c-410a-7ffb-86e6-a0294c669670,7334742058,ELA,Grade 3,Lesson  Assessments,2024-25,Animal Behaviors: Weekly Assessment: Week 1
019eb11c-410a-7ffb-86e6-a0294c669670,7334742089,ELA,Grade 3,Lesson  Assessments,2024-25,Animal Behaviors: Weekly Assessment: Week 2
019eb11c-410a-7ffb-86e6-a0294c669670,7334742163,ELA,Grade 3,Lesson  Assessments,2024-25,Module Assessment: Animal Behaviors
019eb11c-410a-7ffb-86e6-a0294c669670,7334742203,ELA,Grade 3,Assessments,2024-25,Make a Difference: Weekly Assessment: Week 1
019eb11c-410a-7ffb-86e6-a0294c669670,7334742226,ELA,Grade 3,Lesson  Assessments,2024-25,Make a Difference: Weekly Assessment: Week 2
019eb11c-410a-7ffb-86e6-a0294c669670,7334763605,ELA,Grade 4,Lesson  Assessments,2024-25,What Makes Us Who We Are?: Weekly Assessment: Week 1
019eb11c-410a-7ffb-86e6-a0294c669670,7334763645,ELA,Grade 4,Lesson  Assessments,2024-25,What Makes Us Who We Are?: Weekly Assessment: Week 2
019eb11c-410a-7ffb-86e6-a0294c669670,7334763691,ELA,Grade 4,Lesson  Assessments,2024-25,What Makes Us Who We Are?: Weekly Assessment: Week 3
019eb11c-410a-7ffb-86e6-a0294c669670,7334763725,ELA,Grade 4,Unit-Chap  Assessments,2024-25,Module Assessment: What Makes Us Who We Are?
019eb11c-410a-7ffb-86e6-a0294c669670,7334763794,ELA,Grade 4,Lesson  Assessments,2024-25,Come to Your Senses: Weekly Assessment: Week 2
019eb11c-410a-7ffb-86e6-a0294c669670,7334763815,ELA,Grade 4,Unit-Chap  Assessments,2024-25,Module Assessment: Come to Your Senses
019eb11c-410a-7ffb-86e6-a0294c669670,7334763834,ELA,Grade 4,Lesson  Assessments,2024-25,Rise to the Occasion: Weekly Assessment: Week 1
019eb11c-410a-7ffb-86e6-a0294c669670,7334763885,ELA,Grade 4,Lesson  Assessments,2024-25,Rise to the Occasion: Weekly Assessment: Week 3
019eb11c-410a-7ffb-86e6-a0294c669670,7334763912,ELA,Grade 4,Unit-Chap  Assessments,2024-25,Module Assessment: Rise to the Occasion
019eb11c-410a-7ffb-86e6-a0294c669670,7334763941,ELA,Grade 4,Lesson  Assessments,2024-25,Heroic Feats: Weekly Assessment: Week 1
019eb11c-410a-7ffb-86e6-a0294c669670,7334763959,ELA,Grade 4,Lesson  Assessments,2024-25,Heroic Feats: Weekly Assessment: Week 2
019eb11c-410a-7ffb-86e6-a0294c669670,7334763991,ELA,Grade 4,Lesson  Assessments,2024-25,Heroic Feats: Weekly Assessment: Week 3
019eb11c-410a-7ffb-86e6-a0294c669670,7334764022,ELA,Grade 4,Assessments,2024-25,Module Assessment: Heroic Feats
019eb11c-410a-7ffb-86e6-a0294c669670,7334764054,ELA,Grade 4,Assessments,2024-25,Art Everywhere: Weekly Assessment: Week 1
019eb11c-410a-7ffb-86e6-a0294c669670,7334764071,ELA,Grade 4,Lesson  Assessments,2024-25,Art Everywhere: Weekly Assessment: Week 2
019eb11c-410a-7ffb-86e6-a0294c669670,7334764092,ELA,Grade 4,Lesson  Assessments,2024-25,Art Everywhere: Weekly Assessment: Week 3
019eb11c-410a-7ffb-86e6-a0294c669670,7334764116,ELA,Grade 4,Lesson  Assessments,2024-25,Module Assessment: Art Everywhere
019eb11c-410a-7ffb-86e6-a0294c669670,7334764139,ELA,Grade 4,Lesson  Assessments,2024-25,Marvels of Nature: Weekly Assessment: Week 1
019eb11c-410a-7ffb-86e6-a0294c669670,7334764162,ELA,Grade 4,Lesson  Assessments,2024-25,Marvels of Nature: Weekly Assessment: Week 2
019eb11c-410a-7ffb-86e6-a0294c669670,7334764203,ELA,Grade 4,Lesson  Assessments,2024-25,Module Assessment: Marvels of Nature
019eb11c-410a-7ffb-86e6-a0294c669670,7334764229,ELA,Grade 4,Assessments,2024-25,Tricksters and Tall Tales: Weekly Assessment: Week 1
019eb11c-410a-7ffb-86e6-a0294c669670,7334764472,ELA,Grade 4,Lesson  Assessments,2024-25,What Makes Us Who We Are?: Weekly Assessment: Week 1
019eb11c-410a-7ffb-86e6-a0294c669670,7334764483,ELA,Grade 4,Lesson  Assessments,2024-25,What Makes Us Who We Are?: Weekly Assessment: Week 2
019eb11c-410a-7ffb-86e6-a0294c669670,7334764498,ELA,Grade 4,Lesson  Assessments,2024-25,What Makes Us Who We Are?: Weekly Assessment: Week 3
019eb11c-410a-7ffb-86e6-a0294c669670,7334764503,ELA,Grade 4,Unit-Chap  Assessments,2024-25,Module Assessment: What Makes Us Who We Are?
019eb11c-410a-7ffb-86e6-a0294c669670,7334764520,ELA,Grade 4,Lesson  Assessments,2024-25,Come to Your Senses: Weekly Assessment: Week 2
019eb11c-410a-7ffb-86e6-a0294c669670,7334764546,ELA,Grade 4,Unit-Chap  Assessments,2024-25,Module Assessment: Come to Your Senses
019eb11c-410a-7ffb-86e6-a0294c669670,7334764553,ELA,Grade 4,Lesson  Assessments,2024-25,Rise to the Occasion: Weekly Assessment: Week 1
019eb11c-410a-7ffb-86e6-a0294c669670,7334764578,ELA,Grade 4,Lesson  Assessments,2024-25,Rise to the Occasion: Weekly Assessment: Week 3
019eb11c-410a-7ffb-86e6-a0294c669670,7334764602,ELA,Grade 4,Unit-Chap  Assessments,2024-25,Module Assessment: Rise to the Occasion
019eb11c-410a-7ffb-86e6-a0294c669670,7334764637,ELA,Grade 4,Lesson  Assessments,2024-25,Heroic Feats: Weekly Assessment: Week 1
019eb11c-410a-7ffb-86e6-a0294c669670,7334764660,ELA,Grade 4,Lesson  Assessments,2024-25,Heroic Feats: Weekly Assessment: Week 2
019eb11c-410a-7ffb-86e6-a0294c669670,7334764682,ELA,Grade 4,Lesson  Assessments,2024-25,Heroic Feats: Weekly Assessment: Week 3
019eb11c-410a-7ffb-86e6-a0294c669670,7334764702,ELA,Grade 4,Assessments,2024-25,Module Assessment: Heroic Feats
019eb11c-410a-7ffb-86e6-a0294c669670,7334764745,ELA,Grade 4,Lesson  Assessments,2024-25,Art Everywhere: Weekly Assessment: Week 1
019eb11c-410a-7ffb-86e6-a0294c669670,7334764781,ELA,Grade 4,Lesson  Assessments,2024-25,Art Everywhere: Weekly Assessment: Week 2
019eb11c-410a-7ffb-86e6-a0294c669670,7334764832,ELA,Grade 4,Lesson  Assessments,2024-25,Art Everywhere: Weekly Assessment: Week 3
019eb11c-410a-7ffb-86e6-a0294c669670,7334764855,ELA,Grade 4,Lesson  Assessments,2024-25,Module Assessment: Art Everywhere
019eb11c-410a-7ffb-86e6-a0294c669670,7334764880,ELA,Grade 4,Lesson  Assessments,2024-25,Marvels of Nature: Weekly Assessment: Week 1
019eb11c-410a-7ffb-86e6-a0294c669670,7334764899,ELA,Grade 4,Lesson  Assessments,2024-25,Marvels of Nature: Weekly Assessment: Week 2
019eb11c-410a-7ffb-86e6-a0294c669670,7334764957,ELA,Grade 4,Lesson  Assessments,2024-25,Module Assessment: Marvels of Nature
019eb11c-410a-7ffb-86e6-a0294c669670,7334764979,ELA,Grade 4,Assessments,2024-25,Tricksters and Tall Tales: Weekly Assessment: Week 1
019eb11c-410a-7ffb-86e6-a0294c669670,7337889325,ELA,Grade 5,Lesson  Assessments,2024-25,Inventors at Work: Weekly Assessment: Week 1
019eb11c-410a-7ffb-86e6-a0294c669670,7337889327,ELA,Grade 5,Lesson  Assessments,2024-25,Inventors at Work: Weekly Assessment: Week 2
019eb11c-410a-7ffb-86e6-a0294c669670,7337889328,ELA,Grade 5,Lesson  Assessments,2024-25,Inventors at Work: Weekly Assessment: Week 3
019eb11c-410a-7ffb-86e6-a0294c669670,7337889330,ELA,Grade 5,Unit-Chap  Assessments,2024-25,Module Assessment: Inventors at Work
019eb11c-410a-7ffb-86e6-a0294c669670,7337889340,ELA,Grade 5,Lesson  Assessments,2024-25,What a Story: Weekly Assessment: Week 2
019eb11c-410a-7ffb-86e6-a0294c669670,7337889349,ELA,Grade 5,Lesson  Assessments,2024-25,Natural Disasters: Weekly Assessment: Week 1
019eb11c-410a-7ffb-86e6-a0294c669670,7337889353,ELA,Grade 5,Lesson  Assessments,2024-25,Natural Disasters: Weekly Assessment: Week 3
019eb11c-410a-7ffb-86e6-a0294c669670,7337889355,ELA,Grade 5,Unit-Chap  Assessments,2024-25,Module Assessment: Natural Disasters
019eb11c-410a-7ffb-86e6-a0294c669670,7337889358,ELA,Grade 5,Lesson  Assessments,2024-25,Wild West: Weekly Assessment: Week 1
019eb11c-410a-7ffb-86e6-a0294c669670,7337889361,ELA,Grade 5,Lesson  Assessments,2024-25,Wild West: Weekly Assessment: Week 2
019eb11c-410a-7ffb-86e6-a0294c669670,7337889363,ELA,Grade 5,Lesson  Assessments,2024-25,Wild West: Weekly Assessment: Week 3
019eb11c-410a-7ffb-86e6-a0294c669670,7337889365,ELA,Grade 5,Assessments,2024-25,Module Assessment: Wild West
019eb11c-410a-7ffb-86e6-a0294c669670,7337889366,ELA,Grade 5,Lesson  Assessments,2024-25,Project Earth: Weekly Assessment: Week 1
019eb11c-410a-7ffb-86e6-a0294c669670,7337889367,ELA,Grade 5,Lesson  Assessments,2024-25,Project Earth: Weekly Assessment: Week 2
019eb11c-410a-7ffb-86e6-a0294c669670,7337889369,ELA,Grade 5,Lesson  Assessments,2024-25,Project Earth: Weekly Assessment: Week 3
019eb11c-410a-7ffb-86e6-a0294c669670,7337889370,ELA,Grade 5,Lesson  Assessments,2024-25,Module Assessment: Project Earth
019eb11c-410a-7ffb-86e6-a0294c669670,7337889372,ELA,Grade 5,Lesson  Assessments,2024-25,Art for Everyone: Weekly Assessment: Week 1
019eb11c-410a-7ffb-86e6-a0294c669670,7337889375,ELA,Grade 5,Lesson  Assessments,2024-25,Art for Everyone: Weekly Assessment: Week 2
019eb11c-410a-7ffb-86e6-a0294c669670,7337889377,ELA,Grade 5,Lesson  Assessments,2024-25,Module Assessment: Art for Everyone
019eb11c-410a-7ffb-86e6-a0294c669670,7337889378,ELA,Grade 5,Assessments,2024-25,"Above, Below, and Beyond: Weekly Assessment: Week 1"
019eb11c-410a-7ffb-86e6-a0294c669670,7337889412,ELA,Grade 5,Lesson  Assessments,2024-25,Inventors at Work: Weekly Assessment: Week 1
019eb11c-410a-7ffb-86e6-a0294c669670,7337889419,ELA,Grade 5,Lesson  Assessments,2024-25,Inventors at Work: Weekly Assessment: Week 2
019eb11c-410a-7ffb-86e6-a0294c669670,7337889429,ELA,Grade 5,Lesson  Assessments,2024-25,Inventors at Work: Weekly Assessment: Week 3
019eb11c-410a-7ffb-86e6-a0294c669670,7337889440,ELA,Grade 5,Unit-Chap  Assessments,2024-25,Module Assessment: Inventors at Work
019eb11c-410a-7ffb-86e6-a0294c669670,7337889458,ELA,Grade 5,Lesson  Assessments,2024-25,What a Story: Weekly Assessment: Week 2
019eb11c-410a-7ffb-86e6-a0294c669670,7337889490,ELA,Grade 5,Lesson  Assessments,2024-25,Natural Disasters: Weekly Assessment: Week 1
019eb11c-410a-7ffb-86e6-a0294c669670,7337889492,ELA,Grade 5,Lesson  Assessments,2024-25,Natural Disasters: Weekly Assessment: Week 3
019eb11c-410a-7ffb-86e6-a0294c669670,7337889499,ELA,Grade 5,Unit-Chap  Assessments,2024-25,Module Assessment: Natural Disasters
019eb11c-410a-7ffb-86e6-a0294c669670,7337889506,ELA,Grade 5,Lesson  Assessments,2024-25,Wild West: Weekly Assessment: Week 1
019eb11c-410a-7ffb-86e6-a0294c669670,7337889509,ELA,Grade 5,Lesson  Assessments,2024-25,Wild West: Weekly Assessment: Week 2
019eb11c-410a-7ffb-86e6-a0294c669670,7337889510,ELA,Grade 5,Lesson  Assessments,2024-25,Wild West: Weekly Assessment: Week 3
019eb11c-410a-7ffb-86e6-a0294c669670,7337889512,ELA,Grade 5,Assessments,2024-25,Module Assessment: Wild West
019eb11c-410a-7ffb-86e6-a0294c669670,7337889517,ELA,Grade 5,Assessments,2024-25,Project Earth: Weekly Assessment: Week 1
019eb11c-410a-7ffb-86e6-a0294c669670,7337889521,ELA,Grade 5,Lesson  Assessments,2024-25,Project Earth: Weekly Assessment: Week 2
019eb11c-410a-7ffb-86e6-a0294c669670,7337889526,ELA,Grade 5,Lesson  Assessments,2024-25,Project Earth: Weekly Assessment: Week 3
019eb11c-410a-7ffb-86e6-a0294c669670,7337889527,ELA,Grade 5,Lesson  Assessments,2024-25,Module Assessment: Project Earth
019eb11c-410a-7ffb-86e6-a0294c669670,7337889529,ELA,Grade 5,Lesson  Assessments,2024-25,Art for Everyone: Weekly Assessment: Week 1
019eb11c-410a-7ffb-86e6-a0294c669670,7337889532,ELA,Grade 5,Lesson  Assessments,2024-25,Art for Everyone: Weekly Assessment: Week 2
019eb11c-410a-7ffb-86e6-a0294c669670,7337889535,ELA,Grade 5,Lesson  Assessments,2024-25,Module Assessment: Art for Everyone
019eb11c-410a-7ffb-86e6-a0294c669670,7337889545,ELA,Grade 5,Assessments,2024-25,"Above, Below, and Beyond: Weekly Assessment: Week 1"
019eb11c-410a-7ffb-86e6-a0294c669670,7337898785,ELA,Grade K,Lesson  Assessments,2024-25,Curious About Kindergarten: Weekly Assessment: Week 1
019eb11c-410a-7ffb-86e6-a0294c669670,7337898802,ELA,Grade K,Lesson  Assessments,2024-25,Curious About Kindergarten: Weekly Assessment: Week 2
019eb11c-410a-7ffb-86e6-a0294c669670,7337898818,ELA,Grade K,Lesson  Assessments,2024-25,Curious About Kindergarten: Weekly Assessment: Week 3
019eb11c-410a-7ffb-86e6-a0294c669670,7337898829,ELA,Grade K,Lesson  Assessments,2024-25,Curious About Kindergarten: Weekly Assessment: Week 4
019eb11c-410a-7ffb-86e6-a0294c669670,7337898845,ELA,Grade K,Unit-Chap  Assessments,2024-25,Module Assessment: Curious About Kindergarten
019eb11c-410a-7ffb-86e6-a0294c669670,7337898884,ELA,Grade K,Lesson  Assessments,2024-25,There's Only One Me!: Weekly Assessment: Week 3
019eb11c-410a-7ffb-86e6-a0294c669670,7337898895,ELA,Grade K,Lesson  Assessments,2024-25,There's Only One Me!: Weekly Assessment: Week 4
019eb11c-410a-7ffb-86e6-a0294c669670,7337898904,ELA,Grade K,Unit-Chap  Assessments,2024-25,Module Assessment: There's Only One Me!
019eb11c-410a-7ffb-86e6-a0294c669670,7337898923,ELA,Grade K,Lesson  Assessments,2024-25,My Community Heroes: Weekly Assessment: Week 1
019eb11c-410a-7ffb-86e6-a0294c669670,7337898944,ELA,Grade K,Lesson  Assessments,2024-25,My Community Heroes: Weekly Assessment: Week 3
019eb11c-410a-7ffb-86e6-a0294c669670,7337898964,ELA,Grade K,Lesson  Assessments,2024-25,My Community Heroes: Weekly Assessment: Week 4
019eb11c-410a-7ffb-86e6-a0294c669670,7337898982,ELA,Grade K,Unit-Chap  Assessments,2024-25,Module Assessment: My Community Heroes
019eb11c-410a-7ffb-86e6-a0294c669670,7337898999,ELA,Grade K,Lesson  Assessments,2024-25,Happy Healthy Me: Weekly Assessment: Week 1
019eb11c-410a-7ffb-86e6-a0294c669670,7337899005,ELA,Grade K,Assessments,2024-25,Happy Healthy Me: Weekly Assessment: Week 2
019eb11c-410a-7ffb-86e6-a0294c669670,7337899008,ELA,Grade K,Assessments,2024-25,Happy Healthy Me: Weekly Assessment: Week 3
019eb11c-410a-7ffb-86e6-a0294c669670,7337899014,ELA,Grade K,Lesson  Assessments,2024-25,Happy Healthy Me: Weekly Assessment: Week 4
019eb11c-410a-7ffb-86e6-a0294c669670,7337899019,ELA,Grade K,Lesson  Assessments,2024-25,Module Assessment: Happy Healthy Me
019eb11c-410a-7ffb-86e6-a0294c669670,7337899023,ELA,Grade K,Lesson  Assessments,2024-25,I Can Do It!: Weekly Assessment: Week 1
019eb11c-410a-7ffb-86e6-a0294c669670,7337899026,ELA,Grade K,Lesson  Assessments,2024-25,I Can Do It!: Weekly Assessment: Week 2
019eb11c-410a-7ffb-86e6-a0294c669670,7337899029,ELA,Grade K,Lesson  Assessments,2024-25,I Can Do It!: Weekly Assessment: Week 3
019eb11c-410a-7ffb-86e6-a0294c669670,7337899033,ELA,Grade K,Lesson  Assessments,2024-25,Module Assessment: I Can Do It!
019eb11c-410a-7ffb-86e6-a0294c669670,7337899035,ELA,Grade K,Assessments,2024-25,Home of the Free and the Brave: Weekly Assessment: Week 1
019eb11c-410a-7ffb-86e6-a0294c669670,7337899036,ELA,Grade K,Assessments,2024-25,Home of the Free and the Brave: Weekly Assessment: Week 2
019eb11c-410a-7ffb-86e6-a0294c669670,7337899053,ELA,Grade K,Lesson  Assessments,2024-25,Zoom In!: Weekly Assessment: Week 1
019eb11c-410a-7ffb-86e6-a0294c669670,7337899067,ELA,Grade K,Lesson  Assessments,2024-25,Curious About Kindergarten: Weekly Assessment: Week 1
019eb11c-410a-7ffb-86e6-a0294c669670,7337899069,ELA,Grade K,Lesson  Assessments,2024-25,Curious About Kindergarten: Weekly Assessment: Week 2
019eb11c-410a-7ffb-86e6-a0294c669670,7337899072,ELA,Grade K,Lesson  Assessments,2024-25,Curious About Kindergarten: Weekly Assessment: Week 3
019eb11c-410a-7ffb-86e6-a0294c669670,7337899076,ELA,Grade K,Lesson  Assessments,2024-25,Curious About Kindergarten: Weekly Assessment: Week 4
019eb11c-410a-7ffb-86e6-a0294c669670,7337899077,ELA,Grade K,Unit-Chap  Assessments,2024-25,Module Assessment: Curious About Kindergarten
019eb11c-410a-7ffb-86e6-a0294c669670,7337899081,ELA,Grade K,Lesson  Assessments,2024-25,There's Only One Me!: Weekly Assessment: Week 3
019eb11c-410a-7ffb-86e6-a0294c669670,7337899084,ELA,Grade K,Lesson  Assessments,2024-25,There's Only One Me!: Weekly Assessment: Week 4
019eb11c-410a-7ffb-86e6-a0294c669670,7337899085,ELA,Grade K,Unit-Chap  Assessments,2024-25,Module Assessment: There's Only One Me!
019eb11c-410a-7ffb-86e6-a0294c669670,7337899088,ELA,Grade K,Lesson  Assessments,2024-25,My Community Heroes: Weekly Assessment: Week 1
019eb11c-410a-7ffb-86e6-a0294c669670,7337899092,ELA,Grade K,Lesson  Assessments,2024-25,My Community Heroes: Weekly Assessment: Week 3
019eb11c-410a-7ffb-86e6-a0294c669670,7337899095,ELA,Grade K,Lesson  Assessments,2024-25,My Community Heroes: Weekly Assessment: Week 4
019eb11c-410a-7ffb-86e6-a0294c669670,7337899106,ELA,Grade K,Unit-Chap  Assessments,2024-25,Module Assessment: My Community Heroes
019eb11c-410a-7ffb-86e6-a0294c669670,7337899146,ELA,Grade K,Lesson  Assessments,2024-25,Happy Healthy Me: Weekly Assessment: Week 1
019eb11c-410a-7ffb-86e6-a0294c669670,7337899155,ELA,Grade K,Assessments,2024-25,Happy Healthy Me: Weekly Assessment: Week 2
019eb11c-410a-7ffb-86e6-a0294c669670,7337899156,ELA,Grade K,Lesson  Assessments,2024-25,Happy Healthy Me: Weekly Assessment: Week 3
019eb11c-410a-7ffb-86e6-a0294c669670,7337899164,ELA,Grade K,Lesson  Assessments,2024-25,Happy Healthy Me: Weekly Assessment: Week 4
019eb11c-410a-7ffb-86e6-a0294c669670,7337899178,ELA,Grade K,Lesson  Assessments,2024-25,Module Assessment: Happy Healthy Me
019eb11c-410a-7ffb-86e6-a0294c669670,7337899188,ELA,Grade K,Lesson  Assessments,2024-25,I Can Do It!: Weekly Assessment: Week 1
019eb11c-410a-7ffb-86e6-a0294c669670,7337899201,ELA,Grade K,Lesson  Assessments,2024-25,I Can Do It!: Weekly Assessment: Week 2
019eb11c-410a-7ffb-86e6-a0294c669670,7337899212,ELA,Grade K,Lesson  Assessments,2024-25,I Can Do It!: Weekly Assessment: Week 3
019eb11c-410a-7ffb-86e6-a0294c669670,7337899241,ELA,Grade K,Lesson  Assessments,2024-25,Module Assessment: I Can Do It!
019eb11c-410a-7ffb-86e6-a0294c669670,7337899268,ELA,Grade K,Assessments,2024-25,Home of the Free and the Brave: Weekly Assessment: Week 1
019eb11c-410a-7ffb-86e6-a0294c669670,7337899304,ELA,Grade K,Lesson  Assessments,2024-25,Home of the Free and the Brave: Weekly Assessment: Week 3
019eb11c-410a-7ffb-86e6-a0294c669670,7337899346,ELA,Grade K,Lesson  Assessments,2024-25,Zoom In!: Weekly Assessment: Week 1
019eb11c-410a-7ffb-86e6-a0294c669670,7337899461,ELA,Grade K,Lesson  Assessments,2024-25,Curious About Kindergarten: Weekly Assessment: Week 1
019eb11c-410a-7ffb-86e6-a0294c669670,7337899482,ELA,Grade K,Lesson  Assessments,2024-25,Curious About Kindergarten: Weekly Assessment: Week 2
019eb11c-410a-7ffb-86e6-a0294c669670,7337899499,ELA,Grade K,Lesson  Assessments,2024-25,Curious About Kindergarten: Weekly Assessment: Week 3
019eb11c-410a-7ffb-86e6-a0294c669670,7337899513,ELA,Grade K,Lesson  Assessments,2024-25,Curious About Kindergarten: Weekly Assessment: Week 4
019eb11c-410a-7ffb-86e6-a0294c669670,7337899536,ELA,Grade K,Unit-Chap  Assessments,2024-25,Module Assessment: Curious About Kindergarten
019eb11c-410a-7ffb-86e6-a0294c669670,7337899605,ELA,Grade K,Lesson  Assessments,2024-25,There's Only One Me!: Weekly Assessment: Week 3
019eb11c-410a-7ffb-86e6-a0294c669670,7337899619,ELA,Grade K,Lesson  Assessments,2024-25,There's Only One Me!: Weekly Assessment: Week 4
019eb11c-410a-7ffb-86e6-a0294c669670,7337899636,ELA,Grade K,Unit-Chap  Assessments,2024-25,Module Assessment: There's Only One Me!
019eb11c-410a-7ffb-86e6-a0294c669670,7337899656,ELA,Grade K,Lesson  Assessments,2024-25,My Community Heroes: Weekly Assessment: Week 1
019eb11c-410a-7ffb-86e6-a0294c669670,7337899701,ELA,Grade K,Lesson  Assessments,2024-25,My Community Heroes: Weekly Assessment: Week 3
019eb11c-410a-7ffb-86e6-a0294c669670,7337899724,ELA,Grade K,Lesson  Assessments,2024-25,My Community Heroes: Weekly Assessment: Week 4
019eb11c-410a-7ffb-86e6-a0294c669670,7337899738,ELA,Grade K,Unit-Chap  Assessments,2024-25,Module Assessment: My Community Heroes
019eb11c-410a-7ffb-86e6-a0294c669670,7337899755,ELA,Grade 1,Test,2024-25,Happy Healthy Me: Weekly Assessment: Week 1
019eb11c-410a-7ffb-86e6-a0294c669670,7337899764,ELA,Grade K,Assessments,2024-25,Happy Healthy Me: Weekly Assessment: Week 2
019eb11c-410a-7ffb-86e6-a0294c669670,7337899774,ELA,Grade 1,Unit-Chap  Assessments,2024-25,Happy Healthy Me: Weekly Assessment: Week 3
019eb11c-410a-7ffb-86e6-a0294c669670,7337899786,ELA,Grade K,Lesson  Assessments,2024-25,Happy Healthy Me: Weekly Assessment: Week 4
019eb11c-410a-7ffb-86e6-a0294c669670,7337899799,ELA,Grade K,Lesson  Assessments,2024-25,Module Assessment: Happy Healthy Me
019eb11c-410a-7ffb-86e6-a0294c669670,7337899814,ELA,Grade K,Lesson  Assessments,2024-25,I Can Do It!: Weekly Assessment: Week 1
019eb11c-410a-7ffb-86e6-a0294c669670,7337899825,ELA,Grade K,Lesson  Assessments,2024-25,I Can Do It!: Weekly Assessment: Week 2
019eb11c-410a-7ffb-86e6-a0294c669670,7337899833,ELA,Grade K,Lesson  Assessments,2024-25,I Can Do It!: Weekly Assessment: Week 3
019eb11c-410a-7ffb-86e6-a0294c669670,7337899849,ELA,Grade K,Lesson  Assessments,2024-25,Module Assessment: I Can Do It!
019eb11c-410a-7ffb-86e6-a0294c669670,7337899864,ELA,Grade K,Assessments,2024-25,Home of the Free and the Brave: Weekly Assessment: Week 1
019eb11c-410a-7ffb-86e6-a0294c669670,7337899882,ELA,Grade K,Lesson  Assessments,2024-25,Home of the Free and the Brave: Weekly Assessment: Week 3
019eb11c-410a-7ffb-86e6-a0294c669670,7337899918,ELA,Grade K,Lesson  Assessments,2024-25,Zoom In!: Weekly Assessment: Week 1
019eb11c-410a-7ffb-86e6-a0294c669670,7337912342,Math,Grade 1,Lesson  Assessments,2024-25,Chapter 1
019eb11c-410a-7ffb-86e6-a0294c669670,7337912343,Math,Grade 1,Lesson  Assessments,2024-25,Chapter 2
019eb11c-410a-7ffb-86e6-a0294c669670,7337912344,Math,Grade 1,Lesson  Assessments,2024-25,Chapter 3
019eb11c-410a-7ffb-86e6-a0294c669670,7337912349,Math,Grade 1,Lesson  Assessments,2024-25,Chapter 6
019eb11c-410a-7ffb-86e6-a0294c669670,7337912381,Math,Grade 1,Lesson  Assessments,2024-25,Chapter 1
019eb11c-410a-7ffb-86e6-a0294c669670,7337912385,Math,Grade 1,Lesson  Assessments,2024-25,Chapter 2
019eb11c-410a-7ffb-86e6-a0294c669670,7337912396,Math,Grade 1,Lesson  Assessments,2024-25,Chapter 6
019eb11c-410a-7ffb-86e6-a0294c669670,7337912547,Math,Grade 1,Lesson  Assessments,2024-25,Chapter 1
019eb11c-410a-7ffb-86e6-a0294c669670,7337912563,Math,Grade 1,Lesson  Assessments,2024-25,Chapter 2
019eb11c-410a-7ffb-86e6-a0294c669670,7337912570,Math,Grade 1,Lesson  Assessments,2024-25,Chapter 3
019eb11c-410a-7ffb-86e6-a0294c669670,7337912592,Math,Grade 1,Lesson  Assessments,2024-25,Chapter 6
019eb11c-410a-7ffb-86e6-a0294c669670,7337959122,Math,Grade 2,Lesson  Assessments,2024-25,Chapter 2
019eb11c-410a-7ffb-86e6-a0294c669670,7337959126,Math,Grade 2,Lesson  Assessments,2024-25,Chapter 3
019eb11c-410a-7ffb-86e6-a0294c669670,7337959132,Math,Grade 2,Lesson  Assessments,2024-25,Chapter 4
019eb11c-410a-7ffb-86e6-a0294c669670,7337959206,Math,Grade 2,Lesson  Assessments,2024-25,Chapter 2
019eb11c-410a-7ffb-86e6-a0294c669670,7337959212,Math,Grade 2,Lesson  Assessments,2024-25,Chapter 3
019eb11c-410a-7ffb-86e6-a0294c669670,7337959220,Math,Grade 2,Lesson  Assessments,2024-25,Chapter 4
019eb11c-410a-7ffb-86e6-a0294c669670,7337959351,Math,Grade 2,Lesson  Assessments,2024-25,Chapter 2
019eb11c-410a-7ffb-86e6-a0294c669670,7337959354,Math,Grade 2,Lesson  Assessments,2024-25,Chapter 3
019eb11c-410a-7ffb-86e6-a0294c669670,7337959357,Math,Grade 2,Lesson  Assessments,2024-25,Chapter 4
019eb11c-410a-7ffb-86e6-a0294c669670,7337961656,Math,Grade 3,Lesson  Assessments,2024-25,Chapter 1
019eb11c-410a-7ffb-86e6-a0294c669670,7337961658,Math,Grade 3,Lesson  Assessments,2024-25,Chapter 2
019eb11c-410a-7ffb-86e6-a0294c669670,7337962222,Math,Grade 3,Lesson  Assessments,2024-25,Chapter 1
019eb11c-410a-7ffb-86e6-a0294c669670,7337962422,Math,Grade 3,Lesson  Assessments,2024-25,Chapter 1
019eb11c-410a-7ffb-86e6-a0294c669670,7337971311,Math,Grade 4,Lesson  Assessments,2024-25,Chapter 4 Division Strategies
019eb11c-410a-7ffb-86e6-a0294c669670,7337971323,Math,Grade 4,Lesson  Assessments,2024-25,Chapter 5 Division
019eb11c-410a-7ffb-86e6-a0294c669670,7337971335,Math,Grade 4,Lesson  Assessments,2024-25,Chapter 6 Perimeter and Area
019eb11c-410a-7ffb-86e6-a0294c669670,7337971347,Math,Grade 4,Lesson  Assessments,2024-25,"Chapter 7 Factors, Multiples and Number Patterns"
019eb11c-410a-7ffb-86e6-a0294c669670,7337971603,Math,Grade 4,Lesson  Assessments,2024-25,Chapter 4 Division Strategies
019eb11c-410a-7ffb-86e6-a0294c669670,7337971636,Math,Grade 4,Lesson  Assessments,2024-25,Chapter 5 Division
019eb11c-410a-7ffb-86e6-a0294c669670,7337978762,Math,Grade 5,Lesson  Assessments,2024-25,Chapter 1
019eb11c-410a-7ffb-86e6-a0294c669670,7337978767,Math,Grade 5,Lesson  Assessments,2024-25,Chapter 2
019eb11c-410a-7ffb-86e6-a0294c669670,7337978776,Math,Grade 5,Lesson  Assessments,2024-25,Chapter 3
019eb11c-410a-7ffb-86e6-a0294c669670,7337978797,Math,Grade 5,Lesson  Assessments,2024-25,Chapter 5
019eb11c-410a-7ffb-86e6-a0294c669670,7337978816,Math,Grade 5,Lesson  Assessments,2024-25,Chapter 6
019eb11c-410a-7ffb-86e6-a0294c669670,7337978828,Math,Grade 5,Lesson  Assessments,2024-25,Chapter 7
019eb11c-410a-7ffb-86e6-a0294c669670,7337979005,Math,Grade 5,Lesson  Assessments,2024-25,Chapter 1
019eb11c-410a-7ffb-86e6-a0294c669670,7337979035,Math,Grade 5,Lesson  Assessments,2024-25,Chapter 2
019eb11c-410a-7ffb-86e6-a0294c669670,7337979059,Math,Grade 5,Lesson  Assessments,2024-25,Chapter 3
019eb11c-410a-7ffb-86e6-a0294c669670,7337979079,Math,Grade 5,Lesson  Assessments,2024-25,Chapter 5
019eb11c-410a-7ffb-86e6-a0294c669670,7337979081,Math,Grade 5,Lesson  Assessments,2024-25,Chapter 6
019eb11c-410a-7ffb-86e6-a0294c669670,7337979090,Math,Grade 5,Lesson  Assessments,2024-25,Chapter 7
019eb11c-410a-7ffb-86e6-a0294c669670,7338001631,Math,Grade K,Lesson  Assessments,2024-25,Chapter 2
019eb11c-410a-7ffb-86e6-a0294c669670,7338001866,Math,Grade K,Lesson  Assessments,2024-25,Chapter 8
019eb11c-410a-7ffb-86e6-a0294c669670,7338002101,Math,Grade K,Lesson  Assessments,2024-25,Chapter 2
019eb11c-410a-7ffb-86e6-a0294c669670,7338002181,Math,Grade K,Lesson  Assessments,2024-25,Chapter 8
019eb11c-410a-7ffb-86e6-a0294c669670,7338002449,Math,Grade K,Lesson  Assessments,2024-25,Chapter 2
019eb11c-410a-7ffb-86e6-a0294c669670,7338002612,Math,Grade K,Lesson  Assessments,2024-25,Chapter 8
019eb11c-410a-7ffb-86e6-a0294c669670,7338033712,Civics,Grade 8,Lesson  Assessments,2024-25,Unit 1 Test
019eb11c-410a-7ffb-86e6-a0294c669670,7338033783,Civics,Grade 8,Lesson  Assessments,2024-25,Unit 2 Test
019eb11c-410a-7ffb-86e6-a0294c669670,7338033836,Civics,Grade 8,Lesson  Assessments,2024-25,Unit 3 Test
019eb11c-410a-7ffb-86e6-a0294c669670,7338033893,Civics,Grade 8,Lesson  Assessments,2024-25,Unit 4 Test
019eb11c-410a-7ffb-86e6-a0294c669670,7338033968,Civics,Grade 8,Lesson  Assessments,2024-25,Unit 5 Test
019eb11c-410a-7ffb-86e6-a0294c669670,7338034026,Civics,Grade 8,Lesson  Assessments,2024-25,Unit 6 Test
019eb11c-410a-7ffb-86e6-a0294c669670,7338034079,Civics,Grade 8,Lesson  Assessments,2024-25,Unit 7 Test
019eb11c-410a-7ffb-86e6-a0294c669670,7338036274,Civics,Grade 8,Lesson  Assessments,2024-25,Assessment 1
019eb11c-410a-7ffb-86e6-a0294c669670,7338051147,Science,Grade 6,Lesson  Assessments,2024-25,Unit 1 Benchmark Test: Nature of Science
019eb11c-410a-7ffb-86e6-a0294c669670,7338051197,Science,Grade 6,Lesson  Assessments,2024-25,Unit 3 Benchmark Test: Energy in the Earth Systems
019eb11c-410a-7ffb-86e6-a0294c669670,7338051208,Science,Grade 6,Unit-Chap  Assessments,2024-25,Unit 4 Benchmark Test: Weather and Climate
019eb11c-410a-7ffb-86e6-a0294c669670,7338051224,Science,Grade 6,Lesson  Assessments,2024-25,Unit 5 Benchmark Test: Motion
019eb11c-410a-7ffb-86e6-a0294c669670,7338051228,Science,Grade 6,Lesson  Assessments,2024-25,Unit 6 Benchmark Test: The Cell
019eb11c-410a-7ffb-86e6-a0294c669670,7338051262,Science,Grade 6,Lesson  Assessments,2024-25,Beginning of Year Science Benchmark
019eb11c-410a-7ffb-86e6-a0294c669670,7338058113,Science,Grade 7,Lesson  Assessments,2024-25,Unit 1 Benchmark Test: Nature of Science
019eb11c-410a-7ffb-86e6-a0294c669670,7338058143,Science,Grade 7,Lesson  Assessments,2024-25,Unit 3 Benchmark Test: Earth's History
019eb11c-410a-7ffb-86e6-a0294c669670,7338058157,Science,Grade 7,Unit-Chap  Assessments,2024-25,Unit 4 Benchmark Test: Human Impact on Earth
019eb11c-410a-7ffb-86e6-a0294c669670,7338058160,Science,Grade 7,Assessments,2024-25,Unit 5 Benchmark Test: Waves and Light
019eb11c-410a-7ffb-86e6-a0294c669670,7338058164,Science,Grade 7,Lesson  Assessments,2024-25,Unit 6 Benchmark Test: Energy and Heat
019eb11c-410a-7ffb-86e6-a0294c669670,7338058174,Science,Grade 7,Lesson  Assessments,2024-25,Unit 7 Benchmark Test: Life Over Time
019eb11c-410a-7ffb-86e6-a0294c669670,7338058191,Science,Grade 7,Lesson  Assessments,2024-25,Beginning of Year Science Benchmark
019eb11c-410a-7ffb-86e6-a0294c669670,7338068286,Science,Grade 8,Lesson  Assessments,2024-25,Unit 1 Benchmark Test: Nature of Science
019eb11c-410a-7ffb-86e6-a0294c669670,7338068304,Science,Grade 8,Lesson  Assessments,2024-25,Unit 2 Benchmark Test: The Universe
019eb11c-410a-7ffb-86e6-a0294c669670,7338068319,Science,Grade 8,Lesson  Assessments,2024-25,Unit 3 Benchmark Test: The Solar System
019eb11c-410a-7ffb-86e6-a0294c669670,7338068331,Science,Grade 8,Unit-Chap  Assessments,2024-25,Unit 4 Benchmark Test: The Earth-Moon-Sun System
019eb11c-410a-7ffb-86e6-a0294c669670,7338068342,Science,Grade 8,Lesson  Assessments,2024-25,Unit 5 Benchmark Test: Space Exploration
019eb11c-410a-7ffb-86e6-a0294c669670,7338068352,Science,Grade 8,Lesson  Assessments,2024-25,Unit 6 Benchmark Test: Matter
019eb11c-410a-7ffb-86e6-a0294c669670,7338068370,Science,Grade 8,Lesson  Assessments,2024-25,Unit 7 Benchmark Test: Cycling of Matter and Energy
019eb11c-410a-7ffb-86e6-a0294c669670,7338073886,Science,Grade 8,Lesson  Assessments,2024-25,End of Year Science Benchmark
019eb11c-410a-7ffb-86e6-a0294c669670,7338165119,ELA,Grade 6,Lesson  Assessments,2024-25,from Brown Girl Dreaming Selection Test
019eb11c-410a-7ffb-86e6-a0294c669670,7338165126,ELA,Grade 6,Lesson  Assessments,2024-25,from Selfie: The Changing Face of Self-Portraits Selection Test
019eb11c-410a-7ffb-86e6-a0294c669670,7338165131,ELA,Grade 6,Lesson  Assessments,2024-25,"What?s so Funny, Mr. Scieszka? Selection Test"
019eb11c-410a-7ffb-86e6-a0294c669670,7338165132,ELA,Grade 6,Lesson  Assessments,2024-25,A Voice / Words Like Freedom Selection Test
019eb11c-410a-7ffb-86e6-a0294c669670,7338165135,ELA,Grade 6,Unit-Chap  Assessments,2024-25,Discovering Your Voice Unit Test
019eb11c-410a-7ffb-86e6-a0294c669670,7338165137,ELA,Grade 6,Lesson  Assessments,2024-25,A Schoolgirls' Diary from I am Malala Selection Test
019eb11c-410a-7ffb-86e6-a0294c669670,7338165138,ELA,Grade 6,Lesson  Assessments,2024-25,The First Day of School / from New Kid Selection Test
019eb11c-410a-7ffb-86e6-a0294c669670,7338165146,ELA,Grade 6,Unit-Chap  Assessments,2024-25,Never Give Up Unit Test
019eb11c-410a-7ffb-86e6-a0294c669670,7338165159,ELA,Grade 6,Lesson  Assessments,2024-25,The Breadwinner Selection Test
019eb11c-410a-7ffb-86e6-a0294c669670,7338165165,ELA,Grade 6,Lesson  Assessments,2024-25,Life Doesn't Frighten Me Selection Test
019eb11c-410a-7ffb-86e6-a0294c669670,7338165171,ELA,Grade 6,Lesson  Assessments,2024-25,Fears and Phobias Selection Test
019eb11c-410a-7ffb-86e6-a0294c669670,7338165179,ELA,Grade 6,Lesson  Assessments,2024-25,Wired for Fear Selection Test
019eb11c-410a-7ffb-86e6-a0294c669670,7338165185,ELA,Grade 6,Lesson  Assessments,2024-25,Embarrassed? Blame Your Brain / The Ravine Selection Test
019eb11c-410a-7ffb-86e6-a0294c669670,7338165192,ELA,Grade 6,Lesson  Assessments,2024-25,from Into the Air /  from The Wright Brothers: How They Invented the Airplane Selection Test
019eb11c-410a-7ffb-86e6-a0294c669670,7338165198,ELA,Grade 6,Lesson  Assessments,2024-25,Finding Courage Unit Test
019eb11c-410a-7ffb-86e6-a0294c669670,7338165213,ELA,Grade 6,Lesson  Assessments,2024-25,from Pax Selection Test
019eb11c-410a-7ffb-86e6-a0294c669670,7338165215,ELA,Grade 6,Lesson  Assessments,2024-25,Zoo Selection Test
019eb11c-410a-7ffb-86e6-a0294c669670,7338165216,ELA,Grade 6,Assessments,2024-25,from Animal Snoops: The Wondrous World of Wildlife Spies Selection Test
019eb11c-410a-7ffb-86e6-a0294c669670,7338178077,ELA,Grade 7,Lesson  Assessments,2024-25,Mirror Image Selection Test
019eb11c-410a-7ffb-86e6-a0294c669670,7338178084,ELA,Grade 7,Lesson  Assessments,2024-25,Not Everything It Seems Selection Test
019eb11c-410a-7ffb-86e6-a0294c669670,7338178089,ELA,Grade 7,Lesson  Assessments,2024-25,Two Legs or One? Selection Test
019eb11c-410a-7ffb-86e6-a0294c669670,7338178093,ELA,Grade 7,Lesson  Assessments,2024-25,The Song of Wandering Aengus / Eldorado Selection Test
019eb11c-410a-7ffb-86e6-a0294c669670,7338178104,ELA,Grade 7,Unit-Chap  Assessments,2024-25,Reality Check Unit Test
019eb11c-410a-7ffb-86e6-a0294c669670,7338178116,ELA,Grade 7,Lesson  Assessments,2024-25,Heartbeat Selection Test
019eb11c-410a-7ffb-86e6-a0294c669670,7338178121,ELA,Grade 7,Lesson  Assessments,2024-25,The Flight of Icarus Selection Test
019eb11c-410a-7ffb-86e6-a0294c669670,7338178127,ELA,Grade 7,Lesson  Assessments,2024-25,Icarus's Flight Selection Test
019eb11c-410a-7ffb-86e6-a0294c669670,7338178133,ELA,Grade 7,Lesson  Assessments,2024-25,Rogue Wave Selection Test
019eb11c-410a-7ffb-86e6-a0294c669670,7338178139,ELA,Grade 7,Lesson  Assessments,2024-25,Women in Aviation Selection Test
019eb11c-410a-7ffb-86e6-a0294c669670,7338178152,ELA,Grade 7,Lesson  Assessments,2024-25,Take Control Unit Test
019eb11c-410a-7ffb-86e6-a0294c669670,7338178168,ELA,Grade 7,Lesson  Assessments,2024-25,"Dark They Were, and Golden-Eyed Selection Test"
019eb11c-410a-7ffb-86e6-a0294c669670,7338178174,ELA,Grade 7,Lesson  Assessments,2024-25,Martian Metropolis Selection Test
019eb11c-410a-7ffb-86e6-a0294c669670,7338178179,ELA,Grade 7,Lesson  Assessments,2024-25,Challenges for Space Exploration Selection Test
019eb11c-410a-7ffb-86e6-a0294c669670,7338178186,ELA,Grade 7,Lesson  Assessments,2024-25,What If We Were Alone? Selection Test
019eb11c-410a-7ffb-86e6-a0294c669670,7338178194,ELA,Grade 7,Lesson  Assessments,2024-25,Seven Minutes of Terror Selection Test
019eb11c-410a-7ffb-86e6-a0294c669670,7338178203,ELA,Grade 7,Lesson  Assessments,2024-25,Humans Need to Explore Outer Space / Let Robots Take to the Stars Selection Test
019eb11c-410a-7ffb-86e6-a0294c669670,7338178217,ELA,Grade 7,Lesson  Assessments,2024-25,The Terror and Wonder of Space Unit Test
019eb11c-410a-7ffb-86e6-a0294c669670,7338178241,ELA,Grade 7,Lesson  Assessments,2024-25,Allied with Green Selection Test
019eb11c-410a-7ffb-86e6-a0294c669670,7338178249,ELA,Grade 7,Lesson  Assessments,2024-25,Never Retreat from Eyes Wide Open Selection Test
019eb11c-410a-7ffb-86e6-a0294c669670,7338178258,ELA,Grade 7,Lesson  Assessments,2024-25,Mississippi Solo Selection Test
019eb11c-410a-7ffb-86e6-a0294c669670,7338178266,ELA,Grade 7,Assessments,2024-25,The Drought Selection Test
019eb11c-410a-7ffb-86e6-a0294c669670,7338194006,ELA,Grade 8,Lesson  Assessments,2024-25,The Brave Little Toaster Selection Test
019eb11c-410a-7ffb-86e6-a0294c669670,7338194009,ELA,Grade 8,Lesson  Assessments,2024-25,Are Bionic Superhumans on the Horizon? Selection Test
019eb11c-410a-7ffb-86e6-a0294c669670,7338194012,ELA,Grade 8,Lesson  Assessments,2024-25,Interflora Selection Test
019eb11c-410a-7ffb-86e6-a0294c669670,7338194014,ELA,Grade 8,Lesson  Assessments,2024-25,"The Automation Paradox / Heads Up, Humans Selection Test"
019eb11c-410a-7ffb-86e6-a0294c669670,7338194017,ELA,Grade 8,Unit-Chap  Assessments,2024-25,Gadgets and Glitches Unit Test
019eb11c-410a-7ffb-86e6-a0294c669670,7338194027,ELA,Grade 8,Lesson  Assessments,2024-25,What is the Horror Genre? Selection Test
019eb11c-410a-7ffb-86e6-a0294c669670,7338194030,ELA,Grade 8,Lesson  Assessments,2024-25,The Tell-Tale Heart Selection Test
019eb11c-410a-7ffb-86e6-a0294c669670,7338194032,ELA,Grade 8,Lesson  Assessments,2024-25,The Monkey's Paw / from The Monkey's Paw Selection Test
019eb11c-410a-7ffb-86e6-a0294c669670,7338194039,ELA,Grade 8,Lesson  Assessments,2024-25,The Thrill of Horror Unit Test
019eb11c-410a-7ffb-86e6-a0294c669670,7338194059,ELA,Grade 8,Lesson  Assessments,2024-25,from The Book of Unknown Americans Selection Test
019eb11c-410a-7ffb-86e6-a0294c669670,7338194067,ELA,Grade 8,Lesson  Assessments,2024-25,My Favorite Chaperone Selection Test
019eb11c-410a-7ffb-86e6-a0294c669670,7338194075,ELA,Grade 8,Lesson  Assessments,2024-25,Spirit Walking in the Tundra Selection Test
019eb11c-410a-7ffb-86e6-a0294c669670,7338194085,ELA,Grade 8,Lesson  Assessments,2024-25,New Immigrants Share Their Stories / A Common Bond: Teens Forge Friendships. . .  Selection Test
019eb11c-410a-7ffb-86e6-a0294c669670,7338194094,ELA,Grade 8,Lesson  Assessments,2024-25,Places We Call Home Unit Test
019eb11c-410a-7ffb-86e6-a0294c669670,7338194107,ELA,Grade 8,Lesson  Assessments,2024-25,"from Narrative of the Life of Frederick Douglass, an American Slave Selection Test"
019eb11c-410a-7ffb-86e6-a0294c669670,7338194114,ELA,Grade 8,Lesson  Assessments,2024-25,The Drummer Boy of Shiloh Selection Test
019eb11c-410a-7ffb-86e6-a0294c669670,7338194123,ELA,Grade 8,Lesson  Assessments,2024-25,O Captain! My Captain! Selection Test
019eb11c-410a-7ffb-86e6-a0294c669670,7338194131,ELA,Grade 8,Lesson  Assessments,2024-25,from Harriet Tubman: Conductor of the Underground Railroad Selection Test
019eb11c-410a-7ffb-86e6-a0294c669670,7338194137,ELA,Grade 8,Assessments,2024-25,Not My Bones / from Fortune?s Bones Selection Test
019eb11c-410a-7ffb-86e6-a0294c669670,7338204660,Math,Grade 6,Lesson  Assessments,2024-25,Module 1 Test
019eb11c-410a-7ffb-86e6-a0294c669670,7338204661,Math,Grade 6,Lesson  Assessments,2024-25,Module 2 Test
019eb11c-410a-7ffb-86e6-a0294c669670,7338204663,Math,Grade 6,Lesson  Assessments,2024-25,Module 3 Test
019eb11c-410a-7ffb-86e6-a0294c669670,7338204664,Math,Grade 6,Lesson  Assessments,2024-25,Module 4 Test
019eb11c-410a-7ffb-86e6-a0294c669670,7338204667,Math,Grade 6,Lesson  Assessments,2024-25,Module 5 Test
019eb11c-410a-7ffb-86e6-a0294c669670,7338204673,Math,Grade 6,Lesson  Assessments,2024-25,Module 6 Test
019eb11c-410a-7ffb-86e6-a0294c669670,7338204679,Math,Grade 6,Lesson  Assessments,2024-25,Module 7 Test
019eb11c-410a-7ffb-86e6-a0294c669670,7338206076,Math,Grade 7,Lesson  Assessments,2024-25,Module 1 Test
019eb11c-410a-7ffb-86e6-a0294c669670,7338206081,Math,Grade 7,Lesson  Assessments,2024-25,Module 2 Test
019eb11c-410a-7ffb-86e6-a0294c669670,7338206087,Math,Grade 7,Lesson  Assessments,2024-25,Module 3 Test
019eb11c-410a-7ffb-86e6-a0294c669670,7338206096,Math,Grade 7,Lesson  Assessments,2024-25,Module 4 Test
019eb11c-410a-7ffb-86e6-a0294c669670,7338206105,Math,Grade 7,Lesson  Assessments,2024-25,Module 5 Test
019eb11c-410a-7ffb-86e6-a0294c669670,7338206116,Math,Grade 7,Lesson  Assessments,2024-25,Module 6 Test
019eb11c-410a-7ffb-86e6-a0294c669670,7338206131,Math,Grade 7,Lesson  Assessments,2024-25,Module 8 Test
019eb11c-410a-7ffb-86e6-a0294c669670,7338320706,History,Grade 7,Lesson  Assessments,2024-25,Unit 1 Test
019eb11c-410a-7ffb-86e6-a0294c669670,7338320715,History,Grade 7,Lesson  Assessments,2024-25,Unit 2 Test
019eb11c-410a-7ffb-86e6-a0294c669670,7338320727,History,Grade 7,Lesson  Assessments,2024-25,Unit 3 Test
019eb11c-410a-7ffb-86e6-a0294c669670,7338320735,History,Grade 7,Lesson  Assessments,2024-25,Unit 4 Test
019eb11c-410a-7ffb-86e6-a0294c669670,7338323360,History,Grade 6,Lesson  Assessments,2024-25,Unit 1: Early Humans and Societies
019eb11c-410a-7ffb-86e6-a0294c669670,7338323384,History,Grade 6,Lesson  Assessments,2024-25,"Unit: 2 Mesopotamia, Egypt, and Kush"
019eb11c-410a-7ffb-86e6-a0294c669670,7338323403,History,Grade 6,Lesson  Assessments,2024-25,Unit: 3 Civilization in India and China
019eb11c-410a-7ffb-86e6-a0294c669670,7338323412,History,Grade 6,Lesson  Assessments,2024-25,Unit: 4 Foundations of Western Ideas
019eb11c-410a-7ffb-86e6-a0294c669670,7338323422,History,Grade 6,Lesson  Assessments,2024-25,Unit: 5 The Roman World
019eb11c-410a-7ffb-86e6-a0294c669670,7338323435,History,Grade 6,Lesson  Assessments,2024-25,Unit: 6 Islamic and African Civilizations
019eb11c-410a-7ffb-86e6-a0294c669670,7338364863,Science,Grade 1,Lesson  Assessments,2024-25,Unit 1 Benchmark Test: How Scientists Work
019eb11c-410a-7ffb-86e6-a0294c669670,7338364877,Science,Grade 1,Lesson  Assessments,2024-25,Unit 2 Benchmark Test: Technology All Around Us
019eb11c-410a-7ffb-86e6-a0294c669670,7338364881,Science,Grade 1,Lesson  Assessments,2024-25,Unit 3 Benchmark Test: Objects in the Sky
019eb11c-410a-7ffb-86e6-a0294c669670,7338364890,Science,Grade 1,Assessments,2024-25,Unit 4 Benchmark Test: Earth?s Resources
019eb11c-410a-7ffb-86e6-a0294c669670,7338364900,Science,Grade 1,Lesson  Assessments,2024-25,Unit 5 Benchmark Test: Matter
019eb11c-410a-7ffb-86e6-a0294c669670,7338364910,Science,Grade 1,Lesson  Assessments,2024-25,Unit 6 Benchmark Test: Motion
019eb11c-410a-7ffb-86e6-a0294c669670,7338364914,Science,Grade 1,Lesson  Assessments,2024-25,Unit 7 Benchmark Test: Living Things
019eb11c-410a-7ffb-86e6-a0294c669670,7338364921,Science,Grade 1,Unit-Chap  Assessments,2024-25,Unit 8 Benchmark Test: Living Things and  Their Parents
019eb11c-410a-7ffb-86e6-a0294c669670,7338364921,Science,Grade 1,Lesson  Assessments,2024-25,Unit 8 Benchmark Test: Living Things and  Their Parents
019eb11c-410a-7ffb-86e6-a0294c669670,7338364925,Science,Grade 1,Unit-Chap  Assessments,2024-25,Unit 9 Benchmark Test: Plant and Animal Needs
019eb11c-410a-7ffb-86e6-a0294c669670,7338364925,Science,Grade 1,Lesson  Assessments,2024-25,Unit 9 Benchmark Test: Plant and Animal Needs
019eb11c-410a-7ffb-86e6-a0294c669670,7338364939,Science,Grade 1,Lesson  Assessments,2024-25,Unit 1 Benchmark Test: How Scientists Work
019eb11c-410a-7ffb-86e6-a0294c669670,7338364949,Science,Grade 1,Lesson  Assessments,2024-25,Unit 2 Benchmark Test: Technology All Around Us
019eb11c-410a-7ffb-86e6-a0294c669670,7338364969,Science,Grade 1,Lesson  Assessments,2024-25,Unit 3 Benchmark Test: Objects in the Sky
019eb11c-410a-7ffb-86e6-a0294c669670,7338364983,Science,Grade 1,Lesson  Assessments,2024-25,Unit 4 Benchmark Test: Earth?s Resources
019eb11c-410a-7ffb-86e6-a0294c669670,7338364995,Science,Grade 1,Lesson  Assessments,2024-25,Unit 5 Benchmark Test: Matter
019eb11c-410a-7ffb-86e6-a0294c669670,7338365014,Science,Grade 1,Lesson  Assessments,2024-25,Unit 6 Benchmark Test: Motion
019eb11c-410a-7ffb-86e6-a0294c669670,7338365023,Science,Grade 1,Lesson  Assessments,2024-25,Unit 7 Benchmark Test: Living Things
019eb11c-410a-7ffb-86e6-a0294c669670,7338365038,Science,Grade 1,Unit-Chap  Assessments,2024-25,Unit 8 Benchmark Test: Living Things and  Their Parents
019eb11c-410a-7ffb-86e6-a0294c669670,7338365058,Science,Grade 1,Unit-Chap  Assessments,2024-25,Unit 9 Benchmark Test: Plant and Animal Needs
019eb11c-410a-7ffb-86e6-a0294c669670,7338365071,Science,Grade 1,Lesson  Assessments,2024-25,Unit 1 Benchmark Test: How Scientists Work
019eb11c-410a-7ffb-86e6-a0294c669670,7338365083,Science,Grade 1,Lesson  Assessments,2024-25,Unit 2 Benchmark Test: Technology All Around Us
019eb11c-410a-7ffb-86e6-a0294c669670,7338365093,Science,Grade 1,Lesson  Assessments,2024-25,Unit 3 Benchmark Test: Objects in the Sky
019eb11c-410a-7ffb-86e6-a0294c669670,7338365111,Science,Grade 1,Assessments,2024-25,Unit 4 Benchmark Test: Earth?s Resources
019eb11c-410a-7ffb-86e6-a0294c669670,7338365122,Science,Grade 1,Lesson  Assessments,2024-25,Unit 5 Benchmark Test: Matter
019eb11c-410a-7ffb-86e6-a0294c669670,7338365137,Science,Grade 1,Lesson  Assessments,2024-25,Unit 6 Benchmark Test: Motion
019eb11c-410a-7ffb-86e6-a0294c669670,7338365147,Science,Grade 1,Lesson  Assessments,2024-25,Unit 7 Benchmark Test: Living Things
019eb11c-410a-7ffb-86e6-a0294c669670,7338365160,Science,Grade 1,Unit-Chap  Assessments,2024-25,Unit 8 Benchmark Test: Living Things and  Their Parents
019eb11c-410a-7ffb-86e6-a0294c669670,7338365172,Science,Grade 1,Unit-Chap  Assessments,2024-25,Unit 9 Benchmark Test: Plant and Animal Needs
019eb11c-410a-7ffb-86e6-a0294c669670,7338394436,Science,Grade 2,Lesson  Assessments,2024-25,Unit 1 Benchmark Test: Work Like a Scientist
019eb11c-410a-7ffb-86e6-a0294c669670,7338394453,Science,Grade 2,Lesson  Assessments,2024-25,Unit 2 Benchmark: Technology In Our World
019eb11c-410a-7ffb-86e6-a0294c669670,7338394461,Science,Grade 2,Lesson  Assessments,2024-25,Unit 3 Benchmark Test: Earth's Surface
019eb11c-410a-7ffb-86e6-a0294c669670,7338394473,Science,Grade 2,Unit-Chap  Assessments,2024-25,Unit 4 Benchmark Test: Weather
019eb11c-410a-7ffb-86e6-a0294c669670,7338394479,Science,Grade 2,Assessments,2024-25,Unit 5 Benchmark Test: All About Matter
019eb11c-410a-7ffb-86e6-a0294c669670,7338394486,Science,Grade 2,Lesson  Assessments,2024-25,Unit 6 Benchmark Test: Matter Can Change
019eb11c-410a-7ffb-86e6-a0294c669670,7338394493,Science,Grade 2,Lesson  Assessments,2024-25,Unit 7 Benchmark Test: Energy
019eb11c-410a-7ffb-86e6-a0294c669670,7338394502,Science,Grade 2,Lesson  Assessments,2024-25,Unit 8 Benchmark Test: Forces and Motion
019eb11c-410a-7ffb-86e6-a0294c669670,7338394510,Science,Grade 2,Assessments,2024-25,Unit 9 Benchmark Test: The Human Body
019eb11c-410a-7ffb-86e6-a0294c669670,7338394535,Science,Grade 2,Lesson  Assessments,2024-25,Unit 1 Benchmark Test: Work Like a Scientist
019eb11c-410a-7ffb-86e6-a0294c669670,7338394543,Science,Grade 2,Lesson  Assessments,2024-25,Unit 2 Benchmark: Technology In Our World
019eb11c-410a-7ffb-86e6-a0294c669670,7338394552,Science,Grade 2,Lesson  Assessments,2024-25,Unit 3 Benchmark Test: Earth's Surface
019eb11c-410a-7ffb-86e6-a0294c669670,7338394563,Science,Grade 2,Unit-Chap  Assessments,2024-25,Unit 4 Benchmark Test: Weather
019eb11c-410a-7ffb-86e6-a0294c669670,7338394577,Science,Grade 2,Lesson  Assessments,2024-25,Unit 5 Benchmark Test: All About Matter
019eb11c-410a-7ffb-86e6-a0294c669670,7338394591,Science,Grade 2,Lesson  Assessments,2024-25,Unit 6 Benchmark Test: Matter Can Change
019eb11c-410a-7ffb-86e6-a0294c669670,7338394604,Science,Grade 2,Lesson  Assessments,2024-25,Unit 7 Benchmark Test: Energy
019eb11c-410a-7ffb-86e6-a0294c669670,7338394612,Science,Grade 2,Lesson  Assessments,2024-25,Unit 8 Benchmark Test: Forces and Motion
019eb11c-410a-7ffb-86e6-a0294c669670,7338394624,Science,Grade 2,Assessments,2024-25,Unit 9 Benchmark Test: The Human Body
019eb11c-410a-7ffb-86e6-a0294c669670,7338394665,Science,Grade 2,Lesson  Assessments,2024-25,Unit 1 Benchmark Test: Work Like a Scientist
019eb11c-410a-7ffb-86e6-a0294c669670,7338394677,Science,Grade 2,Lesson  Assessments,2024-25,Unit 2 Benchmark: Technology In Our World
019eb11c-410a-7ffb-86e6-a0294c669670,7338394685,Science,Grade 2,Lesson  Assessments,2024-25,Unit 3 Benchmark Test: Earth's Surface
019eb11c-410a-7ffb-86e6-a0294c669670,7338394693,Science,Grade 2,Lesson  Assessments,2024-25,Unit 4 Benchmark Test: Weather
019eb11c-410a-7ffb-86e6-a0294c669670,7338394701,Science,Grade 2,Lesson  Assessments,2024-25,Unit 5 Benchmark Test: All About Matter
019eb11c-410a-7ffb-86e6-a0294c669670,7338394709,Science,Grade 2,Lesson  Assessments,2024-25,Unit 6 Benchmark Test: Matter Can Change
019eb11c-410a-7ffb-86e6-a0294c669670,7338394719,Science,Grade 2,Lesson  Assessments,2024-25,Unit 7 Benchmark Test: Energy
019eb11c-410a-7ffb-86e6-a0294c669670,7338394728,Science,Grade 2,Lesson  Assessments,2024-25,Unit 8 Benchmark Test: Forces and Motion
019eb11c-410a-7ffb-86e6-a0294c669670,7338394737,Science,Grade 2,Lesson  Assessments,2024-25,Unit 9 Benchmark Test: The Human Body
019eb11c-410a-7ffb-86e6-a0294c669670,7338399356,Science,Grade 3,Lesson  Assessments,2024-25,Unit 1 Benchmark Test: Investigating Questions
019eb11c-410a-7ffb-86e6-a0294c669670,7338399358,Science,Grade 3,Lesson  Assessments,2024-25,Unit 3 Benchmark Test: Earth and Stars
019eb11c-410a-7ffb-86e6-a0294c669670,7338399361,Science,Grade 3,Lesson  Assessments,2024-25,Unit 4 Benchmark Test: Properties of Matter
019eb11c-410a-7ffb-86e6-a0294c669670,7338399365,Science,Grade 3,Lesson  Assessments,2024-25,Unit 5 Benchmark Test: Forms of Energy
019eb11c-410a-7ffb-86e6-a0294c669670,7338399368,Science,Grade 3,Lesson  Assessments,2024-25,Unit 6 Benchmark Test: Heat Sources
019eb11c-410a-7ffb-86e6-a0294c669670,7338399374,Science,Grade 3,Lesson  Assessments,2024-25,Unit 7 Benchmark Test: Plants and the Environment
019eb11c-410a-7ffb-86e6-a0294c669670,7338399377,Science,Grade 3,Lesson  Assessments,2024-25,Unit 8 Benchmark Test: Classifying Plants and Animals
019eb11c-410a-7ffb-86e6-a0294c669670,7338399379,Science,Grade 3,Lesson  Assessments,2024-25,Unit 9 Benchmark Test: Living Things Change
019eb11c-410a-7ffb-86e6-a0294c669670,7338399383,Science,Grade 3,Lesson  Assessments,2024-25,Unit 1 Benchmark Test: Investigating Questions
019eb11c-410a-7ffb-86e6-a0294c669670,7338399385,Science,Grade 3,Lesson  Assessments,2024-25,Unit 3 Benchmark Test: Earth and Stars
019eb11c-410a-7ffb-86e6-a0294c669670,7338399395,Science,Grade 3,Lesson  Assessments,2024-25,Unit 4 Benchmark Test: Properties of Matter
019eb11c-410a-7ffb-86e6-a0294c669670,7338399396,Science,Grade 3,Lesson  Assessments,2024-25,Unit 5 Benchmark Test: Forms of Energy
019eb11c-410a-7ffb-86e6-a0294c669670,7338399397,Science,Grade 3,Lesson  Assessments,2024-25,Unit 6 Benchmark Test: Heat Sources
019eb11c-410a-7ffb-86e6-a0294c669670,7338399404,Science,Grade 3,Lesson  Assessments,2024-25,Unit 7 Benchmark Test: Plants and the Environment
019eb11c-410a-7ffb-86e6-a0294c669670,7338399409,Science,Grade 3,Lesson  Assessments,2024-25,Unit 8 Benchmark Test: Classifying Plants and Animals
019eb11c-410a-7ffb-86e6-a0294c669670,7338399415,Science,Grade 3,Lesson  Assessments,2024-25,Unit 9 Benchmark Test: Living Things Change
019eb11c-410a-7ffb-86e6-a0294c669670,7338399419,Science,Grade 3,Lesson  Assessments,2024-25,Unit 1 Benchmark Test: Investigating Questions
019eb11c-410a-7ffb-86e6-a0294c669670,7338399423,Science,Grade 3,Lesson  Assessments,2024-25,Unit 3 Benchmark Test: Earth and Stars
019eb11c-410a-7ffb-86e6-a0294c669670,7338399427,Science,Grade 3,Lesson  Assessments,2024-25,Unit 4 Benchmark Test: Properties of Matter
019eb11c-410a-7ffb-86e6-a0294c669670,7338399430,Science,Grade 3,Lesson  Assessments,2024-25,Unit 5 Benchmark Test: Forms of Energy
019eb11c-410a-7ffb-86e6-a0294c669670,7338399433,Science,Grade 3,Unit-Chap  Assessments,2024-25,Unit 6 Benchmark Test: Heat Sources
019eb11c-410a-7ffb-86e6-a0294c669670,7338399435,Science,Grade 3,Lesson  Assessments,2024-25,Unit 7 Benchmark Test: Plants and the Environment
019eb11c-410a-7ffb-86e6-a0294c669670,7338399443,Science,Grade 3,Lesson  Assessments,2024-25,Unit 8 Benchmark Test: Classifying Plants and Animals
019eb11c-410a-7ffb-86e6-a0294c669670,7338399447,Science,Grade 3,Lesson  Assessments,2024-25,Unit 9 Benchmark Test: Living Things Change
019eb11c-410a-7ffb-86e6-a0294c669670,7338420470,Science,Grade 4,Lesson  Assessments,2024-25,Unit 1 Benchmark Test: Studying Science
019eb11c-410a-7ffb-86e6-a0294c669670,7338420475,Science,Grade 4,Lesson  Assessments,2024-25,Unit 2 Benchmark Test: The Engineering Process
019eb11c-410a-7ffb-86e6-a0294c669670,7338420488,Science,Grade 4,Lesson  Assessments,2024-25,Unit 3 Benchmark Test: Earth's Place in Space
019eb11c-410a-7ffb-86e6-a0294c669670,7338420490,Science,Grade 4,Lesson  Assessments,2024-25,"Unit 4 Benchmark Test: Rocks, Minerals, and Resources"
019eb11c-410a-7ffb-86e6-a0294c669670,7338420492,Science,Grade 4,Unit-Chap  Assessments,2024-25,Unit 5 Benchmark Test: Matter and It's Properties
019eb11c-410a-7ffb-86e6-a0294c669670,7338420495,Science,Grade 4,Assessments,2024-25,Unit 6 Benchmark Test: Matter and It's Changes
019eb11c-410a-7ffb-86e6-a0294c669670,7338420500,Science,Grade 4,Lesson  Assessments,2024-25,Unit 7 Benchmark Test: Energy and Its Uses
019eb11c-410a-7ffb-86e6-a0294c669670,7338420509,Science,Grade 4,Lesson  Assessments,2024-25,Unit 8 Benchmark Test: Heat
019eb11c-410a-7ffb-86e6-a0294c669670,7338420516,Science,Grade 4,Lesson  Assessments,2024-25,Unit 9 Benchmark Test: Forces and Motion
019eb11c-410a-7ffb-86e6-a0294c669670,7338420526,Science,Grade 4,Lesson  Assessments,2024-25,Unit 1 Benchmark Test: Studying Science
019eb11c-410a-7ffb-86e6-a0294c669670,7338420528,Science,Grade 4,Lesson  Assessments,2024-25,Unit 2 Benchmark Test: The Engineering Process
019eb11c-410a-7ffb-86e6-a0294c669670,7338420531,Science,Grade 4,Lesson  Assessments,2024-25,Unit 3 Benchmark Test: Earth's Place in Space
019eb11c-410a-7ffb-86e6-a0294c669670,7338420534,Science,Grade 4,Lesson  Assessments,2024-25,"Unit 4 Benchmark Test: Rocks, Minerals, and Resources"
019eb11c-410a-7ffb-86e6-a0294c669670,7338420535,Science,Grade 4,Unit-Chap  Assessments,2024-25,Unit 5 Benchmark Test: Matter and It's Properties
019eb11c-410a-7ffb-86e6-a0294c669670,7338420536,Science,Grade 4,Assessments,2024-25,Unit 6 Benchmark Test: Matter and It's Changes
019eb11c-410a-7ffb-86e6-a0294c669670,7338420542,Science,Grade 4,Lesson  Assessments,2024-25,Unit 7 Benchmark Test: Energy and Its Uses
019eb11c-410a-7ffb-86e6-a0294c669670,7338420544,Science,Grade 4,Lesson  Assessments,2024-25,Unit 8 Benchmark Test: Heat
019eb11c-410a-7ffb-86e6-a0294c669670,7338420549,Science,Grade 4,Lesson  Assessments,2024-25,Unit 9 Benchmark Test: Forces and Motion
019eb11c-410a-7ffb-86e6-a0294c669670,7338462239,Science,Grade 5,Lesson  Assessments,2024-25,Unit 1 Benchmark Test: Scientists at Work
019eb11c-410a-7ffb-86e6-a0294c669670,7338462274,Science,Grade 5,Lesson  Assessments,2024-25,Unit 3 Benchmark Test: The Solar System and the Universe
019eb11c-410a-7ffb-86e6-a0294c669670,7338462293,Science,Grade 5,Lesson  Assessments,2024-25,"Unit 4 Benchmark Test: Weather, Climate, and the Water Cycle"
019eb11c-410a-7ffb-86e6-a0294c669670,7338462314,Science,Grade 5,Lesson  Assessments,2024-25,Unit 5 Benchmark Test: The Nature of Matter
019eb11c-410a-7ffb-86e6-a0294c669670,7338462337,Science,Grade 5,Lesson  Assessments,2024-25,Unit 6 Benchmark Test: Forms of Energy
019eb11c-410a-7ffb-86e6-a0294c669670,7338462359,Science,Grade 5,Lesson  Assessments,2024-25,Unit 7 Benchmark Test: Working with Electricity
019eb11c-410a-7ffb-86e6-a0294c669670,7338462375,Science,Grade 5,Lesson  Assessments,2024-25,Unit 8 Benchmark Test: Forces and Motion
019eb11c-410a-7ffb-86e6-a0294c669670,7338462392,Science,Grade 5,Lesson  Assessments,2024-25,Unit 9 Benchmark Test: The Structure of Living Things
019eb11c-410a-7ffb-86e6-a0294c669670,7338462408,Science,Grade 5,Assessments,2024-25,Unit 10 Benchmark Test: Changes in Environments
019eb11c-410a-7ffb-86e6-a0294c669670,7338462452,Science,Grade 5,Lesson  Assessments,2024-25,Unit 1 Benchmark Test: Scientists at Work
019eb11c-410a-7ffb-86e6-a0294c669670,7338462489,Science,Grade 5,Lesson  Assessments,2024-25,Unit 3 Benchmark Test: The Solar System and the Universe
019eb11c-410a-7ffb-86e6-a0294c669670,7338462490,Science,Grade 5,Lesson  Assessments,2024-25,"Unit 4 Benchmark Test: Weather, Climate, and the Water Cycle"
019eb11c-410a-7ffb-86e6-a0294c669670,7338462499,Science,Grade 5,Lesson  Assessments,2024-25,Unit 5 Benchmark Test: The Nature of Matter
019eb11c-410a-7ffb-86e6-a0294c669670,7338462502,Science,Grade 5,Lesson  Assessments,2024-25,Unit 6 Benchmark Test: Forms of Energy
019eb11c-410a-7ffb-86e6-a0294c669670,7338462505,Science,Grade 5,Lesson  Assessments,2024-25,Unit 7 Benchmark Test: Working with Electricity
019eb11c-410a-7ffb-86e6-a0294c669670,7338462506,Science,Grade 5,Lesson  Assessments,2024-25,Unit 8 Benchmark Test: Forces and Motion
019eb11c-410a-7ffb-86e6-a0294c669670,7338462513,Science,Grade 5,Lesson  Assessments,2024-25,Unit 9 Benchmark Test: The Structure of Living Things
019eb11c-410a-7ffb-86e6-a0294c669670,7338462515,Science,Grade 5,Assessments,2024-25,Unit 10 Benchmark Test: Changes in Environments
019eb11c-410a-7ffb-86e6-a0294c669670,7445551763,ELA,Grade 2,Lesson  Assessments,2024-25,Module 4 Week 3 Vocabulary Quiz
019eb11c-410a-7ffb-86e6-a0294c669670,7445551765,ELA,Grade 2,Lesson  Assessments,2024-25,Module 5 Week 2 Vocabulary Quiz
019eb11c-410a-7ffb-86e6-a0294c669670,7445551766,ELA,Grade 2,Lesson  Assessments,2024-25,Module 5 Week 3 Vocabulary Quiz
019eb11c-410a-7ffb-86e6-a0294c669670,7445551767,ELA,Grade 2,Lesson  Assessments,2024-25,Module 6 Week 1 Vocabulary Quiz
019eb11c-410a-7ffb-86e6-a0294c669670,7445551768,ELA,Grade 2,Lesson  Assessments,2024-25,Module 6 Week 2 Vocabulary Quiz
019eb11c-410a-7ffb-86e6-a0294c669670,7445551771,ELA,Grade 2,Assessments,2024-25,Module 7 Week 1 Vocabulary Quiz
019eb11c-410a-7ffb-86e6-a0294c669670,7445551772,ELA,Grade 2,Lesson  Assessments,2024-25,Module 7 Week 2 Vocabulary Quiz
019eb11c-410a-7ffb-86e6-a0294c669670,7445551773,ELA,Grade 2,Lesson  Assessments,2024-25,Module 7 Week 3 Vocabulary Quiz
019eb11c-410a-7ffb-86e6-a0294c669670,7463192752,Math,Grade K,Lesson  Assessments,2024-25,Chapter 1
019eb11c-410a-7ffb-86e6-a0294c669670,7463193318,Math,Grade K,Lesson  Assessments,2024-25,Chapter 1
019eb11c-410a-7ffb-86e6-a0294c669670,7463194167,Math,Grade K,Lesson  Assessments,2024-25,Chapter 1
019eb11c-410a-7ffb-86e6-a0294c669670,7466000200,Science,Grade K,Lesson  Assessments,2024-25,Unit 1 Benchmark Test: Doing Science
019eb11c-410a-7ffb-86e6-a0294c669670,7466000201,Science,Grade K,Lesson  Assessments,2024-25,Unit 2 Benchmark Test: Animals
019eb11c-410a-7ffb-86e6-a0294c669670,7466000202,Science,Grade K,Lesson  Assessments,2024-25,Unit 3 Benchmark Test: Plants
019eb11c-410a-7ffb-86e6-a0294c669670,7466000203,Science,Grade K,Assessments,2024-25,Unit 4 Benchmark Test: Day and Night
019eb11c-410a-7ffb-86e6-a0294c669670,7466000203,Science,Grade K,Lesson  Assessments,2024-25,Unit 4 Benchmark Test: Day and Night
019eb11c-410a-7ffb-86e6-a0294c669670,7466000204,Science,Grade K,Lesson  Assessments,2024-25,Unit 5 Benchmark Test: Matter
019eb11c-410a-7ffb-86e6-a0294c669670,7466000206,Science,Grade K,Lesson  Assessments,2024-25,Unit 6 Benchmark Test: Energy
019eb11c-410a-7ffb-86e6-a0294c669670,7466000209,Science,Grade K,Lesson  Assessments,2024-25,Unit 7 Benchmark Test: Motion
019eb11c-410a-7ffb-86e6-a0294c669670,7466003778,Science,Grade K,Lesson  Assessments,2024-25,Unit 1 Benchmark Test: Doing Science
019eb11c-410a-7ffb-86e6-a0294c669670,7466003781,Science,Grade K,Lesson  Assessments,2024-25,Unit 2 Benchmark Test: Animals
019eb11c-410a-7ffb-86e6-a0294c669670,7466003783,Science,Grade K,Lesson  Assessments,2024-25,Unit 3 Benchmark Test: Plants
019eb11c-410a-7ffb-86e6-a0294c669670,7466003785,Science,Grade K,Assessments,2024-25,Unit 4 Benchmark Test: Day and Night
019eb11c-410a-7ffb-86e6-a0294c669670,7466003787,Science,Grade K,Lesson  Assessments,2024-25,Unit 5 Benchmark Test: Matter
019eb11c-410a-7ffb-86e6-a0294c669670,7466003790,Science,Grade K,Lesson  Assessments,2024-25,Unit 6 Benchmark Test: Energy
019eb11c-410a-7ffb-86e6-a0294c669670,7466003792,Science,Grade K,Lesson  Assessments,2024-25,Unit 7 Benchmark Test: Motion
019eb11c-410a-7ffb-86e6-a0294c669670,7466003796,Science,Grade K,Lesson  Assessments,2024-25,Unit 1 Benchmark Test: Doing Science
019eb11c-410a-7ffb-86e6-a0294c669670,7466003798,Science,Grade K,Lesson  Assessments,2024-25,Unit 2 Benchmark Test: Animals
019eb11c-410a-7ffb-86e6-a0294c669670,7466003801,Science,Grade K,Lesson  Assessments,2024-25,Unit 3 Benchmark Test: Plants
019eb11c-410a-7ffb-86e6-a0294c669670,7466003803,Science,Grade K,Assessments,2024-25,Unit 4 Benchmark Test: Day and Night
019eb11c-410a-7ffb-86e6-a0294c669670,7466003805,Science,Grade K,Lesson  Assessments,2024-25,Unit 5 Benchmark Test: Matter
019eb11c-410a-7ffb-86e6-a0294c669670,7466003807,Science,Grade K,Lesson  Assessments,2024-25,Unit 6 Benchmark Test: Energy
019eb11c-410a-7ffb-86e6-a0294c669670,7466003809,Science,Grade K,Lesson  Assessments,2024-25,Unit 7 Benchmark Test: Motion
019eb11c-410a-7ffb-86e6-a0294c669670,7466658959,Math,Grade 4,Lesson  Assessments,2024-25,Chapter 1: Whole Number Place Value
019eb11c-410a-7ffb-86e6-a0294c669670,7466669805,Math,Grade 4,Lesson  Assessments,2024-25,Chapter 1: Whole Number Place Value
019eb11c-410a-7ffb-86e6-a0294c669670,7466670386,Math,Grade 2,Lesson  Assessments,2024-25,Chapter 1
019eb11c-410a-7ffb-86e6-a0294c669670,7466671373,Math,Grade 2,Lesson  Assessments,2024-25,Chapter 1
019eb11c-410a-7ffb-86e6-a0294c669670,7466672134,Math,Grade 2,Lesson  Assessments,2024-25,Chapter 1
019eb11c-410a-7ffb-86e6-a0294c669670,7466682539,Math,Grade 3,Lesson  Assessments,2024-25,Chapter 2
019eb11c-410a-7ffb-86e6-a0294c669670,7466683686,Math,Grade 3,Lesson  Assessments,2024-25,Chapter 2
019eb11c-410a-7ffb-86e6-a0294c669670,7472265833,Math,Grade K,Lesson  Assessments,2024-25,Chapter 3
019eb11c-410a-7ffb-86e6-a0294c669670,7472278757,Math,Grade 4,Lesson  Assessments,2024-25,Chapter 2 Multiply by 1-Digit Numbers
019eb11c-410a-7ffb-86e6-a0294c669670,7472279936,Math,Grade 4,Lesson  Assessments,2024-25,Chapter 2 Multiply by 1-Digit Numbers
019eb11c-410a-7ffb-86e6-a0294c669670,7472281736,Math,Grade K,Lesson  Assessments,2024-25,Chapter 3
019eb11c-410a-7ffb-86e6-a0294c669670,7472283148,Math,Grade K,Lesson  Assessments,2024-25,Chapter 3
019eb11c-410a-7ffb-86e6-a0294c669670,7475363329,Math,Grade 1,Lesson  Assessments,2024-25,Chapter 4
019eb11c-410a-7ffb-86e6-a0294c669670,7475376871,Math,Grade 1,Lesson  Assessments,2024-25,Chapter 4
019eb11c-410a-7ffb-86e6-a0294c669670,7475381503,Math,Grade 1,Lesson  Assessments,2024-25,Chapter 4
019eb11c-410a-7ffb-86e6-a0294c669670,7475503805,Math,Grade 3,Lesson  Assessments,2024-25,Chapter 3
019eb11c-410a-7ffb-86e6-a0294c669670,7475507855,Math,Grade 3,Lesson  Assessments,2024-25,Chapter 3
019eb11c-410a-7ffb-86e6-a0294c669670,7475518443,Math,Grade 3,Lesson  Assessments,2024-25,Chapter 3
019eb11c-410a-7ffb-86e6-a0294c669670,7475579629,Math,Grade 3,Lesson  Assessments,2024-25,Chapter 4
019eb11c-410a-7ffb-86e6-a0294c669670,7475586008,Math,Grade 3,Lesson  Assessments,2024-25,Chapter 4
019eb11c-410a-7ffb-86e6-a0294c669670,7475593191,Math,Grade 3,Lesson  Assessments,2024-25,Chapter 4
019eb11c-410a-7ffb-86e6-a0294c669670,7475615455,Math,Grade 4,Lesson  Assessments,2024-25,Chapter 3 Multiply by 2-Digit Numbers
019eb11c-410a-7ffb-86e6-a0294c669670,7475623595,Math,Grade 4,Lesson  Assessments,2024-25,Chapter 3 Multiply by 2-Digit Numbers
019eb11c-410a-7ffb-86e6-a0294c669670,7475659850,Math,Grade 5,Lesson  Assessments,2024-25,Chapter 4
019eb11c-410a-7ffb-86e6-a0294c669670,7475765811,Math,Grade K,Lesson  Assessments,2024-25,Chapter 4
019eb11c-410a-7ffb-86e6-a0294c669670,7475768606,Math,Grade K,Lesson  Assessments,2024-25,Chapter 4
019eb11c-410a-7ffb-86e6-a0294c669670,7475771697,Math,Grade K,Lesson  Assessments,2024-25,Chapter 4
019eb11c-410a-7ffb-86e6-a0294c669670,7476279934,Algebra,Grade 8,Lesson  Assessments,2024-25,Chapter 1 Test
019eb11c-410a-7ffb-86e6-a0294c669670,7478383986,Math,Grade 1,Lesson  Assessments,2024-25,Chapter 5
019eb11c-410a-7ffb-86e6-a0294c669670,7478386886,Math,Grade 1,Lesson  Assessments,2024-25,Chapter 5
019eb11c-410a-7ffb-86e6-a0294c669670,7478391395,Math,Grade 1,Lesson  Assessments,2024-25,Chapter 5
019eb11c-410a-7ffb-86e6-a0294c669670,7480755450,Math,Grade K,Lesson  Assessments,2024-25,Chapter 5
019eb11c-410a-7ffb-86e6-a0294c669670,7480766485,Math,Grade K,Lesson  Assessments,2024-25,Chapter 5
019eb11c-410a-7ffb-86e6-a0294c669670,7480844123,Math,Grade K,Lesson  Assessments,2024-25,Chapter 5
019eb11c-410a-7ffb-86e6-a0294c669670,7485555213,Math,Grade K,Lesson  Assessments,2024-25,Chapter 6
019eb11c-410a-7ffb-86e6-a0294c669670,7485572918,Math,Grade K,Lesson  Assessments,2024-25,Chapter 6
019eb11c-410a-7ffb-86e6-a0294c669670,7485582367,Math,Grade K,Lesson  Assessments,2024-25,Chapter 6
019eb11c-410a-7ffb-86e6-a0294c669670,7485688194,Math,Grade K,Lesson  Assessments,2024-25,Chapter 7
019eb11c-410a-7ffb-86e6-a0294c669670,7485705888,Math,Grade K,Lesson  Assessments,2024-25,Chapter 7
019eb11c-410a-7ffb-86e6-a0294c669670,7485709684,Math,Grade K,Lesson  Assessments,2024-25,Chapter 7
019eb11c-410a-7ffb-86e6-a0294c669670,7487309603,Math,Grade 2,Lesson  Assessments,2024-25,Chapter 5
019eb11c-410a-7ffb-86e6-a0294c669670,7487399015,Math,Grade 2,Lesson  Assessments,2024-25,Chapter 5
019eb11c-410a-7ffb-86e6-a0294c669670,7487419449,Math,Grade 2,Lesson  Assessments,2024-25,Chapter 5
019eb11c-410a-7ffb-86e6-a0294c669670,7487920005,Math,Grade 2,Lesson  Assessments,2024-25,Chapter 6
019eb11c-410a-7ffb-86e6-a0294c669670,7487927595,Math,Grade 2,Lesson  Assessments,2024-25,Chapter 6
019eb11c-410a-7ffb-86e6-a0294c669670,7487931581,Math,Grade 2,Lesson  Assessments,2024-25,Chapter 6
019eb11c-410a-7ffb-86e6-a0294c669670,7487983951,Math,Grade 2,Lesson  Assessments,2024-25,Chapter 7
019eb11c-410a-7ffb-86e6-a0294c669670,7487987761,Math,Grade 2,Lesson  Assessments,2024-25,Chapter 7
019eb11c-410a-7ffb-86e6-a0294c669670,7487995592,Math,Grade 2,Lesson  Assessments,2024-25,Chapter 7
019eb11c-410a-7ffb-86e6-a0294c669670,7488132857,Math,Grade 2,Lesson  Assessments,2024-25,Chapter 8
019eb11c-410a-7ffb-86e6-a0294c669670,7488134302,Math,Grade 2,Lesson  Assessments,2024-25,Chapter 8
019eb11c-410a-7ffb-86e6-a0294c669670,7488135450,Math,Grade 2,Lesson  Assessments,2024-25,Chapter 8
019eb11c-410a-7ffb-86e6-a0294c669670,7488173920,Math,Grade 2,Lesson  Assessments,2024-25,Chapter 11
019eb11c-410a-7ffb-86e6-a0294c669670,7488178547,Math,Grade 2,Lesson  Assessments,2024-25,Chapter 11
019eb11c-410a-7ffb-86e6-a0294c669670,7488180408,Math,Grade 2,Lesson  Assessments,2024-25,Chapter 11
019eb11c-410a-7ffb-86e6-a0294c669670,7493489838,Math,Grade 3,Lesson  Assessments,2024-25,Chapter 5
019eb11c-410a-7ffb-86e6-a0294c669670,7493517971,Math,Grade 3,Lesson  Assessments,2024-25,Chapter 5
019eb11c-410a-7ffb-86e6-a0294c669670,7493540006,Math,Grade 3,Lesson  Assessments,2024-25,Chapter 5
019eb11c-410a-7ffb-86e6-a0294c669670,7493707215,Math,Grade 3,Lesson  Assessments,2024-25,Chapter 6
019eb11c-410a-7ffb-86e6-a0294c669670,7493749612,Math,Grade 3,Lesson  Assessments,2024-25,Chapter 6
019eb11c-410a-7ffb-86e6-a0294c669670,7493758989,Math,Grade 3,Lesson  Assessments,2024-25,Chapter 6
019eb11c-410a-7ffb-86e6-a0294c669670,7493822777,Math,Grade 3,Lesson  Assessments,2024-25,Chapter 7
019eb11c-410a-7ffb-86e6-a0294c669670,7493829509,Math,Grade 3,Lesson  Assessments,2024-25,Chapter 7
019eb11c-410a-7ffb-86e6-a0294c669670,7493832013,Math,Grade 3,Lesson  Assessments,2024-25,Chapter 7
019eb11c-410a-7ffb-86e6-a0294c669670,7493888628,Math,Grade 3,Lesson  Assessments,2024-25,Chapter 8
019eb11c-410a-7ffb-86e6-a0294c669670,7493941329,Math,Grade 3,Lesson  Assessments,2024-25,Chapter 10
019eb11c-410a-7ffb-86e6-a0294c669670,7496089542,Math,Grade 3,Assessments,2024-25,Chapter 11
019eb11c-410a-7ffb-86e6-a0294c669670,7496090393,Math,Grade 3,Lesson  Assessments,2024-25,Chapter 11
019eb11c-410a-7ffb-86e6-a0294c669670,7496091562,Math,Grade 3,Assessments,2024-25,Chapter 11
019eb11c-410a-7ffb-86e6-a0294c669670,7500727390,Math,Grade 3,Lesson  Assessments,2024-25,Chapter 12
019eb11c-410a-7ffb-86e6-a0294c669670,7503158226,Math,Grade 3,Lesson  Assessments,2024-25,Chapter 13
019eb11c-410a-7ffb-86e6-a0294c669670,7503402943,Algebra,Grade 8,Lesson  Assessments,2024-25,Chapter 2 Test
019eb11c-410a-7ffb-86e6-a0294c669670,7505300187,Math,Grade 3,Lesson  Assessments,2024-25,Chapter 14
019eb11c-410a-7ffb-86e6-a0294c669670,7505428797,Math,Grade 3,Lesson  Assessments,2024-25,Chapter 15
019eb11c-410a-7ffb-86e6-a0294c669670,7509382932,Math,Grade 4,Lesson  Assessments,2024-25,Chapter 8 Equivalent Fractions
019eb11c-410a-7ffb-86e6-a0294c669670,7510627015,Math,Grade 4,Assessments,2024-25,Chapter 10 Add and Subtract Fractions
019eb11c-410a-7ffb-86e6-a0294c669670,7512889700,Math,Grade 5,Lesson  Assessments,2024-25,Chapter 4
019eb11c-410a-7ffb-86e6-a0294c669670,7525995517,Math,Grade 1,Lesson  Assessments,2024-25,Chapter 3
019eb11c-410a-7ffb-86e6-a0294c669670,7536772350,ELA,Grade 5,Unit-Chap  Assessments,2024-25,Module Assessment: What a Story
019eb11c-410a-7ffb-86e6-a0294c669670,7536774826,ELA,Grade 5,Unit-Chap  Assessments,2024-25,Module Assessment: What a Story
019eb11c-410a-7ffb-86e6-a0294c669670,7570315981,Algebra,Grade 8,Lesson  Assessments,2024-25,Chapter 3 Test
019eb11c-410a-7ffb-86e6-a0294c669670,7594775497,Math,Grade K,Lesson  Assessments,2024-25,Chapter 9
019eb11c-410a-7ffb-86e6-a0294c669670,7594775499,Math,Grade K,Lesson  Assessments,2024-25,Chapter 10
019eb11c-410a-7ffb-86e6-a0294c669670,7594775511,Math,Grade K,Assessments,2024-25,Chapter 13
019eb11c-410a-7ffb-86e6-a0294c669670,7594791568,Math,Grade K,Lesson  Assessments,2024-25,Chapter 9
019eb11c-410a-7ffb-86e6-a0294c669670,7594791579,Math,Grade K,Lesson  Assessments,2024-25,Chapter 10
019eb11c-410a-7ffb-86e6-a0294c669670,7594791605,Math,Grade K,Assessments,2024-25,Chapter 13
019eb11c-410a-7ffb-86e6-a0294c669670,7594791612,Math,Grade K,Lesson  Assessments,2024-25,Chapter 14
019eb11c-410a-7ffb-86e6-a0294c669670,7594791626,Math,Grade K,Lesson  Assessments,2024-25,Chapter 15
019eb11c-410a-7ffb-86e6-a0294c669670,7594791630,Math,Grade K,Lesson  Assessments,2024-25,Chapter 16
019eb11c-410a-7ffb-86e6-a0294c669670,7594791636,Math,Grade K,Lesson  Assessments,2024-25,Chapter 17
019eb11c-410a-7ffb-86e6-a0294c669670,7594791643,Math,Grade K,Assessments,2024-25,Chapter 18
019eb11c-410a-7ffb-86e6-a0294c669670,7594791651,Math,Grade K,Assessments,2024-25,Chapter 19
019eb11c-410a-7ffb-86e6-a0294c669670,7594826794,Math,Grade K,Lesson  Assessments,2024-25,Chapter 9
019eb11c-410a-7ffb-86e6-a0294c669670,7594826796,Math,Grade K,Lesson  Assessments,2024-25,Chapter 10
019eb11c-410a-7ffb-86e6-a0294c669670,7594826821,Math,Grade K,Assessments,2024-25,Chapter 13
019eb11c-410a-7ffb-86e6-a0294c669670,7594900414,Math,Grade 5,Lesson  Assessments,2024-25,Chapter 8
019eb11c-410a-7ffb-86e6-a0294c669670,7594900416,Math,Grade 5,Lesson  Assessments,2024-25,Chapter 9
019eb11c-410a-7ffb-86e6-a0294c669670,7594900418,Math,Grade 5,Lesson  Assessments,2024-25,Chapter 11
019eb11c-410a-7ffb-86e6-a0294c669670,7594900419,Math,Grade 5,Assessments,2024-25,Chapter 12
019eb11c-410a-7ffb-86e6-a0294c669670,7594900420,Math,Grade 5,Lesson  Assessments,2024-25,Chapter 13
019eb11c-410a-7ffb-86e6-a0294c669670,7594900423,Math,Grade 5,Lesson  Assessments,2024-25,Chapter 14
019eb11c-410a-7ffb-86e6-a0294c669670,7594900424,Math,Grade 5,Lesson  Assessments,2024-25,Chapter 15
019eb11c-410a-7ffb-86e6-a0294c669670,7594900426,Math,Grade 5,Lesson  Assessments,2024-25,Chapter 16
019eb11c-410a-7ffb-86e6-a0294c669670,7594900427,Math,Grade 5,Lesson  Assessments,2024-25,Chapter 17
019eb11c-410a-7ffb-86e6-a0294c669670,7594900430,Math,Grade 5,Assessments,2024-25,Chapter 18
019eb11c-410a-7ffb-86e6-a0294c669670,7594902370,Math,Grade 5,Lesson  Assessments,2024-25,Chapter 8
019eb11c-410a-7ffb-86e6-a0294c669670,7594902371,Math,Grade 5,Lesson  Assessments,2024-25,Chapter 9
019eb11c-410a-7ffb-86e6-a0294c669670,7594902377,Math,Grade 5,Lesson  Assessments,2024-25,Chapter 12
019eb11c-410a-7ffb-86e6-a0294c669670,7594905336,Math,Grade 4,Lesson  Assessments,2024-25,Chapter 6 Perimeter and Area
019eb11c-410a-7ffb-86e6-a0294c669670,7594905337,Math,Grade 4,Lesson  Assessments,2024-25,"Chapter 7 Factors, Multiples and Number Patterns"
019eb11c-410a-7ffb-86e6-a0294c669670,7594905342,Math,Grade 4,Lesson  Assessments,2024-25,Chapter 8 Equivalent Fractions
019eb11c-410a-7ffb-86e6-a0294c669670,7594905351,Math,Grade 4,Assessments,2024-25,Chapter 10 Add and Subtract Fractions
019eb11c-410a-7ffb-86e6-a0294c669670,7598715892,ELA,Grade 5,Lesson  Assessments,2024-25,M4W2 Vocabulary Quiz
019eb11c-410a-7ffb-86e6-a0294c669670,7599209632,Math,Grade 1,Lesson  Assessments,2024-25,Chapter 7 Review
019eb11c-410a-7ffb-86e6-a0294c669670,7606124717,Algebra,Grade 8,Lesson  Assessments,2024-25,Chapter 4 Test
019eb11c-410a-7ffb-86e6-a0294c669670,7606210127,Science,Grade 2,Unit-Chap  Assessments,2024-25,"Unit 4 Weather- Lesson 1, 2, and 3"
019eb11c-410a-7ffb-86e6-a0294c669670,7607478150,Science,Grade 1,Unit-Chap  Assessments,2024-25,Inherited Traits 'Genius Challenge'
019eb11c-410a-7ffb-86e6-a0294c669670,7607484223,Science,Grade 1,Unit-Chap  Assessments,2024-25,Unit 8 Lesson 1 Quiz
019eb11c-410a-7ffb-86e6-a0294c669670,7608209146,Science,Grade 3,Unit-Chap  Assessments,2024-25,Unit 6 Lesson 1 Quiz- What Are Some Heat Sources?
019eb11c-410a-7ffb-86e6-a0294c669670,7608230744,Math,Grade 3,Lesson  Assessments,2024-25,"HW Ch. 8.3 pgs. 363-364 #1-15 ODD, 19, 21, 23 - 12/4/24"
019eb11c-410a-7ffb-86e6-a0294c669670,7608232113,Math,Grade 3,Lesson  Assessments,2024-25,"HW Ch. 8.9 pgs. 399-400 #1-17 ODD, #21, 23, 25 - 12/5/24"
019eb11c-410a-7ffb-86e6-a0294c669670,7608233480,Math,Grade 3,Lesson  Assessments,2024-25,CW - Ch. 8.4  pg. 367 #6-24 even - 12/4/24
019eb11c-410a-7ffb-86e6-a0294c669670,7612731858,Math,Grade 3,Lesson  Assessments,2024-25,CW - Ch. 8.4  pg. 367 #6-24 even - 12/4/24
019eb11c-410a-7ffb-86e6-a0294c669670,7613262289,ELA,Grade 2,Lesson  Assessments,2024-25,Module 4 Week 2 Vocabulary Quiz
019eb11c-410a-7ffb-86e6-a0294c669670,7613415036,Math,Grade 2,Lesson  Assessments,2024-25,HW 8.6  pgs. 331-332  #1-8 (skip #3)
019eb11c-410a-7ffb-86e6-a0294c669670,7613548473,Math,Grade 1,Lesson  Assessments,2024-25,Chapter 7
019eb11c-410a-7ffb-86e6-a0294c669670,7613548726,Math,Grade 1,Lesson  Assessments,2024-25,Chapter 7
019eb11c-410a-7ffb-86e6-a0294c669670,7613548991,Math,Grade 1,Lesson  Assessments,2024-25,Chapter 7
019eb11c-410a-7ffb-86e6-a0294c669670,7613842590,ELA,Grade 4,Lesson  Assessments,2024-25,12/5 Reading Classwork
019eb11c-410a-7ffb-86e6-a0294c669670,7613842755,Math,Grade 2,Lesson  Assessments,2024-25,HW 8.6  pgs. 331-332  #1-8 (skip #3)
019eb11c-410a-7ffb-86e6-a0294c669670,7614077179,Science,Grade 4,Lesson  Assessments,2024-25,CW: 12/06 Lesson 2 Brain Check
019eb11c-410a-7ffb-86e6-a0294c669670,7615718091,Math,Grade 3,Lesson  Assessments,2024-25,"HW Ch. 8.3 pgs. 363-364 #1-15 ODD, 19, 21, 23 - 12/4/24"
019eb11c-410a-7ffb-86e6-a0294c669670,7615719409,Math,Grade 3,Lesson  Assessments,2024-25,"HW Ch. 8.9 pgs. 399-400 #1-17 ODD, #21, 23, 25 - 12/5/24"
019eb11c-410a-7ffb-86e6-a0294c669670,7615828993,Math,Grade 4,Lesson  Assessments,2024-25,12/04 8.4 Homework
019eb11c-410a-7ffb-86e6-a0294c669670,7615829935,Math,Grade 4,Lesson  Assessments,2024-25,12/05 8.4 Homework
019eb11c-410a-7ffb-86e6-a0294c669670,7615833109,ELA,Grade 4,Lesson  Assessments,2024-25,12/5 Reading Classwork
019eb11c-410a-7ffb-86e6-a0294c669670,7616266129,Algebra,Grade 8,Lesson  Assessments,2024-25,Inherited Traits 'Genius Challenge'
019eb11c-410a-7ffb-86e6-a0294c669670,7616270135,Science,Grade 1,Unit-Chap  Assessments,2024-25,Unit 8 Lesson 1 Quiz
019eb11c-410a-7ffb-86e6-a0294c669670,7617762025,Math,Grade 6,Lesson  Assessments,2024-25,HW 12/3 8.1
019eb11c-410a-7ffb-86e6-a0294c669670,7618090792,Math,Grade 2,Lesson  Assessments,2024-25,CW Chapter 8 double digit subtraction
019eb11c-410a-7ffb-86e6-a0294c669670,7618104257,Math,Grade 2,Lesson  Assessments,2024-25,HW chp 8 review handout
019eb11c-410a-7ffb-86e6-a0294c669670,7618539526,Science,Grade 2,Unit-Chap  Assessments,2024-25,"CW Unit 4 Weather- Lesson 1, 2, and 3"
019eb11c-410a-7ffb-86e6-a0294c669670,7619246559,Math,Grade 4,Lesson  Assessments,2024-25,12/04 8.3 Homework
019eb11c-410a-7ffb-86e6-a0294c669670,7619247715,Math,Grade 4,Lesson  Assessments,2024-25,12/05 8.4 Homework
019eb11c-410a-7ffb-86e6-a0294c669670,7619248537,Math,Grade 4,Lesson  Assessments,2024-25,12/09 8.6 Homework
019eb11c-410a-7ffb-86e6-a0294c669670,7619249711,Math,Grade 4,Lesson  Assessments,2024-25,12/11: Chapter 10 Show What you Know
019eb11c-410a-7ffb-86e6-a0294c669670,7619251873,Science,Grade 4,Lesson  Assessments,2024-25,CW: 12/06 Lesson 2 Brain Check
019eb11c-410a-7ffb-86e6-a0294c669670,7619252507,Science,Grade 4,Lesson  Assessments,2024-25,CW 12/11: Lesson 3 Brain Check
019eb11c-410a-7ffb-86e6-a0294c669670,7619254630,Math,Grade 3,Lesson  Assessments,2024-25,CW - Ch. 8.4  pg. 367 #6-24 even - 12/4/24
019eb11c-410a-7ffb-86e6-a0294c669670,7619260641,Math,Grade 2,Lesson  Assessments,2024-25,CW Chapter 8 double digit subtraction
019eb11c-410a-7ffb-86e6-a0294c669670,7619326000,Science,Grade 3,Unit-Chap  Assessments,2024-25,Unit 6 Lesson 1 Quiz- What Are Some Heat Sources? (12/4/24)
019eb11c-410a-7ffb-86e6-a0294c669670,7619334752,Science,Grade 3,Unit-Chap  Assessments,2024-25,Unit 6 Lesson 1 Quiz- What Are Some Heat Sources? (12/4/24)
019eb11c-410a-7ffb-86e6-a0294c669670,7619335553,Math,Grade 2,Lesson  Assessments,2024-25,HW 8.6  pgs. 331-332  #1-8 (skip #3)
019eb11c-410a-7ffb-86e6-a0294c669670,7619615379,Math,Grade 6,Lesson  Assessments,2024-25,HW 12/4 8.2
019eb11c-410a-7ffb-86e6-a0294c669670,7619625033,Math,Grade 7,Lesson  Assessments,2024-25,HW 12/4 7.2 - 7.3
019eb11c-410a-7ffb-86e6-a0294c669670,7620225345,ELA,Grade 3,Lesson  Assessments,2024-25,M4W2  Vocabulary Quiz
019eb11c-410a-7ffb-86e6-a0294c669670,7620320195,Math,Grade 2,Lesson  Assessments,2024-25,HW chp 8 review handout
019eb11c-410a-7ffb-86e6-a0294c669670,7620348280,Math,Grade 1,Lesson  Assessments,2024-25,Chapter 7 Review
019eb11c-410a-7ffb-86e6-a0294c669670,7620352378,Science,Grade 1,Unit-Chap  Assessments,2024-25,Unit 8 Lesson 1 Quiz
019eb11c-410a-7ffb-86e6-a0294c669670,7620435745,ELA,Grade 2,Lesson  Assessments,2024-25,Module 4 Week 2 Vocabulary Quiz
019eb11c-410a-7ffb-86e6-a0294c669670,7620500348,ELA,Grade 3,Lesson  Assessments,2024-25,M4W2  Vocabulary Quiz
019eb11c-410a-7ffb-86e6-a0294c669670,7620506862,Science,Grade 2,Unit-Chap  Assessments,2024-25,CW: Unit 4 Weather- Lesson 4: Severe Weather
019eb11c-410a-7ffb-86e6-a0294c669670,7620546384,ELA,Grade 3,Lesson  Assessments,2024-25,M4W2  Vocabulary Quiz
019eb11c-410a-7ffb-86e6-a0294c669670,7621172583,Math,Grade 2,Lesson  Assessments,2024-25,CW Chapter 8 double digit subtraction
019eb11c-410a-7ffb-86e6-a0294c669670,7621570215,Math,Grade 2,Lesson  Assessments,2024-25,HW chp 8 review handout
019eb11c-410a-7ffb-86e6-a0294c669670,7622185498,ELA,Grade 5,Lesson  Assessments,2024-25,M4W2 Vocabulary Quiz
019eb11c-410a-7ffb-86e6-a0294c669670,7622533093,ELA,Grade 2,Lesson  Assessments,2024-25,Module 4 Week 2 Vocabulary Quiz
019eb11c-410a-7ffb-86e6-a0294c669670,7622572438,ELA,Grade 3,Lesson  Assessments,2024-25,Classwork Cold Read: Roberto Clemente
019eb11c-410a-7ffb-86e6-a0294c669670,7622593450,Math,Grade 3,Lesson  Assessments,2024-25,"HW  Ch. 8.10 pgs. 405-406  #1-17 odds, #21, 23, 25 - 12/9/24"
019eb11c-410a-7ffb-86e6-a0294c669670,7623185959,Math,Grade 3,Lesson  Assessments,2024-25,"HW  Ch. 8.10 pgs. 405-406  #1-17 odds, #21, 23, 25 - 12/9/24"
019eb11c-410a-7ffb-86e6-a0294c669670,7623192088,ELA,Grade 3,Lesson  Assessments,2024-25,HW-Cold Read- Healthy Eating
019eb11c-410a-7ffb-86e6-a0294c669670,7623203296,ELA,Grade 3,Lesson  Assessments,2024-25,HW-Cold Read-Game On
019eb11c-410a-7ffb-86e6-a0294c669670,7623214656,ELA,Grade 3,Lesson  Assessments,2024-25,Classwork Cold Read: Roberto Clemente
019eb11c-410a-7ffb-86e6-a0294c669670,7623314096,Math,Grade 7,Lesson  Assessments,2024-25,HW 12/6
019eb11c-410a-7ffb-86e6-a0294c669670,7623890633,Math,Grade 3,Lesson  Assessments,2024-25,"HW  Ch. 8.10 pgs. 405-406  #1-17 odds, #21, 23, 25 - 12/9/24"
019eb11c-410a-7ffb-86e6-a0294c669670,7623890689,Math,Grade 3,Lesson  Assessments,2024-25,"HW Ch. 8 Review pgs. 413-417  #1, 2, 4, 5, 9, 10, 11, 12, 13, 17"
019eb11c-410a-7ffb-86e6-a0294c669670,7623891071,ELA,Grade 3,Lesson  Assessments,2024-25,CW-Cold Read: Roberto Clemente
019eb11c-410a-7ffb-86e6-a0294c669670,7624643503,ELA,Grade 4,Lesson  Assessments,2024-25,12/9 Reading Classwork
019eb11c-410a-7ffb-86e6-a0294c669670,7624644120,Math,Grade 4,Lesson  Assessments,2024-25,12/09 8.6 Homework
019eb11c-410a-7ffb-86e6-a0294c669670,7624644556,Math,Grade 4,Lesson  Assessments,2024-25,12/11: Chapter 10 Show What you Know
019eb11c-410a-7ffb-86e6-a0294c669670,7624645716,Science,Grade 4,Lesson  Assessments,2024-25,CW 12/11: Lesson 3 Brain Check
019eb11c-410a-7ffb-86e6-a0294c669670,7625255317,Science,Grade 5,Lesson  Assessments,2024-25,Science CW FSSA book matter #1
019eb11c-410a-7ffb-86e6-a0294c669670,7625334305,Science,Grade 5,Lesson  Assessments,2024-25,Science CW FSSA book matter #1
019eb11c-410a-7ffb-86e6-a0294c669670,7625528258,ELA,Grade 4,Lesson  Assessments,2024-25,12/9 Reading Classwork
019eb11c-410a-7ffb-86e6-a0294c669670,7626081992,Science,Grade 1,Unit-Chap  Assessments,2024-25,Unit 9 Lesson 1 Brain Check
019eb11c-410a-7ffb-86e6-a0294c669670,7626083157,Math,Grade 1,Lesson  Assessments,2024-25,Comparing Numbers Review HW
019eb11c-410a-7ffb-86e6-a0294c669670,7626085761,Algebra,Grade 8,Lesson  Assessments,2024-25,Plant Needs 'Genius Challenge'
019eb11c-410a-7ffb-86e6-a0294c669670,7626088513,Science,Grade 1,Unit-Chap  Assessments,2024-25,Unit 9 Lesson 1 Quiz
019eb11c-410a-7ffb-86e6-a0294c669670,7626416439,Math,Grade 5,Lesson  Assessments,2024-25,HW 12/9 Spiral Review
019eb11c-410a-7ffb-86e6-a0294c669670,7626433775,Math,Grade 5,Lesson  Assessments,2024-25,HW 12/9 Spiral Review
019eb11c-410a-7ffb-86e6-a0294c669670,7626956928,Math,Grade 4,Lesson  Assessments,2024-25,12/16: 9.3 Homework
019eb11c-410a-7ffb-86e6-a0294c669670,7627000905,Math,Grade 1,Lesson  Assessments,2024-25,Comparing Numbers Review HW
019eb11c-410a-7ffb-86e6-a0294c669670,7627001135,Math,Grade 1,Lesson  Assessments,2024-25,Comparing Numbers Review HW
019eb11c-410a-7ffb-86e6-a0294c669670,7627003186,Science,Grade 1,Unit-Chap  Assessments,2024-25,Unit 9 Lesson 1 Brain Check
019eb11c-410a-7ffb-86e6-a0294c669670,7627004387,Science,Grade 1,Unit-Chap  Assessments,2024-25,Unit 9 Lesson 1 Brain Check
019eb11c-410a-7ffb-86e6-a0294c669670,7628056550,Science,Grade 5,Lesson  Assessments,2024-25,science CW FSSA book  matter #2
019eb11c-410a-7ffb-86e6-a0294c669670,7628347421,Math,Grade 5,Lesson  Assessments,2024-25,HW 12/10 Spiral Review
019eb11c-410a-7ffb-86e6-a0294c669670,7628391502,Math,Grade 5,Lesson  Assessments,2024-25,HW 12/10 Spiral Review
019eb11c-410a-7ffb-86e6-a0294c669670,7629339215,Science,Grade 1,Unit-Chap  Assessments,2024-25,Plant Needs 'Genius Challenge'
019eb11c-410a-7ffb-86e6-a0294c669670,7629339742,Science,Grade 1,Unit-Chap  Assessments,2024-25,Plant Needs 'Genius Challenge'
019eb11c-410a-7ffb-86e6-a0294c669670,7629852835,ELA,Grade 4,Lesson  Assessments,2024-25,12/11 ELA Classwork
019eb11c-410a-7ffb-86e6-a0294c669670,7629953167,Math,Grade 5,Lesson  Assessments,2024-25,Math Hw 367-368 odds
019eb11c-410a-7ffb-86e6-a0294c669670,7630568806,Math,Grade 3,Lesson  Assessments,2024-25,"HW Ch. 8 Review pgs. 413-417  #1, 2, 4, 5, 9, 10, 11, 12, 13, 17"
019eb11c-410a-7ffb-86e6-a0294c669670,7630593377,Math,Grade 5,Lesson  Assessments,2024-25,Math Hw 367-368 odds
019eb11c-410a-7ffb-86e6-a0294c669670,7630614956,Science,Grade 1,Unit-Chap  Assessments,2024-25,Unit 9 Lesson 1 Quiz
019eb11c-410a-7ffb-86e6-a0294c669670,7630615206,Science,Grade 1,Unit-Chap  Assessments,2024-25,Unit 9 Lesson 1 Quiz
019eb11c-410a-7ffb-86e6-a0294c669670,7631081618,Math,Grade 4,Lesson  Assessments,2024-25,12/12 9.1 Homework
019eb11c-410a-7ffb-86e6-a0294c669670,7631083592,Math,Grade 4,Lesson  Assessments,2024-25,12/12 CW: Chapter 9 Lesson 1
019eb11c-410a-7ffb-86e6-a0294c669670,7631927148,Math,Grade 4,Lesson  Assessments,2024-25,12/12 9.1 Homework
019eb11c-410a-7ffb-86e6-a0294c669670,7631948787,Math,Grade 3,Lesson  Assessments,2024-25,Chapter 8
019eb11c-410a-7ffb-86e6-a0294c669670,7631965436,Math,Grade 3,Lesson  Assessments,2024-25,Chapter 8
019eb11c-410a-7ffb-86e6-a0294c669670,7632008383,Math,Grade 4,Lesson  Assessments,2024-25,Chapter 9 Comparing Fractions
019eb11c-410a-7ffb-86e6-a0294c669670,7632010643,Math,Grade 4,Lesson  Assessments,2024-25,Chapter 9 Comparing Fractions
019eb11c-410a-7ffb-86e6-a0294c669670,7632020844,Math,Grade 5,Lesson  Assessments,2024-25,Chapter 10
019eb11c-410a-7ffb-86e6-a0294c669670,7632023026,Math,Grade 5,Lesson  Assessments,2024-25,Chapter 10
019eb11c-410a-7ffb-86e6-a0294c669670,7632044427,Math,Grade 6,Lesson  Assessments,2024-25,Module 8 Test
019eb11c-410a-7ffb-86e6-a0294c669670,7632044430,Math,Grade 6,Lesson  Assessments,2024-25,Module 9 Test
019eb11c-410a-7ffb-86e6-a0294c669670,7632051430,Math,Grade 7,Lesson  Assessments,2024-25,Module 7 Test
019eb11c-410a-7ffb-86e6-a0294c669670,7632298083,Math,Grade 5,Lesson  Assessments,2024-25,math ch 10 chapter review 369-374 selected questions
019eb11c-410a-7ffb-86e6-a0294c669670,7632527587,Math,Grade 4,Lesson  Assessments,2024-25,12/12 CW: Chapter 9 Lesson 1
019eb11c-410a-7ffb-86e6-a0294c669670,7634120124,Math,Grade 3,Lesson  Assessments,2024-25,Adding and Subtracting Money - 12/16/24
019eb11c-410a-7ffb-86e6-a0294c669670,7635112506,Science,Grade 1,Unit-Chap  Assessments,2024-25,Unit 9 Lesson 3 Braincheck
019eb11c-410a-7ffb-86e6-a0294c669670,7635112537,Science,Grade 1,Unit-Chap  Assessments,2024-25,Unit 9 Lesson 3 Braincheck
019eb11c-410a-7ffb-86e6-a0294c669670,7635138239,Science,Grade 1,Unit-Chap  Assessments,2024-25,Unit 9 Lesson 3 Braincheck
019eb11c-410a-7ffb-86e6-a0294c669670,7635463244,Math,Grade 3,Lesson  Assessments,2024-25,Adding and Subtracting Money - 12/16/24
019eb11c-410a-7ffb-86e6-a0294c669670,7636719499,Math,Grade 4,Lesson  Assessments,2024-25,12/16: 9.3 Homework
019eb11c-410a-7ffb-86e6-a0294c669670,7637896011,Math,Grade 3,Lesson  Assessments,2024-25,Adding and Subtracting Money - 12/16/24
019eb11c-410a-7ffb-86e6-a0294c669670,7638654235,Science,Grade 1,Unit-Chap  Assessments,2024-25,Unit 9 Lesson 3 Quiz
019eb11c-410a-7ffb-86e6-a0294c669670,7638654239,Science,Grade 1,Unit-Chap  Assessments,2024-25,Unit 9 Lesson 3 Quiz
019eb11c-410a-7ffb-86e6-a0294c669670,7638840268,Science,Grade 1,Unit-Chap  Assessments,2024-25,Unit 9 Lesson 3 Quiz
019eb11c-410a-7ffb-86e6-a0294c669670,7643882891,ELA,Grade 2,Lesson  Assessments,2024-25,Module 4 Week 3 Vocabulary Quiz
019eb11c-410a-7ffb-86e6-a0294c669670,7661450417,Math,Grade 1,Lesson  Assessments,2024-25,Chapter 8
019eb11c-410a-7ffb-86e6-a0294c669670,7661450418,Math,Grade 1,Lesson  Assessments,2024-25,Chapter 9
019eb11c-410a-7ffb-86e6-a0294c669670,7661450419,Math,Grade 1,Lesson  Assessments,2024-25,Chapter 10
019eb11c-410a-7ffb-86e6-a0294c669670,7661450423,Math,Grade 1,Lesson  Assessments,2024-25,Chapter 11
019eb11c-410a-7ffb-86e6-a0294c669670,7661450424,Math,Grade 1,Lesson  Assessments,2024-25,Chapter 12
019eb11c-410a-7ffb-86e6-a0294c669670,7661450425,Math,Grade 1,Lesson  Assessments,2024-25,Chapter 13
019eb11c-410a-7ffb-86e6-a0294c669670,7661450426,Math,Grade 1,Assessments,2024-25,Chapter 14
019eb11c-410a-7ffb-86e6-a0294c669670,7661450427,Math,Grade 1,Assessments,2024-25,Chapter 15
019eb11c-410a-7ffb-86e6-a0294c669670,7661451526,Math,Grade 1,Lesson  Assessments,2024-25,Chapter 8
019eb11c-410a-7ffb-86e6-a0294c669670,7661451529,Math,Grade 1,Assessments,2024-25,Chapter 9
019eb11c-410a-7ffb-86e6-a0294c669670,7661451530,Math,Grade 1,Lesson  Assessments,2024-25,Chapter 10
019eb11c-410a-7ffb-86e6-a0294c669670,7661451531,Math,Grade 1,Lesson  Assessments,2024-25,Chapter 11
019eb11c-410a-7ffb-86e6-a0294c669670,7661451532,Math,Grade 1,Lesson  Assessments,2024-25,Chapter 12
019eb11c-410a-7ffb-86e6-a0294c669670,7661451533,Math,Grade 1,Lesson  Assessments,2024-25,Chapter 13
019eb11c-410a-7ffb-86e6-a0294c669670,7661451535,Math,Grade 1,Assessments,2024-25,Chapter 14
019eb11c-410a-7ffb-86e6-a0294c669670,7661451536,Math,Grade 1,Lesson  Assessments,2024-25,Chapter 15
019eb11c-410a-7ffb-86e6-a0294c669670,7661452054,Math,Grade 1,Lesson  Assessments,2024-25,Chapter 8
019eb11c-410a-7ffb-86e6-a0294c669670,7661452055,Math,Grade 1,Assessments,2024-25,Chapter 9
019eb11c-410a-7ffb-86e6-a0294c669670,7661452056,Math,Grade 1,Lesson  Assessments,2024-25,Chapter 10
019eb11c-410a-7ffb-86e6-a0294c669670,7661452057,Math,Grade 1,Lesson  Assessments,2024-25,Chapter 11
019eb11c-410a-7ffb-86e6-a0294c669670,7661452059,Math,Grade 1,Lesson  Assessments,2024-25,Chapter 12
019eb11c-410a-7ffb-86e6-a0294c669670,7661452060,Math,Grade 1,Lesson  Assessments,2024-25,Chapter 13
019eb11c-410a-7ffb-86e6-a0294c669670,7661452061,Math,Grade 1,Lesson  Assessments,2024-25,Chapter 14
019eb11c-410a-7ffb-86e6-a0294c669670,7661452061,Math,Grade 1,Assessments,2024-25,Chapter 14
019eb11c-410a-7ffb-86e6-a0294c669670,7661452062,Math,Grade 1,Assessments,2024-25,Chapter 15
019eb11c-410a-7ffb-86e6-a0294c669670,7661454577,Math,Grade 2,Assessments,2024-25,Chapter 9
019eb11c-410a-7ffb-86e6-a0294c669670,7661454578,Math,Grade 2,Lesson  Assessments,2024-25,Chapter 10
019eb11c-410a-7ffb-86e6-a0294c669670,7661454920,Math,Grade 2,Assessments,2024-25,Chapter 9
019eb11c-410a-7ffb-86e6-a0294c669670,7661454921,Math,Grade 2,Lesson  Assessments,2024-25,Chapter 10
019eb11c-410a-7ffb-86e6-a0294c669670,7661455143,Math,Grade 2,Lesson  Assessments,2024-25,Chapter 9
019eb11c-410a-7ffb-86e6-a0294c669670,7661455143,Math,Grade 2,Assessments,2024-25,Chapter 9
019eb11c-410a-7ffb-86e6-a0294c669670,7661455144,Math,Grade 2,Lesson  Assessments,2024-25,Chapter 10
019eb11c-410a-7ffb-86e6-a0294c669670,7661455731,Math,Grade K,Lesson  Assessments,2024-25,Chapter 11
019eb11c-410a-7ffb-86e6-a0294c669670,7661455819,Math,Grade K,Lesson  Assessments,2024-25,Chapter 11
019eb11c-410a-7ffb-86e6-a0294c669670,7661455942,Math,Grade K,Lesson  Assessments,2024-25,Chapter 11
019eb11c-410a-7ffb-86e6-a0294c669670,7662225137,ELA,Grade 5,Lesson  Assessments,2024-25,M4W3 vocab quiz
019eb11c-410a-7ffb-86e6-a0294c669670,7663081396,History,Grade 6,Lesson  Assessments,2024-25,Quarter 3 Quiz 1
019eb11c-410a-7ffb-86e6-a0294c669670,7663238512,ELA,Grade 5,Lesson  Assessments,2024-25,M4W3 vocab quiz
019eb11c-410a-7ffb-86e6-a0294c669670,7663638907,ELA,Grade 3,Lesson  Assessments,2024-25,M4W3  Vocabulary Quiz
019eb11c-410a-7ffb-86e6-a0294c669670,7664234044,ELA,Grade 2,Lesson  Assessments,2024-25,Module 4 Week 3 Vocabulary Quiz
019eb11c-410a-7ffb-86e6-a0294c669670,7665732441,Math,Grade 3,Lesson  Assessments,2024-25,Chapter 9
019eb11c-410a-7ffb-86e6-a0294c669670,7665733772,Math,Grade 3,Lesson  Assessments,2024-25,Chapter 9
019eb11c-410a-7ffb-86e6-a0294c669670,7665735952,Math,Grade 3,Lesson  Assessments,2024-25,Chapter 9
019eb11c-410a-7ffb-86e6-a0294c669670,7665756277,Math,Grade 5,Lesson  Assessments,2024-25,Chapter 11
019eb11c-410a-7ffb-86e6-a0294c669670,7669808106,Algebra,Grade 8,Lesson  Assessments,2024-25,Chapter 5 Test
019eb11c-410a-7ffb-86e6-a0294c669670,7676516420,Civics,Grade 8,Lesson  Assessments,2024-25,Quarter 3 Quiz #1
019eb11c-410a-7ffb-86e6-a0294c669670,7676516420,Civics,Grade 8,Assessments,2024-25,Quarter 3 Quiz #1
019eb11c-410a-7ffb-86e6-a0294c669670,7679618307,Science,Grade 1,Assessments,2024-25,Unit 3 Lesson 1 Quiz
019eb11c-410a-7ffb-86e6-a0294c669670,7680381708,ELA,Grade 2,Assessments,2024-25,Module 5 Week 1 Vocabulary Quiz
019eb11c-410a-7ffb-86e6-a0294c669670,7684022828,ELA,Grade 2,Lesson  Assessments,2024-25,"Text Dependent questions Module 5, week 1 ""Going Places"""
019eb11c-410a-7ffb-86e6-a0294c669670,7684825195,ELA,Grade 2,Assessments,2024-25,"Module 5, week 1 ""Going Places"""
019eb11c-410a-7ffb-86e6-a0294c669670,7687592490,ELA,Grade 3,Assessments,2024-25,M5M1Vocabulary Quiz
019eb11c-410a-7ffb-86e6-a0294c669670,7687663888,Math,Grade 2,Assessments,2024-25,Chapter 12
019eb11c-410a-7ffb-86e6-a0294c669670,7687663896,Math,Grade 2,Lesson  Assessments,2024-25,Chapter 13
019eb11c-410a-7ffb-86e6-a0294c669670,7687663909,Math,Grade 2,Lesson  Assessments,2024-25,Chapter 14
019eb11c-410a-7ffb-86e6-a0294c669670,7687663918,Math,Grade 2,Lesson  Assessments,2024-25,Chapter 15
019eb11c-410a-7ffb-86e6-a0294c669670,7687663925,Math,Grade 2,Assessments,2024-25,Chapter 16
019eb11c-410a-7ffb-86e6-a0294c669670,7687678078,Math,Grade 2,Lesson  Assessments,2024-25,Chapter 12
019eb11c-410a-7ffb-86e6-a0294c669670,7687678097,Math,Grade 2,Lesson  Assessments,2024-25,Chapter 13
019eb11c-410a-7ffb-86e6-a0294c669670,7687678114,Math,Grade 2,Lesson  Assessments,2024-25,Chapter 14
019eb11c-410a-7ffb-86e6-a0294c669670,7687678119,Math,Grade 2,Lesson  Assessments,2024-25,Chapter 15
019eb11c-410a-7ffb-86e6-a0294c669670,7687678128,Math,Grade 2,Assessments,2024-25,Chapter 16
019eb11c-410a-7ffb-86e6-a0294c669670,7687689604,Math,Grade 2,Assessments,2024-25,Chapter 12
019eb11c-410a-7ffb-86e6-a0294c669670,7687689609,Math,Grade 2,Lesson  Assessments,2024-25,Chapter 13
019eb11c-410a-7ffb-86e6-a0294c669670,7687689614,Math,Grade 2,Lesson  Assessments,2024-25,Chapter 14
019eb11c-410a-7ffb-86e6-a0294c669670,7687689616,Math,Grade 2,Lesson  Assessments,2024-25,Chapter 15
019eb11c-410a-7ffb-86e6-a0294c669670,7687689622,Math,Grade 2,Assessments,2024-25,Chapter 16
019eb11c-410a-7ffb-86e6-a0294c669670,7687690534,ELA,Grade 2,Assessments,2024-25,Module 5 Week 1 Vocabulary Quiz
019eb11c-410a-7ffb-86e6-a0294c669670,7687708068,Math,Grade 3,Lesson  Assessments,2024-25,Chapter 10
019eb11c-410a-7ffb-86e6-a0294c669670,7687719992,Math,Grade 3,Lesson  Assessments,2024-25,Chapter 10
019eb11c-410a-7ffb-86e6-a0294c669670,7687731470,Math,Grade 5,Lesson  Assessments,2024-25,Chapter 13
019eb11c-410a-7ffb-86e6-a0294c669670,7687741861,Math,Grade K,Lesson  Assessments,2024-25,Chapter 12
019eb11c-410a-7ffb-86e6-a0294c669670,7687741861,Math,Grade K,Assessments,2024-25,Chapter 12
019eb11c-410a-7ffb-86e6-a0294c669670,7687749585,Math,Grade K,Lesson  Assessments,2024-25,Chapter 12
019eb11c-410a-7ffb-86e6-a0294c669670,7687763462,Math,Grade K,Lesson  Assessments,2024-25,Chapter 12
019eb11c-410a-7ffb-86e6-a0294c669670,7687765699,Math,Grade 6,Lesson  Assessments,2024-25,Module 10 Test
019eb11c-410a-7ffb-86e6-a0294c669670,7687967795,ELA,Grade 5,Lesson  Assessments,2024-25,M5W1 Vocab quiz
019eb11c-410a-7ffb-86e6-a0294c669670,7688014588,ELA,Grade 5,Assessments,2024-25,M5W1 Vocab quiz
019eb11c-410a-7ffb-86e6-a0294c669670,7688167176,Civics,Grade 8,Lesson  Assessments,2024-25,Quarter 3 Quiz 2
019eb11c-410a-7ffb-86e6-a0294c669670,7688207641,History,Grade 7,Lesson  Assessments,2024-25,Quarter 3 Quiz 3
019eb11c-410a-7ffb-86e6-a0294c669670,7688267137,History,Grade 6,Lesson  Assessments,2024-25,Quarter 3 Quiz 2
019eb11c-410a-7ffb-86e6-a0294c669670,7688416594,ELA,Grade 3,Assessments,2024-25,M5M1Vocabulary Quiz
019eb11c-410a-7ffb-86e6-a0294c669670,7688548295,ELA,Grade 2,Assessments,2024-25,Module 5 Week 1 Vocabulary Quiz
019eb11c-410a-7ffb-86e6-a0294c669670,7688550954,Science,Grade 1,Assessments,2024-25,Unit 3 Lesson 1 Quiz
019eb11c-410a-7ffb-86e6-a0294c669670,7688854507,Science,Grade 1,Assessments,2024-25,Unit 3 Lesson 1 Quiz
019eb11c-410a-7ffb-86e6-a0294c669670,7689301066,ELA,Grade 3,Lesson  Assessments,2024-25,M5M1Vocabulary Quiz
019eb11c-410a-7ffb-86e6-a0294c669670,7696812668,Science,Grade 1,Lesson  Assessments,2024-25,Unit 3 Lesson 3 Quiz
019eb11c-410a-7ffb-86e6-a0294c669670,7699016219,ELA,Grade 1,Lesson  Assessments,2024-25,5.2 Spelling Test
019eb11c-410a-7ffb-86e6-a0294c669670,7699024272,ELA,Grade 1,Lesson  Assessments,2024-25,5.2 Spelling Test
019eb11c-410a-7ffb-86e6-a0294c669670,7699040156,ELA,Grade 1,Lesson  Assessments,2024-25,5.2 Spelling Test
019eb11c-410a-7ffb-86e6-a0294c669670,7700671601,ELA,Grade 2,Lesson  Assessments,2024-25,Module 5 Week 2 Vocabulary Quiz
019eb11c-410a-7ffb-86e6-a0294c669670,7700955268,ELA,Grade 5,Lesson  Assessments,2024-25,M5W2 vocab quiz
019eb11c-410a-7ffb-86e6-a0294c669670,7700974490,ELA,Grade 5,Lesson  Assessments,2024-25,M5W2 vocab quiz
019eb11c-410a-7ffb-86e6-a0294c669670,7700976328,History,Grade 6,Lesson  Assessments,2024-25,Quarter 3 Quiz 2
019eb11c-410a-7ffb-86e6-a0294c669670,7701167366,ELA,Grade 3,Lesson  Assessments,2024-25,M5W2 Vocabulary Quiz
019eb11c-410a-7ffb-86e6-a0294c669670,7701480595,Science,Grade 1,Lesson  Assessments,2024-25,Unit 3 Lesson 3 Quiz
019eb11c-410a-7ffb-86e6-a0294c669670,7701493741,Science,Grade 1,Lesson  Assessments,2024-25,Unit 3 Lesson 3 Quiz
019eb11c-410a-7ffb-86e6-a0294c669670,7702499216,Math,Grade 3,Lesson  Assessments,2024-25,Chapter 12
019eb11c-410a-7ffb-86e6-a0294c669670,7702499237,Math,Grade 3,Lesson  Assessments,2024-25,Chapter 13
019eb11c-410a-7ffb-86e6-a0294c669670,7702499243,Math,Grade 3,Lesson  Assessments,2024-25,Chapter 14
019eb11c-410a-7ffb-86e6-a0294c669670,7702499250,Math,Grade 3,Lesson  Assessments,2024-25,Chapter 15
019eb11c-410a-7ffb-86e6-a0294c669670,7702499251,Math,Grade 3,Assessments,2024-25,Chapter 16
019eb11c-410a-7ffb-86e6-a0294c669670,7702517984,Math,Grade 3,Assessments,2024-25,Chapter 16
019eb11c-410a-7ffb-86e6-a0294c669670,7702535718,Math,Grade 3,Lesson  Assessments,2024-25,Chapter 12
019eb11c-410a-7ffb-86e6-a0294c669670,7702535720,Math,Grade 3,Lesson  Assessments,2024-25,Chapter 13
019eb11c-410a-7ffb-86e6-a0294c669670,7702535721,Math,Grade 3,Lesson  Assessments,2024-25,Chapter 14
019eb11c-410a-7ffb-86e6-a0294c669670,7702535723,Math,Grade 3,Assessments,2024-25,Chapter 15
019eb11c-410a-7ffb-86e6-a0294c669670,7702535724,Math,Grade 3,Assessments,2024-25,Chapter 16
019eb11c-410a-7ffb-86e6-a0294c669670,7702547846,Math,Grade 4,Lesson  Assessments,2024-25,Chapter 11 Multiply Fractions and a Whole Number
019eb11c-410a-7ffb-86e6-a0294c669670,7702547847,Math,Grade 4,Lesson  Assessments,2024-25,Chapter 12 Related Fractions and Decimals
019eb11c-410a-7ffb-86e6-a0294c669670,7702547848,Math,Grade 4,Lesson  Assessments,2024-25,Chapter 13 Adding and Subtracting Decimals
019eb11c-410a-7ffb-86e6-a0294c669670,7702547850,Math,Grade 4,Lesson  Assessments,2024-25,Chapter 14 Measure Angles
019eb11c-410a-7ffb-86e6-a0294c669670,7702547852,Math,Grade 4,Assessments,2024-25,Chapter 15 Measurements
019eb11c-410a-7ffb-86e6-a0294c669670,7702550056,Math,Grade 4,Lesson  Assessments,2024-25,Chapter 11 Multiply Fractions and a Whole Number
019eb11c-410a-7ffb-86e6-a0294c669670,7702550064,Math,Grade 4,Lesson  Assessments,2024-25,Chapter 12 Related Fractions and Decimals
019eb11c-410a-7ffb-86e6-a0294c669670,7702550070,Math,Grade 4,Lesson  Assessments,2024-25,Chapter 13 Adding and Subtracting Decimals
019eb11c-410a-7ffb-86e6-a0294c669670,7702550073,Math,Grade 4,Lesson  Assessments,2024-25,Chapter 14 Measure Angles
019eb11c-410a-7ffb-86e6-a0294c669670,7702550074,Math,Grade 4,Assessments,2024-25,Chapter 15 Measurements
019eb11c-410a-7ffb-86e6-a0294c669670,7702555923,Math,Grade 5,Lesson  Assessments,2024-25,Chapter 14
019eb11c-410a-7ffb-86e6-a0294c669670,7702555925,Math,Grade 5,Lesson  Assessments,2024-25,Chapter 15
019eb11c-410a-7ffb-86e6-a0294c669670,7702555927,Math,Grade 5,Lesson  Assessments,2024-25,Chapter 16
019eb11c-410a-7ffb-86e6-a0294c669670,7702555932,Math,Grade 5,Lesson  Assessments,2024-25,Chapter 17
019eb11c-410a-7ffb-86e6-a0294c669670,7702555934,Math,Grade 5,Assessments,2024-25,Chapter 18
019eb11c-410a-7ffb-86e6-a0294c669670,7702559161,Math,Grade K,Lesson  Assessments,2024-25,Chapter 14
019eb11c-410a-7ffb-86e6-a0294c669670,7702559162,Math,Grade K,Lesson  Assessments,2024-25,Chapter 15
019eb11c-410a-7ffb-86e6-a0294c669670,7702559165,Math,Grade K,Lesson  Assessments,2024-25,Chapter 16
019eb11c-410a-7ffb-86e6-a0294c669670,7702559175,Math,Grade K,Lesson  Assessments,2024-25,Chapter 17
019eb11c-410a-7ffb-86e6-a0294c669670,7702559183,Math,Grade K,Assessments,2024-25,Chapter 18
019eb11c-410a-7ffb-86e6-a0294c669670,7702559192,Math,Grade K,Assessments,2024-25,Chapter 19
019eb11c-410a-7ffb-86e6-a0294c669670,7702561235,Math,Grade K,Lesson  Assessments,2024-25,Chapter 14
019eb11c-410a-7ffb-86e6-a0294c669670,7702561236,Math,Grade K,Lesson  Assessments,2024-25,Chapter 15
019eb11c-410a-7ffb-86e6-a0294c669670,7702561237,Math,Grade K,Lesson  Assessments,2024-25,Chapter 16
019eb11c-410a-7ffb-86e6-a0294c669670,7702561238,Math,Grade K,Lesson  Assessments,2024-25,Chapter 17
019eb11c-410a-7ffb-86e6-a0294c669670,7702561239,Math,Grade K,Assessments,2024-25,Chapter 18
019eb11c-410a-7ffb-86e6-a0294c669670,7702561241,Math,Grade K,Lesson  Assessments,2024-25,Chapter 19
019eb11c-410a-7ffb-86e6-a0294c669670,7702564752,Math,Grade 6,Lesson  Assessments,2024-25,Module 11 Test
019eb11c-410a-7ffb-86e6-a0294c669670,7702564757,Math,Grade 6,Lesson  Assessments,2024-25,Module 12 Test
019eb11c-410a-7ffb-86e6-a0294c669670,7702564759,Math,Grade 6,Assessments,2024-25,Module 13 Test
019eb11c-410a-7ffb-86e6-a0294c669670,7702567069,Math,Grade 7,Lesson  Assessments,2024-25,Module 9 Test
019eb11c-410a-7ffb-86e6-a0294c669670,7702567070,Math,Grade 7,Lesson  Assessments,2024-25,Module 10 Test
019eb11c-410a-7ffb-86e6-a0294c669670,7702567071,Math,Grade 7,Lesson  Assessments,2024-25,Module 11 Test
019eb11c-410a-7ffb-86e6-a0294c669670,7702567077,Math,Grade 7,Assessments,2024-25,Module 12 Test
019eb11c-410a-7ffb-86e6-a0294c669670,7703356116,ELA,Grade 2,Lesson  Assessments,2024-25,Module 5 Week 3 Vocabulary Quiz
019eb11c-410a-7ffb-86e6-a0294c669670,7703488371,Science,Grade 1,Lesson  Assessments,2024-25,Unit 3 Lesson 4 Quiz
019eb11c-410a-7ffb-86e6-a0294c669670,7704744871,Science,Grade 1,Lesson  Assessments,2024-25,Unit 3 Lesson 4 Quiz
019eb11c-410a-7ffb-86e6-a0294c669670,7708642601,Algebra,Grade 8,Lesson  Assessments,2024-25,Chapter 6 Test
019eb11c-410a-7ffb-86e6-a0294c669670,7711313738,ELA,Grade 5,Lesson  Assessments,2024-25,Vocab Quiz M5W3
019eb11c-410a-7ffb-86e6-a0294c669670,7711484463,ELA,Grade 5,Lesson  Assessments,2024-25,Vocab Quiz M5W3
019eb11c-410a-7ffb-86e6-a0294c669670,7712036607,ELA,Grade 3,Lesson  Assessments,2024-25,M5W3 Vocabulary Quiz
019eb11c-410a-7ffb-86e6-a0294c669670,7712379157,ELA,Grade 2,Lesson  Assessments,2024-25,Module 5 Week 3 Vocabulary Quiz
019eb11c-410a-7ffb-86e6-a0294c669670,7722437439,Civics,Grade 8,Lesson  Assessments,2024-25,Quarter 3 Quiz 3
019eb11c-410a-7ffb-86e6-a0294c669670,7722457831,History,Grade 7,Lesson  Assessments,2024-25,Quarter 3 Quiz 3
019eb11c-410a-7ffb-86e6-a0294c669670,7722564422,Algebra,Grade 8,Lesson  Assessments,2024-25,Chapter 7 Quiz 7.1-7.2
019eb11c-410a-7ffb-86e6-a0294c669670,7723883476,Science,Grade 1,Lesson  Assessments,2024-25,Unit 6 Lesson 1 Quiz
019eb11c-410a-7ffb-86e6-a0294c669670,7728834109,Science,Grade 1,Lesson  Assessments,2024-25,Unit 6 Lesson 1 Quiz
019eb11c-410a-7ffb-86e6-a0294c669670,7728835201,ELA,Grade 1,Lesson  Assessments,2024-25,6.1 Phonics Review
019eb11c-410a-7ffb-86e6-a0294c669670,7728835271,ELA,Grade 1,Lesson  Assessments,2024-25,6.1 Phonics Review
019eb11c-410a-7ffb-86e6-a0294c669670,7728836817,ELA,Grade 1,Lesson  Assessments,2024-25,6.1 Phonics Review
019eb11c-410a-7ffb-86e6-a0294c669670,7730170514,ELA,Grade 3,Lesson  Assessments,2024-25,M6W1 Vocabulary Quiz
019eb11c-410a-7ffb-86e6-a0294c669670,7730571088,ELA,Grade 5,Lesson  Assessments,2024-25,M6W1 vocab quiz
019eb11c-410a-7ffb-86e6-a0294c669670,7730573420,ELA,Grade 5,Lesson  Assessments,2024-25,M6W1 vocab quiz
019eb11c-410a-7ffb-86e6-a0294c669670,7730653296,Science,Grade 1,Lesson  Assessments,2024-25,Unit 6 Lesson 1 Quiz
019eb11c-410a-7ffb-86e6-a0294c669670,7730750812,ELA,Grade 2,Lesson  Assessments,2024-25,Module 6 Week 1 Vocabulary Quiz
019eb11c-410a-7ffb-86e6-a0294c669670,7730951517,ELA,Grade 2,Lesson  Assessments,2024-25,Module 6 Week 1 Vocabulary Quiz
019eb11c-410a-7ffb-86e6-a0294c669670,7732312078,Science,Grade 1,Lesson  Assessments,2024-25,Unit 6 Lesson 3 Quiz
019eb11c-410a-7ffb-86e6-a0294c669670,7732419944,ELA,Grade 3,Lesson  Assessments,2024-25,M6W2 Vocabulary Quiz
019eb11c-410a-7ffb-86e6-a0294c669670,7732615819,ELA,Grade 2,Lesson  Assessments,2024-25,Module 6 Week 2 Vocabulary Quiz
019eb11c-410a-7ffb-86e6-a0294c669670,7734557500,Science,Grade 1,Lesson  Assessments,2024-25,Unit 6 Lesson 3 Quiz
019eb11c-410a-7ffb-86e6-a0294c669670,7740038195,Science,Grade 1,Lesson  Assessments,2024-25,Unit 6 Lesson 3 Quiz
019eb11c-410a-7ffb-86e6-a0294c669670,7740778505,ELA,Grade 5,Lesson  Assessments,2024-25,M6w2 vocab quiz
019eb11c-410a-7ffb-86e6-a0294c669670,7740780442,ELA,Grade 5,Lesson  Assessments,2024-25,M6w2 vocab quiz
019eb11c-410a-7ffb-86e6-a0294c669670,7741094732,History,Grade 7,Lesson  Assessments,2024-25,Quarter 3 Quiz 5
019eb11c-410a-7ffb-86e6-a0294c669670,7741165556,ELA,Grade 2,Lesson  Assessments,2024-25,Module 6 Week 2 Vocabulary Quiz
019eb11c-410a-7ffb-86e6-a0294c669670,7747912472,Algebra,Grade 8,Lesson  Assessments,2024-25,Chapter 7 Test
019eb11c-410a-7ffb-86e6-a0294c669670,7750464573,Math,Grade 7,Lesson  Assessments,2024-25,3/6 POP Quiz Module 11
019eb11c-410a-7ffb-86e6-a0294c669670,7750764297,Science,Grade 1,Lesson  Assessments,2024-25,Unit 4 Lesson 1 Quiz
019eb11c-410a-7ffb-86e6-a0294c669670,7754920337,Science,Grade 1,Lesson  Assessments,2024-25,Unit 4 Lesson 1 Quiz
019eb11c-410a-7ffb-86e6-a0294c669670,7758838392,Science,Grade 1,Lesson  Assessments,2024-25,Unit 4 Lesson 1 Quiz
019eb11c-410a-7ffb-86e6-a0294c669670,7768876930,Science,Grade 1,Assessments,2024-25,Unit 4 Lesson 3 Quiz
019eb11c-410a-7ffb-86e6-a0294c669670,7774723851,Science,Grade 1,Assessments,2024-25,Unit 4 Lesson 4 Quiz
019eb11c-410a-7ffb-86e6-a0294c669670,7776099902,Science,Grade 1,Assessments,2024-25,Unit 4 Lesson 3 Quiz
019eb11c-410a-7ffb-86e6-a0294c669670,7779651289,ELA,Grade 2,Assessments,2024-25,Module 7 Week 1 Vocabulary Quiz
019eb11c-410a-7ffb-86e6-a0294c669670,7779930840,ELA,Grade 5,Assessments,2024-25,M7W1 vocab quiz
019eb11c-410a-7ffb-86e6-a0294c669670,7779964861,ELA,Grade 5,Assessments,2024-25,M7W1 vocab quiz
019eb11c-410a-7ffb-86e6-a0294c669670,7779974419,Science,Grade 1,Assessments,2024-25,Unit 4 Lesson 3 Quiz
019eb11c-410a-7ffb-86e6-a0294c669670,7780012616,Civics,Grade 8,Assessments,2024-25,Civics Quarter 4 Quiz 1
019eb11c-410a-7ffb-86e6-a0294c669670,7780024165,ELA,Grade 2,Assessments,2024-25,Module 7 Week 1 Vocabulary Quiz
019eb11c-410a-7ffb-86e6-a0294c669670,7780027189,History,Grade 7,Assessments,2024-25,Quarter 4 Quiz #1
019eb11c-410a-7ffb-86e6-a0294c669670,7780048916,ELA,Grade 3,Assessments,2024-25,M7W1 Vocabulary Quiz
019eb11c-410a-7ffb-86e6-a0294c669670,7780051007,History,Grade 6,Assessments,2024-25,World History Quiz #1
019eb11c-410a-7ffb-86e6-a0294c669670,7780129205,ELA,Grade 3,Assessments,2024-25,M7W1 Vocabulary Quiz
019eb11c-410a-7ffb-86e6-a0294c669670,7782909211,Science,Grade 1,Assessments,2024-25,Unit 4 Lesson 4 Quiz
019eb11c-410a-7ffb-86e6-a0294c669670,7787619325,Science,Grade 1,Assessments,2024-25,Unit 4 Lesson 4 Quiz
019eb11c-410a-7ffb-86e6-a0294c669670,7787916956,ELA,Grade 2,Assessments,2024-25,Module 7 Week 2 Vocabulary Quiz
019eb11c-410a-7ffb-86e6-a0294c669670,7787922452,ELA,Grade 2,Lesson  Assessments,2024-25,Module 7 Week 2 Vocabulary Quiz
019eb11c-410a-7ffb-86e6-a0294c669670,7789244025,History,Grade 7,Assessments,2024-25,Quarter 4 Quiz 2
019eb11c-410a-7ffb-86e6-a0294c669670,7789244025,History,Grade 7,Lesson  Assessments,2024-25,Quarter 4 Quiz 2
019eb11c-410a-7ffb-86e6-a0294c669670,7789257999,ELA,Grade 5,Assessments,2024-25,M7W2 vocab quiz
019eb11c-410a-7ffb-86e6-a0294c669670,7789275406,ELA,Grade 5,Lesson  Assessments,2024-25,M7W2 vocab quiz
019eb11c-410a-7ffb-86e6-a0294c669670,7789287431,ELA,Grade 3,Lesson  Assessments,2024-25,M7W2 Vocabulary Quiz
019eb11c-410a-7ffb-86e6-a0294c669670,7789295582,ELA,Grade 1,Lesson  Assessments,2024-25,The Big Outdoors: Weekly Assessment: Week 2
019eb11c-410a-7ffb-86e6-a0294c669670,7789311174,ELA,Grade 1,Assessments,2024-25,The Big Outdoors: Weekly Assessment: Week 2
019eb11c-410a-7ffb-86e6-a0294c669670,7789322750,ELA,Grade 1,Assessments,2024-25,The Big Outdoors: Weekly Assessment: Week 2
019eb11c-410a-7ffb-86e6-a0294c669670,7789328061,Civics,Grade 8,Assessments,2024-25,Civics Quarter 4 Quiz #2
019eb11c-410a-7ffb-86e6-a0294c669670,7789344259,ELA,Grade 4,Assessments,2024-25,Tricksters and Tall Tales: Weekly Assessment: Week 2
019eb11c-410a-7ffb-86e6-a0294c669670,7789352689,ELA,Grade 4,Lesson  Assessments,2024-25,Tricksters and Tall Tales: Weekly Assessment: Week 2
019eb11c-410a-7ffb-86e6-a0294c669670,7789365059,ELA,Grade 5,Assessments,2024-25,"Above, Below, and Beyond: Weekly Assessment: Week 2"
019eb11c-410a-7ffb-86e6-a0294c669670,7789366219,History,Grade 6,Lesson  Assessments,2024-25,World History Quiz 2
019eb11c-410a-7ffb-86e6-a0294c669670,7789371643,ELA,Grade 5,Lesson  Assessments,2024-25,"Above, Below, and Beyond: Weekly Assessment: Week 2"
019eb11c-410a-7ffb-86e6-a0294c669670,7789379123,ELA,Grade K,Lesson  Assessments,2024-25,Home of the Free and the Brave: Weekly Assessment: Week 3
019eb11c-410a-7ffb-86e6-a0294c669670,7789392348,ELA,Grade K,Assessments,2024-25,Home of the Free and the Brave: Weekly Assessment: Week 2
019eb11c-410a-7ffb-86e6-a0294c669670,7789394548,ELA,Grade 3,Lesson  Assessments,2024-25,M7W2 Vocabulary Quiz
019eb11c-410a-7ffb-86e6-a0294c669670,7789397596,ELA,Grade K,Assessments,2024-25,Home of the Free and the Brave: Weekly Assessment: Week 2
019eb11c-410a-7ffb-86e6-a0294c669670,7789640645,Math,Grade 4,Lesson  Assessments,2024-25,Chapter 16 Temperature and Time
019eb11c-410a-7ffb-86e6-a0294c669670,7789645215,Math,Grade 4,Assessments,2024-25,Chapter 16 Temperature and Time
019eb11c-410a-7ffb-86e6-a0294c669670,7791596780,Social Studies,Grade 3,Lesson  Assessments,2024-25,Continents and Oceans Quiz
019eb11c-410a-7ffb-86e6-a0294c669670,7792092554,ELA,Grade 3,Lesson  Assessments,2024-25,M7W3 Vocabulary Quiz
019eb11c-410a-7ffb-86e6-a0294c669670,7793584301,Math,Grade 1,Lesson  Assessments,2024-25,Chapter 16
019eb11c-410a-7ffb-86e6-a0294c669670,7793620187,Math,Grade 1,Lesson  Assessments,2024-25,Chapter 16
019eb11c-410a-7ffb-86e6-a0294c669670,7793627838,Math,Grade 1,Lesson  Assessments,2024-25,Chapter 16
019eb11c-410a-7ffb-86e6-a0294c669670,7793663109,Math,Grade 2,Lesson  Assessments,2024-25,Chapter 17
019eb11c-410a-7ffb-86e6-a0294c669670,7793675794,Math,Grade 2,Lesson  Assessments,2024-25,Chapter 17
019eb11c-410a-7ffb-86e6-a0294c669670,7793686801,Math,Grade 2,Lesson  Assessments,2024-25,Chapter 17
019eb11c-410a-7ffb-86e6-a0294c669670,7793719968,Math,Grade 3,Lesson  Assessments,2024-25,Chapter 17
019eb11c-410a-7ffb-86e6-a0294c669670,7793719992,Math,Grade 3,Lesson  Assessments,2024-25,Chapter 18
019eb11c-410a-7ffb-86e6-a0294c669670,7793759158,Math,Grade 3,Lesson  Assessments,2024-25,Chapter 18
019eb11c-410a-7ffb-86e6-a0294c669670,7793805439,Math,Grade 3,Lesson  Assessments,2024-25,Chapter 17
019eb11c-410a-7ffb-86e6-a0294c669670,7793805456,Math,Grade 3,Lesson  Assessments,2024-25,Chapter 18
019eb11c-410a-7ffb-86e6-a0294c669670,7793815779,Math,Grade 4,Lesson  Assessments,2024-25,Chapter 17 Represent and Interpret Data
019eb11c-410a-7ffb-86e6-a0294c669670,7793824613,Math,Grade 4,Lesson  Assessments,2024-25,Chapter 17 Represent and Interpret Data
019eb11c-410a-7ffb-86e6-a0294c669670,7795191597,Math,Grade 3,Lesson  Assessments,2024-25,Chapter 17
019eb11c-410a-7ffb-86e6-a0294c669670,7796964713,ELA,Grade 1,Lesson  Assessments,2024-25,The Big Outdoors: Weekly Assessment: Week 3
019eb11c-410a-7ffb-86e6-a0294c669670,7796964767,ELA,Grade 1,Lesson  Assessments,2024-25,Module Assessment: The Big Outdoors
019eb11c-410a-7ffb-86e6-a0294c669670,7796978926,ELA,Grade 1,Lesson  Assessments,2024-25,The Big Outdoors: Weekly Assessment: Week 3
019eb11c-410a-7ffb-86e6-a0294c669670,7796978953,ELA,Grade 1,Lesson  Assessments,2024-25,Module Assessment: The Big Outdoors
019eb11c-410a-7ffb-86e6-a0294c669670,7796985777,ELA,Grade 1,Lesson  Assessments,2024-25,The Big Outdoors: Weekly Assessment: Week 3
019eb11c-410a-7ffb-86e6-a0294c669670,7796985804,ELA,Grade 1,Lesson  Assessments,2024-25,Module Assessment: The Big Outdoors
019eb11c-410a-7ffb-86e6-a0294c669670,7797124701,ELA,Grade 6,Lesson  Assessments,2024-25,Animal Wisdom / The Last Wolf Selection Test
019eb11c-410a-7ffb-86e6-a0294c669670,7797124721,ELA,Grade 6,Lesson  Assessments,2024-25,Wild Animals Aren?t Pets / Let People Own Exotic Animals Selection Test
019eb11c-410a-7ffb-86e6-a0294c669670,7797124730,ELA,Grade 6,Lesson  Assessments,2024-25,Through an Animal?s Eyes Unit Test
019eb11c-410a-7ffb-86e6-a0294c669670,7797146354,ELA,Grade 7,Lesson  Assessments,2024-25,Ode to enchanted light / Sleeping in the Forest Selection Test
019eb11c-410a-7ffb-86e6-a0294c669670,7797146578,ELA,Grade 7,Lesson  Assessments,2024-25,from Trash Talk / You're Part of the Solution Selection Test
019eb11c-410a-7ffb-86e6-a0294c669670,7797146594,ELA,Grade 7,Lesson  Assessments,2024-25,Inspired by Nature Unit Test
019eb11c-410a-7ffb-86e6-a0294c669670,7797146594,ELA,Grade 7,Lesson Assessments,2024-25,Inspired by Nature Unit Test
019eb11c-410a-7ffb-86e6-a0294c669670,7797157446,ELA,Grade 8,Lesson  Assessments,2024-25,The Fight for Freedom Unit Test
019eb11c-410a-7ffb-86e6-a0294c669670,7797165105,Science,Grade 6,Lesson  Assessments,2024-25,Unit 7 Benchmark Test: Human Body Systems
019eb11c-410a-7ffb-86e6-a0294c669670,7797165146,Science,Grade 6,Lesson  Assessments,2024-25,"Unit 8 Benchmark Test: Immunity, Disease, and Disorders"
019eb11c-410a-7ffb-86e6-a0294c669670,7797185559,Science,Grade 7,Lesson  Assessments,2024-25,Unit 8 Benchmark Test: Reproduction and Heredity
019eb11c-410a-7ffb-86e6-a0294c669670,7797185581,Science,Grade 7,Lesson  Assessments,2024-25,Unit 9 Benchmark Test: DNA and Modern Genetics
019eb11c-410a-7ffb-86e6-a0294c669670,7797185598,Science,Grade 7,Lesson  Assessments,2024-25,Unit 10 Benchmark Test: Ecology
019eb11c-410a-7ffb-86e6-a0294c669670,7797819995,Math,Grade K,Lesson  Assessments,2024-25,Chapter 20
019eb11c-410a-7ffb-86e6-a0294c669670,7797821215,Math,Grade K,Lesson  Assessments,2024-25,Chapter 20
019eb11c-410a-7ffb-86e6-a0294c669670,7797822354,Math,Grade K,Lesson  Assessments,2024-25,Chapter 20
019eb11c-410a-7ffb-86e6-a0294c669670,7797823622,Math,Grade 6,Lesson  Assessments,2024-25,Module 14 Test
019eb11c-410a-7ffb-86e6-a0294c669670,7797823628,Math,Grade 6,Lesson  Assessments,2024-25,Module 15 Test
019eb11c-410a-7ffb-86e6-a0294c669670,7799429096,ELA,Grade 2,Lesson  Assessments,2024-25,Everyone Has a Story: Weekly Assessment: Week 3
019eb11c-410a-7ffb-86e6-a0294c669670,7799429097,ELA,Grade 2,Lesson  Assessments,2024-25,Module Assessment: Everyone Has a Story
019eb11c-410a-7ffb-86e6-a0294c669670,7799429732,ELA,Grade 2,Lesson  Assessments,2024-25,Everyone Has a Story: Weekly Assessment: Week 3
019eb11c-410a-7ffb-86e6-a0294c669670,7799429734,ELA,Grade 2,Lesson  Assessments,2024-25,Module Assessment: Everyone Has a Story
019eb11c-410a-7ffb-86e6-a0294c669670,7799430645,ELA,Grade 2,Lesson  Assessments,2024-25,Everyone Has a Story: Weekly Assessment: Week 3
019eb11c-410a-7ffb-86e6-a0294c669670,7799430649,ELA,Grade 2,Lesson  Assessments,2024-25,Module Assessment: Everyone Has a Story
019eb11c-410a-7ffb-86e6-a0294c669670,7799432444,ELA,Grade 3,Lesson  Assessments,2024-25,Make a Difference: Weekly Assessment: Week 3
019eb11c-410a-7ffb-86e6-a0294c669670,7799432447,ELA,Grade 3,Lesson  Assessments,2024-25,Module Assessment: Make a Difference
019eb11c-410a-7ffb-86e6-a0294c669670,7799436623,ELA,Grade 3,Lesson  Assessments,2024-25,Make a Difference: Weekly Assessment: Week 3
019eb11c-410a-7ffb-86e6-a0294c669670,7799436625,ELA,Grade 3,Lesson  Assessments,2024-25,Module Assessment: Make a Difference
019eb11c-410a-7ffb-86e6-a0294c669670,7799437668,ELA,Grade 4,Lesson  Assessments,2024-25,Tricksters and Tall Tales: Weekly Assessment: Week 3
019eb11c-410a-7ffb-86e6-a0294c669670,7799437670,ELA,Grade 4,Lesson  Assessments,2024-25,Module Assessment: Tricksters and Tall Tales
019eb11c-410a-7ffb-86e6-a0294c669670,7799437992,ELA,Grade 4,Lesson  Assessments,2024-25,Tricksters and Tall Tales: Weekly Assessment: Week 3
019eb11c-410a-7ffb-86e6-a0294c669670,7799437998,ELA,Grade 4,Lesson  Assessments,2024-25,Module Assessment: Tricksters and Tall Tales
019eb11c-410a-7ffb-86e6-a0294c669670,7799439831,ELA,Grade 5,Lesson  Assessments,2024-25,"Above, Below, and Beyond: Weekly Assessment: Week 3"
019eb11c-410a-7ffb-86e6-a0294c669670,7799439835,ELA,Grade 5,Lesson  Assessments,2024-25,"Module Assessment: Above, Below, and Beyond"
019eb11c-410a-7ffb-86e6-a0294c669670,7799440426,ELA,Grade 5,Lesson  Assessments,2024-25,"Above, Below, and Beyond: Weekly Assessment: Week 3"
019eb11c-410a-7ffb-86e6-a0294c669670,7799440429,ELA,Grade 5,Lesson  Assessments,2024-25,"Module Assessment: Above, Below, and Beyond"
019eb11c-410a-7ffb-86e6-a0294c669670,7799442022,ELA,Grade K,Lesson  Assessments,2024-25,Module Assessment: Home of the Free and the Brave
019eb11c-410a-7ffb-86e6-a0294c669670,7799443738,ELA,Grade K,Lesson  Assessments,2024-25,Module Assessment: Home of the Free and the Brave
019eb11c-410a-7ffb-86e6-a0294c669670,7799445626,ELA,Grade K,Lesson  Assessments,2024-25,Module Assessment: Home of the Free and the Brave
019eb11c-410a-7ffb-86e6-a0294c669670,7799449442,Science,Grade 2,Lesson  Assessments,2024-25,Unit 10 Benchmark Test: Life Cycles
019eb11c-410a-7ffb-86e6-a0294c669670,7799449443,Science,Grade 2,Lesson  Assessments,2024-25,Unit 11 Benchmark Test: Basic Needs and Environments
019eb11c-410a-7ffb-86e6-a0294c669670,7799449549,Science,Grade 2,Lesson  Assessments,2024-25,Unit 10 Benchmark Test: Life Cycles
019eb11c-410a-7ffb-86e6-a0294c669670,7799449550,Science,Grade 2,Lesson  Assessments,2024-25,Unit 11 Benchmark Test: Basic Needs and Environments
019eb11c-410a-7ffb-86e6-a0294c669670,7799450518,Science,Grade 2,Lesson  Assessments,2024-25,Unit 10 Benchmark Test: Life Cycles
019eb11c-410a-7ffb-86e6-a0294c669670,7799450521,Science,Grade 2,Lesson  Assessments,2024-25,Unit 11 Benchmark Test: Basic Needs and Environments
019eb11c-410a-7ffb-86e6-a0294c669670,7799452545,Science,Grade 4,Lesson  Assessments,2024-25,Unit 10 Benchmark Test: Life Cycles and Growth
019eb11c-410a-7ffb-86e6-a0294c669670,7799452547,Science,Grade 4,Lesson  Assessments,2024-25,Unit 11 Benchmark Test: Organisms and Their Environment
019eb11c-410a-7ffb-86e6-a0294c669670,7799452684,Science,Grade 4,Lesson  Assessments,2024-25,Unit 10 Benchmark Test: Life Cycles and Growth
019eb11c-410a-7ffb-86e6-a0294c669670,7799452686,Science,Grade 4,Lesson  Assessments,2024-25,Unit 11 Benchmark Test: Organisms and Their Environment
019eb11c-410a-7ffb-86e6-a0294c669670,7799457493,Science,Grade 5,Lesson  Assessments,2024-25,Unit 11 Benchmark Test: Plant and Animal Adaptations
019eb11c-410a-7ffb-86e6-a0294c669670,7799458435,Science,Grade 5,Lesson  Assessments,2024-25,Unit 11 Benchmark Test: Plant and Animal Adaptations
019eb11c-410a-7ffb-86e6-a0294c669670,7799460640,History,Grade 7,Lesson  Assessments,2024-25,Unit 5 Test
019eb11c-410a-7ffb-86e6-a0294c669670,7799460644,History,Grade 7,Lesson  Assessments,2024-25,Slavery and the Wild West Test
019eb11c-410a-7ffb-86e6-a0294c669670,7799461857,History,Grade 6,Lesson  Assessments,2024-25,Unit: 7 Empires of Asia and the Americas
019eb11c-410a-7ffb-86e6-a0294c669670,7799609422,ELA,Grade 5,Lesson  Assessments,2024-25,M7W3 Vocab quiz
019eb11c-410a-7ffb-86e6-a0294c669670,7799623199,ELA,Grade 5,Lesson  Assessments,2024-25,M7W3 Vocab quiz
019eb11c-410a-7ffb-86e6-a0294c669670,7799799863,ELA,Grade 3,Lesson  Assessments,2024-25,Make a Difference: Weekly Assessment: Week 3
019eb11c-410a-7ffb-86e6-a0294c669670,7800631611,ELA,Grade 1,Lesson  Assessments,2024-25,7.1 Grammar Review
019eb11c-410a-7ffb-86e6-a0294c669670,7800632097,ELA,Grade 1,Lesson  Assessments,2024-25,7.2 Grammar Review
019eb11c-410a-7ffb-86e6-a0294c669670,7801021169,Algebra,Grade 8,Lesson  Assessments,2024-25,HW 4/11 Chapter 8 Review
019eb11c-410a-7ffb-86e6-a0294c669670,7802004830,ELA,Grade 1,Lesson  Assessments,2024-25,7.1 Grammar Review
019eb11c-410a-7ffb-86e6-a0294c669670,7802005513,ELA,Grade 1,Lesson  Assessments,2024-25,7.2 Grammar Review
019eb11c-410a-7ffb-86e6-a0294c669670,7802063812,ELA,Grade 3,Lesson  Assessments,2024-25,Module Assessment: Make a Difference
019eb11c-410a-7ffb-86e6-a0294c669670,7802303138,Algebra,Grade 8,Lesson  Assessments,2024-25,Chapter 8 Test
019eb11c-410a-7ffb-86e6-a0294c669670,7803816181,Science,Grade 3,Lesson  Assessments,2024-25,Unit 2 Benchmark Test: The Engineering Process
019eb11c-410a-7ffb-86e6-a0294c669670,7803821108,Science,Grade 3,Lesson  Assessments,2024-25,Unit 2 Benchmark Test: The Engineering Process
019eb11c-410a-7ffb-86e6-a0294c669670,7803823186,Science,Grade 3,Lesson  Assessments,2024-25,Unit 2 Benchmark Test: The Engineering Process
019eb11c-410a-7ffb-86e6-a0294c669670,7804895854,History,Grade 6,Lesson  Assessments,2024-25,China and Japan Quest
019eb11c-410a-7ffb-86e6-a0294c669670,7807250635,ELA,Grade 3,Lesson  Assessments,2024-25,PM3 Practice Test Part 1
019eb11c-410a-7ffb-86e6-a0294c669670,7807768182,ELA,Grade 3,Lesson  Assessments,2024-25,PM3 Practice Test Part 1
019eb11c-410a-7ffb-86e6-a0294c669670,7809597161,ELA,Grade 2,Lesson  Assessments,2024-25,Module 8 Week 1 Vocabulary Quiz
019eb11c-410a-7ffb-86e6-a0294c669670,7814550280,ELA,Grade 2,Lesson  Assessments,2024-25,Module 8 Week 1 Vocabulary Quiz
019eb11c-410a-7ffb-86e6-a0294c669670,7814632187,ELA,Grade 2,Lesson  Assessments,2024-25,Module 8 Week 1 Vocabulary Quiz
019eb11c-410a-7ffb-86e6-a0294c669670,7814796239,ELA,Grade 2,Lesson  Assessments,2024-25,Time to Grow!: Weekly Assessment: Week 1
019eb11c-410a-7ffb-86e6-a0294c669670,7814796325,ELA,Grade 2,Lesson  Assessments,2024-25,Time to Grow!: Weekly Assessment: Week 3
019eb11c-410a-7ffb-86e6-a0294c669670,7814796362,ELA,Grade 2,Lesson  Assessments,2024-25,Module Assessment: Time to Grow!
019eb11c-410a-7ffb-86e6-a0294c669670,7815809064,Science,Grade 3,Lesson  Assessments,2024-25,Unit 2 Benchmark Test: The Engineering Process
019eb11c-410a-7ffb-86e6-a0294c669670,7815966900,ELA,Grade 3,Lesson  Assessments,2024-25,PM3 Practice Test Part 3
019eb11c-410a-7ffb-86e6-a0294c669670,7816004083,ELA,Grade K,Lesson  Assessments,2024-25,Zoom In!: Weekly Assessment: Week 3
019eb11c-410a-7ffb-86e6-a0294c669670,7816004440,ELA,Grade K,Lesson  Assessments,2024-25,Module Assessment: Zoom In!
019eb11c-410a-7ffb-86e6-a0294c669670,7816009210,ELA,Grade K,Lesson  Assessments,2024-25,Zoom In!: Weekly Assessment: Week 2
019eb11c-410a-7ffb-86e6-a0294c669670,7816009228,ELA,Grade K,Lesson  Assessments,2024-25,Zoom In!: Weekly Assessment: Week 3
019eb11c-410a-7ffb-86e6-a0294c669670,7816009241,ELA,Grade K,Lesson  Assessments,2024-25,Module Assessment: Zoom In!
019eb11c-410a-7ffb-86e6-a0294c669670,7816018373,ELA,Grade K,Lesson  Assessments,2024-25,Zoom In!: Weekly Assessment: Week 2
019eb11c-410a-7ffb-86e6-a0294c669670,7816018381,ELA,Grade K,Lesson  Assessments,2024-25,Zoom In!: Weekly Assessment: Week 3
019eb11c-410a-7ffb-86e6-a0294c669670,7816018384,ELA,Grade K,Lesson  Assessments,2024-25,Module Assessment: Zoom In!
019eb11c-410a-7ffb-86e6-a0294c669670,7816445122,ELA,Grade 1,Lesson  Assessments,2024-25,FAST STAR Reading Practice Assessment
019eb11c-410a-7ffb-86e6-a0294c669670,7816865852,ELA,Grade 1,Lesson  Assessments,2024-25,FAST STAR Reading Practice Assessment
019eb11c-410a-7ffb-86e6-a0294c669670,7817278792,ELA,Grade 1,Lesson  Assessments,2024-25,FAST STAR Reading Practice Assessment
019eb11c-410a-7ffb-86e6-a0294c669670,7827154345,Math,Grade 6,Lesson  Assessments,2024-25,5/5 POP QUIZ
019eb11c-410a-7ffb-86e6-a0294c669670,7887639156,Algebra,Grade 8,Lesson  Assessments,2025-26,Chapter 1 Test
019eb11c-410a-7ffb-86e6-a0294c669670,7887639159,Algebra,Grade 8,Lesson  Assessments,2025-26,Chapter 2 Test
019eb11c-410a-7ffb-86e6-a0294c669670,7887639160,Algebra,Grade 8,Lesson  Assessments,2025-26,Chapter 3 Test
019eb11c-410a-7ffb-86e6-a0294c669670,7887639162,Algebra,Grade 8,Lesson  Assessments,2025-26,Chapter 5 Test
019eb11c-410a-7ffb-86e6-a0294c669670,7887639163,Algebra,Grade 8,Lesson  Assessments,2025-26,Chapter 6 Test
019eb11c-410a-7ffb-86e6-a0294c669670,7887639164,Algebra,Grade 8,Lesson  Assessments,2025-26,Chapter 7 Test
019eb11c-410a-7ffb-86e6-a0294c669670,7887639166,Algebra,Grade 8,Lesson  Assessments,2025-26,Chapter 8 Test
019eb11c-410a-7ffb-86e6-a0294c669670,7892309626,ELA,Grade 1,Lesson  Assessments,2025-26,Nice to Meet You!: Weekly Assessment: Week 1
019eb11c-410a-7ffb-86e6-a0294c669670,7892309627,ELA,Grade 1,Lesson  Assessments,2025-26,Nice to Meet You!: Weekly Assessment: Week 2
019eb11c-410a-7ffb-86e6-a0294c669670,7892309628,ELA,Grade 1,Lesson  Assessments,2025-26,Nice to Meet You!: Weekly Assessment: Week 3
019eb11c-410a-7ffb-86e6-a0294c669670,7892309629,ELA,Grade 1,Lesson  Assessments,2025-26,Module Assessment: Nice to Meet You!
019eb11c-410a-7ffb-86e6-a0294c669670,7892309630,ELA,Grade 1,Lesson  Assessments,2025-26,"My Family, My Community: Weekly Assessment: Week 1"
019eb11c-410a-7ffb-86e6-a0294c669670,7892309631,ELA,Grade 1,Lesson  Assessments,2025-26,"My Family, My Community: Weekly Assessment: Week 2"
019eb11c-410a-7ffb-86e6-a0294c669670,7892309632,ELA,Grade 1,Lesson  Assessments,2025-26,"My Family, My Community: Weekly Assessment: Week 3"
019eb11c-410a-7ffb-86e6-a0294c669670,7892309633,ELA,Grade 1,Lesson  Assessments,2025-26,"Module Assessment: My Family, My Community"
019eb11c-410a-7ffb-86e6-a0294c669670,7892309634,ELA,Grade 1,Lesson  Assessments,2025-26,Amazing Animals: Weekly Assessment: Week 1
019eb11c-410a-7ffb-86e6-a0294c669670,7892309635,ELA,Grade 1,Lesson  Assessments,2025-26,Amazing Animals: Weekly Assessment: Week 2
019eb11c-410a-7ffb-86e6-a0294c669670,7892309636,ELA,Grade 1,Lesson  Assessments,2025-26,Amazing Animals: Weekly Assessment: Week 3
019eb11c-410a-7ffb-86e6-a0294c669670,7892309637,ELA,Grade 1,Lesson  Assessments,2025-26,Module Assessment: Amazing Animals
019eb11c-410a-7ffb-86e6-a0294c669670,7892309638,ELA,Grade 1,Lesson  Assessments,2025-26,Better Together: Weekly Assessment: Week 1
019eb11c-410a-7ffb-86e6-a0294c669670,7892309639,ELA,Grade 1,Lesson  Assessments,2025-26,Better Together: Weekly Assessment: Week 2
019eb11c-410a-7ffb-86e6-a0294c669670,7892309640,ELA,Grade 1,Lesson  Assessments,2025-26,Better Together: Weekly Assessment: Week 3
019eb11c-410a-7ffb-86e6-a0294c669670,7892309641,ELA,Grade 1,Lesson  Assessments,2025-26,Module Assessment: Better Together
019eb11c-410a-7ffb-86e6-a0294c669670,7892309642,ELA,Grade 1,Lesson  Assessments,2025-26,"Now You See It, Now You Don't: Weekly Assessment: Week 1"
019eb11c-410a-7ffb-86e6-a0294c669670,7892309643,ELA,Grade 1,Lesson  Assessments,2025-26,"Now You See It, Now You Don't: Weekly Assessment: Week 2"
019eb11c-410a-7ffb-86e6-a0294c669670,7892309644,ELA,Grade 1,Lesson  Assessments,2025-26,"Now You See It, Now You Don't: Weekly Assessment: Week 3"
019eb11c-410a-7ffb-86e6-a0294c669670,7892309645,ELA,Grade 1,Lesson  Assessments,2025-26,"Module Assessment: Now You See It, Now You Don't"
019eb11c-410a-7ffb-86e6-a0294c669670,7892309646,ELA,Grade 1,Lesson  Assessments,2025-26,Celebrate America: Weekly Assessment: Week 1
019eb11c-410a-7ffb-86e6-a0294c669670,7892309649,ELA,Grade 1,Lesson  Assessments,2025-26,Module Assessment: Celebrate America
019eb11c-410a-7ffb-86e6-a0294c669670,7892309650,ELA,Grade 1,Lesson  Assessments,2025-26,The Big Outdoors: Weekly Assessment: Week 1
019eb11c-410a-7ffb-86e6-a0294c669670,7892309651,ELA,Grade 1,Lesson  Assessments,2025-26,The Big Outdoors: Weekly Assessment: Week 2
019eb11c-410a-7ffb-86e6-a0294c669670,7892309654,ELA,Grade 1,Lesson  Assessments,2025-26,The Big Outdoors: Weekly Assessment: Week 3
019eb11c-410a-7ffb-86e6-a0294c669670,7892309655,ELA,Grade 1,Lesson  Assessments,2025-26,Module Assessment: The Big Outdoors
019eb11c-410a-7ffb-86e6-a0294c669670,7892309656,ELA,Grade 1,Lesson  Assessments,2025-26,Tell Me a Story: Weekly Assessment: Week 1
019eb11c-410a-7ffb-86e6-a0294c669670,7892309657,ELA,Grade 1,Lesson  Assessments,2025-26,Tell Me a Story: Weekly Assessment: Week 2
019eb11c-410a-7ffb-86e6-a0294c669670,7892309661,ELA,Grade 1,Lesson  Assessments,2025-26,Module Assessment: Tell Me a Story
019eb11c-410a-7ffb-86e6-a0294c669670,7892309796,ELA,Grade 1,Lesson  Assessments,2025-26,Nice to Meet You!: Weekly Assessment: Week 1
019eb11c-410a-7ffb-86e6-a0294c669670,7892309797,ELA,Grade 1,Lesson  Assessments,2025-26,Nice to Meet You!: Weekly Assessment: Week 2
019eb11c-410a-7ffb-86e6-a0294c669670,7892309798,ELA,Grade 1,Lesson  Assessments,2025-26,Nice to Meet You!: Weekly Assessment: Week 3
019eb11c-410a-7ffb-86e6-a0294c669670,7892309799,ELA,Grade 1,Lesson  Assessments,2025-26,Module Assessment: Nice to Meet You!
019eb11c-410a-7ffb-86e6-a0294c669670,7892309800,ELA,Grade 1,Lesson  Assessments,2025-26,"My Family, My Community: Weekly Assessment: Week 1"
019eb11c-410a-7ffb-86e6-a0294c669670,7892309801,ELA,Grade 1,Lesson  Assessments,2025-26,"My Family, My Community: Weekly Assessment: Week 2"
019eb11c-410a-7ffb-86e6-a0294c669670,7892309802,ELA,Grade 1,Lesson  Assessments,2025-26,"My Family, My Community: Weekly Assessment: Week 3"
019eb11c-410a-7ffb-86e6-a0294c669670,7892309805,ELA,Grade 1,Lesson  Assessments,2025-26,"Module Assessment: My Family, My Community"
019eb11c-410a-7ffb-86e6-a0294c669670,7892309806,ELA,Grade 1,Lesson  Assessments,2025-26,Amazing Animals: Weekly Assessment: Week 1
019eb11c-410a-7ffb-86e6-a0294c669670,7892309807,ELA,Grade 1,Lesson  Assessments,2025-26,Amazing Animals: Weekly Assessment: Week 2
019eb11c-410a-7ffb-86e6-a0294c669670,7892309808,ELA,Grade 1,Lesson  Assessments,2025-26,Amazing Animals: Weekly Assessment: Week 3
019eb11c-410a-7ffb-86e6-a0294c669670,7892309809,ELA,Grade 1,Lesson  Assessments,2025-26,Module Assessment: Amazing Animals
019eb11c-410a-7ffb-86e6-a0294c669670,7892309810,ELA,Grade 1,Lesson  Assessments,2025-26,Better Together: Weekly Assessment: Week 1
019eb11c-410a-7ffb-86e6-a0294c669670,7892309811,ELA,Grade 1,Lesson  Assessments,2025-26,Better Together: Weekly Assessment: Week 2
019eb11c-410a-7ffb-86e6-a0294c669670,7892309812,ELA,Grade 1,Lesson  Assessments,2025-26,Better Together: Weekly Assessment: Week 3
019eb11c-410a-7ffb-86e6-a0294c669670,7892309816,ELA,Grade 1,Lesson  Assessments,2025-26,Module Assessment: Better Together
019eb11c-410a-7ffb-86e6-a0294c669670,7892309821,ELA,Grade 1,Lesson  Assessments,2025-26,"Now You See It, Now You Don't: Weekly Assessment: Week 1"
019eb11c-410a-7ffb-86e6-a0294c669670,7892309826,ELA,Grade 1,Lesson  Assessments,2025-26,"Now You See It, Now You Don't: Weekly Assessment: Week 2"
019eb11c-410a-7ffb-86e6-a0294c669670,7892309832,ELA,Grade 1,Lesson  Assessments,2025-26,"Now You See It, Now You Don't: Weekly Assessment: Week 3"
019eb11c-410a-7ffb-86e6-a0294c669670,7892309836,ELA,Grade 1,Lesson  Assessments,2025-26,"Module Assessment: Now You See It, Now You Don't"
019eb11c-410a-7ffb-86e6-a0294c669670,7892309838,ELA,Grade 1,Lesson  Assessments,2025-26,Celebrate America: Weekly Assessment: Week 1
019eb11c-410a-7ffb-86e6-a0294c669670,7892309841,ELA,Grade 1,Lesson  Assessments,2025-26,Module Assessment: Celebrate America
019eb11c-410a-7ffb-86e6-a0294c669670,7892309842,ELA,Grade 1,Lesson  Assessments,2025-26,The Big Outdoors: Weekly Assessment: Week 1
019eb11c-410a-7ffb-86e6-a0294c669670,7892309843,ELA,Grade 1,Lesson  Assessments,2025-26,The Big Outdoors: Weekly Assessment: Week 2
019eb11c-410a-7ffb-86e6-a0294c669670,7892309844,ELA,Grade 1,Lesson  Assessments,2025-26,The Big Outdoors: Weekly Assessment: Week 3
019eb11c-410a-7ffb-86e6-a0294c669670,7892309846,ELA,Grade 1,Lesson  Assessments,2025-26,Tell Me a Story: Weekly Assessment: Week 1
019eb11c-410a-7ffb-86e6-a0294c669670,7892309847,ELA,Grade 1,Lesson  Assessments,2025-26,Tell Me a Story: Weekly Assessment: Week 2
019eb11c-410a-7ffb-86e6-a0294c669670,7892309857,ELA,Grade 1,Lesson  Assessments,2025-26,Module Assessment: Tell Me a Story
019eb11c-410a-7ffb-86e6-a0294c669670,7892309863,ELA,Grade 1,Lesson  Assessments,2025-26,"Grow, Plants, Grow!: Weekly Assessment: Week 1"
019eb11c-410a-7ffb-86e6-a0294c669670,7892310070,ELA,Grade 1,Lesson  Assessments,2025-26,Nice to Meet You!: Weekly Assessment: Week 1
019eb11c-410a-7ffb-86e6-a0294c669670,7892310072,ELA,Grade 1,Lesson  Assessments,2025-26,Nice to Meet You!: Weekly Assessment: Week 2
019eb11c-410a-7ffb-86e6-a0294c669670,7892310073,ELA,Grade 1,Lesson  Assessments,2025-26,Nice to Meet You!: Weekly Assessment: Week 3
019eb11c-410a-7ffb-86e6-a0294c669670,7892310074,ELA,Grade 1,Lesson  Assessments,2025-26,Module Assessment: Nice to Meet You!
019eb11c-410a-7ffb-86e6-a0294c669670,7892310076,ELA,Grade 1,Lesson  Assessments,2025-26,"My Family, My Community: Weekly Assessment: Week 1"
019eb11c-410a-7ffb-86e6-a0294c669670,7892310077,ELA,Grade 1,Lesson  Assessments,2025-26,"My Family, My Community: Weekly Assessment: Week 2"
019eb11c-410a-7ffb-86e6-a0294c669670,7892310080,ELA,Grade 1,Lesson  Assessments,2025-26,"My Family, My Community: Weekly Assessment: Week 3"
019eb11c-410a-7ffb-86e6-a0294c669670,7892310081,ELA,Grade 1,Lesson  Assessments,2025-26,"Module Assessment: My Family, My Community"
019eb11c-410a-7ffb-86e6-a0294c669670,7892310082,ELA,Grade 1,Lesson  Assessments,2025-26,Amazing Animals: Weekly Assessment: Week 1
019eb11c-410a-7ffb-86e6-a0294c669670,7892310083,ELA,Grade 1,Lesson  Assessments,2025-26,Amazing Animals: Weekly Assessment: Week 2
019eb11c-410a-7ffb-86e6-a0294c669670,7892310084,ELA,Grade 1,Lesson  Assessments,2025-26,Amazing Animals: Weekly Assessment: Week 3
019eb11c-410a-7ffb-86e6-a0294c669670,7892310086,ELA,Grade 1,Lesson  Assessments,2025-26,Module Assessment: Amazing Animals
019eb11c-410a-7ffb-86e6-a0294c669670,7892310087,ELA,Grade 1,Lesson  Assessments,2025-26,Better Together: Weekly Assessment: Week 1
019eb11c-410a-7ffb-86e6-a0294c669670,7892310090,ELA,Grade 1,Lesson  Assessments,2025-26,Better Together: Weekly Assessment: Week 2
019eb11c-410a-7ffb-86e6-a0294c669670,7892310092,ELA,Grade 1,Lesson  Assessments,2025-26,Better Together: Weekly Assessment: Week 3
019eb11c-410a-7ffb-86e6-a0294c669670,7892310093,ELA,Grade 1,Lesson  Assessments,2025-26,Module Assessment: Better Together
019eb11c-410a-7ffb-86e6-a0294c669670,7892310095,ELA,Grade 1,Lesson  Assessments,2025-26,"Now You See It, Now You Don't: Weekly Assessment: Week 1"
019eb11c-410a-7ffb-86e6-a0294c669670,7892310096,ELA,Grade 1,Lesson  Assessments,2025-26,"Now You See It, Now You Don't: Weekly Assessment: Week 2"
019eb11c-410a-7ffb-86e6-a0294c669670,7892310098,ELA,Grade 1,Lesson  Assessments,2025-26,"Now You See It, Now You Don't: Weekly Assessment: Week 3"
019eb11c-410a-7ffb-86e6-a0294c669670,7892310099,ELA,Grade 1,Lesson  Assessments,2025-26,"Module Assessment: Now You See It, Now You Don't"
019eb11c-410a-7ffb-86e6-a0294c669670,7892310100,ELA,Grade 1,Lesson  Assessments,2025-26,Celebrate America: Weekly Assessment: Week 1
019eb11c-410a-7ffb-86e6-a0294c669670,7892310103,ELA,Grade 1,Lesson  Assessments,2025-26,Module Assessment: Celebrate America
019eb11c-410a-7ffb-86e6-a0294c669670,7892310104,ELA,Grade 1,Lesson  Assessments,2025-26,The Big Outdoors: Weekly Assessment: Week 1
019eb11c-410a-7ffb-86e6-a0294c669670,7892310106,ELA,Grade 1,Lesson  Assessments,2025-26,The Big Outdoors: Weekly Assessment: Week 2
019eb11c-410a-7ffb-86e6-a0294c669670,7892310107,ELA,Grade 1,Lesson  Assessments,2025-26,The Big Outdoors: Weekly Assessment: Week 3
019eb11c-410a-7ffb-86e6-a0294c669670,7892310108,ELA,Grade 1,Lesson  Assessments,2025-26,Module Assessment: The Big Outdoors
019eb11c-410a-7ffb-86e6-a0294c669670,7892310109,ELA,Grade 1,Lesson  Assessments,2025-26,Tell Me a Story: Weekly Assessment: Week 1
019eb11c-410a-7ffb-86e6-a0294c669670,7892310110,ELA,Grade 1,Lesson  Assessments,2025-26,Tell Me a Story: Weekly Assessment: Week 2
019eb11c-410a-7ffb-86e6-a0294c669670,7892310113,ELA,Grade 1,Lesson  Assessments,2025-26,Module Assessment: Tell Me a Story
019eb11c-410a-7ffb-86e6-a0294c669670,7892321190,ELA,Grade 2,Lesson  Assessments,2025-26,Be a Super Citizen: Weekly Assessment: Week 1
019eb11c-410a-7ffb-86e6-a0294c669670,7892321194,ELA,Grade 2,Lesson  Assessments,2025-26,Be a Super Citizen: Weekly Assessment: Week 2
019eb11c-410a-7ffb-86e6-a0294c669670,7892321196,ELA,Grade 2,Lesson  Assessments,2025-26,Be a Super Citizen: Weekly Assessment: Week 3
019eb11c-410a-7ffb-86e6-a0294c669670,7892321197,ELA,Grade 2,Lesson  Assessments,2025-26,Module Assessment: Be a Super Citizen
019eb11c-410a-7ffb-86e6-a0294c669670,7892321198,ELA,Grade 2,Lesson  Assessments,2025-26,Look Around and Explore!: Weekly Assessment: Week 1
019eb11c-410a-7ffb-86e6-a0294c669670,7892321199,ELA,Grade 2,Lesson  Assessments,2025-26,Look Around and Explore!: Weekly Assessment: Week 2
019eb11c-410a-7ffb-86e6-a0294c669670,7892321201,ELA,Grade 2,Lesson  Assessments,2025-26,Look Around and Explore!: Weekly Assessment: Week 3
019eb11c-410a-7ffb-86e6-a0294c669670,7892321204,ELA,Grade 2,Lesson  Assessments,2025-26,Module Assessment: Look Around and Explore!
019eb11c-410a-7ffb-86e6-a0294c669670,7892321206,ELA,Grade 2,Lesson  Assessments,2025-26,Meet in the Middle: Weekly Assessment: Week 1
019eb11c-410a-7ffb-86e6-a0294c669670,7892321209,ELA,Grade 2,Lesson  Assessments,2025-26,Meet in the Middle: Weekly Assessment: Week 2
019eb11c-410a-7ffb-86e6-a0294c669670,7892321210,ELA,Grade 2,Lesson  Assessments,2025-26,Meet in the Middle: Weekly Assessment: Week 3
019eb11c-410a-7ffb-86e6-a0294c669670,7892321211,ELA,Grade 2,Lesson  Assessments,2025-26,Module Assessment: Meet in the Middle
019eb11c-410a-7ffb-86e6-a0294c669670,7892321212,ELA,Grade 2,Lesson  Assessments,2025-26,Once Upon a Time: Weekly Assessment: Week 1
019eb11c-410a-7ffb-86e6-a0294c669670,7892321213,ELA,Grade 2,Lesson  Assessments,2025-26,Once Upon a Time: Weekly Assessment: Week 2
019eb11c-410a-7ffb-86e6-a0294c669670,7892321220,ELA,Grade 2,Lesson  Assessments,2025-26,Once Upon a Time: Weekly Assessment: Week 3
019eb11c-410a-7ffb-86e6-a0294c669670,7892321225,ELA,Grade 2,Lesson  Assessments,2025-26,Module Assessment: Once Upon a Time
019eb11c-410a-7ffb-86e6-a0294c669670,7892321235,ELA,Grade 2,Lesson  Assessments,2025-26,Lead the Way: Weekly Assessment: Week 1
019eb11c-410a-7ffb-86e6-a0294c669670,7892321242,ELA,Grade 2,Lesson  Assessments,2025-26,Lead the Way: Weekly Assessment: Week 2
019eb11c-410a-7ffb-86e6-a0294c669670,7892321251,ELA,Grade 2,Lesson  Assessments,2025-26,Lead the Way: Weekly Assessment: Week 3
019eb11c-410a-7ffb-86e6-a0294c669670,7892321262,ELA,Grade 2,Lesson  Assessments,2025-26,Module Assessment: Lead the Way
019eb11c-410a-7ffb-86e6-a0294c669670,7892321268,ELA,Grade 2,Lesson  Assessments,2025-26,Weather Wise: Weekly Assessment: Week 1
019eb11c-410a-7ffb-86e6-a0294c669670,7892321290,ELA,Grade 2,Lesson  Assessments,2025-26,Module Assessment: Weather Wise
019eb11c-410a-7ffb-86e6-a0294c669670,7892321297,ELA,Grade 2,Lesson  Assessments,2025-26,Everyone Has a Story: Weekly Assessment: Week 1
019eb11c-410a-7ffb-86e6-a0294c669670,7892321299,ELA,Grade 2,Lesson  Assessments,2025-26,Everyone Has a Story: Weekly Assessment: Week 2
019eb11c-410a-7ffb-86e6-a0294c669670,7892321301,ELA,Grade 2,Lesson  Assessments,2025-26,Everyone Has a Story: Weekly Assessment: Week 3
019eb11c-410a-7ffb-86e6-a0294c669670,7892321303,ELA,Grade 2,Lesson  Assessments,2025-26,Module Assessment: Everyone Has a Story
019eb11c-410a-7ffb-86e6-a0294c669670,7892321306,ELA,Grade 2,Lesson  Assessments,2025-26,Time to Grow!: Weekly Assessment: Week 1
019eb11c-410a-7ffb-86e6-a0294c669670,7892321309,ELA,Grade 2,Lesson  Assessments,2025-26,Time to Grow!: Weekly Assessment: Week 2
019eb11c-410a-7ffb-86e6-a0294c669670,7892321312,ELA,Grade 2,Lesson  Assessments,2025-26,Module Assessment: Time to Grow!
019eb11c-410a-7ffb-86e6-a0294c669670,7892328214,ELA,Grade 2,Lesson  Assessments,2025-26,Be a Super Citizen: Weekly Assessment: Week 1
019eb11c-410a-7ffb-86e6-a0294c669670,7892328215,ELA,Grade 2,Lesson  Assessments,2025-26,Be a Super Citizen: Weekly Assessment: Week 2
019eb11c-410a-7ffb-86e6-a0294c669670,7892328216,ELA,Grade 2,Lesson  Assessments,2025-26,Be a Super Citizen: Weekly Assessment: Week 3
019eb11c-410a-7ffb-86e6-a0294c669670,7892328217,ELA,Grade 2,Lesson  Assessments,2025-26,Module Assessment: Be a Super Citizen
019eb11c-410a-7ffb-86e6-a0294c669670,7892328218,ELA,Grade 2,Lesson  Assessments,2025-26,Look Around and Explore!: Weekly Assessment: Week 1
019eb11c-410a-7ffb-86e6-a0294c669670,7892328219,ELA,Grade 2,Lesson  Assessments,2025-26,Look Around and Explore!: Weekly Assessment: Week 2
019eb11c-410a-7ffb-86e6-a0294c669670,7892328220,ELA,Grade 2,Lesson  Assessments,2025-26,Look Around and Explore!: Weekly Assessment: Week 3
019eb11c-410a-7ffb-86e6-a0294c669670,7892328221,ELA,Grade 2,Lesson  Assessments,2025-26,Module Assessment: Look Around and Explore!
019eb11c-410a-7ffb-86e6-a0294c669670,7892328222,ELA,Grade 2,Lesson  Assessments,2025-26,Meet in the Middle: Weekly Assessment: Week 1
019eb11c-410a-7ffb-86e6-a0294c669670,7892328223,ELA,Grade 2,Lesson  Assessments,2025-26,Meet in the Middle: Weekly Assessment: Week 2
019eb11c-410a-7ffb-86e6-a0294c669670,7892328224,ELA,Grade 2,Lesson  Assessments,2025-26,Meet in the Middle: Weekly Assessment: Week 3
019eb11c-410a-7ffb-86e6-a0294c669670,7892328225,ELA,Grade 2,Lesson  Assessments,2025-26,Module Assessment: Meet in the Middle
019eb11c-410a-7ffb-86e6-a0294c669670,7892328226,ELA,Grade 2,Lesson  Assessments,2025-26,Once Upon a Time: Weekly Assessment: Week 1
019eb11c-410a-7ffb-86e6-a0294c669670,7892328227,ELA,Grade 2,Lesson  Assessments,2025-26,Once Upon a Time: Weekly Assessment: Week 2
019eb11c-410a-7ffb-86e6-a0294c669670,7892328228,ELA,Grade 2,Lesson  Assessments,2025-26,Once Upon a Time: Weekly Assessment: Week 3
019eb11c-410a-7ffb-86e6-a0294c669670,7892328229,ELA,Grade 2,Lesson  Assessments,2025-26,Module Assessment: Once Upon a Time
019eb11c-410a-7ffb-86e6-a0294c669670,7892328230,ELA,Grade 2,Lesson  Assessments,2025-26,Lead the Way: Weekly Assessment: Week 1
019eb11c-410a-7ffb-86e6-a0294c669670,7892328231,ELA,Grade 2,Lesson  Assessments,2025-26,Lead the Way: Weekly Assessment: Week 2
019eb11c-410a-7ffb-86e6-a0294c669670,7892328232,ELA,Grade 2,Lesson  Assessments,2025-26,Lead the Way: Weekly Assessment: Week 3
019eb11c-410a-7ffb-86e6-a0294c669670,7892328233,ELA,Grade 2,Lesson  Assessments,2025-26,Module Assessment: Lead the Way
019eb11c-410a-7ffb-86e6-a0294c669670,7892328234,ELA,Grade 2,Lesson  Assessments,2025-26,Weather Wise: Weekly Assessment: Week 1
019eb11c-410a-7ffb-86e6-a0294c669670,7892328237,ELA,Grade 2,Lesson  Assessments,2025-26,Module Assessment: Weather Wise
019eb11c-410a-7ffb-86e6-a0294c669670,7892328238,ELA,Grade 2,Lesson  Assessments,2025-26,Everyone Has a Story: Weekly Assessment: Week 1
019eb11c-410a-7ffb-86e6-a0294c669670,7892328242,ELA,Grade 2,Lesson  Assessments,2025-26,Everyone Has a Story: Weekly Assessment: Week 2
019eb11c-410a-7ffb-86e6-a0294c669670,7892328243,ELA,Grade 2,Lesson  Assessments,2025-26,Everyone Has a Story: Weekly Assessment: Week 3
019eb11c-410a-7ffb-86e6-a0294c669670,7892328244,ELA,Grade 2,Lesson  Assessments,2025-26,Module Assessment: Everyone Has a Story
019eb11c-410a-7ffb-86e6-a0294c669670,7892328245,ELA,Grade 2,Lesson  Assessments,2025-26,Time to Grow!: Weekly Assessment: Week 1
019eb11c-410a-7ffb-86e6-a0294c669670,7892328246,ELA,Grade 2,Lesson  Assessments,2025-26,Time to Grow!: Weekly Assessment: Week 2
019eb11c-410a-7ffb-86e6-a0294c669670,7892328248,ELA,Grade 2,Lesson  Assessments,2025-26,Module Assessment: Time to Grow!
019eb11c-410a-7ffb-86e6-a0294c669670,7892329508,ELA,Grade 2,Lesson  Assessments,2025-26,Be a Super Citizen: Weekly Assessment: Week 1
019eb11c-410a-7ffb-86e6-a0294c669670,7892329509,ELA,Grade 2,Lesson  Assessments,2025-26,Be a Super Citizen: Weekly Assessment: Week 2
019eb11c-410a-7ffb-86e6-a0294c669670,7892329512,ELA,Grade 2,Lesson  Assessments,2025-26,Be a Super Citizen: Weekly Assessment: Week 3
019eb11c-410a-7ffb-86e6-a0294c669670,7892329516,ELA,Grade 2,Lesson  Assessments,2025-26,Module Assessment: Be a Super Citizen
019eb11c-410a-7ffb-86e6-a0294c669670,7892329521,ELA,Grade 2,Lesson  Assessments,2025-26,Look Around and Explore!: Weekly Assessment: Week 1
019eb11c-410a-7ffb-86e6-a0294c669670,7892329524,ELA,Grade 2,Lesson  Assessments,2025-26,Look Around and Explore!: Weekly Assessment: Week 2
019eb11c-410a-7ffb-86e6-a0294c669670,7892329528,ELA,Grade 2,Lesson  Assessments,2025-26,Look Around and Explore!: Weekly Assessment: Week 3
019eb11c-410a-7ffb-86e6-a0294c669670,7892329532,ELA,Grade 2,Lesson  Assessments,2025-26,Module Assessment: Look Around and Explore!
019eb11c-410a-7ffb-86e6-a0294c669670,7892329536,ELA,Grade 2,Lesson  Assessments,2025-26,Meet in the Middle: Weekly Assessment: Week 1
019eb11c-410a-7ffb-86e6-a0294c669670,7892329540,ELA,Grade 2,Lesson  Assessments,2025-26,Meet in the Middle: Weekly Assessment: Week 2
019eb11c-410a-7ffb-86e6-a0294c669670,7892329547,ELA,Grade 2,Lesson  Assessments,2025-26,Meet in the Middle: Weekly Assessment: Week 3
019eb11c-410a-7ffb-86e6-a0294c669670,7892329554,ELA,Grade 2,Lesson  Assessments,2025-26,Module Assessment: Meet in the Middle
019eb11c-410a-7ffb-86e6-a0294c669670,7892329563,ELA,Grade 2,Lesson  Assessments,2025-26,Once Upon a Time: Weekly Assessment: Week 1
019eb11c-410a-7ffb-86e6-a0294c669670,7892329568,ELA,Grade 2,Lesson  Assessments,2025-26,Once Upon a Time: Weekly Assessment: Week 2
019eb11c-410a-7ffb-86e6-a0294c669670,7892329575,ELA,Grade 2,Lesson  Assessments,2025-26,Once Upon a Time: Weekly Assessment: Week 3
019eb11c-410a-7ffb-86e6-a0294c669670,7892329582,ELA,Grade 2,Lesson  Assessments,2025-26,Module Assessment: Once Upon a Time
019eb11c-410a-7ffb-86e6-a0294c669670,7892329589,ELA,Grade 2,Lesson  Assessments,2025-26,Lead the Way: Weekly Assessment: Week 1
019eb11c-410a-7ffb-86e6-a0294c669670,7892329592,ELA,Grade 2,Lesson  Assessments,2025-26,Lead the Way: Weekly Assessment: Week 2
019eb11c-410a-7ffb-86e6-a0294c669670,7892329593,ELA,Grade 2,Lesson  Assessments,2025-26,Lead the Way: Weekly Assessment: Week 3
019eb11c-410a-7ffb-86e6-a0294c669670,7892329594,ELA,Grade 2,Lesson  Assessments,2025-26,Module Assessment: Lead the Way
019eb11c-410a-7ffb-86e6-a0294c669670,7892329595,ELA,Grade 2,Lesson  Assessments,2025-26,Weather Wise: Weekly Assessment: Week 1
019eb11c-410a-7ffb-86e6-a0294c669670,7892329598,ELA,Grade 2,Lesson  Assessments,2025-26,Module Assessment: Weather Wise
019eb11c-410a-7ffb-86e6-a0294c669670,7892329599,ELA,Grade 2,Lesson  Assessments,2025-26,Everyone Has a Story: Weekly Assessment: Week 1
019eb11c-410a-7ffb-86e6-a0294c669670,7892329600,ELA,Grade 2,Lesson  Assessments,2025-26,Everyone Has a Story: Weekly Assessment: Week 2
019eb11c-410a-7ffb-86e6-a0294c669670,7892329601,ELA,Grade 2,Lesson  Assessments,2025-26,Everyone Has a Story: Weekly Assessment: Week 3
019eb11c-410a-7ffb-86e6-a0294c669670,7892329602,ELA,Grade 2,Lesson  Assessments,2025-26,Module Assessment: Everyone Has a Story
019eb11c-410a-7ffb-86e6-a0294c669670,7892329603,ELA,Grade 2,Lesson  Assessments,2025-26,Time to Grow!: Weekly Assessment: Week 1
019eb11c-410a-7ffb-86e6-a0294c669670,7892329604,ELA,Grade 2,Lesson  Assessments,2025-26,Time to Grow!: Weekly Assessment: Week 2
019eb11c-410a-7ffb-86e6-a0294c669670,7892329606,ELA,Grade 2,Lesson  Assessments,2025-26,Module Assessment: Time to Grow!
019eb11c-410a-7ffb-86e6-a0294c669670,7892331260,ELA,Grade 3,Lesson  Assessments,2025-26,Use Your Words: Weekly Assessment: Week 1
019eb11c-410a-7ffb-86e6-a0294c669670,7892331262,ELA,Grade 3,Lesson  Assessments,2025-26,Use Your Words: Weekly Assessment: Week 2
019eb11c-410a-7ffb-86e6-a0294c669670,7892331263,ELA,Grade 3,Lesson  Assessments,2025-26,Use Your Words: Weekly Assessment: Week 3
019eb11c-410a-7ffb-86e6-a0294c669670,7892331264,ELA,Grade 3,Lesson  Assessments,2025-26,Module Assessment: Use Your Words
019eb11c-410a-7ffb-86e6-a0294c669670,7892331266,ELA,Grade 3,Lesson  Assessments,2025-26,Let Freedom Ring!: Weekly Assessment: Week 1
019eb11c-410a-7ffb-86e6-a0294c669670,7892331267,ELA,Grade 3,Lesson  Assessments,2025-26,Let Freedom Ring!: Weekly Assessment: Week 2
019eb11c-410a-7ffb-86e6-a0294c669670,7892331268,ELA,Grade 3,Lesson  Assessments,2025-26,Let Freedom Ring!: Weekly Assessment: Week 3
019eb11c-410a-7ffb-86e6-a0294c669670,7892331269,ELA,Grade 3,Lesson  Assessments,2025-26,Module Assessment: Let Freedom Ring!
019eb11c-410a-7ffb-86e6-a0294c669670,7892331270,ELA,Grade 3,Lesson  Assessments,2025-26,Stories on Stage: Weekly Assessment: Week 1
019eb11c-410a-7ffb-86e6-a0294c669670,7892331271,ELA,Grade 3,Lesson  Assessments,2025-26,Stories on Stage: Weekly Assessment: Week 2
019eb11c-410a-7ffb-86e6-a0294c669670,7892331272,ELA,Grade 3,Lesson  Assessments,2025-26,Stories on Stage: Weekly Assessment: Week 3
019eb11c-410a-7ffb-86e6-a0294c669670,7892331273,ELA,Grade 3,Lesson  Assessments,2025-26,Module Assessment: Stories on Stage
019eb11c-410a-7ffb-86e6-a0294c669670,7892331274,ELA,Grade 3,Lesson  Assessments,2025-26,Teamwork: Weekly Assessment: Week 1
019eb11c-410a-7ffb-86e6-a0294c669670,7892331275,ELA,Grade 3,Lesson  Assessments,2025-26,Teamwork: Weekly Assessment: Week 2
019eb11c-410a-7ffb-86e6-a0294c669670,7892331276,ELA,Grade 3,Lesson  Assessments,2025-26,Teamwork: Weekly Assessment: Week 3
019eb11c-410a-7ffb-86e6-a0294c669670,7892331277,ELA,Grade 3,Lesson  Assessments,2025-26,Module Assessment: Teamwork
019eb11c-410a-7ffb-86e6-a0294c669670,7892331278,ELA,Grade 3,Lesson  Assessments,2025-26,Animal Behaviors: Weekly Assessment: Week 1
019eb11c-410a-7ffb-86e6-a0294c669670,7892331279,ELA,Grade 3,Lesson  Assessments,2025-26,Animal Behaviors: Weekly Assessment: Week 2
019eb11c-410a-7ffb-86e6-a0294c669670,7892331281,ELA,Grade 3,Lesson  Assessments,2025-26,Module Assessment: Animal Behaviors
019eb11c-410a-7ffb-86e6-a0294c669670,7892331282,ELA,Grade 3,Lesson  Assessments,2025-26,Make a Difference: Weekly Assessment: Week 1
019eb11c-410a-7ffb-86e6-a0294c669670,7892331283,ELA,Grade 3,Lesson  Assessments,2025-26,Make a Difference: Weekly Assessment: Week 2
019eb11c-410a-7ffb-86e6-a0294c669670,7892331284,ELA,Grade 3,Lesson  Assessments,2025-26,Make a Difference: Weekly Assessment: Week 3
019eb11c-410a-7ffb-86e6-a0294c669670,7892331285,ELA,Grade 3,Lesson  Assessments,2025-26,Module Assessment: Make a Difference
019eb11c-410a-7ffb-86e6-a0294c669670,7892332870,ELA,Grade 3,Lesson  Assessments,2025-26,What a Character!: Weekly Assessment: Week 1
019eb11c-410a-7ffb-86e6-a0294c669670,7892332875,ELA,Grade 3,Lesson  Assessments,2025-26,What a Character!: Weekly Assessment: Week 2
019eb11c-410a-7ffb-86e6-a0294c669670,7892332879,ELA,Grade 3,Lesson  Assessments,2025-26,What a Character!: Weekly Assessment: Week 3
019eb11c-410a-7ffb-86e6-a0294c669670,7892332883,ELA,Grade 3,Lesson  Assessments,2025-26,Module Assessment: What a Character!
019eb11c-410a-7ffb-86e6-a0294c669670,7892332888,ELA,Grade 3,Lesson  Assessments,2025-26,Use Your Words: Weekly Assessment: Week 1
019eb11c-410a-7ffb-86e6-a0294c669670,7892332892,ELA,Grade 3,Lesson  Assessments,2025-26,Use Your Words: Weekly Assessment: Week 2
019eb11c-410a-7ffb-86e6-a0294c669670,7892332898,ELA,Grade 3,Lesson  Assessments,2025-26,Use Your Words: Weekly Assessment: Week 3
019eb11c-410a-7ffb-86e6-a0294c669670,7892332901,ELA,Grade 3,Lesson  Assessments,2025-26,Module Assessment: Use Your Words
019eb11c-410a-7ffb-86e6-a0294c669670,7892332902,ELA,Grade 3,Lesson  Assessments,2025-26,Let Freedom Ring!: Weekly Assessment: Week 1
019eb11c-410a-7ffb-86e6-a0294c669670,7892332903,ELA,Grade 3,Lesson  Assessments,2025-26,Let Freedom Ring!: Weekly Assessment: Week 2
019eb11c-410a-7ffb-86e6-a0294c669670,7892332904,ELA,Grade 3,Lesson  Assessments,2025-26,Let Freedom Ring!: Weekly Assessment: Week 3
019eb11c-410a-7ffb-86e6-a0294c669670,7892332905,ELA,Grade 3,Lesson  Assessments,2025-26,Module Assessment: Let Freedom Ring!
019eb11c-410a-7ffb-86e6-a0294c669670,7892332906,ELA,Grade 3,Lesson  Assessments,2025-26,Stories on Stage: Weekly Assessment: Week 1
019eb11c-410a-7ffb-86e6-a0294c669670,7892332907,ELA,Grade 3,Lesson  Assessments,2025-26,Stories on Stage: Weekly Assessment: Week 2
019eb11c-410a-7ffb-86e6-a0294c669670,7892332908,ELA,Grade 3,Lesson  Assessments,2025-26,Stories on Stage: Weekly Assessment: Week 3
019eb11c-410a-7ffb-86e6-a0294c669670,7892332909,ELA,Grade 3,Lesson  Assessments,2025-26,Module Assessment: Stories on Stage
019eb11c-410a-7ffb-86e6-a0294c669670,7892332911,ELA,Grade 3,Lesson  Assessments,2025-26,Teamwork: Weekly Assessment: Week 1
019eb11c-410a-7ffb-86e6-a0294c669670,7892332912,ELA,Grade 3,Lesson  Assessments,2025-26,Teamwork: Weekly Assessment: Week 2
019eb11c-410a-7ffb-86e6-a0294c669670,7892332913,ELA,Grade 3,Lesson  Assessments,2025-26,Teamwork: Weekly Assessment: Week 3
019eb11c-410a-7ffb-86e6-a0294c669670,7892332915,ELA,Grade 3,Lesson  Assessments,2025-26,Module Assessment: Teamwork
019eb11c-410a-7ffb-86e6-a0294c669670,7892332916,ELA,Grade 3,Lesson  Assessments,2025-26,Animal Behaviors: Weekly Assessment: Week 1
019eb11c-410a-7ffb-86e6-a0294c669670,7892332921,ELA,Grade 3,Lesson  Assessments,2025-26,Module Assessment: Animal Behaviors
019eb11c-410a-7ffb-86e6-a0294c669670,7892332922,ELA,Grade 3,Lesson  Assessments,2025-26,Make a Difference: Weekly Assessment: Week 1
019eb11c-410a-7ffb-86e6-a0294c669670,7892332923,ELA,Grade 3,Lesson  Assessments,2025-26,Make a Difference: Weekly Assessment: Week 2
019eb11c-410a-7ffb-86e6-a0294c669670,7892332924,ELA,Grade 3,Lesson  Assessments,2025-26,Make a Difference: Weekly Assessment: Week 3
019eb11c-410a-7ffb-86e6-a0294c669670,7892332925,ELA,Grade 3,Lesson  Assessments,2025-26,Module Assessment: Make a Difference
019eb11c-410a-7ffb-86e6-a0294c669670,7892334256,ELA,Grade 4,Lesson  Assessments,2025-26,What Makes Us Who We Are?: Weekly Assessment: Week 2
019eb11c-410a-7ffb-86e6-a0294c669670,7892334260,ELA,Grade 4,Lesson  Assessments,2025-26,What Makes Us Who We Are?: Weekly Assessment: Week 3
019eb11c-410a-7ffb-86e6-a0294c669670,7892334263,ELA,Grade 4,Lesson  Assessments,2025-26,Module Assessment: What Makes Us Who We Are?
019eb11c-410a-7ffb-86e6-a0294c669670,7892334267,ELA,Grade 4,Lesson  Assessments,2025-26,Come to Your Senses: Weekly Assessment: Week 1
019eb11c-410a-7ffb-86e6-a0294c669670,7892334270,ELA,Grade 4,Lesson  Assessments,2025-26,Come to Your Senses: Weekly Assessment: Week 2
019eb11c-410a-7ffb-86e6-a0294c669670,7892334275,ELA,Grade 4,Lesson  Assessments,2025-26,Come to Your Senses: Weekly Assessment: Week 3
019eb11c-410a-7ffb-86e6-a0294c669670,7892334278,ELA,Grade 4,Lesson  Assessments,2025-26,Module Assessment: Come to Your Senses
019eb11c-410a-7ffb-86e6-a0294c669670,7892334282,ELA,Grade 4,Lesson  Assessments,2025-26,Rise to the Occasion: Weekly Assessment: Week 1
019eb11c-410a-7ffb-86e6-a0294c669670,7892334286,ELA,Grade 4,Lesson  Assessments,2025-26,Rise to the Occasion: Weekly Assessment: Week 2
019eb11c-410a-7ffb-86e6-a0294c669670,7892334290,ELA,Grade 4,Lesson  Assessments,2025-26,Rise to the Occasion: Weekly Assessment: Week 3
019eb11c-410a-7ffb-86e6-a0294c669670,7892334294,ELA,Grade 4,Lesson  Assessments,2025-26,Module Assessment: Rise to the Occasion
019eb11c-410a-7ffb-86e6-a0294c669670,7892334295,ELA,Grade 4,Lesson  Assessments,2025-26,Heroic Feats: Weekly Assessment: Week 1
019eb11c-410a-7ffb-86e6-a0294c669670,7892334296,ELA,Grade 4,Lesson  Assessments,2025-26,Heroic Feats: Weekly Assessment: Week 2
019eb11c-410a-7ffb-86e6-a0294c669670,7892334297,ELA,Grade 4,Lesson  Assessments,2025-26,Heroic Feats: Weekly Assessment: Week 3
019eb11c-410a-7ffb-86e6-a0294c669670,7892334298,ELA,Grade 4,Lesson  Assessments,2025-26,Module Assessment: Heroic Feats
019eb11c-410a-7ffb-86e6-a0294c669670,7892334299,ELA,Grade 4,Lesson  Assessments,2025-26,Art Everywhere: Weekly Assessment: Week 1
019eb11c-410a-7ffb-86e6-a0294c669670,7892334300,ELA,Grade 4,Lesson  Assessments,2025-26,Art Everywhere: Weekly Assessment: Week 2
019eb11c-410a-7ffb-86e6-a0294c669670,7892334301,ELA,Grade 4,Lesson  Assessments,2025-26,Art Everywhere: Weekly Assessment: Week 3
019eb11c-410a-7ffb-86e6-a0294c669670,7892334302,ELA,Grade 4,Lesson  Assessments,2025-26,Module Assessment: Art Everywhere
019eb11c-410a-7ffb-86e6-a0294c669670,7892334303,ELA,Grade 4,Lesson  Assessments,2025-26,Marvels of Nature: Weekly Assessment: Week 1
019eb11c-410a-7ffb-86e6-a0294c669670,7892334305,ELA,Grade 4,Lesson  Assessments,2025-26,Marvels of Nature: Weekly Assessment: Week 3
019eb11c-410a-7ffb-86e6-a0294c669670,7892334306,ELA,Grade 4,Lesson  Assessments,2025-26,Module Assessment: Marvels of Nature
019eb11c-410a-7ffb-86e6-a0294c669670,7892334309,ELA,Grade 4,Lesson  Assessments,2025-26,Tricksters and Tall Tales: Weekly Assessment: Week 1
019eb11c-410a-7ffb-86e6-a0294c669670,7892334310,ELA,Grade 4,Lesson  Assessments,2025-26,Tricksters and Tall Tales: Weekly Assessment: Week 2
019eb11c-410a-7ffb-86e6-a0294c669670,7892334311,ELA,Grade 4,Lesson  Assessments,2025-26,Tricksters and Tall Tales: Weekly Assessment: Week 3
019eb11c-410a-7ffb-86e6-a0294c669670,7892334312,ELA,Grade 4,Lesson  Assessments,2025-26,Module Assessment: Tricksters and Tall Tales
019eb11c-410a-7ffb-86e6-a0294c669670,7892334572,ELA,Grade 4,Lesson  Assessments,2025-26,What Makes Us Who We Are?: Weekly Assessment: Week 1
019eb11c-410a-7ffb-86e6-a0294c669670,7892334576,ELA,Grade 4,Lesson  Assessments,2025-26,What Makes Us Who We Are?: Weekly Assessment: Week 2
019eb11c-410a-7ffb-86e6-a0294c669670,7892334581,ELA,Grade 4,Lesson  Assessments,2025-26,What Makes Us Who We Are?: Weekly Assessment: Week 3
019eb11c-410a-7ffb-86e6-a0294c669670,7892334586,ELA,Grade 4,Lesson  Assessments,2025-26,Module Assessment: What Makes Us Who We Are?
019eb11c-410a-7ffb-86e6-a0294c669670,7892334590,ELA,Grade 4,Lesson  Assessments,2025-26,Come to Your Senses: Weekly Assessment: Week 1
019eb11c-410a-7ffb-86e6-a0294c669670,7892334594,ELA,Grade 4,Lesson  Assessments,2025-26,Come to Your Senses: Weekly Assessment: Week 2
019eb11c-410a-7ffb-86e6-a0294c669670,7892334600,ELA,Grade 4,Lesson  Assessments,2025-26,Come to Your Senses: Weekly Assessment: Week 3
019eb11c-410a-7ffb-86e6-a0294c669670,7892334604,ELA,Grade 4,Lesson  Assessments,2025-26,Module Assessment: Come to Your Senses
019eb11c-410a-7ffb-86e6-a0294c669670,7892334608,ELA,Grade 4,Lesson  Assessments,2025-26,Rise to the Occasion: Weekly Assessment: Week 1
019eb11c-410a-7ffb-86e6-a0294c669670,7892334612,ELA,Grade 4,Lesson  Assessments,2025-26,Rise to the Occasion: Weekly Assessment: Week 2
019eb11c-410a-7ffb-86e6-a0294c669670,7892334617,ELA,Grade 4,Lesson  Assessments,2025-26,Rise to the Occasion: Weekly Assessment: Week 3
019eb11c-410a-7ffb-86e6-a0294c669670,7892334621,ELA,Grade 4,Lesson  Assessments,2025-26,Module Assessment: Rise to the Occasion
019eb11c-410a-7ffb-86e6-a0294c669670,7892334625,ELA,Grade 4,Lesson  Assessments,2025-26,Heroic Feats: Weekly Assessment: Week 1
019eb11c-410a-7ffb-86e6-a0294c669670,7892334630,ELA,Grade 4,Lesson  Assessments,2025-26,Heroic Feats: Weekly Assessment: Week 2
019eb11c-410a-7ffb-86e6-a0294c669670,7892334636,ELA,Grade 4,Lesson  Assessments,2025-26,Heroic Feats: Weekly Assessment: Week 3
019eb11c-410a-7ffb-86e6-a0294c669670,7892334641,ELA,Grade 4,Lesson  Assessments,2025-26,Module Assessment: Heroic Feats
019eb11c-410a-7ffb-86e6-a0294c669670,7892334645,ELA,Grade 4,Lesson  Assessments,2025-26,Art Everywhere: Weekly Assessment: Week 1
019eb11c-410a-7ffb-86e6-a0294c669670,7892334646,ELA,Grade 4,Lesson  Assessments,2025-26,Art Everywhere: Weekly Assessment: Week 2
019eb11c-410a-7ffb-86e6-a0294c669670,7892334647,ELA,Grade 4,Lesson  Assessments,2025-26,Art Everywhere: Weekly Assessment: Week 3
019eb11c-410a-7ffb-86e6-a0294c669670,7892334648,ELA,Grade 4,Lesson  Assessments,2025-26,Module Assessment: Art Everywhere
019eb11c-410a-7ffb-86e6-a0294c669670,7892334649,ELA,Grade 4,Lesson  Assessments,2025-26,Marvels of Nature: Weekly Assessment: Week 1
019eb11c-410a-7ffb-86e6-a0294c669670,7892334651,ELA,Grade 4,Lesson  Assessments,2025-26,Marvels of Nature: Weekly Assessment: Week 3
019eb11c-410a-7ffb-86e6-a0294c669670,7892334652,ELA,Grade 4,Lesson  Assessments,2025-26,Module Assessment: Marvels of Nature
019eb11c-410a-7ffb-86e6-a0294c669670,7892334653,ELA,Grade 4,Lesson  Assessments,2025-26,Tricksters and Tall Tales: Weekly Assessment: Week 1
019eb11c-410a-7ffb-86e6-a0294c669670,7892334655,ELA,Grade 4,Lesson  Assessments,2025-26,Tricksters and Tall Tales: Weekly Assessment: Week 2
019eb11c-410a-7ffb-86e6-a0294c669670,7892334657,ELA,Grade 4,Lesson  Assessments,2025-26,Tricksters and Tall Tales: Weekly Assessment: Week 3
019eb11c-410a-7ffb-86e6-a0294c669670,7892334659,ELA,Grade 4,Lesson  Assessments,2025-26,Module Assessment: Tricksters and Tall Tales
019eb11c-410a-7ffb-86e6-a0294c669670,7892335794,ELA,Grade 4,Lesson  Assessments,2025-26,What Makes Us Who We Are?: Weekly Assessment: Week 1
019eb11c-410a-7ffb-86e6-a0294c669670,7892335798,ELA,Grade 4,Lesson  Assessments,2025-26,What Makes Us Who We Are?: Weekly Assessment: Week 2
019eb11c-410a-7ffb-86e6-a0294c669670,7892335803,ELA,Grade 4,Lesson  Assessments,2025-26,What Makes Us Who We Are?: Weekly Assessment: Week 3
019eb11c-410a-7ffb-86e6-a0294c669670,7892335807,ELA,Grade 4,Lesson  Assessments,2025-26,Module Assessment: What Makes Us Who We Are?
019eb11c-410a-7ffb-86e6-a0294c669670,7892335811,ELA,Grade 4,Lesson  Assessments,2025-26,Come to Your Senses: Weekly Assessment: Week 1
019eb11c-410a-7ffb-86e6-a0294c669670,7892335815,ELA,Grade 4,Lesson  Assessments,2025-26,Come to Your Senses: Weekly Assessment: Week 2
019eb11c-410a-7ffb-86e6-a0294c669670,7892335819,ELA,Grade 4,Lesson  Assessments,2025-26,Come to Your Senses: Weekly Assessment: Week 3
019eb11c-410a-7ffb-86e6-a0294c669670,7892335823,ELA,Grade 4,Lesson  Assessments,2025-26,Module Assessment: Come to Your Senses
019eb11c-410a-7ffb-86e6-a0294c669670,7892335828,ELA,Grade 4,Lesson  Assessments,2025-26,Rise to the Occasion: Weekly Assessment: Week 1
019eb11c-410a-7ffb-86e6-a0294c669670,7892335831,ELA,Grade 4,Lesson  Assessments,2025-26,Rise to the Occasion: Weekly Assessment: Week 2
019eb11c-410a-7ffb-86e6-a0294c669670,7892335836,ELA,Grade 4,Lesson  Assessments,2025-26,Rise to the Occasion: Weekly Assessment: Week 3
019eb11c-410a-7ffb-86e6-a0294c669670,7892335840,ELA,Grade 4,Lesson  Assessments,2025-26,Module Assessment: Rise to the Occasion
019eb11c-410a-7ffb-86e6-a0294c669670,7892335845,ELA,Grade 4,Lesson  Assessments,2025-26,Heroic Feats: Weekly Assessment: Week 1
019eb11c-410a-7ffb-86e6-a0294c669670,7892335848,ELA,Grade 4,Lesson  Assessments,2025-26,Heroic Feats: Weekly Assessment: Week 2
019eb11c-410a-7ffb-86e6-a0294c669670,7892335852,ELA,Grade 4,Lesson  Assessments,2025-26,Heroic Feats: Weekly Assessment: Week 3
019eb11c-410a-7ffb-86e6-a0294c669670,7892335856,ELA,Grade 4,Lesson  Assessments,2025-26,Module Assessment: Heroic Feats
019eb11c-410a-7ffb-86e6-a0294c669670,7892335860,ELA,Grade 4,Lesson  Assessments,2025-26,Art Everywhere: Weekly Assessment: Week 1
019eb11c-410a-7ffb-86e6-a0294c669670,7892335863,ELA,Grade 4,Lesson  Assessments,2025-26,Art Everywhere: Weekly Assessment: Week 2
019eb11c-410a-7ffb-86e6-a0294c669670,7892335868,ELA,Grade 4,Lesson  Assessments,2025-26,Art Everywhere: Weekly Assessment: Week 3
019eb11c-410a-7ffb-86e6-a0294c669670,7892335871,ELA,Grade 4,Lesson  Assessments,2025-26,Module Assessment: Art Everywhere
019eb11c-410a-7ffb-86e6-a0294c669670,7892335875,ELA,Grade 4,Lesson  Assessments,2025-26,Marvels of Nature: Weekly Assessment: Week 1
019eb11c-410a-7ffb-86e6-a0294c669670,7892335885,ELA,Grade 4,Lesson  Assessments,2025-26,Marvels of Nature: Weekly Assessment: Week 3
019eb11c-410a-7ffb-86e6-a0294c669670,7892335890,ELA,Grade 4,Lesson  Assessments,2025-26,Module Assessment: Marvels of Nature
019eb11c-410a-7ffb-86e6-a0294c669670,7892335897,ELA,Grade 4,Lesson  Assessments,2025-26,Tricksters and Tall Tales: Weekly Assessment: Week 1
019eb11c-410a-7ffb-86e6-a0294c669670,7892335902,ELA,Grade 4,Lesson  Assessments,2025-26,Tricksters and Tall Tales: Weekly Assessment: Week 2
019eb11c-410a-7ffb-86e6-a0294c669670,7892335906,ELA,Grade 4,Lesson  Assessments,2025-26,Tricksters and Tall Tales: Weekly Assessment: Week 3
019eb11c-410a-7ffb-86e6-a0294c669670,7892335910,ELA,Grade 4,Lesson  Assessments,2025-26,Module Assessment: Tricksters and Tall Tales
019eb11c-410a-7ffb-86e6-a0294c669670,7892337539,ELA,Grade 5,Lesson  Assessments,2025-26,Inventors at Work: Weekly Assessment: Week 1
019eb11c-410a-7ffb-86e6-a0294c669670,7892337546,ELA,Grade 5,Lesson  Assessments,2025-26,Inventors at Work: Weekly Assessment: Week 2
019eb11c-410a-7ffb-86e6-a0294c669670,7892337555,ELA,Grade 5,Lesson  Assessments,2025-26,Inventors at Work: Weekly Assessment: Week 3
019eb11c-410a-7ffb-86e6-a0294c669670,7892337561,ELA,Grade 5,Lesson  Assessments,2025-26,Module Assessment: Inventors at Work
019eb11c-410a-7ffb-86e6-a0294c669670,7892337570,ELA,Grade 5,Lesson  Assessments,2025-26,What a Story: Weekly Assessment: Week 1
019eb11c-410a-7ffb-86e6-a0294c669670,7892337576,ELA,Grade 5,Lesson  Assessments,2025-26,What a Story: Weekly Assessment: Week 2
019eb11c-410a-7ffb-86e6-a0294c669670,7892337584,ELA,Grade 5,Lesson  Assessments,2025-26,What a Story: Weekly Assessment: Week 3
019eb11c-410a-7ffb-86e6-a0294c669670,7892337591,ELA,Grade 5,Lesson  Assessments,2025-26,Module Assessment: What a Story
019eb11c-410a-7ffb-86e6-a0294c669670,7892337597,ELA,Grade 5,Lesson  Assessments,2025-26,Natural Disasters: Weekly Assessment: Week 1
019eb11c-410a-7ffb-86e6-a0294c669670,7892337604,ELA,Grade 5,Lesson  Assessments,2025-26,Natural Disasters: Weekly Assessment: Week 2
019eb11c-410a-7ffb-86e6-a0294c669670,7892337610,ELA,Grade 5,Lesson  Assessments,2025-26,Natural Disasters: Weekly Assessment: Week 3
019eb11c-410a-7ffb-86e6-a0294c669670,7892337613,ELA,Grade 5,Lesson  Assessments,2025-26,Module Assessment: Natural Disasters
019eb11c-410a-7ffb-86e6-a0294c669670,7892337614,ELA,Grade 5,Lesson  Assessments,2025-26,Wild West: Weekly Assessment: Week 1
019eb11c-410a-7ffb-86e6-a0294c669670,7892337615,ELA,Grade 5,Lesson  Assessments,2025-26,Wild West: Weekly Assessment: Week 2
019eb11c-410a-7ffb-86e6-a0294c669670,7892337616,ELA,Grade 5,Lesson  Assessments,2025-26,Wild West: Weekly Assessment: Week 3
019eb11c-410a-7ffb-86e6-a0294c669670,7892337617,ELA,Grade 5,Lesson  Assessments,2025-26,Module Assessment: Wild West
019eb11c-410a-7ffb-86e6-a0294c669670,7892337618,ELA,Grade 5,Lesson  Assessments,2025-26,Project Earth: Weekly Assessment: Week 1
019eb11c-410a-7ffb-86e6-a0294c669670,7892337619,ELA,Grade 5,Lesson  Assessments,2025-26,Project Earth: Weekly Assessment: Week 2
019eb11c-410a-7ffb-86e6-a0294c669670,7892337620,ELA,Grade 5,Lesson  Assessments,2025-26,Project Earth: Weekly Assessment: Week 3
019eb11c-410a-7ffb-86e6-a0294c669670,7892337621,ELA,Grade 5,Lesson  Assessments,2025-26,Module Assessment: Project Earth
019eb11c-410a-7ffb-86e6-a0294c669670,7892337622,ELA,Grade 5,Lesson  Assessments,2025-26,Art for Everyone: Weekly Assessment: Week 1
019eb11c-410a-7ffb-86e6-a0294c669670,7892337625,ELA,Grade 5,Lesson  Assessments,2025-26,Module Assessment: Art for Everyone
019eb11c-410a-7ffb-86e6-a0294c669670,7892337626,ELA,Grade 5,Lesson  Assessments,2025-26,"Above, Below, and Beyond: Weekly Assessment: Week 1"
019eb11c-410a-7ffb-86e6-a0294c669670,7892337628,ELA,Grade 5,Lesson  Assessments,2025-26,"Above, Below, and Beyond: Weekly Assessment: Week 2"
019eb11c-410a-7ffb-86e6-a0294c669670,7892337629,ELA,Grade 5,Lesson  Assessments,2025-26,"Above, Below, and Beyond: Weekly Assessment: Week 3"
019eb11c-410a-7ffb-86e6-a0294c669670,7892337630,ELA,Grade 5,Lesson  Assessments,2025-26,"Module Assessment: Above, Below, and Beyond"
019eb11c-410a-7ffb-86e6-a0294c669670,7892338190,ELA,Grade 5,Lesson  Assessments,2025-26,Inventors at Work: Weekly Assessment: Week 1
019eb11c-410a-7ffb-86e6-a0294c669670,7892338192,ELA,Grade 5,Lesson  Assessments,2025-26,Inventors at Work: Weekly Assessment: Week 2
019eb11c-410a-7ffb-86e6-a0294c669670,7892338193,ELA,Grade 5,Lesson  Assessments,2025-26,Inventors at Work: Weekly Assessment: Week 3
019eb11c-410a-7ffb-86e6-a0294c669670,7892338194,ELA,Grade 5,Lesson  Assessments,2025-26,Module Assessment: Inventors at Work
019eb11c-410a-7ffb-86e6-a0294c669670,7892338195,ELA,Grade 5,Lesson  Assessments,2025-26,What a Story: Weekly Assessment: Week 1
019eb11c-410a-7ffb-86e6-a0294c669670,7892338196,ELA,Grade 5,Lesson  Assessments,2025-26,What a Story: Weekly Assessment: Week 2
019eb11c-410a-7ffb-86e6-a0294c669670,7892338198,ELA,Grade 5,Lesson  Assessments,2025-26,What a Story: Weekly Assessment: Week 3
019eb11c-410a-7ffb-86e6-a0294c669670,7892338199,ELA,Grade 5,Lesson  Assessments,2025-26,Module Assessment: What a Story
019eb11c-410a-7ffb-86e6-a0294c669670,7892338202,ELA,Grade 5,Lesson  Assessments,2025-26,Natural Disasters: Weekly Assessment: Week 1
019eb11c-410a-7ffb-86e6-a0294c669670,7892338203,ELA,Grade 5,Lesson  Assessments,2025-26,Natural Disasters: Weekly Assessment: Week 2
019eb11c-410a-7ffb-86e6-a0294c669670,7892338204,ELA,Grade 5,Lesson  Assessments,2025-26,Natural Disasters: Weekly Assessment: Week 3
019eb11c-410a-7ffb-86e6-a0294c669670,7892338205,ELA,Grade 5,Lesson  Assessments,2025-26,Module Assessment: Natural Disasters
019eb11c-410a-7ffb-86e6-a0294c669670,7892338206,ELA,Grade 5,Lesson  Assessments,2025-26,Wild West: Weekly Assessment: Week 1
019eb11c-410a-7ffb-86e6-a0294c669670,7892338207,ELA,Grade 5,Lesson  Assessments,2025-26,Wild West: Weekly Assessment: Week 2
019eb11c-410a-7ffb-86e6-a0294c669670,7892338208,ELA,Grade 5,Lesson  Assessments,2025-26,Wild West: Weekly Assessment: Week 3
019eb11c-410a-7ffb-86e6-a0294c669670,7892338209,ELA,Grade 5,Lesson  Assessments,2025-26,Module Assessment: Wild West
019eb11c-410a-7ffb-86e6-a0294c669670,7892338210,ELA,Grade 5,Lesson  Assessments,2025-26,Project Earth: Weekly Assessment: Week 1
019eb11c-410a-7ffb-86e6-a0294c669670,7892338211,ELA,Grade 5,Lesson  Assessments,2025-26,Project Earth: Weekly Assessment: Week 2
019eb11c-410a-7ffb-86e6-a0294c669670,7892338212,ELA,Grade 5,Lesson  Assessments,2025-26,Project Earth: Weekly Assessment: Week 3
019eb11c-410a-7ffb-86e6-a0294c669670,7892338213,ELA,Grade 5,Lesson  Assessments,2025-26,Module Assessment: Project Earth
019eb11c-410a-7ffb-86e6-a0294c669670,7892338214,ELA,Grade 5,Lesson  Assessments,2025-26,Art for Everyone: Weekly Assessment: Week 1
019eb11c-410a-7ffb-86e6-a0294c669670,7892338217,ELA,Grade 5,Lesson  Assessments,2025-26,Module Assessment: Art for Everyone
019eb11c-410a-7ffb-86e6-a0294c669670,7892338218,ELA,Grade 5,Lesson  Assessments,2025-26,"Above, Below, and Beyond: Weekly Assessment: Week 1"
019eb11c-410a-7ffb-86e6-a0294c669670,7892338219,ELA,Grade 5,Lesson  Assessments,2025-26,"Above, Below, and Beyond: Weekly Assessment: Week 2"
019eb11c-410a-7ffb-86e6-a0294c669670,7892338220,ELA,Grade 5,Lesson  Assessments,2025-26,"Above, Below, and Beyond: Weekly Assessment: Week 3"
019eb11c-410a-7ffb-86e6-a0294c669670,7892338221,ELA,Grade 5,Lesson  Assessments,2025-26,"Module Assessment: Above, Below, and Beyond"
019eb11c-410a-7ffb-86e6-a0294c669670,7892344217,ELA,Grade K,Lesson  Assessments,2025-26,Curious About Kindergarten: Weekly Assessment: Week 2
019eb11c-410a-7ffb-86e6-a0294c669670,7892344225,ELA,Grade K,Lesson  Assessments,2025-26,Curious About Kindergarten: Weekly Assessment: Week 3
019eb11c-410a-7ffb-86e6-a0294c669670,7892344255,ELA,Grade K,Lesson  Assessments,2025-26,There's Only One Me!: Weekly Assessment: Week 1
019eb11c-410a-7ffb-86e6-a0294c669670,7892344265,ELA,Grade K,Lesson  Assessments,2025-26,There's Only One Me!: Weekly Assessment: Week 2
019eb11c-410a-7ffb-86e6-a0294c669670,7892344275,ELA,Grade K,Lesson  Assessments,2025-26,There's Only One Me!: Weekly Assessment: Week 3
019eb11c-410a-7ffb-86e6-a0294c669670,7892344277,ELA,Grade K,Lesson  Assessments,2025-26,Module Assessment: There's Only One Me!
019eb11c-410a-7ffb-86e6-a0294c669670,7892344278,ELA,Grade K,Lesson  Assessments,2025-26,My Community Heroes: Weekly Assessment: Week 1
019eb11c-410a-7ffb-86e6-a0294c669670,7892344279,ELA,Grade K,Lesson  Assessments,2025-26,My Community Heroes: Weekly Assessment: Week 2
019eb11c-410a-7ffb-86e6-a0294c669670,7892344280,ELA,Grade K,Lesson  Assessments,2025-26,My Community Heroes: Weekly Assessment: Week 3
019eb11c-410a-7ffb-86e6-a0294c669670,7892344282,ELA,Grade K,Lesson  Assessments,2025-26,Module Assessment: My Community Heroes
019eb11c-410a-7ffb-86e6-a0294c669670,7892344283,ELA,Grade K,Lesson  Assessments,2025-26,Happy Healthy Me: Weekly Assessment: Week 1
019eb11c-410a-7ffb-86e6-a0294c669670,7892344284,ELA,Grade K,Lesson  Assessments,2025-26,Happy Healthy Me: Weekly Assessment: Week 2
019eb11c-410a-7ffb-86e6-a0294c669670,7892344285,ELA,Grade K,Lesson  Assessments,2025-26,Happy Healthy Me: Weekly Assessment: Week 3
019eb11c-410a-7ffb-86e6-a0294c669670,7892344287,ELA,Grade K,Lesson  Assessments,2025-26,Module Assessment: Happy Healthy Me
019eb11c-410a-7ffb-86e6-a0294c669670,7892344288,ELA,Grade K,Lesson  Assessments,2025-26,I Can Do It!: Weekly Assessment: Week 1
019eb11c-410a-7ffb-86e6-a0294c669670,7892344289,ELA,Grade K,Lesson  Assessments,2025-26,I Can Do It!: Weekly Assessment: Week 2
019eb11c-410a-7ffb-86e6-a0294c669670,7892344290,ELA,Grade K,Lesson  Assessments,2025-26,I Can Do It!: Weekly Assessment: Week 3
019eb11c-410a-7ffb-86e6-a0294c669670,7892344292,ELA,Grade K,Lesson  Assessments,2025-26,Module Assessment: I Can Do It!
019eb11c-410a-7ffb-86e6-a0294c669670,7892344293,ELA,Grade K,Lesson  Assessments,2025-26,Home of the Free and the Brave: Weekly Assessment: Week 1
019eb11c-410a-7ffb-86e6-a0294c669670,7892344297,ELA,Grade K,Lesson  Assessments,2025-26,Module Assessment: Home of the Free and the Brave
019eb11c-410a-7ffb-86e6-a0294c669670,7892344303,ELA,Grade K,Lesson  Assessments,2025-26,From Plant to Plate: Weekly Assessment: Week 1
019eb11c-410a-7ffb-86e6-a0294c669670,7892344304,ELA,Grade K,Lesson  Assessments,2025-26,From Plant to Plate: Weekly Assessment: Week 2
019eb11c-410a-7ffb-86e6-a0294c669670,7892344307,ELA,Grade K,Lesson  Assessments,2025-26,Module Assessment: From Plant to Plate
019eb11c-410a-7ffb-86e6-a0294c669670,7892345731,ELA,Grade K,Lesson  Assessments,2025-26,Curious About Kindergarten: Weekly Assessment: Week 2
019eb11c-410a-7ffb-86e6-a0294c669670,7892345732,ELA,Grade K,Lesson  Assessments,2025-26,Curious About Kindergarten: Weekly Assessment: Week 3
019eb11c-410a-7ffb-86e6-a0294c669670,7892345735,ELA,Grade K,Lesson  Assessments,2025-26,There's Only One Me!: Weekly Assessment: Week 1
019eb11c-410a-7ffb-86e6-a0294c669670,7892345736,ELA,Grade K,Lesson  Assessments,2025-26,There's Only One Me!: Weekly Assessment: Week 2
019eb11c-410a-7ffb-86e6-a0294c669670,7892345737,ELA,Grade K,Lesson  Assessments,2025-26,There's Only One Me!: Weekly Assessment: Week 3
019eb11c-410a-7ffb-86e6-a0294c669670,7892345739,ELA,Grade K,Lesson  Assessments,2025-26,Module Assessment: There's Only One Me!
019eb11c-410a-7ffb-86e6-a0294c669670,7892345740,ELA,Grade K,Lesson  Assessments,2025-26,My Community Heroes: Weekly Assessment: Week 1
019eb11c-410a-7ffb-86e6-a0294c669670,7892345742,ELA,Grade K,Lesson  Assessments,2025-26,My Community Heroes: Weekly Assessment: Week 2
019eb11c-410a-7ffb-86e6-a0294c669670,7892345743,ELA,Grade K,Lesson  Assessments,2025-26,My Community Heroes: Weekly Assessment: Week 3
019eb11c-410a-7ffb-86e6-a0294c669670,7892345745,ELA,Grade K,Lesson  Assessments,2025-26,Module Assessment: My Community Heroes
019eb11c-410a-7ffb-86e6-a0294c669670,7892345746,ELA,Grade K,Lesson  Assessments,2025-26,Happy Healthy Me: Weekly Assessment: Week 1
019eb11c-410a-7ffb-86e6-a0294c669670,7892345750,ELA,Grade K,Lesson  Assessments,2025-26,Happy Healthy Me: Weekly Assessment: Week 2
019eb11c-410a-7ffb-86e6-a0294c669670,7892345752,ELA,Grade K,Lesson  Assessments,2025-26,Happy Healthy Me: Weekly Assessment: Week 3
019eb11c-410a-7ffb-86e6-a0294c669670,7892345754,ELA,Grade K,Lesson  Assessments,2025-26,Module Assessment: Happy Healthy Me
019eb11c-410a-7ffb-86e6-a0294c669670,7892345755,ELA,Grade K,Lesson  Assessments,2025-26,I Can Do It!: Weekly Assessment: Week 1
019eb11c-410a-7ffb-86e6-a0294c669670,7892345756,ELA,Grade K,Lesson  Assessments,2025-26,I Can Do It!: Weekly Assessment: Week 2
019eb11c-410a-7ffb-86e6-a0294c669670,7892345757,ELA,Grade K,Lesson  Assessments,2025-26,I Can Do It!: Weekly Assessment: Week 3
019eb11c-410a-7ffb-86e6-a0294c669670,7892345759,ELA,Grade K,Lesson  Assessments,2025-26,Module Assessment: I Can Do It!
019eb11c-410a-7ffb-86e6-a0294c669670,7892345763,ELA,Grade K,Lesson  Assessments,2025-26,Home of the Free and the Brave: Weekly Assessment: Week 1
019eb11c-410a-7ffb-86e6-a0294c669670,7892345768,ELA,Grade K,Lesson  Assessments,2025-26,Module Assessment: Home of the Free and the Brave
019eb11c-410a-7ffb-86e6-a0294c669670,7892345769,ELA,Grade K,Lesson  Assessments,2025-26,Zoom In!: Weekly Assessment: Week 1
019eb11c-410a-7ffb-86e6-a0294c669670,7892345770,ELA,Grade K,Lesson  Assessments,2025-26,Zoom In!: Weekly Assessment: Week 2
019eb11c-410a-7ffb-86e6-a0294c669670,7892345771,ELA,Grade K,Lesson  Assessments,2025-26,Zoom In!: Weekly Assessment: Week 3
019eb11c-410a-7ffb-86e6-a0294c669670,7892345776,ELA,Grade K,Lesson  Assessments,2025-26,Module Assessment: Zoom In!
019eb11c-410a-7ffb-86e6-a0294c669670,7892345779,ELA,Grade K,Lesson  Assessments,2025-26,From Plant to Plate: Weekly Assessment: Week 1
019eb11c-410a-7ffb-86e6-a0294c669670,7892345781,ELA,Grade K,Lesson  Assessments,2025-26,From Plant to Plate: Weekly Assessment: Week 2
019eb11c-410a-7ffb-86e6-a0294c669670,7892345784,ELA,Grade K,Lesson  Assessments,2025-26,Module Assessment: From Plant to Plate
019eb11c-410a-7ffb-86e6-a0294c669670,7892345921,ELA,Grade K,Lesson  Assessments,2025-26,Curious About Kindergarten: Weekly Assessment: Week 1
019eb11c-410a-7ffb-86e6-a0294c669670,7892345922,ELA,Grade K,Lesson  Assessments,2025-26,Curious About Kindergarten: Weekly Assessment: Week 2
019eb11c-410a-7ffb-86e6-a0294c669670,7892345923,ELA,Grade K,Lesson  Assessments,2025-26,Curious About Kindergarten: Weekly Assessment: Week 3
019eb11c-410a-7ffb-86e6-a0294c669670,7892345926,ELA,Grade K,Lesson  Assessments,2025-26,There's Only One Me!: Weekly Assessment: Week 1
019eb11c-410a-7ffb-86e6-a0294c669670,7892345927,ELA,Grade K,Lesson  Assessments,2025-26,There's Only One Me!: Weekly Assessment: Week 2
019eb11c-410a-7ffb-86e6-a0294c669670,7892345928,ELA,Grade K,Lesson  Assessments,2025-26,There's Only One Me!: Weekly Assessment: Week 3
019eb11c-410a-7ffb-86e6-a0294c669670,7892345930,ELA,Grade K,Lesson  Assessments,2025-26,Module Assessment: There's Only One Me!
019eb11c-410a-7ffb-86e6-a0294c669670,7892345931,ELA,Grade K,Lesson  Assessments,2025-26,My Community Heroes: Weekly Assessment: Week 1
019eb11c-410a-7ffb-86e6-a0294c669670,7892345932,ELA,Grade K,Lesson  Assessments,2025-26,My Community Heroes: Weekly Assessment: Week 2
019eb11c-410a-7ffb-86e6-a0294c669670,7892345933,ELA,Grade K,Lesson  Assessments,2025-26,My Community Heroes: Weekly Assessment: Week 3
019eb11c-410a-7ffb-86e6-a0294c669670,7892345937,ELA,Grade K,Lesson  Assessments,2025-26,Module Assessment: My Community Heroes
019eb11c-410a-7ffb-86e6-a0294c669670,7892345938,ELA,Grade K,Lesson  Assessments,2025-26,Happy Healthy Me: Weekly Assessment: Week 1
019eb11c-410a-7ffb-86e6-a0294c669670,7892345939,ELA,Grade K,Lesson  Assessments,2025-26,Happy Healthy Me: Weekly Assessment: Week 2
019eb11c-410a-7ffb-86e6-a0294c669670,7892345940,ELA,Grade K,Lesson  Assessments,2025-26,Happy Healthy Me: Weekly Assessment: Week 3
019eb11c-410a-7ffb-86e6-a0294c669670,7892345942,ELA,Grade K,Lesson  Assessments,2025-26,Module Assessment: Happy Healthy Me
019eb11c-410a-7ffb-86e6-a0294c669670,7892345943,ELA,Grade K,Lesson  Assessments,2025-26,I Can Do It!: Weekly Assessment: Week 1
019eb11c-410a-7ffb-86e6-a0294c669670,7892345944,ELA,Grade K,Lesson  Assessments,2025-26,I Can Do It!: Weekly Assessment: Week 2
019eb11c-410a-7ffb-86e6-a0294c669670,7892345945,ELA,Grade K,Lesson  Assessments,2025-26,I Can Do It!: Weekly Assessment: Week 3
019eb11c-410a-7ffb-86e6-a0294c669670,7892345947,ELA,Grade K,Lesson  Assessments,2025-26,Module Assessment: I Can Do It!
019eb11c-410a-7ffb-86e6-a0294c669670,7892345950,ELA,Grade K,Lesson  Assessments,2025-26,Home of the Free and the Brave: Weekly Assessment: Week 1
019eb11c-410a-7ffb-86e6-a0294c669670,7892345954,ELA,Grade K,Lesson  Assessments,2025-26,Module Assessment: Home of the Free and the Brave
019eb11c-410a-7ffb-86e6-a0294c669670,7892345960,ELA,Grade K,Lesson  Assessments,2025-26,From Plant to Plate: Weekly Assessment: Week 1
019eb11c-410a-7ffb-86e6-a0294c669670,7892345961,ELA,Grade K,Lesson  Assessments,2025-26,From Plant to Plate: Weekly Assessment: Week 2
019eb11c-410a-7ffb-86e6-a0294c669670,7892345964,ELA,Grade K,Lesson  Assessments,2025-26,Module Assessment: From Plant to Plate
019eb11c-410a-7ffb-86e6-a0294c669670,7892346373,ELA,Grade 6,Lesson  Assessments,2025-26,from Brown Girl Dreaming Selection Test
019eb11c-410a-7ffb-86e6-a0294c669670,7892346381,ELA,Grade 6,Lesson  Assessments,2025-26,from Selfie: The Changing Face of Self-Portraits Selection Test
019eb11c-410a-7ffb-86e6-a0294c669670,7892346388,ELA,Grade 6,Lesson  Assessments,2025-26,"What?s so Funny, Mr. Scieszka? Selection Test"
019eb11c-410a-7ffb-86e6-a0294c669670,7892346389,ELA,Grade 6,Lesson  Assessments,2025-26,A Voice / Words Like Freedom Selection Test
019eb11c-410a-7ffb-86e6-a0294c669670,7892346390,ELA,Grade 6,Lesson  Assessments,2025-26,"Better Than Words: Say It With a Selfie / OMG, Not Another Selfie! Selection Test"
019eb11c-410a-7ffb-86e6-a0294c669670,7892346391,ELA,Grade 6,Lesson  Assessments,2025-26,Discovering Your Voice Unit Test
019eb11c-410a-7ffb-86e6-a0294c669670,7892346392,ELA,Grade 6,Lesson  Assessments,2025-26,A Schoolgirls' Diary from I am Malala Selection Test
019eb11c-410a-7ffb-86e6-a0294c669670,7892346394,ELA,Grade 6,Lesson  Assessments,2025-26,The First Day of School / from New Kid Selection Test
019eb11c-410a-7ffb-86e6-a0294c669670,7892346395,ELA,Grade 6,Lesson  Assessments,2025-26,Speech to the Young: Speech to the Progress Toward Selection Test
019eb11c-410a-7ffb-86e6-a0294c669670,7892346396,ELA,Grade 6,Lesson  Assessments,2025-26,Never Give Up Unit Test
019eb11c-410a-7ffb-86e6-a0294c669670,7892346397,ELA,Grade 6,Lesson  Assessments,2025-26,The Breadwinner Selection Test
019eb11c-410a-7ffb-86e6-a0294c669670,7892346398,ELA,Grade 6,Lesson  Assessments,2025-26,Life Doesn't Frighten Me Selection Test
019eb11c-410a-7ffb-86e6-a0294c669670,7892346399,ELA,Grade 6,Lesson  Assessments,2025-26,Fears and Phobias Selection Test
019eb11c-410a-7ffb-86e6-a0294c669670,7892346400,ELA,Grade 6,Lesson  Assessments,2025-26,Wired for Fear Selection Test
019eb11c-410a-7ffb-86e6-a0294c669670,7892346401,ELA,Grade 6,Lesson  Assessments,2025-26,Embarrassed? Blame Your Brain / The Ravine Selection Test
019eb11c-410a-7ffb-86e6-a0294c669670,7892346402,ELA,Grade 6,Lesson  Assessments,2025-26,from Into the Air /  from The Wright Brothers: How They Invented the Airplane Selection Test
019eb11c-410a-7ffb-86e6-a0294c669670,7892346403,ELA,Grade 6,Lesson  Assessments,2025-26,Finding Courage Unit Test
019eb11c-410a-7ffb-86e6-a0294c669670,7892346407,ELA,Grade 6,Lesson  Assessments,2025-26,from Pax Selection Test
019eb11c-410a-7ffb-86e6-a0294c669670,7892346408,ELA,Grade 6,Lesson  Assessments,2025-26,Zoo Selection Test
019eb11c-410a-7ffb-86e6-a0294c669670,7892346409,ELA,Grade 6,Lesson  Assessments,2025-26,from Animal Snoops: The Wondrous World of Wildlife Spies Selection Test
019eb11c-410a-7ffb-86e6-a0294c669670,7892346410,ELA,Grade 6,Lesson  Assessments,2025-26,Animal Wisdom / The Last Wolf Selection Test
019eb11c-410a-7ffb-86e6-a0294c669670,7892346411,ELA,Grade 6,Lesson  Assessments,2025-26,Wild Animals Aren?t Pets / Let People Own Exotic Animals Selection Test
019eb11c-410a-7ffb-86e6-a0294c669670,7892346412,ELA,Grade 8,Lesson  Assessments,2025-26,Through an Animal?s Eyes Unit Test
019eb11c-410a-7ffb-86e6-a0294c669670,7892348224,ELA,Grade 7,Lesson  Assessments,2025-26,Mirror Image Selection Test
019eb11c-410a-7ffb-86e6-a0294c669670,7892348225,ELA,Grade 7,Lesson  Assessments,2025-26,Not Everything It Seems Selection Test
019eb11c-410a-7ffb-86e6-a0294c669670,7892348226,ELA,Grade 7,Lesson  Assessments,2025-26,Two Legs or One? Selection Test
019eb11c-410a-7ffb-86e6-a0294c669670,7892348227,ELA,Grade 7,Lesson  Assessments,2025-26,The Song of Wandering Aengus / Eldorado Selection Test
019eb11c-410a-7ffb-86e6-a0294c669670,7892348228,ELA,Grade 7,Lesson  Assessments,2025-26,from Monster / from Monster: Graphic Novel Selection Test
019eb11c-410a-7ffb-86e6-a0294c669670,7892348229,ELA,Grade 7,Lesson  Assessments,2025-26,Reality Check Unit Test
019eb11c-410a-7ffb-86e6-a0294c669670,7892348230,ELA,Grade 7,Lesson  Assessments,2025-26,Rogue Wave Selection Test
019eb11c-410a-7ffb-86e6-a0294c669670,7892348231,ELA,Grade 7,Lesson  Assessments,2025-26,The Flight of Icarus Selection Test
019eb11c-410a-7ffb-86e6-a0294c669670,7892348232,ELA,Grade 7,Lesson  Assessments,2025-26,Icarus's Flight Selection Test
019eb11c-410a-7ffb-86e6-a0294c669670,7892348233,ELA,Grade 7,Lesson  Assessments,2025-26,Women in Aviation Selection Test
019eb11c-410a-7ffb-86e6-a0294c669670,7892348236,ELA,Grade 7,Lesson  Assessments,2025-26,Thank You M'am / A Police Stop Changed This Teenager's Life Selection Test
019eb11c-410a-7ffb-86e6-a0294c669670,7892348237,ELA,Grade 7,Lesson  Assessments,2025-26,Heartbeat Selection Test
019eb11c-410a-7ffb-86e6-a0294c669670,7892348238,ELA,Grade 7,Lesson  Assessments,2025-26,Take Control Unit Test
019eb11c-410a-7ffb-86e6-a0294c669670,7892348239,ELA,Grade 7,Lesson  Assessments,2025-26,"Dark They Were, and Golden-Eyed Selection Test"
019eb11c-410a-7ffb-86e6-a0294c669670,7892348240,ELA,Grade 7,Lesson  Assessments,2025-26,Martian Metropolis Selection Test
019eb11c-410a-7ffb-86e6-a0294c669670,7892348241,ELA,Grade 7,Lesson  Assessments,2025-26,Challenges for Space Exploration Selection Test
019eb11c-410a-7ffb-86e6-a0294c669670,7892348242,ELA,Grade 7,Lesson  Assessments,2025-26,What If We Were Alone? Selection Test
019eb11c-410a-7ffb-86e6-a0294c669670,7892348243,ELA,Grade 7,Lesson  Assessments,2025-26,Seven Minutes of Terror Selection Test
019eb11c-410a-7ffb-86e6-a0294c669670,7892348244,ELA,Grade 7,Lesson  Assessments,2025-26,Humans Need to Explore Outer Space / Let Robots Take to the Stars Selection Test
019eb11c-410a-7ffb-86e6-a0294c669670,7892348245,ELA,Grade 7,Lesson  Assessments,2025-26,The Terror and Wonder of Space Unit Test
019eb11c-410a-7ffb-86e6-a0294c669670,7892348246,ELA,Grade 7,Lesson  Assessments,2025-26,Never Retreat from Eyes Wide Open Selection Test
019eb11c-410a-7ffb-86e6-a0294c669670,7892348247,ELA,Grade 7,Lesson  Assessments,2025-26,Mississippi Solo Selection Test
019eb11c-410a-7ffb-86e6-a0294c669670,7892348248,ELA,Grade 7,Lesson  Assessments,2025-26,The Drought Selection Test
019eb11c-410a-7ffb-86e6-a0294c669670,7892348249,ELA,Grade 7,Lesson  Assessments,2025-26,Allied with Green Selection Test
019eb11c-410a-7ffb-86e6-a0294c669670,7892348250,ELA,Grade 7,Lesson  Assessments,2025-26,Ode to enchanted light / Sleeping in the Forest Selection Test
019eb11c-410a-7ffb-86e6-a0294c669670,7892348251,ELA,Grade 7,Lesson  Assessments,2025-26,from Trash Talk / You're Part of the Solution Selection Test
019eb11c-410a-7ffb-86e6-a0294c669670,7892348252,ELA,Grade 7,Lesson  Assessments,2025-26,Inspired by Nature Unit Test
019eb11c-410a-7ffb-86e6-a0294c669670,7892348512,ELA,Grade 8,Lesson  Assessments,2025-26,The Brave Little Toaster Selection Test
019eb11c-410a-7ffb-86e6-a0294c669670,7892348513,ELA,Grade 8,Lesson  Assessments,2025-26,Are Bionic Superhumans on the Horizon? Selection Test
019eb11c-410a-7ffb-86e6-a0294c669670,7892348514,ELA,Grade 8,Lesson  Assessments,2025-26,Interflora Selection Test
019eb11c-410a-7ffb-86e6-a0294c669670,7892348515,ELA,Grade 8,Lesson  Assessments,2025-26,"The Automation Paradox / Heads Up, Humans Selection Test"
019eb11c-410a-7ffb-86e6-a0294c669670,7892348516,ELA,Grade 8,Lesson  Assessments,2025-26,Gadgets and Glitches Unit Test
019eb11c-410a-7ffb-86e6-a0294c669670,7892348517,ELA,Grade 8,Lesson  Assessments,2025-26,What is the Horror Genre? Selection Test
019eb11c-410a-7ffb-86e6-a0294c669670,7892348518,ELA,Grade 8,Lesson  Assessments,2025-26,The Tell-Tale Heart Selection Test
019eb11c-410a-7ffb-86e6-a0294c669670,7892348519,ELA,Grade 8,Lesson  Assessments,2025-26,The Monkey's Paw / from The Monkey's Paw Selection Test
019eb11c-410a-7ffb-86e6-a0294c669670,7892348520,ELA,Grade 8,Lesson  Assessments,2025-26,from The Aeneid of Virgil / from Hades: Lord of the Dead Selection Test
019eb11c-410a-7ffb-86e6-a0294c669670,7892348521,ELA,Grade 8,Lesson  Assessments,2025-26,The Thrill of Horror Unit Test
019eb11c-410a-7ffb-86e6-a0294c669670,7892348522,ELA,Grade 8,Lesson  Assessments,2025-26,My Favorite Chaperone Selection Test
019eb11c-410a-7ffb-86e6-a0294c669670,7892348523,ELA,Grade 8,Lesson  Assessments,2025-26,from The Book of Unknown Americans Selection Test
019eb11c-410a-7ffb-86e6-a0294c669670,7892348524,ELA,Grade 8,Lesson  Assessments,2025-26,Spirit Walking in the Tundra Selection Test
019eb11c-410a-7ffb-86e6-a0294c669670,7892348525,ELA,Grade 8,Lesson  Assessments,2025-26,New Immigrants Share Their Stories / A Common Bond: Teens Forge Friendships. . .  Selection Test
019eb11c-410a-7ffb-86e6-a0294c669670,7892348526,ELA,Grade 8,Lesson  Assessments,2025-26,Places We Call Home Unit Test
019eb11c-410a-7ffb-86e6-a0294c669670,7892348527,ELA,Grade 8,Lesson  Assessments,2025-26,"from Narrative of the Life of Frederick Douglass, an American Slave Selection Test"
019eb11c-410a-7ffb-86e6-a0294c669670,7892348528,ELA,Grade 8,Lesson  Assessments,2025-26,from Harriet Tubman: Conductor of the Underground Railroad Selection Test
019eb11c-410a-7ffb-86e6-a0294c669670,7892348529,ELA,Grade 8,Lesson  Assessments,2025-26,The Drummer Boy of Shiloh Selection Test
019eb11c-410a-7ffb-86e6-a0294c669670,7892348530,ELA,Grade 8,Lesson  Assessments,2025-26,O Captain! My Captain! Selection Test
019eb11c-410a-7ffb-86e6-a0294c669670,7892348531,ELA,Grade 8,Lesson  Assessments,2025-26,Not My Bones / from Fortune?s Bones Selection Test
019eb11c-410a-7ffb-86e6-a0294c669670,7892348532,ELA,Grade 8,Lesson  Assessments,2025-26,The Fight for Freedom Unit Test
019eb11c-410a-7ffb-86e6-a0294c669670,7892349073,Science,Grade 1,Lesson  Assessments,2025-26,Unit 1 Benchmark Test: How Scientists Work
019eb11c-410a-7ffb-86e6-a0294c669670,7892349074,Science,Grade 1,Lesson  Assessments,2025-26,Unit 2 Benchmark Test: Technology All Around Us
019eb11c-410a-7ffb-86e6-a0294c669670,7892349075,Science,Grade 1,Lesson  Assessments,2025-26,Unit 3 Benchmark Test: Objects in the Sky
019eb11c-410a-7ffb-86e6-a0294c669670,7892349076,Science,Grade 1,Lesson  Assessments,2025-26,Unit 4 Benchmark Test: Earth?s Resources
019eb11c-410a-7ffb-86e6-a0294c669670,7892349077,Science,Grade 1,Lesson  Assessments,2025-26,Unit 5 Benchmark Test: Matter
019eb11c-410a-7ffb-86e6-a0294c669670,7892349078,Science,Grade 1,Lesson  Assessments,2025-26,Unit 6 Benchmark Test: Motion
019eb11c-410a-7ffb-86e6-a0294c669670,7892349080,Science,Grade 1,Lesson  Assessments,2025-26,Unit 8 Benchmark Test: Living Things and  Their Parents
019eb11c-410a-7ffb-86e6-a0294c669670,7892349081,Science,Grade 1,Lesson  Assessments,2025-26,Unit 9 Benchmark Test: Plant and Animal Needs
019eb11c-410a-7ffb-86e6-a0294c669670,7892349223,Science,Grade 1,Lesson  Assessments,2025-26,Unit 1 Benchmark Test: How Scientists Work
019eb11c-410a-7ffb-86e6-a0294c669670,7892349224,Science,Grade 1,Lesson  Assessments,2025-26,Unit 2 Benchmark Test: Technology All Around Us
019eb11c-410a-7ffb-86e6-a0294c669670,7892349225,Science,Grade 1,Lesson  Assessments,2025-26,Unit 3 Benchmark Test: Objects in the Sky
019eb11c-410a-7ffb-86e6-a0294c669670,7892349226,Science,Grade 1,Lesson  Assessments,2025-26,Unit 4 Benchmark Test: Earth?s Resources
019eb11c-410a-7ffb-86e6-a0294c669670,7892349227,Science,Grade 1,Lesson  Assessments,2025-26,Unit 5 Benchmark Test: Matter
019eb11c-410a-7ffb-86e6-a0294c669670,7892349228,Science,Grade 1,Lesson  Assessments,2025-26,Unit 6 Benchmark Test: Motion
019eb11c-410a-7ffb-86e6-a0294c669670,7892349229,Science,Grade 1,Lesson  Assessments,2025-26,Unit 7 Benchmark Test: Living Things
019eb11c-410a-7ffb-86e6-a0294c669670,7892349230,Science,Grade 1,Lesson  Assessments,2025-26,Unit 8 Benchmark Test: Living Things and  Their Parents
019eb11c-410a-7ffb-86e6-a0294c669670,7892349231,Science,Grade 1,Lesson  Assessments,2025-26,Unit 9 Benchmark Test: Plant and Animal Needs
019eb11c-410a-7ffb-86e6-a0294c669670,7892349376,Science,Grade 1,Lesson  Assessments,2025-26,Unit 1 Benchmark Test: How Scientists Work
019eb11c-410a-7ffb-86e6-a0294c669670,7892349377,Science,Grade 1,Lesson  Assessments,2025-26,Unit 2 Benchmark Test: Technology All Around Us
019eb11c-410a-7ffb-86e6-a0294c669670,7892349378,Science,Grade 1,Lesson  Assessments,2025-26,Unit 3 Benchmark Test: Objects in the Sky
019eb11c-410a-7ffb-86e6-a0294c669670,7892349379,Science,Grade 1,Lesson  Assessments,2025-26,Unit 4 Benchmark Test: Earth?s Resources
019eb11c-410a-7ffb-86e6-a0294c669670,7892349380,Science,Grade 1,Lesson  Assessments,2025-26,Unit 5 Benchmark Test: Matter
019eb11c-410a-7ffb-86e6-a0294c669670,7892349381,Science,Grade 1,Lesson  Assessments,2025-26,Unit 6 Benchmark Test: Motion
019eb11c-410a-7ffb-86e6-a0294c669670,7892349382,Science,Grade 1,Lesson  Assessments,2025-26,Unit 7 Benchmark Test: Living Things
019eb11c-410a-7ffb-86e6-a0294c669670,7892349383,Science,Grade 1,Lesson  Assessments,2025-26,Unit 8 Benchmark Test: Living Things and  Their Parents
019eb11c-410a-7ffb-86e6-a0294c669670,7892349385,Science,Grade 1,Lesson  Assessments,2025-26,Unit 9 Benchmark Test: Plant and Animal Needs
019eb11c-410a-7ffb-86e6-a0294c669670,7892349539,Science,Grade 2,Lesson  Assessments,2025-26,Unit 1 Benchmark Test: Work Like a Scientist
019eb11c-410a-7ffb-86e6-a0294c669670,7892349540,Science,Grade 2,Lesson  Assessments,2025-26,Unit 2 Benchmark: Technology In Our World
019eb11c-410a-7ffb-86e6-a0294c669670,7892349541,Science,Grade 2,Lesson  Assessments,2025-26,Unit 3 Benchmark Test: Earth's Surface
019eb11c-410a-7ffb-86e6-a0294c669670,7892349543,Science,Grade 2,Lesson  Assessments,2025-26,Unit 4 Benchmark Test: Weather
019eb11c-410a-7ffb-86e6-a0294c669670,7892349547,Science,Grade 2,Lesson  Assessments,2025-26,Unit 5 Benchmark Test: All About Matter
019eb11c-410a-7ffb-86e6-a0294c669670,7892349550,Science,Grade 2,Lesson  Assessments,2025-26,Unit 6 Benchmark Test: Matter Can Change
019eb11c-410a-7ffb-86e6-a0294c669670,7892349554,Science,Grade 2,Lesson  Assessments,2025-26,Unit 7 Benchmark Test: Energy
019eb11c-410a-7ffb-86e6-a0294c669670,7892349557,Science,Grade 2,Lesson  Assessments,2025-26,Unit 8 Benchmark Test: Forces and Motion
019eb11c-410a-7ffb-86e6-a0294c669670,7892349561,Science,Grade 2,Lesson  Assessments,2025-26,Unit 9 Benchmark Test: The Human Body
019eb11c-410a-7ffb-86e6-a0294c669670,7892349564,Science,Grade 2,Lesson  Assessments,2025-26,Unit 10 Benchmark Test: Life Cycles
019eb11c-410a-7ffb-86e6-a0294c669670,7892349567,Science,Grade 2,Lesson  Assessments,2025-26,Unit 11 Benchmark Test: Basic Needs and Environments
019eb11c-410a-7ffb-86e6-a0294c669670,7892350258,Science,Grade 2,Lesson  Assessments,2025-26,Unit 1 Benchmark Test: Work Like a Scientist
019eb11c-410a-7ffb-86e6-a0294c669670,7892350259,Science,Grade 2,Lesson  Assessments,2025-26,Unit 2 Benchmark: Technology In Our World
019eb11c-410a-7ffb-86e6-a0294c669670,7892350260,Science,Grade 2,Lesson  Assessments,2025-26,Unit 3 Benchmark Test: Earth's Surface
019eb11c-410a-7ffb-86e6-a0294c669670,7892350261,Science,Grade 2,Lesson  Assessments,2025-26,Unit 4 Benchmark Test: Weather
019eb11c-410a-7ffb-86e6-a0294c669670,7892350262,Science,Grade 2,Lesson  Assessments,2025-26,Unit 5 Benchmark Test: All About Matter
019eb11c-410a-7ffb-86e6-a0294c669670,7892350263,Science,Grade 2,Lesson  Assessments,2025-26,Unit 6 Benchmark Test: Matter Can Change
019eb11c-410a-7ffb-86e6-a0294c669670,7892350264,Science,Grade 2,Lesson  Assessments,2025-26,Unit 7 Benchmark Test: Energy
019eb11c-410a-7ffb-86e6-a0294c669670,7892350265,Science,Grade 2,Lesson  Assessments,2025-26,Unit 8 Benchmark Test: Forces and Motion
019eb11c-410a-7ffb-86e6-a0294c669670,7892350267,Science,Grade 2,Lesson  Assessments,2025-26,Unit 9 Benchmark Test: The Human Body
019eb11c-410a-7ffb-86e6-a0294c669670,7892350268,Science,Grade 2,Lesson  Assessments,2025-26,Unit 10 Benchmark Test: Life Cycles
019eb11c-410a-7ffb-86e6-a0294c669670,7892350269,Science,Grade 2,Lesson  Assessments,2025-26,Unit 11 Benchmark Test: Basic Needs and Environments
019eb11c-410a-7ffb-86e6-a0294c669670,7892350480,Science,Grade 2,Lesson  Assessments,2025-26,Unit 1 Benchmark Test: Work Like a Scientist
019eb11c-410a-7ffb-86e6-a0294c669670,7892350481,Science,Grade 2,Lesson  Assessments,2025-26,Unit 2 Benchmark: Technology In Our World
019eb11c-410a-7ffb-86e6-a0294c669670,7892350482,Science,Grade 2,Lesson  Assessments,2025-26,Unit 3 Benchmark Test: Earth's Surface
019eb11c-410a-7ffb-86e6-a0294c669670,7892350483,Science,Grade 2,Lesson  Assessments,2025-26,Unit 4 Benchmark Test: Weather
019eb11c-410a-7ffb-86e6-a0294c669670,7892350484,Science,Grade 2,Lesson  Assessments,2025-26,Unit 5 Benchmark Test: All About Matter
019eb11c-410a-7ffb-86e6-a0294c669670,7892350485,Science,Grade 2,Lesson  Assessments,2025-26,Unit 6 Benchmark Test: Matter Can Change
019eb11c-410a-7ffb-86e6-a0294c669670,7892350488,Science,Grade 2,Lesson  Assessments,2025-26,Unit 7 Benchmark Test: Energy
019eb11c-410a-7ffb-86e6-a0294c669670,7892350490,Science,Grade 2,Lesson  Assessments,2025-26,Unit 8 Benchmark Test: Forces and Motion
019eb11c-410a-7ffb-86e6-a0294c669670,7892350491,Science,Grade 2,Lesson  Assessments,2025-26,Unit 9 Benchmark Test: The Human Body
019eb11c-410a-7ffb-86e6-a0294c669670,7892350492,Science,Grade 2,Lesson  Assessments,2025-26,Unit 10 Benchmark Test: Life Cycles
019eb11c-410a-7ffb-86e6-a0294c669670,7892350493,Science,Grade 2,Lesson  Assessments,2025-26,Unit 11 Benchmark Test: Basic Needs and Environments
019eb11c-410a-7ffb-86e6-a0294c669670,7892350639,Science,Grade 3,Lesson  Assessments,2025-26,Unit 1 Benchmark Test: Investigating Questions
019eb11c-410a-7ffb-86e6-a0294c669670,7892350647,Science,Grade 3,Lesson  Assessments,2025-26,Unit 2 Benchmark Test: The Engineering Process
019eb11c-410a-7ffb-86e6-a0294c669670,7892350658,Science,Grade 3,Lesson  Assessments,2025-26,Unit 3 Benchmark Test: Earth and Stars
019eb11c-410a-7ffb-86e6-a0294c669670,7892350665,Science,Grade 3,Lesson  Assessments,2025-26,Unit 4 Benchmark Test: Properties of Matter
019eb11c-410a-7ffb-86e6-a0294c669670,7892350671,Science,Grade 3,Lesson  Assessments,2025-26,Unit 5 Benchmark Test: Forms of Energy
019eb11c-410a-7ffb-86e6-a0294c669670,7892350672,Science,Grade 3,Lesson  Assessments,2025-26,Unit 6 Benchmark Test: Heat Sources
019eb11c-410a-7ffb-86e6-a0294c669670,7892350674,Science,Grade 3,Lesson  Assessments,2025-26,Unit 7 Benchmark Test: Plants and the Environment
019eb11c-410a-7ffb-86e6-a0294c669670,7892350675,Science,Grade 3,Lesson  Assessments,2025-26,Unit 8 Benchmark Test: Classifying Plants and Animals
019eb11c-410a-7ffb-86e6-a0294c669670,7892350676,Science,Grade 3,Lesson  Assessments,2025-26,Unit 9 Benchmark Test: Living Things Change
019eb11c-410a-7ffb-86e6-a0294c669670,7892351048,Science,Grade 3,Lesson  Assessments,2025-26,Unit 1 Benchmark Test: Investigating Questions
019eb11c-410a-7ffb-86e6-a0294c669670,7892351049,Science,Grade 3,Lesson  Assessments,2025-26,Unit 2 Benchmark Test: The Engineering Process
019eb11c-410a-7ffb-86e6-a0294c669670,7892351052,Science,Grade 3,Lesson  Assessments,2025-26,Unit 3 Benchmark Test: Earth and Stars
019eb11c-410a-7ffb-86e6-a0294c669670,7892351053,Science,Grade 3,Lesson  Assessments,2025-26,Unit 4 Benchmark Test: Properties of Matter
019eb11c-410a-7ffb-86e6-a0294c669670,7892351054,Science,Grade 3,Lesson  Assessments,2025-26,Unit 5 Benchmark Test: Forms of Energy
019eb11c-410a-7ffb-86e6-a0294c669670,7892351055,Science,Grade 3,Lesson  Assessments,2025-26,Unit 6 Benchmark Test: Heat Sources
019eb11c-410a-7ffb-86e6-a0294c669670,7892351056,Science,Grade 3,Lesson  Assessments,2025-26,Unit 7 Benchmark Test: Plants and the Environment
019eb11c-410a-7ffb-86e6-a0294c669670,7892351057,Science,Grade 3,Lesson  Assessments,2025-26,Unit 8 Benchmark Test: Classifying Plants and Animals
019eb11c-410a-7ffb-86e6-a0294c669670,7892351058,Science,Grade 3,Lesson  Assessments,2025-26,Unit 9 Benchmark Test: Living Things Change
019eb11c-410a-7ffb-86e6-a0294c669670,7892351367,Science,Grade 4,Lesson  Assessments,2025-26,Unit 1 Benchmark Test: Studying Science
019eb11c-410a-7ffb-86e6-a0294c669670,7892351368,Science,Grade 4,Lesson  Assessments,2025-26,Unit 2 Benchmark Test: The Engineering Process
019eb11c-410a-7ffb-86e6-a0294c669670,7892351371,Science,Grade 4,Lesson  Assessments,2025-26,Unit 3 Benchmark Test: Earth's Place in Space
019eb11c-410a-7ffb-86e6-a0294c669670,7892351372,Science,Grade 4,Lesson  Assessments,2025-26,"Unit 4 Benchmark Test: Rocks, Minerals, and Resources"
019eb11c-410a-7ffb-86e6-a0294c669670,7892351373,Science,Grade 4,Lesson  Assessments,2025-26,Unit 5 Benchmark Test: Matter and It's Properties
019eb11c-410a-7ffb-86e6-a0294c669670,7892351374,Science,Grade 4,Lesson  Assessments,2025-26,Unit 6 Benchmark Test: Matter and It's Changes
019eb11c-410a-7ffb-86e6-a0294c669670,7892351375,Science,Grade 4,Lesson  Assessments,2025-26,Unit 7 Benchmark Test: Energy and Its Uses
019eb11c-410a-7ffb-86e6-a0294c669670,7892351376,Science,Grade 4,Lesson  Assessments,2025-26,Unit 8 Benchmark Test: Heat
019eb11c-410a-7ffb-86e6-a0294c669670,7892351377,Science,Grade 4,Lesson  Assessments,2025-26,Unit 9 Benchmark Test: Forces and Motion
019eb11c-410a-7ffb-86e6-a0294c669670,7892351378,Science,Grade 4,Lesson  Assessments,2025-26,Unit 10 Benchmark Test: Life Cycles and Growth
019eb11c-410a-7ffb-86e6-a0294c669670,7892351379,Science,Grade 4,Lesson  Assessments,2025-26,Unit 11 Benchmark Test: Organisms and Their Environment
019eb11c-410a-7ffb-86e6-a0294c669670,7892351521,Science,Grade 4,Lesson  Assessments,2025-26,Unit 1 Benchmark Test: Studying Science
019eb11c-410a-7ffb-86e6-a0294c669670,7892351525,Science,Grade 4,Lesson  Assessments,2025-26,Unit 2 Benchmark Test: The Engineering Process
019eb11c-410a-7ffb-86e6-a0294c669670,7892351526,Science,Grade 4,Lesson  Assessments,2025-26,Unit 3 Benchmark Test: Earth's Place in Space
019eb11c-410a-7ffb-86e6-a0294c669670,7892351527,Science,Grade 4,Lesson  Assessments,2025-26,"Unit 4 Benchmark Test: Rocks, Minerals, and Resources"
019eb11c-410a-7ffb-86e6-a0294c669670,7892351528,Science,Grade 4,Lesson  Assessments,2025-26,Unit 5 Benchmark Test: Matter and It's Properties
019eb11c-410a-7ffb-86e6-a0294c669670,7892351529,Science,Grade 4,Lesson  Assessments,2025-26,Unit 6 Benchmark Test: Matter and It's Changes
019eb11c-410a-7ffb-86e6-a0294c669670,7892351530,Science,Grade 4,Lesson  Assessments,2025-26,Unit 7 Benchmark Test: Energy and Its Uses
019eb11c-410a-7ffb-86e6-a0294c669670,7892351531,Science,Grade 4,Lesson  Assessments,2025-26,Unit 8 Benchmark Test: Heat
019eb11c-410a-7ffb-86e6-a0294c669670,7892351532,Science,Grade 4,Lesson  Assessments,2025-26,Unit 9 Benchmark Test: Forces and Motion
019eb11c-410a-7ffb-86e6-a0294c669670,7892351533,Science,Grade 4,Lesson  Assessments,2025-26,Unit 10 Benchmark Test: Life Cycles and Growth
019eb11c-410a-7ffb-86e6-a0294c669670,7892351534,Science,Grade 4,Lesson  Assessments,2025-26,Unit 11 Benchmark Test: Organisms and Their Environment
019eb11c-410a-7ffb-86e6-a0294c669670,7892351701,Science,Grade 4,Lesson  Assessments,2025-26,Unit 1 Benchmark Test: Studying Science
019eb11c-410a-7ffb-86e6-a0294c669670,7892351702,Science,Grade 4,Lesson  Assessments,2025-26,Unit 2 Benchmark Test: The Engineering Process
019eb11c-410a-7ffb-86e6-a0294c669670,7892351703,Science,Grade 4,Lesson  Assessments,2025-26,Unit 3 Benchmark Test: Earth's Place in Space
019eb11c-410a-7ffb-86e6-a0294c669670,7892351704,Science,Grade 4,Lesson  Assessments,2025-26,"Unit 4 Benchmark Test: Rocks, Minerals, and Resources"
019eb11c-410a-7ffb-86e6-a0294c669670,7892351705,Science,Grade 4,Lesson  Assessments,2025-26,Unit 5 Benchmark Test: Matter and It's Properties
019eb11c-410a-7ffb-86e6-a0294c669670,7892351706,Science,Grade 4,Lesson  Assessments,2025-26,Unit 6 Benchmark Test: Matter and It's Changes
019eb11c-410a-7ffb-86e6-a0294c669670,7892351707,Science,Grade 4,Lesson  Assessments,2025-26,Unit 7 Benchmark Test: Energy and Its Uses
019eb11c-410a-7ffb-86e6-a0294c669670,7892351708,Science,Grade 4,Lesson  Assessments,2025-26,Unit 8 Benchmark Test: Heat
019eb11c-410a-7ffb-86e6-a0294c669670,7892351709,Science,Grade 4,Lesson  Assessments,2025-26,Unit 9 Benchmark Test: Forces and Motion
019eb11c-410a-7ffb-86e6-a0294c669670,7892351710,Science,Grade 4,Lesson  Assessments,2025-26,Unit 10 Benchmark Test: Life Cycles and Growth
019eb11c-410a-7ffb-86e6-a0294c669670,7892351712,Science,Grade 4,Lesson  Assessments,2025-26,Unit 11 Benchmark Test: Organisms and Their Environment
019eb11c-410a-7ffb-86e6-a0294c669670,7892352737,Science,Grade 5,Lesson  Assessments,2025-26,Unit 1 Benchmark Test: Scientists at Work
019eb11c-410a-7ffb-86e6-a0294c669670,7892352739,Science,Grade 5,Lesson  Assessments,2025-26,Unit 3 Benchmark Test: The Solar System and the Universe
019eb11c-410a-7ffb-86e6-a0294c669670,7892352740,Science,Grade 5,Lesson  Assessments,2025-26,"Unit 4 Benchmark Test: Weather, Climate, and the Water Cycle"
019eb11c-410a-7ffb-86e6-a0294c669670,7892352742,Science,Grade 5,Lesson  Assessments,2025-26,Unit 6 Benchmark Test: Forms of Energy
019eb11c-410a-7ffb-86e6-a0294c669670,7892352743,Science,Grade 5,Lesson  Assessments,2025-26,Unit 7 Benchmark Test: Working with Electricity
019eb11c-410a-7ffb-86e6-a0294c669670,7892352744,Science,Grade 5,Lesson  Assessments,2025-26,Unit 8 Benchmark Test: Forces and Motion
019eb11c-410a-7ffb-86e6-a0294c669670,7892352745,Science,Grade 5,Lesson  Assessments,2025-26,Unit 9 Benchmark Test: The Structure of Living Things
019eb11c-410a-7ffb-86e6-a0294c669670,7892352746,Science,Grade 5,Lesson  Assessments,2025-26,Unit 10 Benchmark Test: Changes in Environments
019eb11c-410a-7ffb-86e6-a0294c669670,7892352747,Science,Grade 5,Lesson  Assessments,2025-26,Unit 11 Benchmark Test: Plant and Animal Adaptations
019eb11c-410a-7ffb-86e6-a0294c669670,7892353178,Science,Grade 5,Lesson  Assessments,2025-26,Unit 1 Benchmark Test: Scientists at Work
019eb11c-410a-7ffb-86e6-a0294c669670,7892353193,Science,Grade 5,Lesson  Assessments,2025-26,Unit 3 Benchmark Test: The Solar System and the Universe
019eb11c-410a-7ffb-86e6-a0294c669670,7892353201,Science,Grade 5,Lesson  Assessments,2025-26,"Unit 4 Benchmark Test: Weather, Climate, and the Water Cycle"
019eb11c-410a-7ffb-86e6-a0294c669670,7892353217,Science,Grade 5,Lesson  Assessments,2025-26,Unit 6 Benchmark Test: Forms of Energy
019eb11c-410a-7ffb-86e6-a0294c669670,7892353226,Science,Grade 5,Lesson  Assessments,2025-26,Unit 7 Benchmark Test: Working with Electricity
019eb11c-410a-7ffb-86e6-a0294c669670,7892353236,Science,Grade 5,Lesson  Assessments,2025-26,Unit 8 Benchmark Test: Forces and Motion
019eb11c-410a-7ffb-86e6-a0294c669670,7892353243,Science,Grade 5,Lesson  Assessments,2025-26,Unit 9 Benchmark Test: The Structure of Living Things
019eb11c-410a-7ffb-86e6-a0294c669670,7892353252,Science,Grade 5,Lesson  Assessments,2025-26,Unit 10 Benchmark Test: Changes in Environments
019eb11c-410a-7ffb-86e6-a0294c669670,7892353262,Science,Grade 5,Lesson  Assessments,2025-26,Unit 11 Benchmark Test: Plant and Animal Adaptations
019eb11c-410a-7ffb-86e6-a0294c669670,7892353558,Science,Grade K,Lesson  Assessments,2025-26,Unit 1 Benchmark Test: Doing Science
019eb11c-410a-7ffb-86e6-a0294c669670,7892353565,Science,Grade K,Lesson  Assessments,2025-26,Unit 2 Benchmark Test: Animals
019eb11c-410a-7ffb-86e6-a0294c669670,7892353570,Science,Grade K,Lesson  Assessments,2025-26,Unit 3 Benchmark Test: Plants
019eb11c-410a-7ffb-86e6-a0294c669670,7892353575,Science,Grade K,Lesson  Assessments,2025-26,Unit 4 Benchmark Test: Day and Night
019eb11c-410a-7ffb-86e6-a0294c669670,7892353582,Science,Grade K,Lesson  Assessments,2025-26,Unit 5 Benchmark Test: Matter
019eb11c-410a-7ffb-86e6-a0294c669670,7892353587,Science,Grade K,Lesson  Assessments,2025-26,Unit 6 Benchmark Test: Energy
019eb11c-410a-7ffb-86e6-a0294c669670,7892353592,Science,Grade K,Lesson  Assessments,2025-26,Unit 7 Benchmark Test: Motion
019eb11c-410a-7ffb-86e6-a0294c669670,7892353987,Science,Grade K,Lesson  Assessments,2025-26,Unit 2 Benchmark Test: Animals
019eb11c-410a-7ffb-86e6-a0294c669670,7892353988,Science,Grade K,Lesson  Assessments,2025-26,Unit 3 Benchmark Test: Plants
019eb11c-410a-7ffb-86e6-a0294c669670,7892353993,Science,Grade K,Lesson  Assessments,2025-26,Unit 4 Benchmark Test: Day and Night
019eb11c-410a-7ffb-86e6-a0294c669670,7892353994,Science,Grade K,Lesson  Assessments,2025-26,Unit 5 Benchmark Test: Matter
019eb11c-410a-7ffb-86e6-a0294c669670,7892353995,Science,Grade K,Lesson  Assessments,2025-26,Unit 6 Benchmark Test: Energy
019eb11c-410a-7ffb-86e6-a0294c669670,7892353996,Science,Grade K,Lesson  Assessments,2025-26,Unit 7 Benchmark Test: Motion
019eb11c-410a-7ffb-86e6-a0294c669670,7892354336,Science,Grade K,Lesson  Assessments,2025-26,Unit 1 Benchmark Test: Doing Science
019eb11c-410a-7ffb-86e6-a0294c669670,7892354337,Science,Grade K,Lesson  Assessments,2025-26,Unit 2 Benchmark Test: Animals
019eb11c-410a-7ffb-86e6-a0294c669670,7892354338,Science,Grade K,Lesson  Assessments,2025-26,Unit 3 Benchmark Test: Plants
019eb11c-410a-7ffb-86e6-a0294c669670,7892354339,Science,Grade K,Lesson  Assessments,2025-26,Unit 4 Benchmark Test: Day and Night
019eb11c-410a-7ffb-86e6-a0294c669670,7892354340,Science,Grade K,Lesson  Assessments,2025-26,Unit 5 Benchmark Test: Matter
019eb11c-410a-7ffb-86e6-a0294c669670,7892354341,Science,Grade K,Lesson  Assessments,2025-26,Unit 6 Benchmark Test: Energy
019eb11c-410a-7ffb-86e6-a0294c669670,7892354342,Science,Grade K,Lesson  Assessments,2025-26,Unit 7 Benchmark Test: Motion
019eb11c-410a-7ffb-86e6-a0294c669670,7892356625,Science,Grade 6,Lesson  Assessments,2025-26,"Unit 2 Benchmark Test: Weathering, Erosion, Deposition and Landforms"
019eb11c-410a-7ffb-86e6-a0294c669670,7892356626,Science,Grade 6,Lesson  Assessments,2025-26,Unit 3 Benchmark Test: Energy in the Earth Systems
019eb11c-410a-7ffb-86e6-a0294c669670,7892356627,Science,Grade 6,Lesson  Assessments,2025-26,Unit 4 Benchmark Test: Weather and Climate
019eb11c-410a-7ffb-86e6-a0294c669670,7892356629,Science,Grade 6,Lesson  Assessments,2025-26,Unit 5 Benchmark Test: Motion
019eb11c-410a-7ffb-86e6-a0294c669670,7892356630,Science,Grade 6,Lesson  Assessments,2025-26,Unit 6 Benchmark Test: The Cell
019eb11c-410a-7ffb-86e6-a0294c669670,7892356634,Science,Grade 6,Lesson  Assessments,2025-26,Unit 7 Benchmark Test: Human Body Systems
019eb11c-410a-7ffb-86e6-a0294c669670,7892356637,Science,Grade 6,Lesson  Assessments,2025-26,"Unit 8 Benchmark Test: Immunity, Disease, and Disorders"
019eb11c-410a-7ffb-86e6-a0294c669670,7892356876,Science,Grade 7,Lesson  Assessments,2025-26,Unit 2 Benchmark Test: Earth's Surface
019eb11c-410a-7ffb-86e6-a0294c669670,7892356879,Science,Grade 7,Lesson  Assessments,2025-26,Unit 3 Benchmark Test: Earth's History
019eb11c-410a-7ffb-86e6-a0294c669670,7892356882,Science,Grade 7,Lesson  Assessments,2025-26,Unit 4 Benchmark Test: Human Impact on Earth
019eb11c-410a-7ffb-86e6-a0294c669670,7892356883,Science,Grade 7,Lesson  Assessments,2025-26,Unit 5 Benchmark Test: Waves and Light
019eb11c-410a-7ffb-86e6-a0294c669670,7892356885,Science,Grade 7,Lesson  Assessments,2025-26,Unit 6 Benchmark Test: Energy and Heat
019eb11c-410a-7ffb-86e6-a0294c669670,7892356886,Science,Grade 7,Lesson  Assessments,2025-26,Unit 7 Benchmark Test: Life Over Time
019eb11c-410a-7ffb-86e6-a0294c669670,7892356888,Science,Grade 7,Lesson  Assessments,2025-26,Unit 8 Benchmark Test: Reproduction and Heredity
019eb11c-410a-7ffb-86e6-a0294c669670,7892356891,Science,Grade 7,Lesson  Assessments,2025-26,Unit 9 Benchmark Test: DNA and Modern Genetics
019eb11c-410a-7ffb-86e6-a0294c669670,7892356893,Science,Grade 7,Lesson  Assessments,2025-26,Unit 10 Benchmark Test: Ecology
019eb11c-410a-7ffb-86e6-a0294c669670,7892357127,Science,Grade 8,Lesson  Assessments,2025-26,Unit 2 Benchmark Test: The Universe
019eb11c-410a-7ffb-86e6-a0294c669670,7892357128,Science,Grade 8,Lesson  Assessments,2025-26,Unit 3 Benchmark Test: The Solar System
019eb11c-410a-7ffb-86e6-a0294c669670,7892357130,Science,Grade 8,Lesson  Assessments,2025-26,Unit 4 Benchmark Test: The Earth-Moon-Sun System
019eb11c-410a-7ffb-86e6-a0294c669670,7892357138,Science,Grade 8,Lesson  Assessments,2025-26,Unit 5 Benchmark Test: Space Exploration
019eb11c-410a-7ffb-86e6-a0294c669670,7892357144,Science,Grade 8,Lesson  Assessments,2025-26,Unit 6 Benchmark Test: Matter
019eb11c-410a-7ffb-86e6-a0294c669670,7892357155,Science,Grade 8,Lesson  Assessments,2025-26,Unit 7 Benchmark Test: Cycling of Matter and Energy
019eb11c-410a-7ffb-86e6-a0294c669670,7892357557,Civics,Grade 8,Lesson  Assessments,2025-26,Unit 1 Test
019eb11c-410a-7ffb-86e6-a0294c669670,7892357560,Civics,Grade 8,Lesson  Assessments,2025-26,Unit 2 Test
019eb11c-410a-7ffb-86e6-a0294c669670,7892357561,Civics,Grade 8,Lesson  Assessments,2025-26,Unit 3 Test
019eb11c-410a-7ffb-86e6-a0294c669670,7892357568,Civics,Grade 8,Lesson  Assessments,2025-26,Unit 4 Test
019eb11c-410a-7ffb-86e6-a0294c669670,7892357574,Civics,Grade 8,Lesson  Assessments,2025-26,Unit 5 Test
019eb11c-410a-7ffb-86e6-a0294c669670,7892357583,Civics,Grade 8,Lesson  Assessments,2025-26,Unit 6 Test
019eb11c-410a-7ffb-86e6-a0294c669670,7892357593,Civics,Grade 8,Lesson  Assessments,2025-26,Unit 7 Test
019eb11c-410a-7ffb-86e6-a0294c669670,7892359041,History,Grade 7,Lesson  Assessments,2025-26,Unit 1 Test
019eb11c-410a-7ffb-86e6-a0294c669670,7892359044,History,Grade 7,Lesson  Assessments,2025-26,Unit 2 Test
019eb11c-410a-7ffb-86e6-a0294c669670,7892359045,History,Grade 7,Lesson  Assessments,2025-26,Unit 3 Test
019eb11c-410a-7ffb-86e6-a0294c669670,7892359047,History,Grade 7,Lesson  Assessments,2025-26,Unit 4 Test
019eb11c-410a-7ffb-86e6-a0294c669670,7892359048,History,Grade 7,Lesson  Assessments,2025-26,Unit 5 Test
019eb11c-410a-7ffb-86e6-a0294c669670,7892359049,History,Grade 7,Lesson  Assessments,2025-26,Slavery and the Wild West Test
019eb11c-410a-7ffb-86e6-a0294c669670,7892360956,History,Grade 6,Lesson  Assessments,2025-26,Unit 1: Early Humans and Societies
019eb11c-410a-7ffb-86e6-a0294c669670,7892360958,History,Grade 6,Lesson  Assessments,2025-26,"Unit: 2 Mesopotamia, Egypt, and Kush"
019eb11c-410a-7ffb-86e6-a0294c669670,7892360959,History,Grade 6,Lesson  Assessments,2025-26,Unit: 3 Civilization in India and China
019eb11c-410a-7ffb-86e6-a0294c669670,7892360965,History,Grade 6,Lesson  Assessments,2025-26,Unit: 4 Foundations of Western Ideas
019eb11c-410a-7ffb-86e6-a0294c669670,7892360966,History,Grade 6,Lesson  Assessments,2025-26,Unit: 5 The Roman World
019eb11c-410a-7ffb-86e6-a0294c669670,7892360969,History,Grade 6,Lesson  Assessments,2025-26,Unit: 6 Islamic and African Civilizations
019eb11c-410a-7ffb-86e6-a0294c669670,7892360972,History,Grade 6,Lesson  Assessments,2025-26,Unit: 7 Empires of Asia and the Americas
019eb11c-410a-7ffb-86e6-a0294c669670,7893366834,Math,Grade 1,Lesson  Assessments,2025-26,Chapter 1
019eb11c-410a-7ffb-86e6-a0294c669670,7893366835,Math,Grade 1,Lesson  Assessments,2025-26,Chapter 2
019eb11c-410a-7ffb-86e6-a0294c669670,7893366838,Math,Grade 1,Lesson  Assessments,2025-26,Chapter 3
019eb11c-410a-7ffb-86e6-a0294c669670,7893366840,Math,Grade 1,Lesson  Assessments,2025-26,Chapter 4
019eb11c-410a-7ffb-86e6-a0294c669670,7893366841,Math,Grade 1,Lesson  Assessments,2025-26,Chapter 5
019eb11c-410a-7ffb-86e6-a0294c669670,7893366842,Math,Grade 1,Lesson  Assessments,2025-26,Chapter 6
019eb11c-410a-7ffb-86e6-a0294c669670,7893366843,Math,Grade 1,Lesson  Assessments,2025-26,Chapter 8
019eb11c-410a-7ffb-86e6-a0294c669670,7893366844,Math,Grade 1,Lesson  Assessments,2025-26,Chapter 7
019eb11c-410a-7ffb-86e6-a0294c669670,7893366846,Math,Grade 1,Lesson  Assessments,2025-26,Chapter 9
019eb11c-410a-7ffb-86e6-a0294c669670,7893366847,Math,Grade 1,Lesson  Assessments,2025-26,Chapter 10
019eb11c-410a-7ffb-86e6-a0294c669670,7893366850,Math,Grade 1,Lesson  Assessments,2025-26,Chapter 11
019eb11c-410a-7ffb-86e6-a0294c669670,7893366851,Math,Grade 1,Lesson  Assessments,2025-26,Chapter 12
019eb11c-410a-7ffb-86e6-a0294c669670,7893366852,Math,Grade 1,Lesson  Assessments,2025-26,Chapter 13
019eb11c-410a-7ffb-86e6-a0294c669670,7893366853,Math,Grade 1,Lesson  Assessments,2025-26,Chapter 14
019eb11c-410a-7ffb-86e6-a0294c669670,7893366857,Math,Grade 1,Lesson  Assessments,2025-26,Chapter 15
019eb11c-410a-7ffb-86e6-a0294c669670,7893366859,Math,Grade 1,Lesson  Assessments,2025-26,Chapter 16
019eb11c-410a-7ffb-86e6-a0294c669670,7893372413,Math,Grade 1,Lesson  Assessments,2025-26,Chapter 1
019eb11c-410a-7ffb-86e6-a0294c669670,7893372417,Math,Grade 1,Lesson  Assessments,2025-26,Chapter 2
019eb11c-410a-7ffb-86e6-a0294c669670,7893372424,Math,Grade 1,Lesson  Assessments,2025-26,Chapter 3
019eb11c-410a-7ffb-86e6-a0294c669670,7893372429,Math,Grade 1,Lesson  Assessments,2025-26,Chapter 4
019eb11c-410a-7ffb-86e6-a0294c669670,7893372436,Math,Grade 1,Lesson  Assessments,2025-26,Chapter 5
019eb11c-410a-7ffb-86e6-a0294c669670,7893372440,Math,Grade 1,Lesson  Assessments,2025-26,Chapter 6
019eb11c-410a-7ffb-86e6-a0294c669670,7893372445,Math,Grade 1,Lesson  Assessments,2025-26,Chapter 8
019eb11c-410a-7ffb-86e6-a0294c669670,7893372450,Math,Grade 1,Lesson  Assessments,2025-26,Chapter 7
019eb11c-410a-7ffb-86e6-a0294c669670,7893372457,Math,Grade 1,Lesson  Assessments,2025-26,Chapter 9
019eb11c-410a-7ffb-86e6-a0294c669670,7893372462,Math,Grade 1,Lesson  Assessments,2025-26,Chapter 10
019eb11c-410a-7ffb-86e6-a0294c669670,7893372468,Math,Grade 1,Lesson  Assessments,2025-26,Chapter 11
019eb11c-410a-7ffb-86e6-a0294c669670,7893372475,Math,Grade 1,Lesson  Assessments,2025-26,Chapter 12
019eb11c-410a-7ffb-86e6-a0294c669670,7893372480,Math,Grade 1,Lesson  Assessments,2025-26,Chapter 13
019eb11c-410a-7ffb-86e6-a0294c669670,7893372484,Math,Grade 1,Lesson  Assessments,2025-26,Chapter 14
019eb11c-410a-7ffb-86e6-a0294c669670,7893372505,Math,Grade 1,Lesson  Assessments,2025-26,Chapter 15
019eb11c-410a-7ffb-86e6-a0294c669670,7893372516,Math,Grade 1,Lesson  Assessments,2025-26,Chapter 16
019eb11c-410a-7ffb-86e6-a0294c669670,7893373608,Math,Grade 1,Lesson  Assessments,2025-26,Chapter 1
019eb11c-410a-7ffb-86e6-a0294c669670,7893373621,Math,Grade 1,Lesson  Assessments,2025-26,Chapter 2
019eb11c-410a-7ffb-86e6-a0294c669670,7893373623,Math,Grade 1,Lesson  Assessments,2025-26,Chapter 3
019eb11c-410a-7ffb-86e6-a0294c669670,7893373628,Math,Grade 1,Lesson  Assessments,2025-26,Chapter 4
019eb11c-410a-7ffb-86e6-a0294c669670,7893373630,Math,Grade 1,Lesson  Assessments,2025-26,Chapter 5
019eb11c-410a-7ffb-86e6-a0294c669670,7893373639,Math,Grade 1,Lesson  Assessments,2025-26,Chapter 6
019eb11c-410a-7ffb-86e6-a0294c669670,7893373644,Math,Grade 1,Lesson  Assessments,2025-26,Chapter 8
019eb11c-410a-7ffb-86e6-a0294c669670,7893373649,Math,Grade 1,Lesson  Assessments,2025-26,Chapter 7
019eb11c-410a-7ffb-86e6-a0294c669670,7893373659,Math,Grade 1,Lesson  Assessments,2025-26,Chapter 9
019eb11c-410a-7ffb-86e6-a0294c669670,7893373664,Math,Grade 1,Lesson  Assessments,2025-26,Chapter 10
019eb11c-410a-7ffb-86e6-a0294c669670,7893373670,Math,Grade 1,Lesson  Assessments,2025-26,Chapter 11
019eb11c-410a-7ffb-86e6-a0294c669670,7893373672,Math,Grade 1,Lesson  Assessments,2025-26,Chapter 12
019eb11c-410a-7ffb-86e6-a0294c669670,7893373679,Math,Grade 1,Lesson  Assessments,2025-26,Chapter 13
019eb11c-410a-7ffb-86e6-a0294c669670,7893373682,Math,Grade 1,Lesson  Assessments,2025-26,Chapter 14
019eb11c-410a-7ffb-86e6-a0294c669670,7893373691,Math,Grade 1,Lesson  Assessments,2025-26,Chapter 15
019eb11c-410a-7ffb-86e6-a0294c669670,7893373693,Math,Grade 1,Lesson  Assessments,2025-26,Chapter 16
019eb11c-410a-7ffb-86e6-a0294c669670,7893397104,Math,Grade 2,Lesson  Assessments,2025-26,Chapter 1
019eb11c-410a-7ffb-86e6-a0294c669670,7893397135,Math,Grade 2,Lesson  Assessments,2025-26,Chapter 2
019eb11c-410a-7ffb-86e6-a0294c669670,7893397162,Math,Grade 2,Lesson  Assessments,2025-26,Chapter 3
019eb11c-410a-7ffb-86e6-a0294c669670,7893397186,Math,Grade 2,Lesson  Assessments,2025-26,Chapter 4
019eb11c-410a-7ffb-86e6-a0294c669670,7893397217,Math,Grade 2,Lesson  Assessments,2025-26,Chapter 5
019eb11c-410a-7ffb-86e6-a0294c669670,7893397236,Math,Grade 2,Lesson  Assessments,2025-26,Chapter 6
019eb11c-410a-7ffb-86e6-a0294c669670,7893397259,Math,Grade 2,Lesson  Assessments,2025-26,Chapter 7
019eb11c-410a-7ffb-86e6-a0294c669670,7893397268,Math,Grade 2,Lesson  Assessments,2025-26,Chapter 8
019eb11c-410a-7ffb-86e6-a0294c669670,7893397279,Math,Grade 2,Lesson  Assessments,2025-26,Chapter 9
019eb11c-410a-7ffb-86e6-a0294c669670,7893397293,Math,Grade 2,Lesson  Assessments,2025-26,Chapter 10
019eb11c-410a-7ffb-86e6-a0294c669670,7893397296,Math,Grade 2,Lesson  Assessments,2025-26,Chapter 11
019eb11c-410a-7ffb-86e6-a0294c669670,7893397298,Math,Grade 2,Lesson  Assessments,2025-26,Chapter 12
019eb11c-410a-7ffb-86e6-a0294c669670,7893397301,Math,Grade 2,Lesson  Assessments,2025-26,Chapter 13
019eb11c-410a-7ffb-86e6-a0294c669670,7893397302,Math,Grade 2,Lesson  Assessments,2025-26,Chapter 14
019eb11c-410a-7ffb-86e6-a0294c669670,7893397304,Math,Grade 2,Lesson  Assessments,2025-26,Chapter 15
019eb11c-410a-7ffb-86e6-a0294c669670,7893397309,Math,Grade 2,Lesson  Assessments,2025-26,Chapter 16
019eb11c-410a-7ffb-86e6-a0294c669670,7893397324,Math,Grade 2,Lesson  Assessments,2025-26,Chapter 17
019eb11c-410a-7ffb-86e6-a0294c669670,7893398171,Math,Grade 2,Lesson  Assessments,2025-26,Chapter 1
019eb11c-410a-7ffb-86e6-a0294c669670,7893398174,Math,Grade 2,Lesson  Assessments,2025-26,Chapter 2
019eb11c-410a-7ffb-86e6-a0294c669670,7893398175,Math,Grade 2,Lesson  Assessments,2025-26,Chapter 3
019eb11c-410a-7ffb-86e6-a0294c669670,7893398180,Math,Grade 2,Lesson  Assessments,2025-26,Chapter 4
019eb11c-410a-7ffb-86e6-a0294c669670,7893398182,Math,Grade 2,Lesson  Assessments,2025-26,Chapter 5
019eb11c-410a-7ffb-86e6-a0294c669670,7893398183,Math,Grade 2,Lesson  Assessments,2025-26,Chapter 6
019eb11c-410a-7ffb-86e6-a0294c669670,7893398185,Math,Grade 2,Lesson  Assessments,2025-26,Chapter 7
019eb11c-410a-7ffb-86e6-a0294c669670,7893398186,Math,Grade 2,Lesson  Assessments,2025-26,Chapter 8
019eb11c-410a-7ffb-86e6-a0294c669670,7893398189,Math,Grade 2,Lesson  Assessments,2025-26,Chapter 9
019eb11c-410a-7ffb-86e6-a0294c669670,7893398190,Math,Grade 2,Lesson  Assessments,2025-26,Chapter 10
019eb11c-410a-7ffb-86e6-a0294c669670,7893398191,Math,Grade 2,Lesson  Assessments,2025-26,Chapter 11
019eb11c-410a-7ffb-86e6-a0294c669670,7893398192,Math,Grade 2,Lesson  Assessments,2025-26,Chapter 12
019eb11c-410a-7ffb-86e6-a0294c669670,7893398193,Math,Grade 2,Lesson  Assessments,2025-26,Chapter 13
019eb11c-410a-7ffb-86e6-a0294c669670,7893398195,Math,Grade 2,Lesson  Assessments,2025-26,Chapter 14
019eb11c-410a-7ffb-86e6-a0294c669670,7893398196,Math,Grade 2,Lesson  Assessments,2025-26,Chapter 15
019eb11c-410a-7ffb-86e6-a0294c669670,7893398198,Math,Grade 2,Lesson  Assessments,2025-26,Chapter 16
019eb11c-410a-7ffb-86e6-a0294c669670,7893398199,Math,Grade 2,Lesson  Assessments,2025-26,Chapter 17
019eb11c-410a-7ffb-86e6-a0294c669670,7893399545,Math,Grade 2,Lesson  Assessments,2025-26,Chapter 1
019eb11c-410a-7ffb-86e6-a0294c669670,7893399547,Math,Grade 2,Lesson  Assessments,2025-26,Chapter 2
019eb11c-410a-7ffb-86e6-a0294c669670,7893399549,Math,Grade 2,Lesson  Assessments,2025-26,Chapter 3
019eb11c-410a-7ffb-86e6-a0294c669670,7893399550,Math,Grade 2,Lesson  Assessments,2025-26,Chapter 4
019eb11c-410a-7ffb-86e6-a0294c669670,7893399551,Math,Grade 2,Lesson  Assessments,2025-26,Chapter 5
019eb11c-410a-7ffb-86e6-a0294c669670,7893399552,Math,Grade 2,Lesson  Assessments,2025-26,Chapter 6
019eb11c-410a-7ffb-86e6-a0294c669670,7893399553,Math,Grade 2,Lesson  Assessments,2025-26,Chapter 7
019eb11c-410a-7ffb-86e6-a0294c669670,7893399556,Math,Grade 2,Lesson  Assessments,2025-26,Chapter 8
019eb11c-410a-7ffb-86e6-a0294c669670,7893399557,Math,Grade 2,Lesson  Assessments,2025-26,Chapter 9
019eb11c-410a-7ffb-86e6-a0294c669670,7893399558,Math,Grade 2,Lesson  Assessments,2025-26,Chapter 10
019eb11c-410a-7ffb-86e6-a0294c669670,7893399559,Math,Grade 2,Lesson  Assessments,2025-26,Chapter 11
019eb11c-410a-7ffb-86e6-a0294c669670,7893399561,Math,Grade 2,Lesson  Assessments,2025-26,Chapter 12
019eb11c-410a-7ffb-86e6-a0294c669670,7893399563,Math,Grade 2,Lesson  Assessments,2025-26,Chapter 13
019eb11c-410a-7ffb-86e6-a0294c669670,7893399565,Math,Grade 2,Lesson  Assessments,2025-26,Chapter 14
019eb11c-410a-7ffb-86e6-a0294c669670,7893399566,Math,Grade 2,Lesson  Assessments,2025-26,Chapter 15
019eb11c-410a-7ffb-86e6-a0294c669670,7893399568,Math,Grade 2,Lesson  Assessments,2025-26,Chapter 16
019eb11c-410a-7ffb-86e6-a0294c669670,7893399569,Math,Grade 2,Lesson  Assessments,2025-26,Chapter 17
019eb11c-410a-7ffb-86e6-a0294c669670,7893400608,Math,Grade 3,Lesson  Assessments,2025-26,Chapter 2
019eb11c-410a-7ffb-86e6-a0294c669670,7893400621,Math,Grade 3,Lesson  Assessments,2025-26,Chapter 3
019eb11c-410a-7ffb-86e6-a0294c669670,7893400628,Math,Grade 3,Lesson  Assessments,2025-26,Chapter 4
019eb11c-410a-7ffb-86e6-a0294c669670,7893400635,Math,Grade 3,Lesson  Assessments,2025-26,Chapter 5
019eb11c-410a-7ffb-86e6-a0294c669670,7893400642,Math,Grade 3,Lesson  Assessments,2025-26,Chapter 6
019eb11c-410a-7ffb-86e6-a0294c669670,7893400647,Math,Grade 3,Lesson  Assessments,2025-26,Chapter 7
019eb11c-410a-7ffb-86e6-a0294c669670,7893400652,Math,Grade 3,Lesson  Assessments,2025-26,Chapter 8
019eb11c-410a-7ffb-86e6-a0294c669670,7893400660,Math,Grade 3,Lesson  Assessments,2025-26,Chapter 9
019eb11c-410a-7ffb-86e6-a0294c669670,7893400666,Math,Grade 3,Lesson  Assessments,2025-26,Chapter 10
019eb11c-410a-7ffb-86e6-a0294c669670,7893400671,Math,Grade 3,Lesson  Assessments,2025-26,Chapter 11
019eb11c-410a-7ffb-86e6-a0294c669670,7893400678,Math,Grade 3,Lesson  Assessments,2025-26,Chapter 12
019eb11c-410a-7ffb-86e6-a0294c669670,7893400686,Math,Grade 3,Lesson  Assessments,2025-26,Chapter 13
019eb11c-410a-7ffb-86e6-a0294c669670,7893400694,Math,Grade 3,Lesson  Assessments,2025-26,Chapter 14
019eb11c-410a-7ffb-86e6-a0294c669670,7893400701,Math,Grade 3,Lesson  Assessments,2025-26,Chapter 15
019eb11c-410a-7ffb-86e6-a0294c669670,7893400708,Math,Grade 3,Lesson  Assessments,2025-26,Chapter 16
019eb11c-410a-7ffb-86e6-a0294c669670,7893400719,Math,Grade 3,Lesson  Assessments,2025-26,Chapter 17
019eb11c-410a-7ffb-86e6-a0294c669670,7893400729,Math,Grade 3,Lesson  Assessments,2025-26,Chapter 18
019eb11c-410a-7ffb-86e6-a0294c669670,7893413705,Math,Grade 3,Lesson  Assessments,2025-26,Chapter 1
019eb11c-410a-7ffb-86e6-a0294c669670,7893413708,Math,Grade 3,Lesson  Assessments,2025-26,Chapter 2
019eb11c-410a-7ffb-86e6-a0294c669670,7893413709,Math,Grade 3,Lesson  Assessments,2025-26,Chapter 3
019eb11c-410a-7ffb-86e6-a0294c669670,7893413712,Math,Grade 3,Lesson  Assessments,2025-26,Chapter 4
019eb11c-410a-7ffb-86e6-a0294c669670,7893413713,Math,Grade 3,Lesson  Assessments,2025-26,Chapter 5
019eb11c-410a-7ffb-86e6-a0294c669670,7893413714,Math,Grade 3,Lesson  Assessments,2025-26,Chapter 6
019eb11c-410a-7ffb-86e6-a0294c669670,7893413716,Math,Grade 3,Lesson  Assessments,2025-26,Chapter 7
019eb11c-410a-7ffb-86e6-a0294c669670,7893413718,Math,Grade 3,Lesson  Assessments,2025-26,Chapter 8
019eb11c-410a-7ffb-86e6-a0294c669670,7893413722,Math,Grade 3,Lesson  Assessments,2025-26,Chapter 9
019eb11c-410a-7ffb-86e6-a0294c669670,7893413724,Math,Grade 3,Lesson  Assessments,2025-26,Chapter 10
019eb11c-410a-7ffb-86e6-a0294c669670,7893413727,Math,Grade 3,Lesson  Assessments,2025-26,Chapter 11
019eb11c-410a-7ffb-86e6-a0294c669670,7893413729,Math,Grade 3,Lesson  Assessments,2025-26,Chapter 12
019eb11c-410a-7ffb-86e6-a0294c669670,7893413731,Math,Grade 3,Lesson  Assessments,2025-26,Chapter 13
019eb11c-410a-7ffb-86e6-a0294c669670,7893413732,Math,Grade 3,Lesson  Assessments,2025-26,Chapter 14
019eb11c-410a-7ffb-86e6-a0294c669670,7893413736,Math,Grade 3,Lesson  Assessments,2025-26,Chapter 15
019eb11c-410a-7ffb-86e6-a0294c669670,7893413740,Math,Grade 3,Lesson  Assessments,2025-26,Chapter 16
019eb11c-410a-7ffb-86e6-a0294c669670,7893413744,Math,Grade 3,Lesson  Assessments,2025-26,Chapter 17
019eb11c-410a-7ffb-86e6-a0294c669670,7893413748,Math,Grade 3,Lesson  Assessments,2025-26,Chapter 18
019eb11c-410a-7ffb-86e6-a0294c669670,7893414883,Math,Grade 4,Lesson  Assessments,2025-26,Chapter 2 Multiply by 1-Digit Numbers
019eb11c-410a-7ffb-86e6-a0294c669670,7893414887,Math,Grade 4,Lesson  Assessments,2025-26,Chapter 3 Multiply by 2-Digit Numbers
019eb11c-410a-7ffb-86e6-a0294c669670,7893414895,Math,Grade 4,Lesson  Assessments,2025-26,Chapter 4 Division Strategies
019eb11c-410a-7ffb-86e6-a0294c669670,7893414899,Math,Grade 4,Lesson  Assessments,2025-26,Chapter 5 Division
019eb11c-410a-7ffb-86e6-a0294c669670,7893414903,Math,Grade 4,Lesson  Assessments,2025-26,Chapter 6 Perimeter and Area
019eb11c-410a-7ffb-86e6-a0294c669670,7893414907,Math,Grade 4,Lesson  Assessments,2025-26,"Chapter 7 Factors, Multiples and Number Patterns"
019eb11c-410a-7ffb-86e6-a0294c669670,7893414914,Math,Grade 4,Lesson  Assessments,2025-26,Chapter 8 Equivalent Fractions
019eb11c-410a-7ffb-86e6-a0294c669670,7893414918,Math,Grade 4,Lesson  Assessments,2025-26,Chapter 9 Comparing Fractions
019eb11c-410a-7ffb-86e6-a0294c669670,7893414923,Math,Grade 4,Lesson  Assessments,2025-26,Chapter 10 Add and Subtract Fractions
019eb11c-410a-7ffb-86e6-a0294c669670,7893414932,Math,Grade 4,Lesson  Assessments,2025-26,Chapter 11 Multiply Fractions and a Whole Number
019eb11c-410a-7ffb-86e6-a0294c669670,7893414941,Math,Grade 4,Lesson  Assessments,2025-26,Chapter 12 Related Fractions and Decimals
019eb11c-410a-7ffb-86e6-a0294c669670,7893414946,Math,Grade 4,Lesson  Assessments,2025-26,Chapter 13 Adding and Subtracting Decimals
019eb11c-410a-7ffb-86e6-a0294c669670,7893414949,Math,Grade 4,Lesson  Assessments,2025-26,Chapter 14 Measure Angles
019eb11c-410a-7ffb-86e6-a0294c669670,7893414954,Math,Grade 4,Lesson  Assessments,2025-26,Chapter 15 Measurements
019eb11c-410a-7ffb-86e6-a0294c669670,7893414958,Math,Grade 4,Lesson  Assessments,2025-26,Chapter 16 Temperature and Time
019eb11c-410a-7ffb-86e6-a0294c669670,7893414961,Math,Grade 4,Lesson  Assessments,2025-26,Chapter 17 Represent and Interpret Data
019eb11c-410a-7ffb-86e6-a0294c669670,7893415444,Math,Grade 4,Lesson  Assessments,2025-26,Chapter 1 Whole Number Place Value
019eb11c-410a-7ffb-86e6-a0294c669670,7893415448,Math,Grade 4,Lesson  Assessments,2025-26,Chapter 2 Multiply by 1-Digit Numbers
019eb11c-410a-7ffb-86e6-a0294c669670,7893415451,Math,Grade 4,Lesson  Assessments,2025-26,Chapter 3 Multiply by 2-Digit Numbers
019eb11c-410a-7ffb-86e6-a0294c669670,7893415453,Math,Grade 4,Lesson  Assessments,2025-26,Chapter 4 Division Strategies
019eb11c-410a-7ffb-86e6-a0294c669670,7893415454,Math,Grade 4,Lesson  Assessments,2025-26,Chapter 5 Division
019eb11c-410a-7ffb-86e6-a0294c669670,7893415457,Math,Grade 4,Lesson  Assessments,2025-26,Chapter 6 Perimeter and Area
019eb11c-410a-7ffb-86e6-a0294c669670,7893415462,Math,Grade 4,Lesson  Assessments,2025-26,"Chapter 7 Factors, Multiples and Number Patterns"
019eb11c-410a-7ffb-86e6-a0294c669670,7893415467,Math,Grade 4,Lesson  Assessments,2025-26,Chapter 8 Equivalent Fractions
019eb11c-410a-7ffb-86e6-a0294c669670,7893415472,Math,Grade 4,Lesson  Assessments,2025-26,Chapter 9 Comparing Fractions
019eb11c-410a-7ffb-86e6-a0294c669670,7893415475,Math,Grade 4,Lesson  Assessments,2025-26,Chapter 10 Add and Subtract Fractions
019eb11c-410a-7ffb-86e6-a0294c669670,7893415477,Math,Grade 4,Lesson  Assessments,2025-26,Chapter 11 Multiply Fractions and a Whole Number
019eb11c-410a-7ffb-86e6-a0294c669670,7893415479,Math,Grade 4,Lesson  Assessments,2025-26,Chapter 12 Related Fractions and Decimals
019eb11c-410a-7ffb-86e6-a0294c669670,7893415481,Math,Grade 4,Lesson  Assessments,2025-26,Chapter 13 Adding and Subtracting Decimals
019eb11c-410a-7ffb-86e6-a0294c669670,7893415482,Math,Grade 4,Lesson  Assessments,2025-26,Chapter 14 Measure Angles
019eb11c-410a-7ffb-86e6-a0294c669670,7893415483,Math,Grade 4,Lesson  Assessments,2025-26,Chapter 15 Measurements
019eb11c-410a-7ffb-86e6-a0294c669670,7893415486,Math,Grade 4,Lesson  Assessments,2025-26,Chapter 16 Temperature and Time
019eb11c-410a-7ffb-86e6-a0294c669670,7893415488,Math,Grade 4,Lesson  Assessments,2025-26,Chapter 17 Represent and Interpret Data
019eb11c-410a-7ffb-86e6-a0294c669670,7893416673,Math,Grade 4,Lesson  Assessments,2025-26,Chapter 1 Whole Number Place Value
019eb11c-410a-7ffb-86e6-a0294c669670,7893416678,Math,Grade 4,Lesson  Assessments,2025-26,Chapter 2 Multiply by 1-Digit Numbers
019eb11c-410a-7ffb-86e6-a0294c669670,7893416679,Math,Grade 4,Lesson  Assessments,2025-26,Chapter 3 Multiply by 2-Digit Numbers
019eb11c-410a-7ffb-86e6-a0294c669670,7893416683,Math,Grade 4,Lesson  Assessments,2025-26,Chapter 4 Division Strategies
019eb11c-410a-7ffb-86e6-a0294c669670,7893416691,Math,Grade 4,Lesson  Assessments,2025-26,Chapter 5 Division
019eb11c-410a-7ffb-86e6-a0294c669670,7893416700,Math,Grade 4,Lesson  Assessments,2025-26,Chapter 6 Perimeter and Area
019eb11c-410a-7ffb-86e6-a0294c669670,7893416706,Math,Grade 4,Lesson  Assessments,2025-26,"Chapter 7 Factors, Multiples and Number Patterns"
019eb11c-410a-7ffb-86e6-a0294c669670,7893416709,Math,Grade 4,Lesson  Assessments,2025-26,Chapter 8 Equivalent Fractions
019eb11c-410a-7ffb-86e6-a0294c669670,7893416713,Math,Grade 4,Lesson  Assessments,2025-26,Chapter 9 Comparing Fractions
019eb11c-410a-7ffb-86e6-a0294c669670,7893416718,Math,Grade 4,Lesson  Assessments,2025-26,Chapter 10 Add and Subtract Fractions
019eb11c-410a-7ffb-86e6-a0294c669670,7893416719,Math,Grade 4,Lesson  Assessments,2025-26,Chapter 11 Multiply Fractions and a Whole Number
019eb11c-410a-7ffb-86e6-a0294c669670,7893416720,Math,Grade 4,Lesson  Assessments,2025-26,Chapter 12 Related Fractions and Decimals
019eb11c-410a-7ffb-86e6-a0294c669670,7893416726,Math,Grade 4,Lesson  Assessments,2025-26,Chapter 13 Adding and Subtracting Decimals
019eb11c-410a-7ffb-86e6-a0294c669670,7893416729,Math,Grade 4,Lesson  Assessments,2025-26,Chapter 14 Measure Angles
019eb11c-410a-7ffb-86e6-a0294c669670,7893416730,Math,Grade 4,Lesson  Assessments,2025-26,Chapter 15 Measurements
019eb11c-410a-7ffb-86e6-a0294c669670,7893416731,Math,Grade 4,Lesson  Assessments,2025-26,Chapter 16 Temperature and Time
019eb11c-410a-7ffb-86e6-a0294c669670,7893416734,Math,Grade 4,Lesson  Assessments,2025-26,Chapter 17 Represent and Interpret Data
019eb11c-410a-7ffb-86e6-a0294c669670,7893419259,Math,Grade 5,Lesson  Assessments,2025-26,Chapter 1
019eb11c-410a-7ffb-86e6-a0294c669670,7893419263,Math,Grade 5,Lesson  Assessments,2025-26,Chapter 2
019eb11c-410a-7ffb-86e6-a0294c669670,7893419266,Math,Grade 5,Lesson  Assessments,2025-26,Chapter 3
019eb11c-410a-7ffb-86e6-a0294c669670,7893419270,Math,Grade 5,Lesson  Assessments,2025-26,Chapter 4
019eb11c-410a-7ffb-86e6-a0294c669670,7893419278,Math,Grade 5,Lesson  Assessments,2025-26,Chapter 5
019eb11c-410a-7ffb-86e6-a0294c669670,7893419289,Math,Grade 5,Lesson  Assessments,2025-26,Chapter 6
019eb11c-410a-7ffb-86e6-a0294c669670,7893419297,Math,Grade 5,Lesson  Assessments,2025-26,Chapter 7
019eb11c-410a-7ffb-86e6-a0294c669670,7893419301,Math,Grade 5,Lesson  Assessments,2025-26,Chapter 8
019eb11c-410a-7ffb-86e6-a0294c669670,7893419307,Math,Grade 5,Lesson  Assessments,2025-26,Chapter 9
019eb11c-410a-7ffb-86e6-a0294c669670,7893419314,Math,Grade 5,Lesson  Assessments,2025-26,Chapter 10
019eb11c-410a-7ffb-86e6-a0294c669670,7893419320,Math,Grade 5,Lesson  Assessments,2025-26,Chapter 11
019eb11c-410a-7ffb-86e6-a0294c669670,7893419324,Math,Grade 5,Lesson  Assessments,2025-26,Chapter 12
019eb11c-410a-7ffb-86e6-a0294c669670,7893419329,Math,Grade 5,Lesson  Assessments,2025-26,Chapter 13
019eb11c-410a-7ffb-86e6-a0294c669670,7893419337,Math,Grade 5,Lesson  Assessments,2025-26,Chapter 14
019eb11c-410a-7ffb-86e6-a0294c669670,7893419344,Math,Grade 5,Lesson  Assessments,2025-26,Chapter 15
019eb11c-410a-7ffb-86e6-a0294c669670,7893419349,Math,Grade 5,Lesson  Assessments,2025-26,Chapter 16
019eb11c-410a-7ffb-86e6-a0294c669670,7893419356,Math,Grade 5,Lesson  Assessments,2025-26,Chapter 17
019eb11c-410a-7ffb-86e6-a0294c669670,7893419361,Math,Grade 5,Lesson  Assessments,2025-26,Chapter 18
019eb11c-410a-7ffb-86e6-a0294c669670,7893426110,Math,Grade 5,Lesson  Assessments,2025-26,Chapter 1
019eb11c-410a-7ffb-86e6-a0294c669670,7893426136,Math,Grade 5,Lesson  Assessments,2025-26,Chapter 2
019eb11c-410a-7ffb-86e6-a0294c669670,7893426163,Math,Grade 5,Lesson  Assessments,2025-26,Chapter 3
019eb11c-410a-7ffb-86e6-a0294c669670,7893426192,Math,Grade 5,Lesson  Assessments,2025-26,Chapter 4
019eb11c-410a-7ffb-86e6-a0294c669670,7893426226,Math,Grade 5,Lesson  Assessments,2025-26,Chapter 5
019eb11c-410a-7ffb-86e6-a0294c669670,7893426250,Math,Grade 5,Lesson  Assessments,2025-26,Chapter 6
019eb11c-410a-7ffb-86e6-a0294c669670,7893426272,Math,Grade 5,Lesson  Assessments,2025-26,Chapter 7
019eb11c-410a-7ffb-86e6-a0294c669670,7893426303,Math,Grade 5,Lesson  Assessments,2025-26,Chapter 8
019eb11c-410a-7ffb-86e6-a0294c669670,7893426336,Math,Grade 5,Lesson  Assessments,2025-26,Chapter 9
019eb11c-410a-7ffb-86e6-a0294c669670,7893426360,Math,Grade 5,Lesson  Assessments,2025-26,Chapter 10
019eb11c-410a-7ffb-86e6-a0294c669670,7893426383,Math,Grade 5,Lesson  Assessments,2025-26,Chapter 11
019eb11c-410a-7ffb-86e6-a0294c669670,7893426404,Math,Grade 5,Lesson  Assessments,2025-26,Chapter 12
019eb11c-410a-7ffb-86e6-a0294c669670,7893426421,Math,Grade 5,Lesson  Assessments,2025-26,Chapter 13
019eb11c-410a-7ffb-86e6-a0294c669670,7893426451,Math,Grade 5,Lesson  Assessments,2025-26,Chapter 14
019eb11c-410a-7ffb-86e6-a0294c669670,7893426472,Math,Grade 5,Lesson  Assessments,2025-26,Chapter 15
019eb11c-410a-7ffb-86e6-a0294c669670,7893426495,Math,Grade 5,Lesson  Assessments,2025-26,Chapter 16
019eb11c-410a-7ffb-86e6-a0294c669670,7893426522,Math,Grade 5,Lesson  Assessments,2025-26,Chapter 17
019eb11c-410a-7ffb-86e6-a0294c669670,7893426544,Math,Grade 5,Lesson  Assessments,2025-26,Chapter 18
019eb11c-410a-7ffb-86e6-a0294c669670,7893450908,Math,Grade K,Lesson  Assessments,2025-26,Chapter 19
019eb11c-410a-7ffb-86e6-a0294c669670,7893450911,Math,Grade K,Lesson  Assessments,2025-26,Chapter 20
019eb11c-410a-7ffb-86e6-a0294c669670,7893456391,Math,Grade K,Lesson  Assessments,2025-26,Chapter 19
019eb11c-410a-7ffb-86e6-a0294c669670,7893456393,Math,Grade K,Lesson  Assessments,2025-26,Chapter 20
019eb11c-410a-7ffb-86e6-a0294c669670,7893463042,Math,Grade 6,Lesson  Assessments,2025-26,Module 1 Test
019eb11c-410a-7ffb-86e6-a0294c669670,7893463050,Math,Grade 6,Lesson  Assessments,2025-26,Module 2 Test
019eb11c-410a-7ffb-86e6-a0294c669670,7893465110,Math,Grade 7,Lesson  Assessments,2025-26,Module 1 Test
019eb11c-410a-7ffb-86e6-a0294c669670,7920241738,Science,Grade 8,Lesson  Assessments,2025-26,Unit 1 Benchmark Test: Nature of Science
019eb11c-410a-7ffb-86e6-a0294c669670,7920253675,Science,Grade 5,Lesson  Assessments,2025-26,Unit 5 Benchmark Test: The Nature of Matter
019eb11c-410a-7ffb-86e6-a0294c669670,7920268903,Science,Grade 5,Lesson  Assessments,2025-26,Unit 5 Benchmark Test: The Nature of Matter
019eb11c-410a-7ffb-86e6-a0294c669670,7961702243,ELA,Grade 2,Lesson  Assessments,2025-26,Module 1 Week 1 Vocabulary
019eb11c-410a-7ffb-86e6-a0294c669670,7973108537,ELA,Grade 5,Lesson  Assessments,2025-26,M1W1 Vocab Quiz
019eb11c-410a-7ffb-86e6-a0294c669670,7976307419,Math,Grade 6,Lesson  Assessments,2025-26,Module 1 Test
019eb11c-410a-7ffb-86e6-a0294c669670,7976307449,Math,Grade 6,Lesson  Assessments,2025-26,Module 2 Test
019eb11c-410a-7ffb-86e6-a0294c669670,7982710129,Science,Grade 6,Lesson  Assessments,2025-26,Unit 1 Benchmark Test: Nature of Science
019eb11c-410a-7ffb-86e6-a0294c669670,7982723126,Science,Grade 7,Lesson  Assessments,2025-26,Unit 1 Benchmark Test: Nature of Science
019eb11c-410a-7ffb-86e6-a0294c669670,7983138821,Science,Grade 1,Lesson  Assessments,2025-26,Unit 1 Lesson 1 Quiz
019eb11c-410a-7ffb-86e6-a0294c669670,7986398991,ELA,Grade 2,Lesson  Assessments,2025-26,Module 1 Week 1 Vocabulary
019eb11c-410a-7ffb-86e6-a0294c669670,7998507820,ELA,Grade 3,Lesson  Assessments,2025-26,CW - M1W1 Vocabulary Quiz
019eb11c-410a-7ffb-86e6-a0294c669670,7998851122,Math,Grade K,Lesson  Assessments,2025-26,Chapters 1 & 2 Test
019eb11c-410a-7ffb-86e6-a0294c669670,7999347326,Math,Grade K,Lesson  Assessments,2025-26,Chapters 1 & 2 Test
019eb11c-410a-7ffb-86e6-a0294c669670,8000145024,ELA,Grade 5,Lesson  Assessments,2025-26,M1W1 Vocab Quiz
019eb11c-410a-7ffb-86e6-a0294c669670,8000320203,Math,Grade K,Lesson  Assessments,2025-26,Chapters 1 & 2 Test
019eb11c-410a-7ffb-86e6-a0294c669670,8001764077,ELA,Grade 3,Lesson  Assessments,2025-26,What a Character!: Weekly Assessment: Week 1
019eb11c-410a-7ffb-86e6-a0294c669670,8001764401,ELA,Grade 3,Lesson  Assessments,2025-26,What a Character!: Weekly Assessment: Week 2
019eb11c-410a-7ffb-86e6-a0294c669670,8001764679,ELA,Grade 3,Lesson  Assessments,2025-26,What a Character!: Weekly Assessment: Week 3
019eb11c-410a-7ffb-86e6-a0294c669670,8001764937,ELA,Grade 3,Lesson  Assessments,2025-26,Module Assessment: What a Character!
019eb11c-410a-7ffb-86e6-a0294c669670,8002444006,ELA,Grade 2,Lesson  Assessments,2025-26,Module 1 Week 1 Vocabulary
019eb11c-410a-7ffb-86e6-a0294c669670,8002476865,ELA,Grade K,Lesson  Assessments,2025-26,Curious About Kindergarten: Weekly Assessment: Week 1
019eb11c-410a-7ffb-86e6-a0294c669670,8002495741,ELA,Grade 4,Lesson  Assessments,2025-26,M1W1 Critical Vocabulary Quiz (8/29)
019eb11c-410a-7ffb-86e6-a0294c669670,8002511977,ELA,Grade 4,Lesson  Assessments,2025-26,What Makes Us Who We Are?: Weekly Assessment: Week 1
019eb11c-410a-7ffb-86e6-a0294c669670,8002526684,History,Grade 7,Lesson  Assessments,2025-26,Quiz #1
019eb11c-410a-7ffb-86e6-a0294c669670,8002533977,Civics,Grade 8,Lesson  Assessments,2025-26,Quiz #1
019eb11c-410a-7ffb-86e6-a0294c669670,8002545344,History,Grade 6,Lesson  Assessments,2025-26,Quiz #1
019eb11c-410a-7ffb-86e6-a0294c669670,8002561096,Science,Grade 1,Lesson  Assessments,2025-26,Unit 1 Lesson 1 Quiz
019eb11c-410a-7ffb-86e6-a0294c669670,8002668697,Science,Grade 1,Lesson  Assessments,2025-26,Unit 1 Lesson 1 Quiz
019eb11c-410a-7ffb-86e6-a0294c669670,8002743792,ELA,Grade K,Lesson  Assessments,2025-26,Curious About Kindergarten: Weekly Assessment: Week 1
019eb11c-410a-7ffb-86e6-a0294c669670,8004511442,Science,Grade 1,Lesson  Assessments,2025-26,Unit 1 Lesson 3 Quiz
019eb11c-410a-7ffb-86e6-a0294c669670,8005770134,ELA,Grade 2,Lesson  Assessments,2025-26,Module 1 Week 2 Vocabulary Quiz
019eb11c-410a-7ffb-86e6-a0294c669670,8005896485,ELA,Grade 2,Lesson  Assessments,2025-26,Module 1 Week 2 Vocabulary Quiz
019eb11c-410a-7ffb-86e6-a0294c669670,8007447409,Math,Grade 3,Lesson  Assessments,2025-26,Chapter 1
019eb11c-410a-7ffb-86e6-a0294c669670,8007528656,Math,Grade 4,Lesson  Assessments,2025-26,Chapter 1 Whole Number Place Value
019eb11c-410a-7ffb-86e6-a0294c669670,8012076652,Science,Grade K,Lesson  Assessments,2025-26,Unit 1 Benchmark Test: Doing Science
019eb11c-410a-7ffb-86e6-a0294c669670,8014008298,ELA,Grade 5,Lesson  Assessments,2025-26,M1W2 Vocab Quiz
019eb11c-410a-7ffb-86e6-a0294c669670,8014033402,Social Studies,Grade 4,Lesson  Assessments,2025-26,9/5 Fort Mose Comprehension
019eb11c-410a-7ffb-86e6-a0294c669670,8016288394,ELA,Grade 2,Lesson  Assessments,2025-26,Module 1 Week 1 Vocabulary
019eb11c-410a-7ffb-86e6-a0294c669670,8016559819,Civics,Grade 8,Lesson  Assessments,2025-26,Quiz 2
019eb11c-410a-7ffb-86e6-a0294c669670,8016562092,ELA,Grade 3,Lesson  Assessments,2025-26,M1W2 Vocabulary Quiz
019eb11c-410a-7ffb-86e6-a0294c669670,8016572178,History,Grade 6,Lesson  Assessments,2025-26,Quiz 2
019eb11c-410a-7ffb-86e6-a0294c669670,8016577944,Science,Grade 1,Lesson  Assessments,2025-26,Unit 1 Lesson 3 Quiz
019eb11c-410a-7ffb-86e6-a0294c669670,8016724503,ELA,Grade 5,Lesson  Assessments,2025-26,M1W2 Vocab Quiz
019eb11c-410a-7ffb-86e6-a0294c669670,8016821134,History,Grade 7,Lesson  Assessments,2025-26,U.S. History Quiz 2
019eb11c-410a-7ffb-86e6-a0294c669670,8016838893,ELA,Grade 2,Lesson  Assessments,2025-26,Module 1 Week 2 Vocabulary Quiz
019eb11c-410a-7ffb-86e6-a0294c669670,8017008706,Science,Grade 1,Lesson  Assessments,2025-26,Unit 1 Lesson 3 Quiz
019eb11c-410a-7ffb-86e6-a0294c669670,8018787494,ELA,Grade 5,Lesson  Assessments,2025-26,M1W3 Vocab Quiz
019eb11c-410a-7ffb-86e6-a0294c669670,8019069618,ELA,Grade 3,Lesson  Assessments,2025-26,M1W3 Vocabulary Quiz
019eb11c-410a-7ffb-86e6-a0294c669670,8019548255,ELA,Grade 1,Lesson  Assessments,2025-26,1.3 Vocabulary Quiz
019eb11c-410a-7ffb-86e6-a0294c669670,8019853921,ELA,Grade 2,Lesson  Assessments,2025-26,Module 1 Week 3 Vocabulary Quiz
019eb11c-410a-7ffb-86e6-a0294c669670,8020987135,Math,Grade 7,Lesson  Assessments,2025-26,Module 1 Test
019eb11c-410a-7ffb-86e6-a0294c669670,8020987205,Math,Grade 7,Lesson  Assessments,2025-26,Module 2 Test
019eb11c-410a-7ffb-86e6-a0294c669670,8020987255,Math,Grade 7,Lesson  Assessments,2025-26,Module 3 Test
019eb11c-410a-7ffb-86e6-a0294c669670,8020987292,Math,Grade 7,Lesson  Assessments,2025-26,Module 4 Test
019eb11c-410a-7ffb-86e6-a0294c669670,8020987333,Math,Grade 7,Lesson  Assessments,2025-26,Module 5 Test
019eb11c-410a-7ffb-86e6-a0294c669670,8020987371,Math,Grade 7,Lesson  Assessments,2025-26,Module 6 Test
019eb11c-410a-7ffb-86e6-a0294c669670,8020987405,Math,Grade 7,Lesson  Assessments,2025-26,Module 7 Test
019eb11c-410a-7ffb-86e6-a0294c669670,8020987466,Math,Grade 7,Lesson  Assessments,2025-26,Module 9 Test
019eb11c-410a-7ffb-86e6-a0294c669670,8020987499,Math,Grade 7,Lesson  Assessments,2025-26,Module 10 Test
019eb11c-410a-7ffb-86e6-a0294c669670,8020987521,Math,Grade 7,Lesson  Assessments,2025-26,Module 11 Test
019eb11c-410a-7ffb-86e6-a0294c669670,8020987549,Math,Grade 7,Lesson  Assessments,2025-26,Module 12 Test
019eb11c-410a-7ffb-86e6-a0294c669670,8022422940,ELA,Grade 1,Lesson  Assessments,2025-26,1.3 Vocabulary Quiz
019eb11c-410a-7ffb-86e6-a0294c669670,8025855245,Math,Grade K,Lesson  Assessments,2025-26,Chapters 4 & 5 Test
019eb11c-410a-7ffb-86e6-a0294c669670,8025973536,Science,Grade 1,Lesson  Assessments,2025-26,Unit 1 Lesson 5 Quiz
019eb11c-410a-7ffb-86e6-a0294c669670,8026201700,Math,Grade K,Lesson  Assessments,2025-26,Chapters 4 & 5 Test
019eb11c-410a-7ffb-86e6-a0294c669670,8026325899,Science,Grade 1,Lesson  Assessments,2025-26,Unit 1 Lesson 5 Quiz
019eb11c-410a-7ffb-86e6-a0294c669670,8026420296,ELA,Grade K,Lesson  Assessments,2025-26,Module Assessment: Curious About Kindergarten
019eb11c-410a-7ffb-86e6-a0294c669670,8026476208,ELA,Grade K,Lesson  Assessments,2025-26,Module Assessment: Curious About Kindergarten
019eb11c-410a-7ffb-86e6-a0294c669670,8026505532,ELA,Grade K,Lesson  Assessments,2025-26,Module Assessment: Curious About Kindergarten
019eb11c-410a-7ffb-86e6-a0294c669670,8026544743,Science,Grade 1,Lesson  Assessments,2025-26,Unit 1 Lesson 5 Quiz
019eb11c-410a-7ffb-86e6-a0294c669670,8026582189,Math,Grade K,Lesson  Assessments,2025-26,Chapters 4 & 5 Test
019eb11c-410a-7ffb-86e6-a0294c669670,8028273316,ELA,Grade 1,Lesson  Assessments,2025-26,1.3 Vocabulary Quiz
019eb11c-410a-7ffb-86e6-a0294c669670,8029075718,Math,Grade 6,Lesson  Assessments,2025-26,Module 2 Test
019eb11c-410a-7ffb-86e6-a0294c669670,8029075729,Math,Grade 6,Lesson  Assessments,2025-26,Module 3 Test
019eb11c-410a-7ffb-86e6-a0294c669670,8029075745,Math,Grade 6,Lesson  Assessments,2025-26,Module 4 Test
019eb11c-410a-7ffb-86e6-a0294c669670,8029075760,Math,Grade 6,Lesson  Assessments,2025-26,Module 5 Test
019eb11c-410a-7ffb-86e6-a0294c669670,8029075772,Math,Grade 6,Lesson  Assessments,2025-26,Module 6 Test
019eb11c-410a-7ffb-86e6-a0294c669670,8029075790,Math,Grade 6,Lesson  Assessments,2025-26,Module 7 Test
019eb11c-410a-7ffb-86e6-a0294c669670,8029075814,Math,Grade 6,Lesson  Assessments,2025-26,Module 8 Test
019eb11c-410a-7ffb-86e6-a0294c669670,8029075831,Math,Grade 6,Lesson  Assessments,2025-26,Module 9 Test
019eb11c-410a-7ffb-86e6-a0294c669670,8029075849,Math,Grade 6,Lesson  Assessments,2025-26,Module 10 Test
019eb11c-410a-7ffb-86e6-a0294c669670,8029075865,Math,Grade 6,Lesson  Assessments,2025-26,Module 11 Test
019eb11c-410a-7ffb-86e6-a0294c669670,8029075898,Math,Grade 6,Lesson  Assessments,2025-26,Module 13 Test
019eb11c-410a-7ffb-86e6-a0294c669670,8029075977,Math,Grade 6,Lesson  Assessments,2025-26,Module 2 Test
019eb11c-410a-7ffb-86e6-a0294c669670,8029076000,Math,Grade 6,Lesson  Assessments,2025-26,Module 3 Test
019eb11c-410a-7ffb-86e6-a0294c669670,8029076020,Math,Grade 6,Lesson  Assessments,2025-26,Module 4 Test
019eb11c-410a-7ffb-86e6-a0294c669670,8029076040,Math,Grade 6,Lesson  Assessments,2025-26,Module 5 Test
019eb11c-410a-7ffb-86e6-a0294c669670,8029076060,Math,Grade 6,Lesson  Assessments,2025-26,Module 6 Test
019eb11c-410a-7ffb-86e6-a0294c669670,8029076072,Math,Grade 6,Lesson  Assessments,2025-26,Module 7 Test
019eb11c-410a-7ffb-86e6-a0294c669670,8029076089,Math,Grade 6,Lesson  Assessments,2025-26,Module 8 Test
019eb11c-410a-7ffb-86e6-a0294c669670,8029076102,Math,Grade 6,Lesson  Assessments,2025-26,Module 9 Test
019eb11c-410a-7ffb-86e6-a0294c669670,8029076125,Math,Grade 6,Lesson  Assessments,2025-26,Module 10 Test
019eb11c-410a-7ffb-86e6-a0294c669670,8030435267,ELA,Grade 5,Lesson  Assessments,2025-26,M1W3 Vocab Quiz
019eb11c-410a-7ffb-86e6-a0294c669670,8030611465,Civics,Grade 8,Lesson  Assessments,2025-26,Quiz 3
019eb11c-410a-7ffb-86e6-a0294c669670,8030677985,ELA,Grade 2,Lesson  Assessments,2025-26,Module 1 Week 3 Vocabulary Quiz
019eb11c-410a-7ffb-86e6-a0294c669670,8030688955,History,Grade 6,Lesson  Assessments,2025-26,Quiz 3
019eb11c-410a-7ffb-86e6-a0294c669670,8030780280,ELA,Grade 2,Lesson  Assessments,2025-26,Module 1 Week 3 Vocabulary Quiz
019eb11c-410a-7ffb-86e6-a0294c669670,8030945538,History,Grade 7,Lesson  Assessments,2025-26,Quiz 3
019eb11c-410a-7ffb-86e6-a0294c669670,8033012246,ELA,Grade 1,Lesson  Assessments,2025-26,Author's Purpose Quiz
019eb11c-410a-7ffb-86e6-a0294c669670,8033012840,ELA,Grade 1,Lesson  Assessments,2025-26,Module 1 Grammar Review
019eb11c-410a-7ffb-86e6-a0294c669670,8033013036,ELA,Grade 1,Lesson  Assessments,2025-26,Module 1 Phonics Review
019eb11c-410a-7ffb-86e6-a0294c669670,8033013307,ELA,Grade 1,Lesson  Assessments,2025-26,Module 1 HFW Assessment
019eb11c-410a-7ffb-86e6-a0294c669670,8034176197,ELA,Grade 1,Lesson  Assessments,2025-26,Module 1 Phonics Review
019eb11c-410a-7ffb-86e6-a0294c669670,8038833106,ELA,Grade 1,Lesson  Assessments,2025-26,Module 1 Phonics Review
019eb11c-410a-7ffb-86e6-a0294c669670,8041798583,ELA,Grade 1,Lesson  Assessments,2025-26,Author's Purpose Quiz
019eb11c-410a-7ffb-86e6-a0294c669670,8041801079,ELA,Grade 1,Lesson  Assessments,2025-26,Module 1 HFW Assessment
019eb11c-410a-7ffb-86e6-a0294c669670,8042164659,ELA,Grade 1,Lesson  Assessments,2025-26,Module 1 HFW Assessment
019eb11c-410a-7ffb-86e6-a0294c669670,8042166966,ELA,Grade 1,Lesson  Assessments,2025-26,Author's Purpose Quiz
019eb11c-410a-7ffb-86e6-a0294c669670,8042168339,ELA,Grade 1,Lesson  Assessments,2025-26,Module 1 Grammar Review
019eb11c-410a-7ffb-86e6-a0294c669670,8043741105,History,Grade 6,Lesson  Assessments,2025-26,Quiz 4
019eb11c-410a-7ffb-86e6-a0294c669670,8043748847,History,Grade 7,Lesson  Assessments,2025-26,Quiz 4
019eb11c-410a-7ffb-86e6-a0294c669670,8046218909,ELA,Grade 5,Lesson  Assessments,2025-26,M2W1 Vocab Quiz
019eb11c-410a-7ffb-86e6-a0294c669670,8046439423,Science,Grade 1,Lesson  Assessments,2025-26,Unit 2 Lesson 1 Quiz
019eb11c-410a-7ffb-86e6-a0294c669670,8046487450,ELA,Grade 1,Lesson  Assessments,2025-26,2.1 Vocabulary Quiz
019eb11c-410a-7ffb-86e6-a0294c669670,8047224518,Science,Grade 1,Lesson  Assessments,2025-26,Unit 2 Lesson 1 Quiz
019eb11c-410a-7ffb-86e6-a0294c669670,8047229109,ELA,Grade 1,Lesson  Assessments,2025-26,2.1 Vocabulary Quiz
019eb11c-410a-7ffb-86e6-a0294c669670,8049326463,ELA,Grade 2,Lesson  Assessments,2025-26,Module 2 Week 1 Vocabulary Quiz
019eb11c-410a-7ffb-86e6-a0294c669670,8049469169,ELA,Grade 2,Lesson  Assessments,2025-26,Module 2 Week 1 Vocabulary Quiz
019eb11c-410a-7ffb-86e6-a0294c669670,8053230186,ELA,Grade 1,Lesson  Assessments,2025-26,2.1 Vocabulary Quiz
019eb11c-410a-7ffb-86e6-a0294c669670,8053233585,Science,Grade 1,Lesson  Assessments,2025-26,Unit 2 Lesson 1 Quiz
019eb11c-410a-7ffb-86e6-a0294c669670,8055074381,Math,Grade K,Lesson  Assessments,2025-26,Chapters 3 & 6 Test
019eb11c-410a-7ffb-86e6-a0294c669670,8055258121,Civics,Grade 8,Lesson  Assessments,2025-26,Quiz 4
019eb11c-410a-7ffb-86e6-a0294c669670,8055343226,History,Grade 6,Lesson  Assessments,2025-26,Quiz 5
019eb11c-410a-7ffb-86e6-a0294c669670,8055362999,Math,Grade K,Lesson  Assessments,2025-26,Chapters 3 & 6 Test
019eb11c-410a-7ffb-86e6-a0294c669670,8055407250,History,Grade 7,Lesson  Assessments,2025-26,Quiz 5
019eb11c-410a-7ffb-86e6-a0294c669670,8055416739,ELA,Grade 5,Lesson  Assessments,2025-26,M2W1 Vocab Quiz
019eb11c-410a-7ffb-86e6-a0294c669670,8055500764,Math,Grade K,Lesson  Assessments,2025-26,Chapters 3 & 6 Test
019eb11c-410a-7ffb-86e6-a0294c669670,8057432855,Science,Grade 1,Lesson  Assessments,2025-26,Unit 2 Lesson 3 Quiz
019eb11c-410a-7ffb-86e6-a0294c669670,8057644154,ELA,Grade 5,Lesson  Assessments,2025-26,M2W2 Vocab Quiz
019eb11c-410a-7ffb-86e6-a0294c669670,8057645223,ELA,Grade 5,Lesson  Assessments,2025-26,M2W3 Vocab Quiz
019eb11c-410a-7ffb-86e6-a0294c669670,8059962640,ELA,Grade 3,Lesson  Assessments,2025-26,M2W2 Vocabulary Quiz
019eb11c-410a-7ffb-86e6-a0294c669670,8064290999,Science,Grade 1,Lesson  Assessments,2025-26,Unit 2 Lesson 3 Quiz
019eb11c-410a-7ffb-86e6-a0294c669670,8064311024,Social Studies,Grade 4,Lesson  Assessments,2025-26,Control of Florida Comprehension
019eb11c-410a-7ffb-86e6-a0294c669670,8064311725,Social Studies,Grade 4,Lesson  Assessments,2025-26,Control of Florida Comprehension
019eb11c-410a-7ffb-86e6-a0294c669670,8064482757,Science,Grade 1,Lesson  Assessments,2025-26,Unit 2 Lesson 3 Quiz
019eb11c-410a-7ffb-86e6-a0294c669670,8065628761,ELA,Grade 2,Lesson  Assessments,2025-26,Module 2 Week 2 Vocabulary Quiz
019eb11c-410a-7ffb-86e6-a0294c669670,8065901758,Social Studies,Grade 4,Lesson  Assessments,2025-26,Control of Florida Comprehension
019eb11c-410a-7ffb-86e6-a0294c669670,8065959699,ELA,Grade 2,Lesson  Assessments,2025-26,Module 2 Week 2 Vocabulary Quiz
019eb11c-410a-7ffb-86e6-a0294c669670,8065962317,ELA,Grade 5,Lesson  Assessments,2025-26,M2W2 Vocab Quiz
019eb11c-410a-7ffb-86e6-a0294c669670,8066821818,ELA,Grade 2,Lesson  Assessments,2025-26,Module 2 Week 3 Vocabulary Quiz
019eb11c-410a-7ffb-86e6-a0294c669670,8068323186,ELA,Grade 2,Lesson  Assessments,2025-26,Module 2 Week 3 Vocabulary Quiz
019eb11c-410a-7ffb-86e6-a0294c669670,8070020639,ELA,Grade 1,Lesson  Assessments,2025-26,2.3 Vocabulary Quiz
019eb11c-410a-7ffb-86e6-a0294c669670,8070046993,ELA,Grade 1,Lesson  Assessments,2025-26,2.3 Vocabulary Quiz
019eb11c-410a-7ffb-86e6-a0294c669670,8073490319,History,Grade 7,Lesson  Assessments,2025-26,Articles of Confederation open book quiz
019eb11c-410a-7ffb-86e6-a0294c669670,8074119422,Math,Grade K,Lesson  Assessments,2025-26,Chapters 7 & 8 Part 1
019eb11c-410a-7ffb-86e6-a0294c669670,8074397284,ELA,Grade 1,Lesson  Assessments,2025-26,2.3 Vocabulary Quiz
019eb11c-410a-7ffb-86e6-a0294c669670,8074628569,ELA,Grade 5,Lesson  Assessments,2025-26,M2W3 Vocab Quiz
019eb11c-410a-7ffb-86e6-a0294c669670,8074632081,ELA,Grade 2,Lesson  Assessments,2025-26,Module 2 Week 3 Vocabulary Quiz
019eb11c-410a-7ffb-86e6-a0294c669670,8074718690,Math,Grade K,Lesson  Assessments,2025-26,Chapters 7 & 8 Part 1
019eb11c-410a-7ffb-86e6-a0294c669670,8075178372,Math,Grade K,Lesson  Assessments,2025-26,Chapters 7 & 8 Part 1
019eb11c-410a-7ffb-86e6-a0294c669670,8076157136,Civics,Grade 8,Lesson  Assessments,2025-26,Quiz 5
019eb11c-410a-7ffb-86e6-a0294c669670,8076165986,History,Grade 6,Lesson  Assessments,2025-26,Quiz 6
019eb11c-410a-7ffb-86e6-a0294c669670,8077435954,Science,Grade 1,Lesson  Assessments,2025-26,Unit 3 Lesson 1 Quiz
019eb11c-410a-7ffb-86e6-a0294c669670,8082413883,ELA,Grade 1,Lesson  Assessments,2025-26,Module 2 HFW Assessment
019eb11c-410a-7ffb-86e6-a0294c669670,8082415340,ELA,Grade 1,Lesson  Assessments,2025-26,Module 2 Grammar Quiz
019eb11c-410a-7ffb-86e6-a0294c669670,8083614889,ELA,Grade 1,Lesson  Assessments,2025-26,Module 2 Grammar Quiz
019eb11c-410a-7ffb-86e6-a0294c669670,8083787013,ELA,Grade 1,Lesson  Assessments,2025-26,Module 2 Grammar Quiz
019eb11c-410a-7ffb-86e6-a0294c669670,8083787711,ELA,Grade 1,Lesson  Assessments,2025-26,Module 2 HFW Assessment
019eb11c-410a-7ffb-86e6-a0294c669670,8083788877,ELA,Grade 1,Lesson  Assessments,2025-26,Module 2 HFW Assessment
019eb11c-410a-7ffb-86e6-a0294c669670,8085353973,History,Grade 7,Lesson  Assessments,2025-26,The Bill of Rights Quiz
019eb11c-410a-7ffb-86e6-a0294c669670,8085379296,Social Studies,Grade 4,Lesson  Assessments,2025-26,Florida Treaties Comprehension
019eb11c-410a-7ffb-86e6-a0294c669670,8085438535,Science,Grade 1,Lesson  Assessments,2025-26,Unit 3 Lesson 1 Quiz
019eb11c-410a-7ffb-86e6-a0294c669670,8085496323,History,Grade 6,Lesson  Assessments,2025-26,Quiz 1
019eb11c-410a-7ffb-86e6-a0294c669670,8085622108,Science,Grade 1,Lesson  Assessments,2025-26,Unit 3 Lesson 1 Quiz
019eb11c-410a-7ffb-86e6-a0294c669670,8086855969,ELA,Grade 5,Lesson  Assessments,2025-26,M3W1 Vocab
019eb11c-410a-7ffb-86e6-a0294c669670,8091388756,Math,Grade K,Lesson  Assessments,2025-26,Chapters 7 & 8 Part 2
019eb11c-410a-7ffb-86e6-a0294c669670,8091729271,Math,Grade K,Lesson  Assessments,2025-26,Chapters 7 & 8 Part 2
019eb11c-410a-7ffb-86e6-a0294c669670,8092205127,Math,Grade K,Lesson  Assessments,2025-26,Chapters 7 & 8 Part 2
019eb11c-410a-7ffb-86e6-a0294c669670,8093409216,Science,Grade 1,Lesson  Assessments,2025-26,Unit 3 Lesson 3 Quiz
019eb11c-410a-7ffb-86e6-a0294c669670,8093432994,Science,Grade 1,Lesson  Assessments,2025-26,Unit 3 Lesson 3 Quiz
019eb11c-410a-7ffb-86e6-a0294c669670,8093554844,ELA,Grade 5,Lesson  Assessments,2025-26,M3W1 Vocab
019eb11c-410a-7ffb-86e6-a0294c669670,8093612696,ELA,Grade 2,Lesson  Assessments,2025-26,Module 3 Week 1 Vocabulary Quiz
019eb11c-410a-7ffb-86e6-a0294c669670,8093638773,Science,Grade 1,Lesson  Assessments,2025-26,Unit 3 Lesson 3 Quiz
019eb11c-410a-7ffb-86e6-a0294c669670,8093668904,ELA,Grade 2,Lesson  Assessments,2025-26,Module 3 Week 1 Vocabulary Quiz
019eb11c-410a-7ffb-86e6-a0294c669670,8093785079,ELA,Grade 3,Lesson  Assessments,2025-26,M3W1 Vocabulary  Quiz
019eb11c-410a-7ffb-86e6-a0294c669670,8093858365,ELA,Grade 2,Lesson  Assessments,2025-26,Module 3 Week 1 Vocabulary Quiz
019eb11c-410a-7ffb-86e6-a0294c669670,8095408985,ELA,Grade 5,Lesson  Assessments,2025-26,M3W2 Vocab
019eb11c-410a-7ffb-86e6-a0294c669670,8097502483,ELA,Grade 2,Lesson  Assessments,2025-26,Module 3 Meet in the Middle Week 2 Vocabulary Quiz
019eb11c-410a-7ffb-86e6-a0294c669670,8104180371,ELA,Grade 5,Lesson  Assessments,2025-26,M3W2 Vocab
019eb11c-410a-7ffb-86e6-a0294c669670,8104228865,ELA,Grade 2,Lesson  Assessments,2025-26,Module 3 Meet in the Middle Week 2 Vocabulary Quiz
019eb11c-410a-7ffb-86e6-a0294c669670,8104525784,ELA,Grade 2,Lesson  Assessments,2025-26,Module 3 Meet in the Middle Week 2 Vocabulary Quiz
019eb11c-410a-7ffb-86e6-a0294c669670,8107224032,ELA,Grade 5,Lesson  Assessments,2025-26,M3W3 Vocab Quiz
019eb11c-410a-7ffb-86e6-a0294c669670,8107847778,ELA,Grade 2,Lesson  Assessments,2025-26,Module 3 Week 3 Vocabulary Quiz
019eb11c-410a-7ffb-86e6-a0294c669670,8110327370,ELA,Grade 2,Lesson  Assessments,2025-26,Module 3 Week 3 Vocabulary Quiz
019eb11c-410a-7ffb-86e6-a0294c669670,8112140343,Math,Grade K,Lesson  Assessments,2025-26,Chapter 16.1
019eb11c-410a-7ffb-86e6-a0294c669670,8112622324,Math,Grade K,Lesson  Assessments,2025-26,Chapter 16 Part 1
019eb11c-410a-7ffb-86e6-a0294c669670,8112622324,Math,Grade K,Lesson  Assessments,2025-26,Chapter 16.1
019eb11c-410a-7ffb-86e6-a0294c669670,8113075929,Math,Grade K,Lesson  Assessments,2025-26,Chapter 16.1
019eb11c-410a-7ffb-86e6-a0294c669670,8116071906,ELA,Grade 5,Lesson  Assessments,2025-26,M3W3 Vocab Quiz
019eb11c-410a-7ffb-86e6-a0294c669670,8116143202,ELA,Grade 3,Lesson  Assessments,2025-26,M3W3 Vocabulary Quiz
019eb11c-410a-7ffb-86e6-a0294c669670,8116266523,ELA,Grade 2,Lesson  Assessments,2025-26,Module 3 Week 3 Vocabulary Quiz
019eb11c-410a-7ffb-86e6-a0294c669670,8119451862,ELA,Grade 1,Lesson  Assessments,2025-26,Module 3 Generative Vocab Quiz
019eb11c-410a-7ffb-86e6-a0294c669670,8119465522,ELA,Grade 1,Lesson  Assessments,2025-26,Module 3 Grammar Quiz
019eb11c-410a-7ffb-86e6-a0294c669670,8119469338,ELA,Grade 1,Lesson  Assessments,2025-26,Module 3 HFW Quiz
019eb11c-410a-7ffb-86e6-a0294c669670,8120381772,ELA,Grade 1,Lesson  Assessments,2025-26,Module 3 Generative Vocab Quiz
019eb11c-410a-7ffb-86e6-a0294c669670,8120386475,ELA,Grade 1,Lesson  Assessments,2025-26,Module 3 Grammar Quiz
019eb11c-410a-7ffb-86e6-a0294c669670,8122018182,Algebra,Grade 8,Lesson  Assessments,2025-26,Chapter 4 Practice Test #3
019eb11c-410a-7ffb-86e6-a0294c669670,8122208970,Math,Grade K,Lesson  Assessments,2025-26,Chapter 16.2
019eb11c-410a-7ffb-86e6-a0294c669670,8122432424,ELA,Grade 1,Lesson  Assessments,2025-26,Module 3 Generative Vocab Quiz
019eb11c-410a-7ffb-86e6-a0294c669670,8122571822,ELA,Grade 1,Lesson  Assessments,2025-26,Module 3 Grammar Quiz
019eb11c-410a-7ffb-86e6-a0294c669670,8122611768,Math,Grade K,Lesson  Assessments,2025-26,Chapter 16.2
019eb11c-410a-7ffb-86e6-a0294c669670,8122682301,Algebra,Grade 8,Lesson  Assessments,2025-26,Chapter 4 Test
019eb11c-410a-7ffb-86e6-a0294c669670,8122934647,ELA,Grade 1,Lesson  Assessments,2025-26,Module 3 HFW Quiz
019eb11c-410a-7ffb-86e6-a0294c669670,8123033606,Math,Grade K,Lesson  Assessments,2025-26,Chapter 16.2
019eb11c-410a-7ffb-86e6-a0294c669670,8123321004,ELA,Grade 1,Lesson  Assessments,2025-26,Module 3 HFW Quiz
019eb11c-410a-7ffb-86e6-a0294c669670,8126215170,Civics,Grade 8,Lesson  Assessments,2025-26,Quiz 2
019eb11c-410a-7ffb-86e6-a0294c669670,8126265514,History,Grade 6,Lesson  Assessments,2025-26,Quiz 2
019eb11c-410a-7ffb-86e6-a0294c669670,8126292235,History,Grade 7,Lesson  Assessments,2025-26,Quiz 2
019eb11c-410a-7ffb-86e6-a0294c669670,8126575277,ELA,Grade 5,Lesson  Assessments,2025-26,M4W1 Vocabulary Quiz
019eb11c-410a-7ffb-86e6-a0294c669670,8129915559,ELA,Grade 2,Lesson  Assessments,2025-26,Module 4 Week 1 Vocabulary Quiz
019eb11c-410a-7ffb-86e6-a0294c669670,8130355312,ELA,Grade 2,Lesson  Assessments,2025-26,Module 4 Week 1 Vocabulary Quiz
019eb11c-410a-7ffb-86e6-a0294c669670,8133006059,ELA,Grade 5,Lesson  Assessments,2025-26,M4W1 Vocabulary Quiz
019eb11c-410a-7ffb-86e6-a0294c669670,8133500452,ELA,Grade 5,Lesson  Assessments,2025-26,M4W2 Vocabulary Quiz
019eb11c-410a-7ffb-86e6-a0294c669670,8133857228,Social Studies,Grade 5,Lesson  Assessments,2025-26,SS Magazine 3 Open Book Assessment
019eb11c-410a-7ffb-86e6-a0294c669670,8135051604,ELA,Grade 2,Lesson  Assessments,2025-26,Module 4 Week 1 Vocabulary Quiz
019eb11c-410a-7ffb-86e6-a0294c669670,8137414023,Science,Grade 1,Lesson  Assessments,2025-26,Unit 4 Lesson 3 Quiz
019eb11c-410a-7ffb-86e6-a0294c669670,8146030084,ELA,Grade 2,Lesson  Assessments,2025-26,Module 4 Week 2 Vocabulary Quiz
019eb11c-410a-7ffb-86e6-a0294c669670,8146497016,Science,Grade 1,Lesson  Assessments,2025-26,Unit 4 Lesson 3 Quiz
019eb11c-410a-7ffb-86e6-a0294c669670,8148036226,Science,Grade 1,Lesson  Assessments,2025-26,Unit 4 Lesson 3 Quiz
019eb11c-410a-7ffb-86e6-a0294c669670,8149807504,History,Grade 6,Lesson  Assessments,2025-26,Quiz 3
019eb11c-410a-7ffb-86e6-a0294c669670,8149991919,ELA,Grade 2,Lesson  Assessments,2025-26,Module 4 Week 2 Vocabulary Quiz
019eb11c-410a-7ffb-86e6-a0294c669670,8150096175,ELA,Grade 5,Lesson  Assessments,2025-26,M4W2 Vocabulary Quiz
019eb11c-410a-7ffb-86e6-a0294c669670,8151217577,Science,Grade 1,Lesson  Assessments,2025-26,Unit 4 Lesson 4 Quiz
019eb11c-410a-7ffb-86e6-a0294c669670,8151775123,Math,Grade K,Lesson  Assessments,2025-26,Chapters 11&13
019eb11c-410a-7ffb-86e6-a0294c669670,8152170360,Math,Grade K,Lesson  Assessments,2025-26,Chapters 11&13
019eb11c-410a-7ffb-86e6-a0294c669670,8152285436,Math,Grade K,Lesson  Assessments,2025-26,Chapters 11&13
019eb11c-410a-7ffb-86e6-a0294c669670,8153309986,Science,Grade 1,Lesson  Assessments,2025-26,Unit 4 Lesson 4 Quiz
019eb11c-410a-7ffb-86e6-a0294c669670,8154558077,ELA,Grade 5,Lesson  Assessments,2025-26,M4W3 vocab quiz
019eb11c-410a-7ffb-86e6-a0294c669670,8157479026,Science,Grade 1,Lesson  Assessments,2025-26,Unit 4 Lesson 4 Quiz
019eb11c-410a-7ffb-86e6-a0294c669670,8177199775,Science,Grade 1,Lesson  Assessments,2025-26,Unit 5 Lesson 1 Quiz
019eb11c-410a-7ffb-86e6-a0294c669670,8183614071,Science,Grade 1,Lesson  Assessments,2025-26,Unit 5 Lesson 1 Quiz
019eb11c-410a-7ffb-86e6-a0294c669670,8189851197,Science,Grade 1,Lesson  Assessments,2025-26,Unit 5 Lesson 1 Quiz
019eb11c-410a-7ffb-86e6-a0294c669670,8190679243,ELA,Grade 2,Lesson  Assessments,2025-26,Module 4 Week 3 Vocabulary Quiz
019eb11c-410a-7ffb-86e6-a0294c669670,8192621580,ELA,Grade 2,Lesson  Assessments,2025-26,Module 4 Week 3 Vocabulary Quiz
019eb11c-410a-7ffb-86e6-a0294c669670,8192873294,ELA,Grade 5,Lesson  Assessments,2025-26,M4W3 vocab quiz
019eb11c-410a-7ffb-86e6-a0294c669670,8193552811,Civics,Grade 8,Lesson  Assessments,2025-26,Quiz 1
019eb11c-410a-7ffb-86e6-a0294c669670,8193578592,History,Grade 6,Lesson  Assessments,2025-26,World History Quiz 1
019eb11c-410a-7ffb-86e6-a0294c669670,8193592968,History,Grade 7,Lesson  Assessments,2025-26,U.S. History Quiz 1
019eb11c-410a-7ffb-86e6-a0294c669670,8194198134,ELA,Grade 3,Lesson  Assessments,2025-26,M4W3  Vocabulary Quiz
019eb11c-410a-7ffb-86e6-a0294c669670,8203118282,Math,Grade K,Lesson  Assessments,2025-26,2 Digit Addition
019eb11c-410a-7ffb-86e6-a0294c669670,8203127041,Math,Grade K,Lesson  Assessments,2025-26,2 Digit Addition
019eb11c-410a-7ffb-86e6-a0294c669670,8203574006,Math,Grade K,Lesson  Assessments,2025-26,2 Digit Addition
019eb11c-410a-7ffb-86e6-a0294c669670,8207294812,Math,Grade 7,Lesson  Assessments,2025-26,Module 8 Test
019eb11c-410a-7ffb-86e6-a0294c669670,8211729995,Science,Grade 1,Lesson  Assessments,2025-26,Unit 6 Lesson 1 Quiz
019eb11c-410a-7ffb-86e6-a0294c669670,8214008832,Math,Grade 6,Lesson  Assessments,2025-26,Module 10 Mid-Chapter Quiz
019eb11c-410a-7ffb-86e6-a0294c669670,8214117785,Math,Grade 6,Lesson  Assessments,2025-26,Module 10 Mid-Chapter Quiz
019eb11c-410a-7ffb-86e6-a0294c669670,8216822379,ELA,Grade 2,Lesson  Assessments,2025-26,Module 5 Week 1 Vocabulary Quiz
019eb11c-410a-7ffb-86e6-a0294c669670,8217188853,ELA,Grade 2,Lesson  Assessments,2025-26,Module 5 Week 2 Vocabulary Quiz
019eb11c-410a-7ffb-86e6-a0294c669670,8218515644,Science,Grade 1,Lesson  Assessments,2025-26,Unit 6 Lesson 1 Quiz
019eb11c-410a-7ffb-86e6-a0294c669670,8221051747,ELA,Grade 5,Lesson  Assessments,2025-26,M5W1 Vocab quiz
019eb11c-410a-7ffb-86e6-a0294c669670,8225739858,Math,Grade K,Lesson  Assessments,2025-26,Adding 3 Numbers
019eb11c-410a-7ffb-86e6-a0294c669670,8225875584,Science,Grade 1,Lesson  Assessments,2025-26,Unit 6 Lesson 1 Quiz
019eb11c-410a-7ffb-86e6-a0294c669670,8226054659,ELA,Grade 5,Lesson  Assessments,2025-26,M5W1 Vocab quiz
019eb11c-410a-7ffb-86e6-a0294c669670,8226074862,Math,Grade K,Lesson  Assessments,2025-26,Adding 3 Numbers
019eb11c-410a-7ffb-86e6-a0294c669670,8226189913,ELA,Grade 2,Lesson  Assessments,2025-26,Module 5 Week 1 Vocabulary Quiz
019eb11c-410a-7ffb-86e6-a0294c669670,8226200628,Math,Grade 7,Lesson  Assessments,2025-26,Module 9 Quiz
019eb11c-410a-7ffb-86e6-a0294c669670,8226238606,Math,Grade K,Lesson  Assessments,2025-26,Adding 3 Numbers
019eb11c-410a-7ffb-86e6-a0294c669670,8227640787,ELA,Grade 5,Lesson  Assessments,2025-26,M5W2 vocab quiz
019eb11c-410a-7ffb-86e6-a0294c669670,8229069938,Social Studies,Grade 3,Lesson  Assessments,2025-26,"Final Northeast, Southeast, and Midwest Exam"
019eb11c-410a-7ffb-86e6-a0294c669670,8229069948,Social Studies,Grade 3,Lesson  Assessments,2025-26,"Final Northeast, Southeast, and Midwest Exam"
019eb11c-410a-7ffb-86e6-a0294c669670,8236900913,ELA,Grade 5,Lesson  Assessments,2025-26,M5W2 vocab quiz
019eb11c-410a-7ffb-86e6-a0294c669670,8236972720,History,Grade 7,Lesson  Assessments,2025-26,Quiz 1
019eb11c-410a-7ffb-86e6-a0294c669670,8237130855,Math,Grade 7,Lesson  Assessments,2025-26,Module 9 Quiz #2
019eb11c-410a-7ffb-86e6-a0294c669670,8237170511,ELA,Grade 5,Lesson  Assessments,2025-26,Vocab Quiz M5W3
019eb11c-410a-7ffb-86e6-a0294c669670,8237233326,ELA,Grade 2,Lesson  Assessments,2025-26,Module 5 Week 2 Vocabulary Quiz
019eb11c-410a-7ffb-86e6-a0294c669670,8237253021,ELA,Grade 2,Lesson  Assessments,2025-26,Module 5 Week 2 Vocabulary Quiz
019eb11c-410a-7ffb-86e6-a0294c669670,8237639423,Math,Grade 6,Lesson  Assessments,2025-26,Module 11 POP Quiz
019eb11c-410a-7ffb-86e6-a0294c669670,8237933633,Math,Grade 6,Lesson  Assessments,2025-26,Module 11 POP Quiz
019eb11c-410a-7ffb-86e6-a0294c669670,8244891289,Math,Grade 6,Lesson  Assessments,2025-26,Module 11 Test
019eb11c-410a-7ffb-86e6-a0294c669670,8246259769,ELA,Grade 2,Lesson  Assessments,2025-26,Module 5 Week 3 Vocabulary Quiz
019eb11c-410a-7ffb-86e6-a0294c669670,8247514543,History,Grade 6,Lesson  Assessments,2025-26,World History Quiz 2
019eb11c-410a-7ffb-86e6-a0294c669670,8247538581,ELA,Grade 5,Lesson  Assessments,2025-26,Vocab Quiz M5W3
019eb11c-410a-7ffb-86e6-a0294c669670,8247747860,ELA,Grade 2,Lesson  Assessments,2025-26,Module 5 Week 3 Vocabulary Quiz
019eb11c-410a-7ffb-86e6-a0294c669670,8250055238,Science,Grade 1,Lesson  Assessments,2025-26,Unit 7 Lesson 1 Quiz
019eb11c-410a-7ffb-86e6-a0294c669670,8251466623,Science,Grade 1,Lesson  Assessments,2025-26,Unit 7 Lesson 1 Quiz
019eb11c-410a-7ffb-86e6-a0294c669670,8252544686,Math,Grade K,Lesson  Assessments,2025-26,Subtraction
019eb11c-410a-7ffb-86e6-a0294c669670,8252823433,Math,Grade K,Lesson  Assessments,2025-26,Subtraction
019eb11c-410a-7ffb-86e6-a0294c669670,8252831603,Math,Grade K,Lesson  Assessments,2025-26,Subtraction
019eb11c-410a-7ffb-86e6-a0294c669670,8255792984,Science,Grade 1,Lesson  Assessments,2025-26,Unit 7 Lesson 1 Quiz
019eb11c-410a-7ffb-86e6-a0294c669670,8257424520,History,Grade 6,Lesson  Assessments,2025-26,World History Quiz 3
019eb11c-410a-7ffb-86e6-a0294c669670,8257435517,Civics,Grade 8,Lesson  Assessments,2025-26,Quiz 2
019eb11c-410a-7ffb-86e6-a0294c669670,8257448535,History,Grade 7,Lesson  Assessments,2025-26,Quiz 2
019eb11c-410a-7ffb-86e6-a0294c669670,8257707783,Math,Grade 6,Lesson  Assessments,2025-26,Module 12 Test
019eb11c-410a-7ffb-86e6-a0294c669670,8257707820,Math,Grade 6,Lesson  Assessments,2025-26,Module 12 Test
019eb11c-410a-7ffb-86e6-a0294c669670,8258565097,ELA,Grade 5,Lesson  Assessments,2025-26,M6W1 vocab quiz
019eb11c-410a-7ffb-86e6-a0294c669670,8260964566,ELA,Grade 1,Lesson  Assessments,2025-26,6.1 Phonics Review
019eb11c-410a-7ffb-86e6-a0294c669670,8261612917,ELA,Grade 1,Lesson  Assessments,2025-26,6.1 Phonics Review
019eb11c-410a-7ffb-86e6-a0294c669670,8263242066,ELA,Grade 1,Lesson  Assessments,2025-26,6.1 Phonics Review
019eb11c-410a-7ffb-86e6-a0294c669670,8263260435,Science,Grade 1,Lesson  Assessments,2025-26,Unit 7 Lesson 2 Quiz
019eb11c-410a-7ffb-86e6-a0294c669670,8264918425,History,Grade 7,Lesson  Assessments,2025-26,Quiz 3
019eb11c-410a-7ffb-86e6-a0294c669670,8264924074,Science,Grade 1,Lesson  Assessments,2025-26,Unit 7 Lesson 2 Quiz
019eb11c-410a-7ffb-86e6-a0294c669670,8264944793,History,Grade 6,Lesson  Assessments,2025-26,World History Quiz 4
019eb11c-410a-7ffb-86e6-a0294c669670,8264968178,ELA,Grade 5,Lesson  Assessments,2025-26,M6W1 vocab quiz
019eb11c-410a-7ffb-86e6-a0294c669670,8265031585,Science,Grade 1,Lesson  Assessments,2025-26,Unit 7 Lesson 2 Quiz
019eb11c-410a-7ffb-86e6-a0294c669670,8265152991,ELA,Grade 2,Lesson  Assessments,2025-26,Module 6 Week 1 Vocabulary Quiz
019eb11c-410a-7ffb-86e6-a0294c669670,8265249064,ELA,Grade 2,Lesson  Assessments,2025-26,Module 6 Week 1 Vocabulary Quiz
019eb11c-410a-7ffb-86e6-a0294c669670,8272214011,Math,Grade K,Lesson  Assessments,2025-26,2D & 3D Shapes
019eb11c-410a-7ffb-86e6-a0294c669670,8272650639,Math,Grade K,Lesson  Assessments,2025-26,2D & 3D Shapes
019eb11c-410a-7ffb-86e6-a0294c669670,8272998095,Math,Grade K,Lesson  Assessments,2025-26,2D & 3D Shapes
019eb11c-410a-7ffb-86e6-a0294c669670,8273220499,Math,Grade 6,Lesson  Assessments,2025-26,Module 13 Test
019eb11c-410a-7ffb-86e6-a0294c669670,8273926376,ELA,Grade 5,Lesson  Assessments,2025-26,M6w2 vocab quiz
019eb11c-410a-7ffb-86e6-a0294c669670,8275906019,Science,Grade 1,Lesson  Assessments,2025-26,Unit 7 Lesson 5 Quiz
019eb11c-410a-7ffb-86e6-a0294c669670,8276527893,Science,Grade 1,Lesson  Assessments,2025-26,Unit 7 Lesson 3 Quiz
019eb11c-410a-7ffb-86e6-a0294c669670,8279391756,ELA,Grade 5,Lesson  Assessments,2025-26,M7W1 vocab quiz
019eb11c-410a-7ffb-86e6-a0294c669670,8282370327,Math,Grade K,Lesson  Assessments,2025-26,Chapter 19
019eb11c-410a-7ffb-86e6-a0294c669670,8282395267,Science,Grade 1,Lesson  Assessments,2025-26,Unit 7 Lesson 5 Quiz
019eb11c-410a-7ffb-86e6-a0294c669670,8282887686,Science,Grade 1,Lesson  Assessments,2025-26,Unit 7 Lesson 5 Quiz
019eb11c-410a-7ffb-86e6-a0294c669670,8284281648,Science,Grade 1,Lesson  Assessments,2025-26,Unit 7 Benchmark Test: Living Things
019eb11c-410a-7ffb-86e6-a0294c669670,8287502207,ELA,Grade 2,Lesson  Assessments,2025-26,Module 7 Week 1 Vocabulary Quiz
019eb11c-410a-7ffb-86e6-a0294c669670,8292007827,Math,Grade 6,Lesson  Assessments,2025-26,Module 14 Test
019eb11c-410a-7ffb-86e6-a0294c669670,8292007847,Math,Grade 6,Lesson  Assessments,2025-26,Module 14 Test
019eb11c-410a-7ffb-86e6-a0294c669670,8292824903,ELA,Grade K,Lesson  Assessments,2025-26,Zoom In!: Weekly Assessment: Week 1
019eb11c-410a-7ffb-86e6-a0294c669670,8292824934,ELA,Grade K,Lesson  Assessments,2025-26,Zoom In!: Weekly Assessment: Week 1
019eb11c-410a-7ffb-86e6-a0294c669670,8292962635,ELA,Grade 5,Lesson  Assessments,2025-26,M7W1 vocab quiz
019eb11c-410a-7ffb-86e6-a0294c669670,8293064486,ELA,Grade 3,Lesson  Assessments,2025-26,M7W1 Vocabulary Quiz
019eb11c-410a-7ffb-86e6-a0294c669670,8293171753,ELA,Grade 2,Lesson  Assessments,2025-26,Module 7 Week 1 Vocabulary Quiz
019eb11c-410a-7ffb-86e6-a0294c669670,8293643260,ELA,Grade 2,Lesson  Assessments,2025-26,Module 7 Week 1 Vocabulary Quiz
019eb11c-410a-7ffb-86e6-a0294c669670,8294794366,ELA,Grade 5,Lesson  Assessments,2025-26,M7W2 vocab quiz
019eb11c-410a-7ffb-86e6-a0294c669670,8294921513,Social Studies,Grade 3,Lesson  Assessments,2025-26,Final-West and Southwest Regions States and Capitals
019eb11c-410a-7ffb-86e6-a0294c669670,8298693160,ELA,Grade 2,Lesson  Assessments,2025-26,Module 7 Week 2 Vocabulary Quiz
019eb11c-410a-7ffb-86e6-a0294c669670,8300846062,Math,Grade K,Lesson  Assessments,2025-26,Chapter 20
019eb11c-410a-7ffb-86e6-a0294c669670,8310896090,Social Studies,Grade 3,Lesson  Assessments,2025-26,Final-West and Southwest Regions States and Capitals
019eb11c-410a-7ffb-86e6-a0294c669670,8312819238,ELA,Grade K,Lesson  Assessments,2025-26,Zoom In!: Weekly Assessment: Week 2
019eb11c-410a-7ffb-86e6-a0294c669670,8312831605,ELA,Grade K,Lesson  Assessments,2025-26,Zoom In!: Weekly Assessment: Week 2
019eb11c-410a-7ffb-86e6-a0294c669670,8317180423,ELA,Grade 5,Lesson  Assessments,2025-26,M7W3 Vocab quiz
019eb11c-410a-7ffb-86e6-a0294c669670,8318959140,ELA,Grade 2,Lesson  Assessments,2025-26,Module 7 Week 2 Vocabulary Quiz
019eb11c-410a-7ffb-86e6-a0294c669670,8318979330,ELA,Grade 5,Lesson  Assessments,2025-26,M7W2 vocab quiz
019eb11c-410a-7ffb-86e6-a0294c669670,8319114247,ELA,Grade 3,Lesson  Assessments,2025-26,M7W2 Vocabulary Quiz
019eb11c-410a-7ffb-86e6-a0294c669670,8319331982,Math,Grade 5,Lesson  Assessments,2025-26,"Weekly Math Quiz #1 (Conversion, Fractions, Volume, Triangles, Quadrilaterals)"
019eb11c-410a-7ffb-86e6-a0294c669670,8324893965,Math,Grade K,Lesson  Assessments,2025-26,Money Test
019eb11c-410a-7ffb-86e6-a0294c669670,8325089229,Science,Grade 5,Lesson  Assessments,2025-26,FSSA Practice Test p. 79-88 (4th grade book)
019eb11c-410a-7ffb-86e6-a0294c669670,8325105142,Math,Grade 5,Lesson  Assessments,2025-26,"Weekly Math Quiz #2 (adding and subtracting mixed numbers, adding and subtracting decimals, and division of fractions)"
019eb11c-410a-7ffb-86e6-a0294c669670,8325159404,ELA,Grade K,Lesson  Assessments,2025-26,Zoom In!: Weekly Assessment: Week 3
019eb11c-410a-7ffb-86e6-a0294c669670,8325159886,ELA,Grade K,Lesson  Assessments,2025-26,Zoom In!: Weekly Assessment: Week 3
019eb11c-410a-7ffb-86e6-a0294c669670,8325375519,Math,Grade K,Lesson  Assessments,2025-26,Money Test
019eb11c-410a-7ffb-86e6-a0294c669670,8325672466,Math,Grade 6,Lesson  Assessments,2025-26,Module 15 Test
019eb11c-410a-7ffb-86e6-a0294c669670,8325672509,Math,Grade 6,Lesson  Assessments,2025-26,Module 15 Test
019eb11c-410a-7ffb-86e6-a0294c669670,8325958880,ELA,Grade 5,Lesson  Assessments,2025-26,M7W3 Vocab quiz
019eb11c-410a-7ffb-86e6-a0294c669670,8325969043,Math,Grade K,Lesson  Assessments,2025-26,Money Test
019eb11c-410a-7ffb-86e6-a0294c669670,8327325520,Math,Grade 7,Lesson  Assessments,2025-26,Spiral Review Test #1
019eb11c-410a-7ffb-86e6-a0294c669670,8327381867,ELA,Grade 3,Lesson  Assessments,2025-26,M7W3 Vocabulary Quiz
019eb11c-410a-7ffb-86e6-a0294c669670,8327522063,Math,Grade 5,Lesson  Assessments,2025-26,"Weekly Math Quiz #1 (Conversion, Fractions, Volume, Triangles, Quadrilaterals)"
019eb11c-410a-7ffb-86e6-a0294c669670,8327905248,History,Grade 7,Lesson  Assessments,2025-26,Quarter 4 Quiz 1
019eb11c-410a-7ffb-86e6-a0294c669670,8334327109,Science,Grade 5,Lesson  Assessments,2025-26,Sc Quiz Week 1 FSA Review
019eb11c-410a-7ffb-86e6-a0294c669670,8336110460,ELA,Grade 2,Lesson  Assessments,2025-26,Module 8 Week 1 Vocabulary Quiz
019eb11c-410a-7ffb-86e6-a0294c669670,8336191844,Math,Grade 5,Lesson  Assessments,2025-26,"Weekly Math Quiz #3 (order of operations, volume, area, perimeter, round decimals, decompose decimals, quadrilaterals, triangle)"
019eb11c-410a-7ffb-86e6-a0294c669670,8336749106,Science,Grade 1,Lesson  Assessments,2025-26,Unit 9 Lesson 1 Quiz
019eb11c-410a-7ffb-86e6-a0294c669670,8336783158,Math,Grade 1,Lesson  Assessments,2025-26,Classwork End of Year Test
019eb11c-410a-7ffb-86e6-a0294c669670,8337780368,Science,Grade 1,Lesson  Assessments,2025-26,Unit 9 Lesson 1 Quiz
019eb11c-410a-7ffb-86e6-a0294c669670,8338541701,Science,Grade 5,Lesson  Assessments,2025-26,FSSA Practice Test p. 79-88 (4th grade book)
019eb11c-410a-7ffb-86e6-a0294c669670,8339203424,Math,Grade 6,Lesson  Assessments,2025-26,POP Quiz #1
019eb11c-410a-7ffb-86e6-a0294c669670,8341160826,Science,Grade 1,Lesson  Assessments,2025-26,Unit 9 Lesson 1 Quiz
019eb11c-410a-7ffb-86e6-a0294c669670,8341769546,Math,Grade 5,Lesson  Assessments,2025-26,"Weekly Math Quiz #2 (adding and subtracting mixed numbers, adding and subtracting decimals, and division of fractions)"
019eb11c-410a-7ffb-86e6-a0294c669670,8342066250,ELA,Grade K,Lesson  Assessments,2025-26,Module Assessment: Zoom In!
019eb11c-410a-7ffb-86e6-a0294c669670,8342072125,ELA,Grade K,Lesson  Assessments,2025-26,Module Assessment: Zoom In!
019eb11c-410a-7ffb-86e6-a0294c669670,8343031143,Algebra,Grade 8,Lesson  Assessments,2025-26,Chapter 9 Mid-Chapter Quiz
019eb11c-410a-7ffb-86e6-a0294c669670,8344562580,ELA,Grade 3,Lesson  Assessments,2025-26,Grade 3 FAST Practice- ELA
019eb11c-410a-7ffb-86e6-a0294c669670,8344567727,Math,Grade 3,Lesson  Assessments,2025-26,Grade 3 FAST Practice Math
019eb11c-410a-7ffb-86e6-a0294c669670,8344760282,Math,Grade 5,Lesson  Assessments,2025-26,"Weekly Math Quiz #4 (add/subtract fractions with unlike denominators, plot points, identify the rule)"
019eb11c-410a-7ffb-86e6-a0294c669670,8344783376,Science,Grade 5,Lesson  Assessments,2025-26,SC Quiz Week #2 FSA Review
019eb11c-410a-7ffb-86e6-a0294c669670,8345033619,Science,Grade 1,Lesson  Assessments,2025-26,Unit 9 Lesson 3 Quiz
019eb11c-410a-7ffb-86e6-a0294c669670,8346388108,ELA,Grade 3,Lesson  Assessments,2025-26,Grade 3 FAST Practice- ELA
019eb11c-410a-7ffb-86e6-a0294c669670,8346484076,Math,Grade 1,Lesson  Assessments,2025-26,Classwork End of Year Test
019eb11c-410a-7ffb-86e6-a0294c669670,8346485244,Science,Grade 1,Lesson  Assessments,2025-26,Unit 9 Lesson 3 Quiz
019eb11c-410a-7ffb-86e6-a0294c669670,8348080515,ELA,Grade 2,Lesson  Assessments,2025-26,Module 8 Week 1 Vocabulary Quiz
019eb11c-410a-7ffb-86e6-a0294c669670,8350374285,Science,Grade 1,Lesson  Assessments,2025-26,Unit 9 Lesson 3 Quiz
019eb11c-410a-7ffb-86e6-a0294c669670,8350431547,Math,Grade 3,Lesson  Assessments,2025-26,Grade 3 FAST Practice Math
019eb11c-410a-7ffb-86e6-a0294c669670,8351403526,Math,Grade 5,Lesson  Assessments,2025-26,"Weekly Math Quiz #3 (order of operations, volume, area, perimeter, round decimals, decompose decimals, quadrilaterals, triangle)"
019eb11c-410a-7ffb-86e6-a0294c669670,8351537358,Science,Grade 5,Lesson  Assessments,2025-26,Sc Quiz Week 1 FSA Review
019eb11c-410a-7ffb-86e6-a0294c669670,8352555923,Civics,Grade 8,Lesson  Assessments,2025-26,Civics Final Amendments Quiz
019eb11c-410a-7ffb-86e6-a0294c669670,8352608363,ELA,Grade 2,Lesson  Assessments,2025-26,Module 8 Week 1 Vocabulary Quiz
019eb11c-410a-7ffb-86e6-a0294c669670,8352740777,History,Grade 6,Lesson  Assessments,2025-26,World History Weekly Quiz
019eb11c-410a-7ffb-86e6-a0294c669670,8353067732,History,Grade 7,Lesson  Assessments,2025-26,Quarter 4 Quiz 2
019eb11c-410a-7ffb-86e6-a0294c669670,8354911352,ELA,Grade 1,Lesson  Assessments,2025-26,FAST STAR Reading Practice Assessment
019eb11c-410a-7ffb-86e6-a0294c669670,8355502810,ELA,Grade 1,Lesson  Assessments,2025-26,FAST STAR Reading Practice Assessment
019eb11c-410a-7ffb-86e6-a0294c669670,8356534058,Math,Grade 5,Lesson  Assessments,2025-26,"Weekly Math quiz # 5 (volume of composite figures, exponents, interpret remainders, add, subtract, multiply, divide decimals)"
019eb11c-410a-7ffb-86e6-a0294c669670,8356546341,Science,Grade 5,Lesson  Assessments,2025-26,Science Quiz Week 3 FSSA Review
019eb11c-410a-7ffb-86e6-a0294c669670,8356554433,Math,Grade K,Lesson  Assessments,2025-26,Time
019eb11c-410a-7ffb-86e6-a0294c669670,8357154937,Math,Grade K,Lesson  Assessments,2025-26,Time
019eb11c-410a-7ffb-86e6-a0294c669670,8357183954,Math,Grade K,Lesson  Assessments,2025-26,Time
019eb11c-410a-7ffb-86e6-a0294c669670,8358359176,ELA,Grade 1,Lesson  Assessments,2025-26,FAST STAR Reading Practice Assessment
019eb11c-410a-7ffb-86e6-a0294c669670,8359929652,Civics,Grade 8,Lesson  Assessments,2025-26,Civics Supreme Court Cases Quiz
019eb11c-410a-7ffb-86e6-a0294c669670,8359937643,History,Grade 6,Lesson  Assessments,2025-26,World History Weekly Quiz 2
019eb11c-410a-7ffb-86e6-a0294c669670,8359960427,Algebra,Grade 8,Lesson  Assessments,2025-26,Chapter 9 Test
019eb11c-410a-7ffb-86e6-a0294c669670,8360344233,Math,Grade 5,Lesson  Assessments,2025-26,"Weekly Math Quiz #4 (add/subtract fractions with unlike denominators, plot points, identify the rule)"
019eb11c-410a-7ffb-86e6-a0294c669670,8360651191,Science,Grade 5,Lesson  Assessments,2025-26,SC Quiz Week #2 FSA Review
019eb11c-410a-7ffb-86e6-a0294c669670,8363033309,ELA,Grade 3,Lesson  Assessments,2025-26,PM3 Practice Reading/ELA Test Part 1
019eb11c-410a-7ffb-86e6-a0294c669670,8365066597,Math,Grade 3,Lesson  Assessments,2025-26,Practice PM3 Test Session 1
019eb11c-410a-7ffb-86e6-a0294c669670,8365847571,ELA,Grade 3,Lesson  Assessments,2025-26,PM3 Practice Test Part 1
019eb11c-410a-7ffb-86e6-a0294c669670,8368658997,Math,Grade 3,Lesson  Assessments,2025-26,Practice PM3 Test Session 1
019eb11c-410a-7ffb-86e6-a0294c669670,8368732914,Math,Grade 5,Lesson  Assessments,2025-26,"Weekly Math quiz # 5 (volume of composite figures, exponents, interpret remainders, add, subtract, multiply, divide decimals)"
019eb11c-410a-7ffb-86e6-a0294c669670,8368737293,Science,Grade 5,Lesson  Assessments,2025-26,Science Quiz Week 3 FSSA Review
019eb11c-410a-7ffb-86e6-a0294c669670,8370107883,Civics,Grade 8,Lesson  Assessments,2025-26,Influential documents quiz
019eb11c-410a-7ffb-86e6-a0294c669670,8370131136,History,Grade 6,Lesson  Assessments,2025-26,World History Weekly Quiz 3
019eb11c-410a-7ffb-86e6-a0294c669670,8374535217,Algebra,Grade 8,Lesson  Assessments,2025-26,Chapter 10 Test
019eb11c-410a-7ffb-86e6-a0294c669670,8378549549,Civics,Grade 8,Lesson  Assessments,2025-26,Final Quiz
019eb11c-410a-7ffb-86e6-a0294c669670,8378655710,ELA,Grade 2,Lesson  Assessments,2025-26,Module 8 Week 2 Vocabulary Quiz
019eb11c-413b-7a66-a7d8-a18f14736ede,7779943180,ELA,Grade 2,Weekly Test,2024-25,Time to Grow!: Weekly Assessment: Week 1
019eb11c-413b-7a66-a7d8-a18f14736ede,7780237720,ELA,Grade 2,Weekly Test,2024-25,Time to Grow!: Weekly Assessment: Week 1
019eb11c-413b-7a66-a7d8-a18f14736ede,7780237758,ELA,Grade 2,Weekly Test,2024-25,Time to Grow!: Weekly Assessment: Week 3
019eb11c-413b-7a66-a7d8-a18f14736ede,7780237793,ELA,Grade 2,Weekly Test,2024-25,Home Sweet Habitat: Weekly Assessment: Week 1
019eb11c-413b-7a66-a7d8-a18f14736ede,7780237817,ELA,Grade 2,Weekly Test,2024-25,Home Sweet Habitat: Weekly Assessment: Week 3
019eb11c-413b-7a66-a7d8-a18f14736ede,7780237855,ELA,Grade 2,Weekly Test,2024-25,"Many Cultures, One World: Weekly Assessment: Week 2"
019eb11c-413b-7a66-a7d8-a18f14736ede,7780398411,ELA,Grade 2,Weekly Test,2024-25,Time to Grow!: Weekly Assessment: Week 1
019eb11c-413b-7a66-a7d8-a18f14736ede,7782424170,ELA,Grade 3,Weekly Test,2024-25,Animal Behaviors: Weekly Assessment: Week 1
019eb11c-413b-7a66-a7d8-a18f14736ede,7787678187,ELA,Grade 2,Weekly Test,2024-25,Time to Grow!: Weekly Assessment: Week 2
019eb11c-413b-7a66-a7d8-a18f14736ede,7787866945,ELA,Grade 2,Weekly Test,2024-25,Time to Grow!: Weekly Assessment: Week 2
019eb11c-413b-7a66-a7d8-a18f14736ede,7791692190,ELA,Grade 2,Weekly Test,2024-25,Time to Grow!: Weekly Assessment: Week 3
019eb11c-413b-7a66-a7d8-a18f14736ede,7792126785,ELA,Grade 3,Weekly Test,2024-25,Animal Behaviors: Weekly Assessment: Week 2
019eb11c-413b-7a66-a7d8-a18f14736ede,7792435832,Science,Grade 3,Lesson  Assessments,2024-25,Unit 6 Test: Heat Sources
019eb11c-413b-7a66-a7d8-a18f14736ede,7795974019,Science,Grade 2,Unit Test,2024-25,Unit 8 Test: Forces and Motion
019eb11c-413b-7a66-a7d8-a18f14736ede,7796962804,ELA,Grade 2,Weekly Test,2024-25,Home Sweet Habitat: Weekly Assessment: Week 1
019eb11c-413b-7a66-a7d8-a18f14736ede,7799001172,ELA,Grade 2,Weekly Test,2024-25,Time to Grow!: Weekly Assessment: Week 3
019eb11c-413b-7a66-a7d8-a18f14736ede,7800192889,ELA,Grade 3,Weekly Test,2024-25,Animal Behaviors: Weekly Assessment: Week 3
019eb11c-413b-7a66-a7d8-a18f14736ede,7806926683,ELA,Grade 2,Weekly Test,2024-25,Home Sweet Habitat: Weekly Assessment: Week 1
019eb11c-413b-7a66-a7d8-a18f14736ede,7807215601,ELA,Grade 3,Weekly Test,2024-25,Make a Difference: Weekly Assessment: Week 1
019eb11c-413b-7a66-a7d8-a18f14736ede,7807260114,ELA,Grade 2,Weekly Test,2024-25,Home Sweet Habitat: Weekly Assessment: Week 2
019eb11c-413b-7a66-a7d8-a18f14736ede,7814288655,ELA,Grade 2,Weekly Test,2024-25,Home Sweet Habitat: Weekly Assessment: Week 2
019eb11c-413b-7a66-a7d8-a18f14736ede,7816901887,ELA,Grade 2,Weekly Test,2024-25,Home Sweet Habitat: Weekly Assessment: Week 3
019eb11c-413b-7a66-a7d8-a18f14736ede,7817352678,ELA,Grade 3,Weekly Test,2024-25,Make a Difference: Weekly Assessment: Week 2
019eb11c-413b-7a66-a7d8-a18f14736ede,7823076023,ELA,Grade 2,Weekly Test,2024-25,Home Sweet Habitat: Weekly Assessment: Week 3
019eb11c-413b-7a66-a7d8-a18f14736ede,7832730105,Science,Grade 2,Unit Test,2024-25,Unit Test: The Human Body
019eb11c-413b-7a66-a7d8-a18f14736ede,7835513175,ELA,Grade 3,Weekly Test,2024-25,Imagine! Invent!: Weekly Assessment: Week 1
019eb11c-413b-7a66-a7d8-a18f14736ede,7891729330,Math,Grade 1,Summative,2025-26,Chapter 1 Test: Counting and Number Sense
019eb11c-413b-7a66-a7d8-a18f14736ede,7891731478,Science,Grade 1,Summative,2025-26,Unit 1 Benchmark Test: How Scientists Work
019eb11c-413b-7a66-a7d8-a18f14736ede,7891731480,Science,Grade 1,Summative,2025-26,Unit 4 Benchmark Test: Earth’s Resources
019eb11c-413b-7a66-a7d8-a18f14736ede,7891731481,Science,Grade 1,Summative,2025-26,Unit 5 Benchmark Test: Matter
019eb11c-413b-7a66-a7d8-a18f14736ede,7891731482,Science,Grade 1,Summative,2025-26,Unit 6 Benchmark Test: Motion
019eb11c-413b-7a66-a7d8-a18f14736ede,7891731484,Science,Grade 1,Summative,2025-26,Unit 8 Benchmark Test: Living Things and  Their Parents
019eb11c-413b-7a66-a7d8-a18f14736ede,7891731485,Science,Grade 1,Summative,2025-26,Unit 9 Benchmark Test: Plant and Animal Needs
019eb11c-413b-7a66-a7d8-a18f14736ede,7891731608,Science,Grade 1,Summative,2025-26,Unit 1 Benchmark Test: How Scientists Work
019eb11c-413b-7a66-a7d8-a18f14736ede,7891731612,Science,Grade 1,Summative,2025-26,Unit 4 Benchmark Test: Earth?s Resources
019eb11c-413b-7a66-a7d8-a18f14736ede,7891731613,Science,Grade 1,Summative,2025-26,Unit 5 Benchmark Test: Matter
019eb11c-413b-7a66-a7d8-a18f14736ede,7891731617,Science,Grade 1,Summative,2025-26,Unit 6 Benchmark Test: Motion
019eb11c-413b-7a66-a7d8-a18f14736ede,7891731620,Science,Grade 1,Summative,2025-26,Unit 8 Benchmark Test: Living Things and  Their Parents
019eb11c-413b-7a66-a7d8-a18f14736ede,7891731621,Science,Grade 1,Summative,2025-26,Unit 9 Benchmark Test: Plant and Animal Needs
019eb11c-413b-7a66-a7d8-a18f14736ede,7891731745,Science,Grade 1,Summative,2025-26,Unit 4 Benchmark Test: Earth’s Resources
019eb11c-413b-7a66-a7d8-a18f14736ede,7891731746,Science,Grade 1,Summative,2025-26,Unit 5 Benchmark Test: Matter
019eb11c-413b-7a66-a7d8-a18f14736ede,7891731747,Science,Grade 1,Summative,2025-26,Unit 6 Benchmark Test: Motion
019eb11c-413b-7a66-a7d8-a18f14736ede,7891731749,Science,Grade 1,Summative,2025-26,Unit 8 Benchmark Test: Living Things and  Their Parents
019eb11c-413b-7a66-a7d8-a18f14736ede,7891742803,Science,Grade 2,Summative,2025-26,Unit 3 Benchmark Test: Earth's Surface
019eb11c-413b-7a66-a7d8-a18f14736ede,7891742805,Science,Grade 2,Summative,2025-26,Unit 4 Benchmark Test: Weather
019eb11c-413b-7a66-a7d8-a18f14736ede,7891742806,Science,Grade 2,Summative,2025-26,Unit 5 Benchmark Test: All About Matter
019eb11c-413b-7a66-a7d8-a18f14736ede,7891742809,Science,Grade 2,Summative,2025-26,Unit 6 Test: Matter Can Change
019eb11c-413b-7a66-a7d8-a18f14736ede,7891742812,Science,Grade 2,Summative,2025-26,Unit 7 Benchmark Test: Energy
019eb11c-413b-7a66-a7d8-a18f14736ede,7891742813,Science,Grade 2,Summative,2025-26,Unit 8 Test: Forces and Motion
019eb11c-413b-7a66-a7d8-a18f14736ede,7891742814,Science,Grade 2,Summative,2025-26,Unit 9 Test: The Human Body
019eb11c-413b-7a66-a7d8-a18f14736ede,7891745751,Science,Grade 2,Summative,2025-26,Unit 2 Benchmark: Technology In Our World
019eb11c-413b-7a66-a7d8-a18f14736ede,7891745759,Science,Grade 2,Summative,2025-26,Unit 4 Benchmark Test: Weather
019eb11c-413b-7a66-a7d8-a18f14736ede,7891745761,Science,Grade 2,Summative,2025-26,Unit 5 Benchmark Test: All About Matter
019eb11c-413b-7a66-a7d8-a18f14736ede,7891745764,Science,Grade 2,Summative,2025-26,Unit 6 Test: Matter Can Change
019eb11c-413b-7a66-a7d8-a18f14736ede,7891745765,Science,Grade 2,Summative,2025-26,Unit 7 Benchmark Test: Energy
019eb11c-413b-7a66-a7d8-a18f14736ede,7891745771,Science,Grade 2,Summative,2025-26,Unit 8 Test: Forces and Motion
019eb11c-413b-7a66-a7d8-a18f14736ede,7891745773,Science,Grade 2,Summative,2025-26,Unit 9 Test: The Human Body
019eb11c-413b-7a66-a7d8-a18f14736ede,7891748206,Science,Grade 2,Summative,2025-26,Unit 2 Benchmark: Technology In Our World
019eb11c-413b-7a66-a7d8-a18f14736ede,7891748213,Science,Grade 2,Summative,2025-26,Unit 3 Benchmark Test: Earth's Surface
019eb11c-413b-7a66-a7d8-a18f14736ede,7891748222,Science,Grade 2,Summative,2025-26,Unit 4 Benchmark Test: Weather
019eb11c-413b-7a66-a7d8-a18f14736ede,7891748231,Science,Grade 2,Summative,2025-26,Unit 5 Benchmark Test: All About Matter
019eb11c-413b-7a66-a7d8-a18f14736ede,7891748239,Science,Grade 2,Summative,2025-26,Unit 6 Test: Matter Can Change
019eb11c-413b-7a66-a7d8-a18f14736ede,7891748245,Science,Grade 2,Summative,2025-26,Unit 7 Benchmark Test: Energy
019eb11c-413b-7a66-a7d8-a18f14736ede,7891748248,Science,Grade 2,Summative,2025-26,Unit 8 Test: Forces and Motion
019eb11c-413b-7a66-a7d8-a18f14736ede,7891748251,Science,Grade 2,Summative,2025-26,Unit 9 Test: The Human Body
019eb11c-413b-7a66-a7d8-a18f14736ede,7891791745,Science,Grade 3,Summative,2025-26,Unit 1 Benchmark Test: Investigating Questions
019eb11c-413b-7a66-a7d8-a18f14736ede,7891791747,Science,Grade 3,Summative,2025-26,Unit 3 Benchmark Test: Earth and Stars
019eb11c-413b-7a66-a7d8-a18f14736ede,7891791748,Science,Grade 3,Summative,2025-26,Unit 4 Test: Properties of Matter
019eb11c-413b-7a66-a7d8-a18f14736ede,7891791749,Science,Grade 3,Summative,2025-26,Unit 5 Test: Forms of Energy
019eb11c-413b-7a66-a7d8-a18f14736ede,7891791750,Science,Grade 3,Summative,2025-26,Unit 6 Test: Heat Sources
019eb11c-413b-7a66-a7d8-a18f14736ede,7891791753,Science,Grade 3,Summative,2025-26,Unit 7 Benchmark Test: Plants and the Environment
019eb11c-413b-7a66-a7d8-a18f14736ede,7891791756,Science,Grade 3,Summative,2025-26,Unit 8 Test: Classifying Plants and Animals
019eb11c-413b-7a66-a7d8-a18f14736ede,7891791761,Science,Grade 3,Summative,2025-26,Unit 9 Test: Living Things Change
019eb11c-413b-7a66-a7d8-a18f14736ede,7891794178,Science,Grade 3,Summative,2025-26,Unit 3 Benchmark Test: Earth and Stars
019eb11c-413b-7a66-a7d8-a18f14736ede,7891794198,Science,Grade 3,Summative,2025-26,Unit 4 Test: Properties of Matter
019eb11c-413b-7a66-a7d8-a18f14736ede,7891794218,Science,Grade 3,Summative,2025-26,Unit 5 Test: Forms of Energy
019eb11c-413b-7a66-a7d8-a18f14736ede,7891794242,Science,Grade 3,Summative,2025-26,Unit 6 Test: Heat Sources
019eb11c-413b-7a66-a7d8-a18f14736ede,7891794259,Science,Grade 3,Summative,2025-26,Unit 7 Benchmark Test: Plants and the Environment
019eb11c-413b-7a66-a7d8-a18f14736ede,7891794271,Science,Grade 3,Summative,2025-26,Unit 8 Test: Classifying Plants and Animals
019eb11c-413b-7a66-a7d8-a18f14736ede,7891794291,Science,Grade 3,Summative,2025-26,Unit 9 Test: Living Things Change
019eb11c-413b-7a66-a7d8-a18f14736ede,7891817507,Science,Grade 4,Summative,2025-26,Unit 2 Test: The Engineering Process
019eb11c-413b-7a66-a7d8-a18f14736ede,7891817509,Science,Grade 4,Summative,2025-26,Unit 3 Test: Earth's Place in Space
019eb11c-413b-7a66-a7d8-a18f14736ede,7891817514,Science,Grade 4,Summative,2025-26,"Unit 4 Test: Rocks, Minerals and Resources"
019eb11c-413b-7a66-a7d8-a18f14736ede,7891817523,Science,Grade 4,Summative,2025-26,Unit 5 Test: Matter and Its Properties
019eb11c-413b-7a66-a7d8-a18f14736ede,7891817533,Science,Grade 4,Summative,2025-26,Unit 6 Test: Matter and Its Changes
019eb11c-413b-7a66-a7d8-a18f14736ede,7891817542,Science,Grade 4,Summative,2025-26,Unit 7 Test: Energy and Its Uses
019eb11c-413b-7a66-a7d8-a18f14736ede,7891817551,Science,Grade 4,Summative,2025-26,Unit 8 Test: Heat
019eb11c-413b-7a66-a7d8-a18f14736ede,7891817571,Science,Grade 4,Summative,2025-26,Unit 10 Test: Life Cycles and Growth
019eb11c-413b-7a66-a7d8-a18f14736ede,7891817582,Science,Grade 4,Summative,2025-26,Unit 11 Test: Organisms and Their Environment
019eb11c-413b-7a66-a7d8-a18f14736ede,7891829283,Science,Grade 4,Summative,2025-26,Unit 1 Test: Studying Science
019eb11c-413b-7a66-a7d8-a18f14736ede,7891829295,Science,Grade 4,Summative,2025-26,Unit 2 Test: The Engineering Process
019eb11c-413b-7a66-a7d8-a18f14736ede,7891829307,Science,Grade 4,Summative,2025-26,Unit 3 Test: Earth's Place in Space
019eb11c-413b-7a66-a7d8-a18f14736ede,7891829343,Science,Grade 4,Summative,2025-26,"Unit 4 Test: Rocks, Minerals and Resources"
019eb11c-413b-7a66-a7d8-a18f14736ede,7891829368,Science,Grade 4,Summative,2025-26,Unit 5 Test: Matter and Its Properties
019eb11c-413b-7a66-a7d8-a18f14736ede,7891829390,Science,Grade 4,Summative,2025-26,Unit 7 Test: Energy and Its Uses
019eb11c-413b-7a66-a7d8-a18f14736ede,7891829399,Science,Grade 4,Summative,2025-26,Unit 8 Test: Heat
019eb11c-413b-7a66-a7d8-a18f14736ede,7891829418,Science,Grade 4,Summative,2025-26,Unit 10 Test: Life Cycles and Growth
019eb11c-413b-7a66-a7d8-a18f14736ede,7891829429,Science,Grade 4,Summative,2025-26,Unit 11 Test: Organisms and Their Environment
019eb11c-413b-7a66-a7d8-a18f14736ede,7891846750,Science,Grade 5,Summative,2025-26,Unit 1 Benchmark Test: Scientists at Work
019eb11c-413b-7a66-a7d8-a18f14736ede,7891846764,Science,Grade 5,Summative,2025-26,Unit 2 Benchmark Test: The Engineering Process
019eb11c-413b-7a66-a7d8-a18f14736ede,7891846772,Science,Grade 5,Summative,2025-26,Unit 3 Benchmark Test: The Solar System and the Universe
019eb11c-413b-7a66-a7d8-a18f14736ede,7891846781,Science,Grade 5,Summative,2025-26,"Unit 4 Benchmark: Weather, Climate, and the Water Cycle"
019eb11c-413b-7a66-a7d8-a18f14736ede,7891846788,Science,Grade 5,Summative,2025-26,Unit 5 Benchmark Test: The Nature of Matter
019eb11c-413b-7a66-a7d8-a18f14736ede,7891846796,Science,Grade 5,Summative,2025-26,Unit 6 Benchmark Test: Forms of Energy
019eb11c-413b-7a66-a7d8-a18f14736ede,7891846801,Science,Grade 5,Summative,2025-26,Unit 7 Benchmark Test: Working With Electricity
019eb11c-413b-7a66-a7d8-a18f14736ede,7891846806,Science,Grade 5,Summative,2025-26,Unit 8 Benchmark Test: Forces and Motion
019eb11c-413b-7a66-a7d8-a18f14736ede,7891846818,Science,Grade 5,Summative,2025-26,Unit 9 Benchmark Test: The Structure of Living Things
019eb11c-413b-7a66-a7d8-a18f14736ede,7891846829,Science,Grade 5,Summative,2025-26,Unit 11 Benchmark Test: Plants and Animal Adaptations
019eb11c-413b-7a66-a7d8-a18f14736ede,7961237746,Science,Grade 8,Unit,2025-26,Energy
019eb11c-413b-7a66-a7d8-a18f14736ede,7961241120,Science,Grade 8,Unit,2025-26,Energy
019eb11c-413b-7a66-a7d8-a18f14736ede,7961292241,Science,Grade 6,Unit,2025-26,Introduction to Earth's Systems
019eb11c-413b-7a66-a7d8-a18f14736ede,7961294022,Science,Grade 6,Unit,2025-26,Introduction to Earth's Systems
019eb11c-413b-7a66-a7d8-a18f14736ede,7961332573,HS Physics,Higher-Ed,topic,2025-26,Investigation Assessment 1: Modeling Motion
019eb11c-413b-7a66-a7d8-a18f14736ede,7961339860,Science,Grade 7,topic,2025-26,Living Things in the Biosphere
019eb11c-413b-7a66-a7d8-a18f14736ede,7962000328,History,Grade 6,topic,2025-26,Topic 1: Origins of Civilization
019eb11c-413b-7a66-a7d8-a18f14736ede,7962235961,Civics,Grade 7,topic,2025-26,Topic 1: Who Are We?: Get Involved in Your Community
019eb11c-413b-7a66-a7d8-a18f14736ede,7962236175,Civics,Grade 7,topic,2025-26,Topic 1: Who Are We?: Get Involved in Your Community
019eb11c-413b-7a66-a7d8-a18f14736ede,7963934901,ELA,Grade 6,Unit,2025-26,Unit 1 Part 1
019eb11c-413b-7a66-a7d8-a18f14736ede,7963934904,ELA,Grade 6,Unit,2025-26,Unit 1 Part 2
019eb11c-413b-7a66-a7d8-a18f14736ede,7963936200,ELA,Grade 6,Unit,2025-26,Unit 1 Part 1
019eb11c-413b-7a66-a7d8-a18f14736ede,7963936207,ELA,Grade 6,Unit,2025-26,Unit 1 Part 2
019eb11c-413b-7a66-a7d8-a18f14736ede,7963936946,ELA,Grade 7,Unit,2025-26,Unit 1 Part 1
019eb11c-413b-7a66-a7d8-a18f14736ede,7963936947,ELA,Grade 7,Unit,2025-26,Unit 1 Part 2
019eb11c-413b-7a66-a7d8-a18f14736ede,7963937400,ELA,Grade 7,Unit,2025-26,Unit 1 Part 1
019eb11c-413b-7a66-a7d8-a18f14736ede,7963937401,ELA,Grade 7,Unit,2025-26,Unit 1 Part 2
019eb11c-413b-7a66-a7d8-a18f14736ede,7963939073,ELA,Grade 8,Unit,2025-26,Unit1 Part 1
019eb11c-413b-7a66-a7d8-a18f14736ede,7963941461,ELA,Grade 8,Unit,2025-26,Unit1 Part 1
019eb11c-413b-7a66-a7d8-a18f14736ede,7964004497,HS Algebra I,Regular 9–12,topic,2025-26,Topic 1
019eb11c-413b-7a66-a7d8-a18f14736ede,7964041607,Math,Grade 6,topic,2025-26,Topic 1
019eb11c-413b-7a66-a7d8-a18f14736ede,7964059500,Math,Grade 7,topic,2025-26,Topic 1
019eb11c-413b-7a66-a7d8-a18f14736ede,7964062196,Math,Grade 7,topic,2025-26,Topic 1
019eb11c-413b-7a66-a7d8-a18f14736ede,7964065626,Math,Grade 7,topic,2025-26,Topic 1
019eb11c-413b-7a66-a7d8-a18f14736ede,7964067882,Math,Grade 7,topic,2025-26,Topic 1
019eb11c-413b-7a66-a7d8-a18f14736ede,7964150311,HS English I,Regular 9–12,Unit,2025-26,Unit 1 Part 1
019eb11c-413b-7a66-a7d8-a18f14736ede,7964150370,HS English I,Regular 9–12,Unit,2025-26,Unit 1 Part 2
019eb11c-413b-7a66-a7d8-a18f14736ede,7964160815,HS English II,Regular 9–12,Unit,2025-26,Unit 1 Part 1
019eb11c-413b-7a66-a7d8-a18f14736ede,7964160840,HS English II,Regular 9–12,Unit,2025-26,Unit 1 Part 2
019eb11c-413b-7a66-a7d8-a18f14736ede,7964173973,HS English III,Regular 9–12,Unit,2025-26,Unit 1 Part 1
019eb11c-413b-7a66-a7d8-a18f14736ede,7964174019,HS English III,Regular 9–12,Unit,2025-26,Unit 1 Part 2
019eb11c-413b-7a66-a7d8-a18f14736ede,7964191435,HS English IV,Regular 9–12,Unit,2025-26,Unit 1 Part 1
019eb11c-413b-7a66-a7d8-a18f14736ede,7964191457,HS English IV,Regular 9–12,Unit,2025-26,Unit 1 Part 2
019eb11c-413b-7a66-a7d8-a18f14736ede,7997317421,Science,Grade 4,Summative,2025-26,Unit 1 Test: Studying Science
019eb11c-413b-7a66-a7d8-a18f14736ede,7997317453,Science,Grade 4,Summative,2025-26,Unit 2 Test: The Engineering Process
019eb11c-413b-7a66-a7d8-a18f14736ede,7997317482,Science,Grade 4,Summative,2025-26,Unit 3 Test: Earth's Place in Space
019eb11c-413b-7a66-a7d8-a18f14736ede,7997317509,Science,Grade 4,Summative,2025-26,"Unit 4 Test: Rocks, Minerals and Resources"
019eb11c-413b-7a66-a7d8-a18f14736ede,7997317541,Science,Grade 4,Summative,2025-26,Unit 5 Test: Matter and Its Properties
019eb11c-413b-7a66-a7d8-a18f14736ede,7997317562,Science,Grade 4,Summative,2025-26,Unit 6 Test: Matter and Its Changes
019eb11c-413b-7a66-a7d8-a18f14736ede,7997317582,Science,Grade 4,Summative,2025-26,Unit 7 Test: Energy and Its Uses
019eb11c-413b-7a66-a7d8-a18f14736ede,7997317607,Science,Grade 4,Summative,2025-26,Unit 8 Test: Heat
019eb11c-413b-7a66-a7d8-a18f14736ede,7997317653,Science,Grade 4,Summative,2025-26,Unit 10 Test: Life Cycles and Growth
019eb11c-413b-7a66-a7d8-a18f14736ede,7997317688,Science,Grade 4,Summative,2025-26,Unit 11 Test: Organisms and Their Environment
019eb11c-413b-7a66-a7d8-a18f14736ede,7997342288,Science,Grade 5,Summative,2025-26,Unit 1 Benchmark Test: Scientists at Work
019eb11c-413b-7a66-a7d8-a18f14736ede,7997342323,Science,Grade 5,Summative,2025-26,Unit 2 Benchmark Test: The Engineering Process
019eb11c-413b-7a66-a7d8-a18f14736ede,7997342350,Science,Grade 5,Summative,2025-26,Unit 3 Benchmark Test: The Solar System and the Universe
019eb11c-413b-7a66-a7d8-a18f14736ede,7997342393,Science,Grade 5,Summative,2025-26,"Unit 4 Benchmark: Weather, Climate, and the Water Cycle"
019eb11c-413b-7a66-a7d8-a18f14736ede,7997342424,Science,Grade 5,Summative,2025-26,Unit 5 Benchmark Test: The Nature of Matter
019eb11c-413b-7a66-a7d8-a18f14736ede,7997342455,Science,Grade 5,Summative,2025-26,Unit 6 Benchmark Test: Forms of Energy
019eb11c-413b-7a66-a7d8-a18f14736ede,7997342490,Science,Grade 5,Summative,2025-26,Unit 7 Benchmark Test: Working With Electricity
019eb11c-413b-7a66-a7d8-a18f14736ede,7997342532,Science,Grade 5,Summative,2025-26,Unit 8 Benchmark Test: Forces and Motion
019eb11c-413b-7a66-a7d8-a18f14736ede,7997342575,Science,Grade 5,Summative,2025-26,Unit 9 Benchmark Test: The Structure of Living Things
019eb11c-413b-7a66-a7d8-a18f14736ede,7997342639,Science,Grade 5,Summative,2025-26,Unit 11 Benchmark Test: Plants and Animal Adaptations
019eb11c-413b-7a66-a7d8-a18f14736ede,7999771774,Math,Grade 4,Summative,2025-26,Chapter 1 Test: Whole Number Place Value
019eb11c-413b-7a66-a7d8-a18f14736ede,8007101589,Math,Grade 2,Summative,2025-26,Chapter 1 Test: Understand Place Value
019eb11c-413b-7a66-a7d8-a18f14736ede,8007108786,Math,Grade 2,Summative,2025-26,Chapter 1 Test: Understand Place Value
019eb11c-413b-7a66-a7d8-a18f14736ede,8010914576,Math,Grade 2,Summative,2025-26,Chapter 1 Test: Understand Place Value
019eb11c-413b-7a66-a7d8-a18f14736ede,8016400881,Math,Grade 4,Summative,2025-26,Chapter 1 Test: Whole Number Place Value
019eb11c-413b-7a66-a7d8-a18f14736ede,8018752203,Math,Grade 1,Summative,2025-26,Chapter 1 Test: Counting and Number Sense
019eb11c-413b-7a66-a7d8-a18f14736ede,8018754855,Math,Grade 1,Summative,2025-26,Chapter 1 Test: Counting and Number Sense
019eb11c-413b-7a66-a7d8-a18f14736ede,8018759369,Math,Grade 1,Summative,2025-26,Chapter 4 Test: Addition Concepts
019eb11c-413b-7a66-a7d8-a18f14736ede,8018762596,Math,Grade 2,Summative,2025-26,Chapter 4 Test: Equal Groups
019eb11c-413b-7a66-a7d8-a18f14736ede,8018769272,Math,Grade 2,Summative,2025-26,Chapter 4 Test: Equal Groups
019eb11c-413b-7a66-a7d8-a18f14736ede,8018777326,Math,Grade 3,Summative,2025-26,Chapter 2 Test: Addition and Subtraction Strategies
019eb11c-413b-7a66-a7d8-a18f14736ede,8018777331,Math,Grade 3,Summative,2025-26,Chapter 4 Test: Understand Multiplication
019eb11c-413b-7a66-a7d8-a18f14736ede,8018779616,Math,Grade 3,Summative,2025-26,Chapter 4 Test: Understand Multiplication
019eb11c-413b-7a66-a7d8-a18f14736ede,8018784758,Math,Grade 4,Summative,2025-26,Chapter 1 Test: Whole Number Place Value
019eb11c-413b-7a66-a7d8-a18f14736ede,8018784762,Math,Grade 4,Summative,2025-26,Chapter 3 Test: Multiply by 2-Digit Numbers
019eb11c-413b-7a66-a7d8-a18f14736ede,8018784764,Math,Grade 4,Summative,2025-26,Chapter 5 Test: Divide by 1-Digit Numbers
019eb11c-413b-7a66-a7d8-a18f14736ede,8018785689,Math,Grade 4,Summative,2025-26,Chapter 3 Test: Multiply by 2-Digit Numbers
019eb11c-413b-7a66-a7d8-a18f14736ede,8018786737,Math,Grade 4,Summative,2025-26,Chapter 1 Test: Whole Number Place Value
019eb11c-413b-7a66-a7d8-a18f14736ede,8018786741,Math,Grade 4,Summative,2025-26,Chapter 3 Test: Multiply by 2-Digit Numbers
019eb11c-413b-7a66-a7d8-a18f14736ede,8018786743,Math,Grade 4,Summative,2025-26,Chapter 5 Test: Divide by 1-Digit Numbers
019eb11c-413b-7a66-a7d8-a18f14736ede,8018791226,Math,Grade 5,Summative,2025-26,Chapter 1 Test: Understand Multiplication and Division of Whole Numbers
019eb11c-413b-7a66-a7d8-a18f14736ede,8018791228,Math,Grade 5,Summative,2025-26,Chapter 2 Test: Practice Multiplication and Division of Whole Numbers
019eb11c-413b-7a66-a7d8-a18f14736ede,8018791229,Math,Grade 5,Summative,2025-26,Chapter 3 Test: Place Value and Decimals
019eb11c-413b-7a66-a7d8-a18f14736ede,8018791230,Math,Grade 5,Summative,2025-26,Chapter 4 Test: Add and Subtract Decimals
019eb11c-413b-7a66-a7d8-a18f14736ede,8018791233,Math,Grade 5,Summative,2025-26,Chapter 5 Test: Multiply Decimals and Whole Numbers
019eb11c-413b-7a66-a7d8-a18f14736ede,8018791881,Math,Grade 5,Summative,2025-26,Chapter 1 Test: Understand Multiplication and Division of Whole Numbers
019eb11c-413b-7a66-a7d8-a18f14736ede,8018791882,Math,Grade 5,Summative,2025-26,Chapter 2 Test: Practice Multiplication and Division of Whole Numbers
019eb11c-413b-7a66-a7d8-a18f14736ede,8018791883,Math,Grade 5,Summative,2025-26,Chapter 3 Test: Place Value and Decimals
019eb11c-413b-7a66-a7d8-a18f14736ede,8018791884,Math,Grade 5,Summative,2025-26,Chapter 4 Test: Add and Subtract Decimals
019eb11c-413b-7a66-a7d8-a18f14736ede,8018791886,Math,Grade 5,Summative,2025-26,Chapter 5 Test: Multiply Decimals and Whole Numbers
019eb11c-413b-7a66-a7d8-a18f14736ede,8023713374,Science,Grade 3,Summative,2025-26,Unit 1 Benchmark Test: Investigating Questions
019eb11c-413b-7a66-a7d8-a18f14736ede,8023806670,Science,Grade 1,Summative,2025-26,Unit 1 Benchmark Test: How Scientists Work
019eb11c-413b-7a66-a7d8-a18f14736ede,8028328441,Math,Grade 3,Summative,2025-26,Chapter 2 Test: Addition and Subtraction Strategies
019eb11c-413b-7a66-a7d8-a18f14736ede,8033421831,ELA,Grade 5,Summative,2025-26,Module 1 Assessment: Inventors at Work
019eb11c-413b-7a66-a7d8-a18f14736ede,8033423535,ELA,Grade 5,Summative,2025-26,Module 1 Assessment: Inventors at Work
019eb11c-413b-7a66-a7d8-a18f14736ede,8057835840,HS Economics,Higher-Ed,Summative,2025-26,Topic 1
019eb11c-413b-7a66-a7d8-a18f14736ede,8064182726,History,Grade 8,topic,2025-26,Topic 1: The Early Americas and European Exploration
019eb11c-413b-7a66-a7d8-a18f14736ede,8064184316,History,Grade 8,topic,2025-26,Topic 1: The Early Americas and European Exploration
019eb11c-413b-7a66-a7d8-a18f14736ede,8064353116,Science,Grade 7,topic,2025-26,Living Things in the Biosphere
019eb11c-413b-7a66-a7d8-a18f14736ede,8070374010,ELA,Grade 3,Summative,2025-26,Module 2 Assessment: Use Your Words
019eb11c-413b-7a66-a7d8-a18f14736ede,8070374020,ELA,Grade 3,Summative,2025-26,Module 3 Assessment: Let Freedom Ring!
019eb11c-413b-7a66-a7d8-a18f14736ede,8070382256,ELA,Grade 3,Summative,2025-26,Module 2 Assessment: Use Your Words
019eb11c-413b-7a66-a7d8-a18f14736ede,8070382266,ELA,Grade 3,Summative,2025-26,Module 3 Assessment: Let Freedom Ring!
019eb11c-413b-7a66-a7d8-a18f14736ede,8076260570,Math,Grade 2,Summative,2025-26,Chapter 4 Test: Equal Groups
019eb11c-413b-7a66-a7d8-a18f14736ede,8077261553,Math,Grade 1,Summative,2025-26,Chapter 4 Test: Addition Concepts
019eb11c-413b-7a66-a7d8-a18f14736ede,8077262828,Math,Grade 1,Summative,2025-26,Chapter 4 Test: Addition Concepts
019eb11c-413b-7a66-a7d8-a18f14736ede,8077264048,Math,Grade 1,Summative,2025-26,Chapter 4 Test: Addition Concepts
019eb11c-413b-7a66-a7d8-a18f14736ede,8086682371,ELA,Grade 5,Summative,2025-26,Module 2 Assessment: What a Story
019eb11c-413b-7a66-a7d8-a18f14736ede,8086682473,ELA,Grade 5,Summative,2025-26,Module 2 Assessment: What a Story
019eb11c-413b-7a66-a7d8-a18f14736ede,8087300293,Science,Grade 1,Summative,2025-26,Unit 3 Benchmark Test: Objects in the Sky
019eb11c-413b-7a66-a7d8-a18f14736ede,8087300297,Science,Grade 1,Summative,2025-26,Unit 4 Benchmark Test: Earth’s Resources
019eb11c-413b-7a66-a7d8-a18f14736ede,8087300300,Science,Grade 1,Summative,2025-26,Unit 5 Benchmark Test: Matter
019eb11c-413b-7a66-a7d8-a18f14736ede,8087300301,Science,Grade 1,Summative,2025-26,Unit 6 Benchmark Test: Motion
019eb11c-413b-7a66-a7d8-a18f14736ede,8087300305,Science,Grade 1,Summative,2025-26,Unit 8 Benchmark Test: Living Things and  Their Parents
019eb11c-413b-7a66-a7d8-a18f14736ede,8087300307,Science,Grade 1,Summative,2025-26,Unit 9 Benchmark Test: Plant and Animal Needs
019eb11c-413b-7a66-a7d8-a18f14736ede,8087302084,Science,Grade 1,Summative,2025-26,Unit 3 Benchmark Test: Objects in the Sky
019eb11c-413b-7a66-a7d8-a18f14736ede,8087303194,Science,Grade 1,Summative,2025-26,Unit 3 Benchmark Test: Objects in the Sky
019eb11c-413b-7a66-a7d8-a18f14736ede,8087304331,Science,Grade 1,Summative,2025-26,Unit 3 Benchmark Test: Objects in the Sky
019eb11c-413b-7a66-a7d8-a18f14736ede,8087335627,History,Grade 6,topic,2025-26,Test Topic 2: Civilizations and Peoples of the Fertile Crescent
019eb11c-413b-7a66-a7d8-a18f14736ede,8087339728,Civics,Grade 7,topic,2025-26,Test Topic 2: You and Your Government
019eb11c-413b-7a66-a7d8-a18f14736ede,8087341078,Civics,Grade 7,topic,2025-26,Test Topic 2: You and Your Government
019eb11c-413b-7a66-a7d8-a18f14736ede,8087369264,History,Grade 8,topic,2025-26,Test Topic 2: European Colonization of North America (1500-1750)
019eb11c-413b-7a66-a7d8-a18f14736ede,8087371742,History,Grade 8,topic,2025-26,Test Topic 2: European Colonization of North America (1500-1750)
019eb11c-413b-7a66-a7d8-a18f14736ede,8088414126,Science,Grade 2,Summative,2025-26,Unit 2 Benchmark: Technology In Our World
019eb11c-413b-7a66-a7d8-a18f14736ede,8088499478,ELA,Grade 4,Summative,2025-26,Module 2 Assessment: Come to Your Senses
019eb11c-413b-7a66-a7d8-a18f14736ede,8089389994,HS Geometry,Regular 9–12,topic,2025-26,Topic 2
019eb11c-413b-7a66-a7d8-a18f14736ede,8089390287,HS Algebra I,Regular 9–12,topic,2025-26,Topic 2
019eb11c-413b-7a66-a7d8-a18f14736ede,8089937013,HS Alegra II,Higher-Ed,topic,2025-26,Topic 2
019eb11c-413b-7a66-a7d8-a18f14736ede,8092034631,ELA,Grade 4,Summative,2025-26,Module 2 Assessment: Come to Your Senses
019eb11c-413b-7a66-a7d8-a18f14736ede,8092034693,ELA,Grade 4,Summative,2025-26,Module 2 Assessment: Come to Your Senses
019eb11c-413b-7a66-a7d8-a18f14736ede,8092034736,ELA,Grade 4,Summative,2025-26,Module 2 Assessment: Come to Your Senses
019eb11c-413b-7a66-a7d8-a18f14736ede,8092313476,ELA,Grade 2,Summative,2025-26,Module 2 Assessment: Look Around and Explore!
019eb11c-413b-7a66-a7d8-a18f14736ede,8092315284,ELA,Grade 2,Summative,2025-26,Module 2 Assessment: Look Around and Explore!
019eb11c-413b-7a66-a7d8-a18f14736ede,8092315309,ELA,Grade 2,Summative,2025-26,Module 2 Assessment: Look Around and Explore!
019eb11c-413b-7a66-a7d8-a18f14736ede,8093370742,Math,Grade 2,Summative,2025-26,Chapter 5 Test: 2-Digit Addition
019eb11c-413b-7a66-a7d8-a18f14736ede,8093370744,Math,Grade 2,Summative,2025-26,Chapter 5 Test: 2-Digit Addition
019eb11c-413b-7a66-a7d8-a18f14736ede,8093370747,Math,Grade 2,Summative,2025-26,Chapter 5 Test: 2-Digit Addition
019eb11c-413b-7a66-a7d8-a18f14736ede,8093860235,ELA,Grade 1,Summative,2025-26,Module 3 Assessment: Amazing Animals (new)
019eb11c-413b-7a66-a7d8-a18f14736ede,8093860260,ELA,Grade 1,Summative,2025-26,Module 3 Assessment: Amazing Animals (new)
019eb11c-413b-7a66-a7d8-a18f14736ede,8093860309,ELA,Grade 1,Summative,2025-26,Module 3 Assessment: Amazing Animals (new)
019eb11c-413b-7a66-a7d8-a18f14736ede,8093860331,ELA,Grade 1,Summative,2025-26,Module 3 Assessment: Amazing Animals (new)
019eb11c-413b-7a66-a7d8-a18f14736ede,8095122686,Math,Grade 6,topic,2025-26,Topic 2
019eb11c-413b-7a66-a7d8-a18f14736ede,8095123060,Math,Grade 6,topic,2025-26,Topic 2
019eb11c-413b-7a66-a7d8-a18f14736ede,8095123351,Math,Grade 7,topic,2025-26,Topic 2
019eb11c-413b-7a66-a7d8-a18f14736ede,8095123435,Math,Grade 7,topic,2025-26,Topic 2
019eb11c-413b-7a66-a7d8-a18f14736ede,8095125581,Algebra,Grade 8,topic,2025-26,Topic 2
019eb11c-413b-7a66-a7d8-a18f14736ede,8095125773,Algebra,Grade 8,topic,2025-26,Topic 2
019eb11c-413b-7a66-a7d8-a18f14736ede,8101189630,Math,Grade 4,Summative,2025-26,Chapter 5 Test: Divide by 1-Digit Numbers
019eb11c-413b-7a66-a7d8-a18f14736ede,8102307636,HS English I,Regular 9–12,Summative,2025-26,Unit 2 part 1
019eb11c-413b-7a66-a7d8-a18f14736ede,8102309491,HS English III,Regular 9–12,Unit,2025-26,Unit 2 Part 1
019eb11c-413b-7a66-a7d8-a18f14736ede,8102309497,HS English III,Regular 9–12,Unit,2025-26,Unit 2 Part 2
019eb11c-413b-7a66-a7d8-a18f14736ede,8102310161,ELA,Grade 6,Unit,2025-26,Unit 2 Part 1
019eb11c-413b-7a66-a7d8-a18f14736ede,8102310167,ELA,Grade 6,Unit,2025-26,Unit 2 Part 2
019eb11c-413b-7a66-a7d8-a18f14736ede,8102310357,ELA,Grade 6,Unit,2025-26,Unit 2 Part 1
019eb11c-413b-7a66-a7d8-a18f14736ede,8102310648,ELA,Grade 7,Unit,2025-26,Unit 2 Part 1
019eb11c-413b-7a66-a7d8-a18f14736ede,8102312134,ELA,Grade 7,Unit,2025-26,Unit 2 Part 1
019eb11c-413b-7a66-a7d8-a18f14736ede,8102313694,ELA,Grade 8,Unit,2025-26,Unit 2 Part 1
019eb11c-413b-7a66-a7d8-a18f14736ede,8102615288,Math,Grade 1,Summative,2025-26,Chapter 5 Test: Subtraction Concepts
019eb11c-413b-7a66-a7d8-a18f14736ede,8102615314,Math,Grade 1,Summative,2025-26,Chapter 5 Test: Subtraction Concepts
019eb11c-413b-7a66-a7d8-a18f14736ede,8102615340,Math,Grade 1,Summative,2025-26,Chapter 5 Test: Subtraction Concepts
019eb11c-413b-7a66-a7d8-a18f14736ede,8102615359,Math,Grade 1,Summative,2025-26,Chapter 5 Test: Subtraction Concepts
019eb11c-413b-7a66-a7d8-a18f14736ede,8108245298,Math,Grade 7,topic,2025-26,Topic 2
019eb11c-413b-7a66-a7d8-a18f14736ede,8110540742,History,Grade 8,topic,2025-26,Topic 3: The Revolutionary Era (1750-1783)
019eb11c-413b-7a66-a7d8-a18f14736ede,8110543086,History,Grade 8,topic,2025-26,Topic 3: The Revolutionary Era (1750-1783)
019eb11c-413b-7a66-a7d8-a18f14736ede,8112638734,Math,Grade 3,Summative,2025-26,Chapter 5 Test: Multiplication Facts and Strategies
019eb11c-413b-7a66-a7d8-a18f14736ede,8112638756,Math,Grade 3,Summative,2025-26,Chapter 5 Test: Multiplication Facts and Strategies
019eb11c-413b-7a66-a7d8-a18f14736ede,8115435724,Math,Grade 2,Summative,2025-26,Chapter 6 Test: More 2-Digit Addition
019eb11c-413b-7a66-a7d8-a18f14736ede,8115435766,Math,Grade 2,Summative,2025-26,Chapter 6 Test: More 2-Digit Addition
019eb11c-413b-7a66-a7d8-a18f14736ede,8115435804,Math,Grade 2,Summative,2025-26,Chapter 6 Test: More 2-Digit Addition
019eb11c-413b-7a66-a7d8-a18f14736ede,8117821464,Science,Grade 6,topic,2025-26,Topic 2 Energy in the Atmosphere and Ocean
019eb11c-413b-7a66-a7d8-a18f14736ede,8117821465,Science,Grade 6,topic,2025-26,Topic 3: Weather and Climate
019eb11c-413b-7a66-a7d8-a18f14736ede,8117821503,Science,Grade 6,topic,2025-26,Topic 2 Energy in the Atmosphere and Ocean
019eb11c-413b-7a66-a7d8-a18f14736ede,8117821505,Science,Grade 6,topic,2025-26,Topic 3: Weather and Climate
019eb11c-413b-7a66-a7d8-a18f14736ede,8117821689,Science,Grade 7,topic,2025-26,Topic 2: Cells and Cell Systems
019eb11c-413b-7a66-a7d8-a18f14736ede,8117821720,Science,Grade 7,topic,2025-26,Topic 2: Cells and Cell Systems
019eb11c-413b-7a66-a7d8-a18f14736ede,8117821784,Science,Grade 8,topic,2025-26,Forces and Motion
019eb11c-413b-7a66-a7d8-a18f14736ede,8117821864,Science,Grade 8,topic,2025-26,Forces and Motion
019eb11c-413b-7a66-a7d8-a18f14736ede,8117831628,Civics,Grade 7,topic,2025-26,"Topic 3 Test: State, Local, and Tribal Governments Matter"
019eb11c-413b-7a66-a7d8-a18f14736ede,8117832042,Civics,Grade 7,topic,2025-26,"Topic 3 Test: State, Local, and Tribal Governments Matter"
019eb11c-413b-7a66-a7d8-a18f14736ede,8117833095,History,Grade 6,topic,2025-26,Topic 3 Test: Ancient Egypt and Kush (3000 BCE - 600 BCE)
019eb11c-413b-7a66-a7d8-a18f14736ede,8118215773,HS World History,Higher-Ed,Summative,2025-26,Topic 4: The Americas (Prehistory?A.D. 1570)
019eb11c-413b-7a66-a7d8-a18f14736ede,8118218139,Math,Grade 6,topic,2025-26,Topic 3
019eb11c-413b-7a66-a7d8-a18f14736ede,8118219310,Math,Grade 6,topic,2025-26,Topic 3
019eb11c-413b-7a66-a7d8-a18f14736ede,8118220134,Math,Grade 7,topic,2025-26,Topic 3
019eb11c-413b-7a66-a7d8-a18f14736ede,8118221170,Math,Grade 7,topic,2025-26,Topic 3
019eb11c-413b-7a66-a7d8-a18f14736ede,8118223184,Algebra,Grade 8,topic,2025-26,Topic 3
019eb11c-413b-7a66-a7d8-a18f14736ede,8118223798,Algebra,Grade 8,topic,2025-26,Topic 3
019eb11c-413b-7a66-a7d8-a18f14736ede,8120281490,Math,Grade 4,Summative,2025-26,Chapter 4 Test: Division Strategies
019eb11c-413b-7a66-a7d8-a18f14736ede,8120283751,Math,Grade 4,Summative,2025-26,Chapter 4 Test: Division Strategies
019eb11c-413b-7a66-a7d8-a18f14736ede,8120283787,Math,Grade 4,Summative,2025-26,Chapter 4 Test: Division Strategies
019eb11c-413b-7a66-a7d8-a18f14736ede,8123427408,Math,Grade 1,Summative,2025-26,Chapter 6 Test: Addition Strategies
019eb11c-413b-7a66-a7d8-a18f14736ede,8123427437,Math,Grade 1,Summative,2025-26,Chapter 6 Test: Addition Strategies
019eb11c-413b-7a66-a7d8-a18f14736ede,8123427451,Math,Grade 1,Summative,2025-26,Chapter 6 Test: Addition Strategies
019eb11c-413b-7a66-a7d8-a18f14736ede,8123427460,Math,Grade 1,Summative,2025-26,Chapter 6 Test: Addition Strategies
019eb11c-413b-7a66-a7d8-a18f14736ede,8125390328,Math,Grade 3,Summative,2025-26,Chapter 6 Test: Multiplication with Multiples of 10 and 100
019eb11c-413b-7a66-a7d8-a18f14736ede,8125390347,Math,Grade 3,Summative,2025-26,Chapter 6 Test: Multiplication with Multiples of 10 and 100
019eb11c-413b-7a66-a7d8-a18f14736ede,8126300615,ELA,Grade 3,Summative,2025-26,Stories on Stage: Weekly Assessment: Module 4 Week 1
019eb11c-413b-7a66-a7d8-a18f14736ede,8126300640,ELA,Grade 3,Summative,2025-26,Stories on Stage: Weekly Assessment: Module 4 Week 1
019eb11c-413b-7a66-a7d8-a18f14736ede,8129077942,Math,Grade 5,Summative,2025-26,Chapter 6 Test: Multiply Decimals
019eb11c-413b-7a66-a7d8-a18f14736ede,8129077990,Math,Grade 5,Summative,2025-26,Chapter 6 Test: Multiply Decimals
019eb11c-413b-7a66-a7d8-a18f14736ede,8130289934,ELA,Grade 3,Summative,2025-26,Stories on Stage: Weekly Assessment: Module 4 Week 2
019eb11c-413b-7a66-a7d8-a18f14736ede,8130289957,ELA,Grade 3,Summative,2025-26,Stories on Stage: Weekly Assessment: Module 4 Week 2
019eb11c-413b-7a66-a7d8-a18f14736ede,8133124607,ELA,Grade 5,Summative,2025-26,Module 3 Assessment: Natural Disasters
019eb11c-413b-7a66-a7d8-a18f14736ede,8133129406,ELA,Grade 5,Summative,2025-26,Module 3 Assessment: Natural Disasters
019eb11c-413b-7a66-a7d8-a18f14736ede,8134700619,Civics,Grade 7,topic,2025-26,Topic 4: Our Founding Documents: Listen to Many Voices
019eb11c-413b-7a66-a7d8-a18f14736ede,8134704459,Civics,Grade 7,topic,2025-26,Topic 4: Our Founding Documents: Listen to Many Voices
019eb11c-413b-7a66-a7d8-a18f14736ede,8135423983,ELA,Grade 1,Summative,2025-26,Module 4 Assessment: Better Together
019eb11c-413b-7a66-a7d8-a18f14736ede,8135424020,ELA,Grade 1,Summative,2025-26,Module 4 Assessment: Better Together
019eb11c-413b-7a66-a7d8-a18f14736ede,8135424056,ELA,Grade 1,Summative,2025-26,Module 4 Assessment: Better Together
019eb11c-413b-7a66-a7d8-a18f14736ede,8135424102,ELA,Grade 1,Summative,2025-26,Module 4 Assessment: Better Together
019eb11c-413b-7a66-a7d8-a18f14736ede,8140495628,Civics,Grade 7,topic,2025-26,Topic 5: Our Constitutional Government: Join in Civil Conversations
019eb11c-413b-7a66-a7d8-a18f14736ede,8140495629,Civics,Grade 7,topic,2025-26,Topic 6: The Constitution Protects Your Rights: Defend All Rights
019eb11c-413b-7a66-a7d8-a18f14736ede,8140495691,Civics,Grade 7,topic,2025-26,Topic 5: Our Constitutional Government: Join in Civil Conversations
019eb11c-413b-7a66-a7d8-a18f14736ede,8140495693,Civics,Grade 7,Summative,2025-26,Topic 6: The Constitution Protects Your Rights: Defend All Rights
019eb11c-413b-7a66-a7d8-a18f14736ede,8140761555,History,Grade 6,topic,2025-26,Topic 5: Early Civilizations of China (1700 BCE - 220 CE)
019eb11c-413b-7a66-a7d8-a18f14736ede,8140761677,History,Grade 6,topic,2025-26,Topic 4: Early Civilizations of India (2600 BCE - 540 CE)
019eb11c-413b-7a66-a7d8-a18f14736ede,8140761678,History,Grade 6,topic,2025-26,Topic 5: Early Civilizations of China (1700 BCE - 220 CE)
019eb11c-413b-7a66-a7d8-a18f14736ede,8144719967,Math,Grade 2,Summative,2025-26,Chapter 7 Test: 2-Digit Subtraction
019eb11c-413b-7a66-a7d8-a18f14736ede,8144720011,Math,Grade 2,Summative,2025-26,Chapter 7 Test: 2-Digit Subtraction
019eb11c-413b-7a66-a7d8-a18f14736ede,8144720029,Math,Grade 2,Summative,2025-26,Chapter 7 Test: 2-Digit Subtraction
019eb11c-413b-7a66-a7d8-a18f14736ede,8148454828,ELA,Grade 3,Summative,2025-26,Stories on Stage: Module 4 Assessment
019eb11c-413b-7a66-a7d8-a18f14736ede,8148454850,ELA,Grade 3,Summative,2025-26,Stories on Stage: Module 4 Assessment
019eb11c-413b-7a66-a7d8-a18f14736ede,8148473614,ELA,Grade 5,Summative,2025-26,The American West: Weekly Assessment: Module 4 Week 1
019eb11c-413b-7a66-a7d8-a18f14736ede,8148473659,ELA,Grade 5,Summative,2025-26,The American West: Weekly Assessment: Module 4 Week 1
019eb11c-413b-7a66-a7d8-a18f14736ede,8150386807,ELA,Grade 4,Summative,2025-26,Module 3 Assessment: Rise to the Occasion
019eb11c-413b-7a66-a7d8-a18f14736ede,8150386856,ELA,Grade 4,Summative,2025-26,Module 3 Assessment: Rise to the Occasion
019eb11c-413b-7a66-a7d8-a18f14736ede,8150386893,ELA,Grade 4,Summative,2025-26,Module 3 Assessment: Rise to the Occasion
019eb11c-413b-7a66-a7d8-a18f14736ede,8152743425,Science,Grade 8,topic,2025-26,Thermal Energy
019eb11c-413b-7a66-a7d8-a18f14736ede,8152768442,Science,Grade 8,topic,2025-26,Thermal Energy
019eb11c-413b-7a66-a7d8-a18f14736ede,8154778691,HS English II,Regular 9–12,Unit,2025-26,Unit 2 Part 1
019eb11c-413b-7a66-a7d8-a18f14736ede,8156605106,ELA,Grade 2,Summative,2025-26,Module 3 Assessment: Meet in the Middle
019eb11c-413b-7a66-a7d8-a18f14736ede,8156605142,ELA,Grade 2,Summative,2025-26,Module 3 Assessment: Meet in the Middle
019eb11c-413b-7a66-a7d8-a18f14736ede,8156605182,ELA,Grade 2,Summative,2025-26,Module 3 Assessment: Meet in the Middle
019eb11c-413b-7a66-a7d8-a18f14736ede,8157335558,HS Geometry,Regular 9–12,topic,2025-26,Topic 3
019eb11c-413b-7a66-a7d8-a18f14736ede,8159696693,Math,Grade 5,Summative,2025-26,Chapter 7 Test: Divide Decimals
019eb11c-413b-7a66-a7d8-a18f14736ede,8159696712,Math,Grade 5,Summative,2025-26,Chapter 7 Test: Divide Decimals
019eb11c-413b-7a66-a7d8-a18f14736ede,8159775714,ELA,Grade 4,Summative,2025-26,M4 W1 Heroic Feats: Weekly Assessment: Module 4 Week 1
019eb11c-413b-7a66-a7d8-a18f14736ede,8159775714,ELA,Grade 4,Summative,2025-26,M4 W1 Heroic Feats: Weekly Assessment: Module 4 Week 1 12/18
019eb11c-413b-7a66-a7d8-a18f14736ede,8159775758,ELA,Grade 4,Summative,2025-26,Heroic Feats: Weekly Assessment: Module 4 Week 1
019eb11c-413b-7a66-a7d8-a18f14736ede,8159857646,ELA,Grade 5,Summative,2025-26,The American West: Weekly Assessment: Week 2
019eb11c-413b-7a66-a7d8-a18f14736ede,8159857677,ELA,Grade 5,Summative,2025-26,The American West: Weekly Assessment: Week 2
019eb11c-413b-7a66-a7d8-a18f14736ede,8161436131,HS English IV,Regular 9–12,Unit,2025-26,Mid-Year Test
019eb11c-413b-7a66-a7d8-a18f14736ede,8161437456,ELA,Grade 6,Unit,2025-26,Mid-Year Test
019eb11c-413b-7a66-a7d8-a18f14736ede,8161439965,ELA,Grade 6,Unit,2025-26,Mid-Year Test
019eb11c-413b-7a66-a7d8-a18f14736ede,8161441039,ELA,Grade 7,Unit,2025-26,Mid-Year Test
019eb11c-413b-7a66-a7d8-a18f14736ede,8161441556,ELA,Grade 7,Unit,2025-26,Mid-Year Test
019eb11c-413b-7a66-a7d8-a18f14736ede,8161442182,ELA,Grade 8,Unit,2025-26,Mid-Year Test
019eb11c-413b-7a66-a7d8-a18f14736ede,8161442468,ELA,Grade 8,Unit,2025-26,Mid-Year Test
019eb11c-413b-7a66-a7d8-a18f14736ede,8162249855,HS Honors English II,Higher-Ed,Unit,2025-26,Mid-Year Test
019eb11c-413b-7a66-a7d8-a18f14736ede,8162251651,HS Honors English III,Higher-Ed,Unit,2025-26,Mid year test
019eb11c-413b-7a66-a7d8-a18f14736ede,8162253672,HS Honors English IV,Higher-Ed,Unit,2025-26,Mid-Year Test
019eb11c-413b-7a66-a7d8-a18f14736ede,8164162137,Math,Grade 1,Summative,2025-26,Chapter 7 Test: Subtraction Strategies
019eb11c-413b-7a66-a7d8-a18f14736ede,8164162147,Math,Grade 1,Summative,2025-26,Chapter 7 Test: Subtraction Strategies
019eb11c-413b-7a66-a7d8-a18f14736ede,8164162155,Math,Grade 1,Summative,2025-26,Chapter 7 Test: Subtraction Strategies
019eb11c-413b-7a66-a7d8-a18f14736ede,8164162164,Math,Grade 1,Summative,2025-26,Chapter 7 Test: Subtraction Strategies
019eb11c-413b-7a66-a7d8-a18f14736ede,8166133663,Math,Grade 3,Summative,2025-26,Chapter 7 Test: Understand Division
019eb11c-413b-7a66-a7d8-a18f14736ede,8166133681,Math,Grade 3,Summative,2025-26,Chapter 7 Test: Understand Division
019eb11c-413b-7a66-a7d8-a18f14736ede,8180432402,Math,Grade 2,Summative,2025-26,Chapter 8 Test: More 2-Digit Subtraction
019eb11c-413b-7a66-a7d8-a18f14736ede,8188045441,History,Grade 8,topic,2025-26,Topic 4: A Constitution for the United States (1776-Present)
019eb11c-413b-7a66-a7d8-a18f14736ede,8188066941,History,Grade 8,topic,2025-26,Topic 4: A Constitution for the United States (1776-Present)
019eb11c-413b-7a66-a7d8-a18f14736ede,8195374562,HS English IV,Regular 9–12,Unit,2025-26,Unit 2 Pat 1
019eb11c-413b-7a66-a7d8-a18f14736ede,8195374577,HS English IV,Regular 9–12,Unit,2025-26,Unit 2 Part 2
019eb11c-413b-7a66-a7d8-a18f14736ede,8195472161,HS Honors English III,Higher-Ed,Unit,2025-26,Unit 2 Part 1
019eb11c-413b-7a66-a7d8-a18f14736ede,8195472186,HS Honors English III,Higher-Ed,Unit,2025-26,Unit 2 Part 2
019eb11c-413b-7a66-a7d8-a18f14736ede,8198880846,ELA,Grade 8,Unit,2025-26,Unit 2 Part 1
019eb11c-413b-7a66-a7d8-a18f14736ede,8198880895,ELA,Grade 8,Unit,2025-26,Unit 2 Part 2
019eb11c-413b-7a66-a7d8-a18f14736ede,8199631447,ELA,Grade 8,Unit,2025-26,Unit 2 Part 2
019eb11c-413b-7a66-a7d8-a18f14736ede,8199772451,HS Honors English IV,Higher-Ed,Unit,2025-26,Unit 2 Pat 1
019eb11c-413b-7a66-a7d8-a18f14736ede,8199772510,HS Honors English IV,Higher-Ed,Unit,2025-26,Unit 2 Part 2
019eb11c-413b-7a66-a7d8-a18f14736ede,8200877215,ELA,Grade 1,Summative,2025-26,"Module 5 Assessment: Now You See It, Now You Dont"
019eb11c-413b-7a66-a7d8-a18f14736ede,8200877284,ELA,Grade 1,Summative,2025-26,"Module 5 Assessment: Now You See It, Now You Dont"
019eb11c-413b-7a66-a7d8-a18f14736ede,8200877359,ELA,Grade 1,Summative,2025-26,"Module 5 Assessment: Now You See It, Now You Dont"
019eb11c-413b-7a66-a7d8-a18f14736ede,8200902444,Math,Grade 1,Summative,2025-26,Chapter 8 Test: More Addition Strategies
019eb11c-413b-7a66-a7d8-a18f14736ede,8200902489,Math,Grade 1,Summative,2025-26,Chapter 8 Test: More Addition Strategies
019eb11c-413b-7a66-a7d8-a18f14736ede,8200902532,Math,Grade 1,Summative,2025-26,Chapter 8 Test: More Addition Strategies
019eb11c-413b-7a66-a7d8-a18f14736ede,8200902584,Math,Grade 1,Summative,2025-26,Chapter 8 Test: More Addition Strategies
019eb11c-413b-7a66-a7d8-a18f14736ede,8200948721,Math,Grade 2,Summative,2025-26,Chapter 8 Test: More 2-Digit Subtraction
019eb11c-413b-7a66-a7d8-a18f14736ede,8200948758,Math,Grade 2,Summative,2025-26,Chapter 8 Test: More 2-Digit Subtraction
019eb11c-413b-7a66-a7d8-a18f14736ede,8200991999,ELA,Grade 3,Summative,2025-26,Teamwork: Weekly Assessment: Mod 5 Week 1
019eb11c-413b-7a66-a7d8-a18f14736ede,8200992054,ELA,Grade 3,Summative,2025-26,Teamwork: Weekly Assessment: Mod 5 Week 1
019eb11c-413b-7a66-a7d8-a18f14736ede,8201010981,ELA,Grade 4,Summative,2025-26,Heroic Feats: Weekly Assessment: Module 4 Week 2
019eb11c-413b-7a66-a7d8-a18f14736ede,8201011025,ELA,Grade 4,Summative,2025-26,Heroic Feats: Weekly Assessment: Module 4 Week 2
019eb11c-413b-7a66-a7d8-a18f14736ede,8201011082,ELA,Grade 4,Summative,2025-26,Heroic Feats: Weekly Assessment: Module 4 Week 2
019eb11c-413b-7a66-a7d8-a18f14736ede,8201067480,ELA,Grade 5,Summative,2025-26,The American West: Module 4 Assessment
019eb11c-413b-7a66-a7d8-a18f14736ede,8201067599,ELA,Grade 5,Summative,2025-26,The American West: Module 4 Assessment
019eb11c-413b-7a66-a7d8-a18f14736ede,8203499258,HS Physics,Higher-Ed,topic,2025-26,Investigation Assessment 2: Forces
019eb11c-413b-7a66-a7d8-a18f14736ede,8207006018,ELA,Grade 2,Summative,2025-26,Once Upon a Time: Mod 4 Weekly Assessment: Week 1
019eb11c-413b-7a66-a7d8-a18f14736ede,8207006055,ELA,Grade 2,Summative,2025-26,Once Upon a Time: Mod 4 Weekly Assessment: Week 1
019eb11c-413b-7a66-a7d8-a18f14736ede,8207006086,ELA,Grade 2,Summative,2025-26,Once Upon a Time: Mod 4 Weekly Assessment: Week 1
019eb11c-413b-7a66-a7d8-a18f14736ede,8211876460,ELA,Grade 1,Summative,2025-26,"Module 5 Assessment: Now You See It, Now You Dont"
019eb11c-413b-7a66-a7d8-a18f14736ede,8216300987,HS Algebra I,Regular 9–12,topic,2025-26,Topic 3
019eb11c-413b-7a66-a7d8-a18f14736ede,8216302399,HS Honors Algebra I,Higher-Ed,Summative,2025-26,Topic 3 Assessment A
019eb11c-413b-7a66-a7d8-a18f14736ede,8224177810,Math,Grade 4,Summative,2025-26,Chapter 6 Test: Apply Multiplication to Perimeter and Area
019eb11c-413b-7a66-a7d8-a18f14736ede,8224177837,Math,Grade 4,Summative,2025-26,Chapter 6 Test: Apply Multiplication to Perimeter and Area
019eb11c-413b-7a66-a7d8-a18f14736ede,8224177869,Math,Grade 4,Summative,2025-26,Chapter 6 Test: Apply Multiplication to Perimeter and Area
019eb11c-413b-7a66-a7d8-a18f14736ede,8224198449,Math,Grade 5,Summative,2025-26,Chapter 8 Test: Add and Subtract Fractions with Unlike Denominators
019eb11c-413b-7a66-a7d8-a18f14736ede,8224198497,Math,Grade 5,Summative,2025-26,Chapter 8 Test: Add and Subtract Fractions with Unlike Denominators
019eb11c-413b-7a66-a7d8-a18f14736ede,8224213811,ELA,Grade 3,Summative,2025-26,Teamwork: Weekly Assessment: Mod 5 Week 2
019eb11c-413b-7a66-a7d8-a18f14736ede,8224213850,ELA,Grade 3,Summative,2025-26,Teamwork: Weekly Assessment: Mod 5 Week 2
019eb11c-413b-7a66-a7d8-a18f14736ede,8224227991,ELA,Grade 4,Summative,2025-26,Heroic Feats: Module 4 Assessment
019eb11c-413b-7a66-a7d8-a18f14736ede,8224228068,ELA,Grade 4,Summative,2025-26,Heroic Feats: Module 4 Assessment
019eb11c-413b-7a66-a7d8-a18f14736ede,8224228133,ELA,Grade 4,Summative,2025-26,Heroic Feats: Module 4 Assessment
019eb11c-413b-7a66-a7d8-a18f14736ede,8228272353,HS World History,Higher-Ed,Summative,2025-26,Topic 5: The Renaissance and Reformation (1300?1650)
019eb11c-413b-7a66-a7d8-a18f14736ede,8229273120,ELA,Grade 2,Summative,2025-26,Once Upon a Time: Mod 4 Weekly Assessment: Week 2
019eb11c-413b-7a66-a7d8-a18f14736ede,8229273149,ELA,Grade 2,Summative,2025-26,Once Upon a Time: Mod 4 Weekly Assessment: Week 2
019eb11c-413b-7a66-a7d8-a18f14736ede,8229273162,ELA,Grade 2,Summative,2025-26,Once Upon a Time: Mod 4 Weekly Assessment: Week 2
019eb11c-413b-7a66-a7d8-a18f14736ede,8229307219,Math,Grade 2,Summative,2025-26,Chapter 9 Test: 2-Digit Addition and Subtraction
019eb11c-413b-7a66-a7d8-a18f14736ede,8229307252,Math,Grade 2,Summative,2025-26,Chapter 9 Test: 2-Digit Addition and Subtraction
019eb11c-413b-7a66-a7d8-a18f14736ede,8229307286,Math,Grade 2,Summative,2025-26,Chapter 9 Test: 2-Digit Addition and Subtraction
019eb11c-413b-7a66-a7d8-a18f14736ede,8231228384,ELA,Grade 5,Summative,2025-26,Project Earth: Weekly Assessment: Module 5 Week 1
019eb11c-413b-7a66-a7d8-a18f14736ede,8231229585,ELA,Grade 5,Summative,2025-26,Project Earth: Weekly Assessment: Module 5 Week 1
019eb11c-413b-7a66-a7d8-a18f14736ede,8231589034,History,Grade 8,topic,2025-26,Topic 5: The Early Republic (1789-1825)
019eb11c-413b-7a66-a7d8-a18f14736ede,8231594660,History,Grade 8,topic,2025-26,Topic 5: The Early Republic (1789-1825)
019eb11c-413b-7a66-a7d8-a18f14736ede,8231865506,Civics,Grade 7,topic,2025-26,Topic 7: Branches of the U.S. Government: Collaborate With Others
019eb11c-413b-7a66-a7d8-a18f14736ede,8231874273,Civics,Grade 7,topic,2025-26,Topic 7: Branches of the U.S. Government: Collaborate With Others
019eb11c-413b-7a66-a7d8-a18f14736ede,8235087881,Math,Grade 3,Summative,2025-26,Chapter 8 Test: Division Facts and Strategies
019eb11c-413b-7a66-a7d8-a18f14736ede,8235087905,Math,Grade 3,Summative,2025-26,Chapter 8 Test: Division Facts and Strategies
019eb11c-413b-7a66-a7d8-a18f14736ede,8239057496,History,Grade 6,topic,2025-26,Topic 6: Ancient Greece (2000 BCE - 300 BCE)
019eb11c-413b-7a66-a7d8-a18f14736ede,8239060045,History,Grade 6,topic,2025-26,Topic 6: Ancient Greece (2000 BCE - 300 BCE)
019eb11c-413b-7a66-a7d8-a18f14736ede,8241746024,Math,Grade 6,topic,2025-26,Topic 5
019eb11c-413b-7a66-a7d8-a18f14736ede,8241746925,Math,Grade 6,topic,2025-26,Topic 5
019eb11c-413b-7a66-a7d8-a18f14736ede,8241748258,Math,Grade 7,topic,2025-26,Topic 5
019eb11c-413b-7a66-a7d8-a18f14736ede,8241749400,Math,Grade 7,topic,2025-26,Topic 5
019eb11c-413b-7a66-a7d8-a18f14736ede,8241880942,Algebra,Grade 8,topic,2025-26,Topic 5
019eb11c-413b-7a66-a7d8-a18f14736ede,8241881061,Algebra,Grade 8,topic,2025-26,Topic 5
019eb11c-413b-7a66-a7d8-a18f14736ede,8242520224,Math,Grade 1,Summative,2025-26,Chapter 9 Test: Money
019eb11c-413b-7a66-a7d8-a18f14736ede,8242520245,Math,Grade 1,Summative,2025-26,Chapter 9 Test: Money
019eb11c-413b-7a66-a7d8-a18f14736ede,8242520256,Math,Grade 1,Summative,2025-26,Chapter 9 Test: Money
019eb11c-413b-7a66-a7d8-a18f14736ede,8242520270,Math,Grade 1,Summative,2025-26,Chapter 9 Test: Money
019eb11c-413b-7a66-a7d8-a18f14736ede,8244209576,ELA,Grade 4,Summative,2025-26,Art Everywhere: Mod 5 Weekly Assessment Week 1
019eb11c-413b-7a66-a7d8-a18f14736ede,8244209591,ELA,Grade 4,Summative,2025-26,Art Everywhere: Mod 5 Weekly Assessment Week 1
019eb11c-413b-7a66-a7d8-a18f14736ede,8244209611,ELA,Grade 4,Summative,2025-26,Art Everywhere: Mod 5 Weekly Assessment Week 1
019eb11c-413b-7a66-a7d8-a18f14736ede,8244529246,Math,Grade 4,Summative,2025-26,"Chapter 7 Test: Factors, Multiples, and Number Patterns"
019eb11c-413b-7a66-a7d8-a18f14736ede,8244529273,Math,Grade 4,Summative,2025-26,"Chapter 7 Test: Factors, Multiples, and Number Patterns"
019eb11c-413b-7a66-a7d8-a18f14736ede,8244529308,Math,Grade 4,Summative,2025-26,"Chapter 7 Test: Factors, Multiples, and Number Patterns"
019eb11c-413b-7a66-a7d8-a18f14736ede,8244629174,Math,Grade 5,Summative,2025-26,Chapter 9 Test: Add and Subtract Fractions and Mixed Numbers with Unlike Denominators
019eb11c-413b-7a66-a7d8-a18f14736ede,8244629194,Math,Grade 5,Summative,2025-26,Chapter 9 Test: Add and Subtract Fractions and Mixed Numbers with Unlike Denominators
019eb11c-413b-7a66-a7d8-a18f14736ede,8245486014,HS Geometry,Regular 9–12,topic,2025-26,Topic 4
019eb11c-413b-7a66-a7d8-a18f14736ede,8246154751,ELA,Grade 2,Summative,2025-26,Once Upon a Time: Module 4 Assessment
019eb11c-413b-7a66-a7d8-a18f14736ede,8246154797,ELA,Grade 2,Summative,2025-26,Once Upon a Time: Module 4 Assessment
019eb11c-413b-7a66-a7d8-a18f14736ede,8246154861,ELA,Grade 2,Summative,2025-26,Once Upon a Time: Module 4 Assessment
019eb11c-413b-7a66-a7d8-a18f14736ede,8247281686,HS United States History,Higher-Ed,topic,2025-26,Topic 5: World War I and the 1920s
019eb11c-413b-7a66-a7d8-a18f14736ede,8247931871,ELA,Grade 3,Summative,2025-26,Teamwork: Module 5 Assessment
019eb11c-413b-7a66-a7d8-a18f14736ede,8247931906,ELA,Grade 3,Summative,2025-26,Teamwork: Module 5 Assessment
019eb11c-413b-7a66-a7d8-a18f14736ede,8249955742,HS Physics,Higher-Ed,topic,2025-26,Investigation Assessments 3: Gravitational Forces
019eb11c-413b-7a66-a7d8-a18f14736ede,8249969314,HS Algebra I,Regular 9–12,topic,2025-26,Topic 4
019eb11c-413b-7a66-a7d8-a18f14736ede,8253258668,Civics,Grade 7,topic,2025-26,Topic 8: How Elections Work: Vote Responsibly
019eb11c-413b-7a66-a7d8-a18f14736ede,8253266377,Civics,Grade 7,topic,2025-26,Topic 8: How Elections Work: Vote Responsibly
019eb11c-413b-7a66-a7d8-a18f14736ede,8253275261,ELA,Grade 1,Summative,2025-26,Celebrate America: Mod 6 Weekly Assessment: Week 2
019eb11c-413b-7a66-a7d8-a18f14736ede,8253275283,ELA,Grade 1,Summative,2025-26,Celebrate America: Mod 6 Weekly Assessment: Week 2
019eb11c-413b-7a66-a7d8-a18f14736ede,8253275306,ELA,Grade 1,Summative,2025-26,Celebrate America: Mod 6 Weekly Assessment: Week 2
019eb11c-413b-7a66-a7d8-a18f14736ede,8254068371,Science,Grade 8,Summative,2025-26,Waves and Electromagnetic Radiation
019eb11c-413b-7a66-a7d8-a18f14736ede,8254379528,ELA,Grade 5,Summative,2025-26,Project Earth: Mod 5 Weekly Assessment Week 2
019eb11c-413b-7a66-a7d8-a18f14736ede,8254379563,ELA,Grade 5,Summative,2025-26,Project Earth: Mod 5 Weekly Assessment Week 2
019eb11c-413b-7a66-a7d8-a18f14736ede,8255737570,ELA,Grade 8,Unit,2025-26,Unit 3 Part 1
019eb11c-413b-7a66-a7d8-a18f14736ede,8255770103,ELA,Grade 6,Unit,2025-26,Unit 3 Part 1
019eb11c-413b-7a66-a7d8-a18f14736ede,8255770520,ELA,Grade 6,Unit,2025-26,Unit 3 Part 1
019eb11c-413b-7a66-a7d8-a18f14736ede,8255775972,ELA,Grade 7,Unit,2025-26,Unit 3 Part 1
019eb11c-413b-7a66-a7d8-a18f14736ede,8255776872,ELA,Grade 7,Unit,2025-26,Unit 3 Part 1
019eb11c-413b-7a66-a7d8-a18f14736ede,8257123641,ELA,Grade 6,Unit,2025-26,Unit 3 Part 2
019eb11c-413b-7a66-a7d8-a18f14736ede,8257124994,ELA,Grade 6,Unit,2025-26,Unit 3 Part 2
019eb11c-413b-7a66-a7d8-a18f14736ede,8257127873,ELA,Grade 7,Unit,2025-26,Unit 3 Part 2
019eb11c-413b-7a66-a7d8-a18f14736ede,8257130451,ELA,Grade 7,Unit,2025-26,Unit 3 Part 2
019eb11c-413b-7a66-a7d8-a18f14736ede,8257138829,ELA,Grade 8,Unit,2025-26,Unit 3 Part 2
019eb11c-413b-7a66-a7d8-a18f14736ede,8257504182,Math,Grade 3,Summative,2025-26,Chapter 9 Test: Apply Multiplication and Division
019eb11c-413b-7a66-a7d8-a18f14736ede,8257504195,Math,Grade 3,Summative,2025-26,Chapter 9 Test: Apply Multiplication and Division
019eb11c-413b-7a66-a7d8-a18f14736ede,8257513470,ELA,Grade 3,Summative,2025-26,Animal Behaviors: Weekly Assessment: Mod 6 Week 1
019eb11c-413b-7a66-a7d8-a18f14736ede,8257513480,ELA,Grade 3,Summative,2025-26,Animal Behaviors: Weekly Assessment: Mod 6 Week 1
019eb11c-413b-7a66-a7d8-a18f14736ede,8258440058,Science,Grade 8,Summative,2025-26,Waves and Electromagnetic Radiation
019eb11c-413b-7a66-a7d8-a18f14736ede,8259446640,HS Honors Algebra II,Higher-Ed,topic,2025-26,Topic 3
019eb11c-413b-7a66-a7d8-a18f14736ede,8259495227,HS Alegra II,Higher-Ed,topic,2025-26,Topic 3
019eb11c-413b-7a66-a7d8-a18f14736ede,8261346599,HS Economics,Higher-Ed,topic,2025-26,Topic 2
019eb11c-413b-7a66-a7d8-a18f14736ede,8262076008,ELA,Grade 4,Summative,2025-26,Art Everywhere: Mod 5 Weekly Assessment Week 2
019eb11c-413b-7a66-a7d8-a18f14736ede,8262076032,ELA,Grade 4,Summative,2025-26,Art Everywhere: Mod 5 Weekly Assessment Week 2
019eb11c-413b-7a66-a7d8-a18f14736ede,8262076048,ELA,Grade 4,Summative,2025-26,Art Everywhere: Mod 5 Weekly Assessment Week 2
019eb11c-413b-7a66-a7d8-a18f14736ede,8262227805,Math,Grade 1,Summative,2025-26,Chapter 10 Test: Addition and Subtraction Relationships
019eb11c-413b-7a66-a7d8-a18f14736ede,8262227842,Math,Grade 1,Summative,2025-26,Chapter 10 Test: Addition and Subtraction Relationships
019eb11c-413b-7a66-a7d8-a18f14736ede,8262227860,Math,Grade 1,Summative,2025-26,Chapter 10 Test: Addition and Subtraction Relationships
019eb11c-413b-7a66-a7d8-a18f14736ede,8262227865,Math,Grade 1,Summative,2025-26,Chapter 10 Test: Addition and Subtraction Relationships
019eb11c-413b-7a66-a7d8-a18f14736ede,8262250043,Math,Grade 2,Summative,2025-26,Chapter 12 Test: Time
019eb11c-413b-7a66-a7d8-a18f14736ede,8262250049,Math,Grade 2,Summative,2025-26,Chapter 12 Test: Time
019eb11c-413b-7a66-a7d8-a18f14736ede,8262250063,Math,Grade 2,Summative,2025-26,Chapter 12 Test: Time
019eb11c-413b-7a66-a7d8-a18f14736ede,8262255858,Math,Grade 3,Summative,2025-26,Chapter 10 Test: Relate Multiplication and Area
019eb11c-413b-7a66-a7d8-a18f14736ede,8262255871,Math,Grade 3,Summative,2025-26,Chapter 10 Test: Relate Multiplication and Area
019eb11c-413b-7a66-a7d8-a18f14736ede,8262266516,Math,Grade 4,Summative,2025-26,Chapter 8 Test: Fraction Equivalence
019eb11c-413b-7a66-a7d8-a18f14736ede,8262266543,Math,Grade 4,Summative,2025-26,Chapter 8 Test: Fraction Equivalence
019eb11c-413b-7a66-a7d8-a18f14736ede,8262266558,Math,Grade 4,Summative,2025-26,Chapter 8 Test: Fraction Equivalence
019eb11c-413b-7a66-a7d8-a18f14736ede,8262275994,Math,Grade 5,Summative,2025-26,Chapter 10 Test: Multiply Fractions
019eb11c-413b-7a66-a7d8-a18f14736ede,8262276017,Math,Grade 5,Summative,2025-26,Chapter 10 Test: Multiply Fractions
019eb11c-413b-7a66-a7d8-a18f14736ede,8262300500,ELA,Grade 1,Summative,2025-26,Celebrate America: Module 6 Assesment
019eb11c-413b-7a66-a7d8-a18f14736ede,8262300560,ELA,Grade 1,Summative,2025-26,Celebrate America: Module 6 Assesment
019eb11c-413b-7a66-a7d8-a18f14736ede,8262300586,ELA,Grade 1,Summative,2025-26,Celebrate America: Module 6 Assesment
019eb11c-413b-7a66-a7d8-a18f14736ede,8262300618,ELA,Grade 1,Summative,2025-26,Celebrate America: Module 6 Assesment
019eb11c-413b-7a66-a7d8-a18f14736ede,8262316401,ELA,Grade 5,Summative,2025-26,Project Earth: Module 5 Assessment
019eb11c-413b-7a66-a7d8-a18f14736ede,8262316454,ELA,Grade 5,Summative,2025-26,Project Earth: Module 5 Assessment
019eb11c-413b-7a66-a7d8-a18f14736ede,8264803451,History,Grade 8,topic,2025-26,Topic 6: The Age of Jackson and Westward Expansion (1824-1860)
019eb11c-413b-7a66-a7d8-a18f14736ede,8264804608,History,Grade 8,topic,2025-26,Topic 6: The Age of Jackson and Westward Expansion (1824-1860)
019eb11c-413b-7a66-a7d8-a18f14736ede,8265481913,ELA,Grade 2,Summative,2025-26,Lead the Way: Mod 5 Weekly Assessment: Week 1
019eb11c-413b-7a66-a7d8-a18f14736ede,8265481933,ELA,Grade 2,Summative,2025-26,Lead the Way: Mod 5 Weekly Assessment: Week 1
019eb11c-413b-7a66-a7d8-a18f14736ede,8265481949,ELA,Grade 2,Summative,2025-26,Lead the Way: Mod 5 Weekly Assessment: Week 1
019eb11c-413b-7a66-a7d8-a18f14736ede,8269373890,ELA,Grade 3,Summative,2025-26,Animal Behaviors: Weekly Assessment: Mod 6 Week 2
019eb11c-413b-7a66-a7d8-a18f14736ede,8269373908,ELA,Grade 3,Summative,2025-26,Animal Behaviors: Weekly Assessment: Mod 6 Week 2
019eb11c-413b-7a66-a7d8-a18f14736ede,8270674719,HS Geometry,Regular 9–12,topic,2025-26,Topic 5
019eb11c-413b-7a66-a7d8-a18f14736ede,8272404145,Science,Grade 6,topic,2025-26,Topic 4: Earth's Surface Systems
019eb11c-413b-7a66-a7d8-a18f14736ede,8272404615,Science,Grade 6,topic,2025-26,Topic 4: Earth's Surface Systems
019eb11c-413b-7a66-a7d8-a18f14736ede,8272405023,Science,Grade 7,topic,2025-26,Topic 3: Reproduction and Genetics
019eb11c-413b-7a66-a7d8-a18f14736ede,8272405389,Science,Grade 7,topic,2025-26,Topic 3: Reproduction and Genetics
019eb11c-413b-7a66-a7d8-a18f14736ede,8273238667,History,Grade 6,topic,2025-26,Topic 7: The Roman Republic (800 BCE - 30 BCE)
019eb11c-413b-7a66-a7d8-a18f14736ede,8273239461,ELA,Grade 1,Summative,2025-26,The Big Outdoors: Mod 7 Weekly Assessment: Week 1
019eb11c-413b-7a66-a7d8-a18f14736ede,8273239476,ELA,Grade 1,Summative,2025-26,The Big Outdoors: Mod 7 Weekly Assessment: Week 1
019eb11c-413b-7a66-a7d8-a18f14736ede,8273239496,ELA,Grade 1,Summative,2025-26,The Big Outdoors: Mod 7 Weekly Assessment: Week 1
019eb11c-413b-7a66-a7d8-a18f14736ede,8273239519,ELA,Grade 1,Summative,2025-26,The Big Outdoors: Mod 7 Weekly Assessment: Week 1
019eb11c-413b-7a66-a7d8-a18f14736ede,8273246666,History,Grade 6,topic,2025-26,Topic 7: The Roman Republic (800 BCE - 30 BCE)
019eb11c-413b-7a66-a7d8-a18f14736ede,8273450508,Math,Grade 2,Summative,2025-26,Chapter 11 Test: Money
019eb11c-413b-7a66-a7d8-a18f14736ede,8273450524,Math,Grade 2,Summative,2025-26,Chapter 11 Test: Money
019eb11c-413b-7a66-a7d8-a18f14736ede,8273450539,Math,Grade 2,Summative,2025-26,Chapter 11 Test: Money
019eb11c-413b-7a66-a7d8-a18f14736ede,8273490708,Math,Grade 1,Summative,2025-26,Chapter 11 Test: Geometry: Three-Dimensional Solids
019eb11c-413b-7a66-a7d8-a18f14736ede,8273490740,Math,Grade 1,Summative,2025-26,Chapter 11 Test: Geometry: Three-Dimensional Solids
019eb11c-413b-7a66-a7d8-a18f14736ede,8273490756,Math,Grade 1,Summative,2025-26,Chapter 11 Test: Geometry: Three-Dimensional Solids
019eb11c-413b-7a66-a7d8-a18f14736ede,8273490771,Math,Grade 1,Summative,2025-26,Chapter 11 Test: Geometry: Three-Dimensional Solids
019eb11c-413b-7a66-a7d8-a18f14736ede,8273780092,HS United States History,Higher-Ed,topic,2025-26,Topic 6: The Great Depression and the New Deal (1928-1941)
019eb11c-413b-7a66-a7d8-a18f14736ede,8273818985,HS World History,Higher-Ed,Summative,2025-26,Topic 6: New Global Connections (1415?1796)
019eb11c-413b-7a66-a7d8-a18f14736ede,8276471768,HS Algebra I,Regular 9–12,topic,2025-26,Topic 5
019eb11c-413b-7a66-a7d8-a18f14736ede,8281054367,ELA,Grade 2,Summative,2025-26,Lead the Way: Mod 5 Weekly Assessment: Week 2
019eb11c-413b-7a66-a7d8-a18f14736ede,8281054395,ELA,Grade 2,Summative,2025-26,Lead the Way: Mod 5 Weekly Assessment: Week 2
019eb11c-413b-7a66-a7d8-a18f14736ede,8281054426,ELA,Grade 2,Summative,2025-26,Lead the Way: Mod 5 Weekly Assessment: Week 2
019eb11c-413b-7a66-a7d8-a18f14736ede,8281168614,ELA,Grade 3,Summative,2025-26,Animal Behaviors: Module 6 Assessment
019eb11c-413b-7a66-a7d8-a18f14736ede,8281168656,ELA,Grade 3,Summative,2025-26,Animal Behaviors: Module 6 Assessment
019eb11c-413b-7a66-a7d8-a18f14736ede,8281483482,HS Honors English III,Higher-Ed,Unit,2025-26,Unit 3 Part 1
019eb11c-413b-7a66-a7d8-a18f14736ede,8281483542,HS Honors English III,Higher-Ed,Unit,2025-26,Unit 3 Part 2
019eb11c-413b-7a66-a7d8-a18f14736ede,8282809989,Math,Grade 3,Summative,2025-26,Chapter 11 Test: Understand Perimeter
019eb11c-413b-7a66-a7d8-a18f14736ede,8282809999,Math,Grade 3,Summative,2025-26,Chapter 11 Test: Understand Perimeter
019eb11c-413b-7a66-a7d8-a18f14736ede,8282857552,Science,Grade 4,Summative,2025-26,Unit 9 Test: Forces and Motion
019eb11c-413b-7a66-a7d8-a18f14736ede,8282857567,Science,Grade 4,Summative,2025-26,Unit 9 Test: Forces and Motion
019eb11c-413b-7a66-a7d8-a18f14736ede,8282857586,Science,Grade 4,Summative,2025-26,Unit 9 Test: Forces and Motion
019eb11c-413b-7a66-a7d8-a18f14736ede,8283391448,ELA,Grade 4,Summative,2025-26,Art Everywhere: Module 5 Assessment
019eb11c-413b-7a66-a7d8-a18f14736ede,8283391490,ELA,Grade 4,Summative,2025-26,Art Everywhere: Module 5 Assessment
019eb11c-413b-7a66-a7d8-a18f14736ede,8283391522,ELA,Grade 4,Summative,2025-26,Art Everywhere: Module 5 Assessment
019eb11c-413b-7a66-a7d8-a18f14736ede,8283875834,HS Physics,Higher-Ed,topic,2025-26,Investigation 4: Electric Forces
019eb11c-413b-7a66-a7d8-a18f14736ede,8286339438,HS Alegra II,Higher-Ed,topic,2025-26,Topic 4
019eb11c-413b-7a66-a7d8-a18f14736ede,8287573557,Math,Grade 4,Summative,2025-26,Chapter 9 Test: Compare Fractions
019eb11c-413b-7a66-a7d8-a18f14736ede,8287573590,Math,Grade 4,Summative,2025-26,Chapter 9 Test: Compare Fractions
019eb11c-413b-7a66-a7d8-a18f14736ede,8287573618,Math,Grade 4,Summative,2025-26,Chapter 9 Test: Compare Fractions
019eb11c-413b-7a66-a7d8-a18f14736ede,8287623781,Science,Grade 5,Summative,2025-26,Unit 10 Benchmark Test: Changes in Environments
019eb11c-413b-7a66-a7d8-a18f14736ede,8287623832,Science,Grade 5,Summative,2025-26,Unit 10 Benchmark Test: Changes in Environments
019eb11c-413b-7a66-a7d8-a18f14736ede,8288324077,Math,Grade 6,topic,2025-26,Topic 6
019eb11c-413b-7a66-a7d8-a18f14736ede,8288324185,Math,Grade 6,topic,2025-26,Topic 6
019eb11c-413b-7a66-a7d8-a18f14736ede,8288324350,Math,Grade 7,topic,2025-26,Topic 6
019eb11c-413b-7a66-a7d8-a18f14736ede,8288324440,Math,Grade 7,topic,2025-26,Topic 6
019eb11c-413b-7a66-a7d8-a18f14736ede,8288324629,Algebra,Grade 8,topic,2025-26,Topic 6
019eb11c-413b-7a66-a7d8-a18f14736ede,8288324748,Algebra,Grade 8,topic,2025-26,Topic 6
019eb11c-413b-7a66-a7d8-a18f14736ede,8288325025,HS English IV,Regular 9–12,Unit,2025-26,Unit 3 Part 1
019eb11c-413b-7a66-a7d8-a18f14736ede,8288325295,HS Honors English IV,Higher-Ed,Unit,2025-26,Unit 3 Part 1
019eb11c-413b-7a66-a7d8-a18f14736ede,8288332885,Civics,Grade 7,topic,2025-26,Topic 9: The Media and You: Find Accurate Information
019eb11c-413b-7a66-a7d8-a18f14736ede,8288339726,Civics,Grade 7,topic,2025-26,Topic 9: The Media and You: Find Accurate Information
019eb11c-413b-7a66-a7d8-a18f14736ede,8288568116,ELA,Grade 5,Summative,2025-26,Art for Everyone: Mod 6 Weekly Assessment: Week 1
019eb11c-413b-7a66-a7d8-a18f14736ede,8288568143,ELA,Grade 5,Summative,2025-26,Art for Everyone: Mod 6 Weekly Assessment: Week 1
019eb11c-413b-7a66-a7d8-a18f14736ede,8288734446,Math,Grade 5,Summative,2025-26,Chapter 11 Test: Divide Fractions
019eb11c-413b-7a66-a7d8-a18f14736ede,8288734466,Math,Grade 5,Summative,2025-26,Chapter 11 Test: Divide Fractions
019eb11c-413b-7a66-a7d8-a18f14736ede,8289907436,HS Algebra I,Regular 9–12,topic,2025-26,Topic 6
019eb11c-413b-7a66-a7d8-a18f14736ede,8289910221,HS English IV,Regular 9–12,Unit,2025-26,Unit 3 Part 2
019eb11c-413b-7a66-a7d8-a18f14736ede,8289910571,HS Honors English IV,Higher-Ed,Unit,2025-26,Unit 3 Part 2
019eb11c-413b-7a66-a7d8-a18f14736ede,8291223663,HS Economics,Higher-Ed,topic,2025-26,Topic 3
019eb11c-413b-7a66-a7d8-a18f14736ede,8323376256,HS English II,Regular 9–12,Unit,2025-26,Unit 3 Part 1
019eb11c-413b-7a66-a7d8-a18f14736ede,8323376260,HS English II,Regular 9–12,Unit,2025-26,Unit 3 Part 2
019eb11c-413b-7a66-a7d8-a18f14736ede,8326782298,HS English I,Regular 9–12,Unit,2025-26,Unit 3 Part 1
019eb11c-413b-7a66-a7d8-a18f14736ede,8326782311,HS English I,Regular 9–12,Unit,2025-26,Unit 3 Part 2
019eb11c-413b-7a66-a7d8-a18f14736ede,8326850838,HS United States History,Higher-Ed,topic,2025-26,Topic 7: World War II
019eb11c-413b-7a66-a7d8-a18f14736ede,8326852201,HS World History,Higher-Ed,topic,2025-26,Topic 7: Absolutism and Revolution
019eb11c-413b-7a66-a7d8-a18f14736ede,8326855555,History,Grade 6,topic,2025-26,Topic 8: The Roman and Byzantine Empires (30 BCE - 1453 CE)
019eb11c-413b-7a66-a7d8-a18f14736ede,8326856475,History,Grade 6,topic,2025-26,Topic 8: The Roman and Byzantine Empires (30 BCE - 1453 CE)
019eb11c-413b-7a66-a7d8-a18f14736ede,8327012426,ELA,Grade 8,Unit,2025-26,Unit 3 Part 1
019eb11c-413b-7a66-a7d8-a18f14736ede,8327012430,ELA,Grade 8,Unit,2025-26,Unit 3 Part 2
019eb11c-413b-7a66-a7d8-a18f14736ede,8330395855,HS Alegra II,Higher-Ed,topic,2025-26,Topic 5
019eb11c-413b-7a66-a7d8-a18f14736ede,8330780174,ELA,Grade 2,Summative,2025-26,Lead the Way: Module 5 Assesment
019eb11c-413b-7a66-a7d8-a18f14736ede,8330782410,ELA,Grade 2,Summative,2025-26,Lead the Way: Module 5 Assesment
019eb11c-413b-7a66-a7d8-a18f14736ede,8330800483,ELA,Grade 2,Summative,2025-26,Lead the Way: Module 5 Assesment
019eb11c-413b-7a66-a7d8-a18f14736ede,8330846244,ELA,Grade 4,Summative,2025-26,Marvels of Nature: Mod 6 Weekly Assessment: Week 1
019eb11c-413b-7a66-a7d8-a18f14736ede,8330846283,ELA,Grade 4,Summative,2025-26,Marvels of Nature: Mod 6 Weekly Assessment: Week 1
019eb11c-413b-7a66-a7d8-a18f14736ede,8330846316,ELA,Grade 4,Summative,2025-26,M6W1 Weekly Assessment: Marvels of Nature:
019eb11c-413b-7a66-a7d8-a18f14736ede,8331119618,ELA,Grade 3,Summative,2025-26,Make a Difference: Weekly Assessment: Mod 7 Week 1
019eb11c-413b-7a66-a7d8-a18f14736ede,8331119633,ELA,Grade 3,Summative,2025-26,Make a Difference: Weekly Assessment: Mod 7 Week 1
019eb11c-413b-7a66-a7d8-a18f14736ede,8331562546,ELA,Grade 5,Summative,2025-26,Art for Everyone: Mod 6 Weekly Assessment: Week 2
019eb11c-413b-7a66-a7d8-a18f14736ede,8331562565,ELA,Grade 5,Summative,2025-26,Art for Everyone: Mod 6 Weekly Assessment: Week 2
019eb11c-413b-7a66-a7d8-a18f14736ede,8331599999,Math,Grade 1,Summative,2025-26,Chapter 12 Test: Geometry: Two-Dimensional Shapes
019eb11c-413b-7a66-a7d8-a18f14736ede,8331600020,Math,Grade 1,Summative,2025-26,Chapter 12 Test: Geometry: Two-Dimensional Shapes
019eb11c-413b-7a66-a7d8-a18f14736ede,8331600035,Math,Grade 1,Summative,2025-26,Chapter 12 Test: Geometry: Two-Dimensional Shapes
019eb11c-413b-7a66-a7d8-a18f14736ede,8331600049,Math,Grade 1,Summative,2025-26,Chapter 12 Test: Geometry: Two-Dimensional Shapes
019eb11c-413b-7a66-a7d8-a18f14736ede,8331681508,HS Algebra I,Regular 9–12,topic,2025-26,Topic 7
019eb11c-413b-7a66-a7d8-a18f14736ede,8331695850,Civics,Grade 7,topic,2025-26,Topic 10: The United States and the World: Make Decisions
019eb11c-413b-7a66-a7d8-a18f14736ede,8331697612,Civics,Grade 7,topic,2025-26,Topic 10: The United States and the World: Make Decisions
019eb11c-413b-7a66-a7d8-a18f14736ede,8331747140,History,Grade 8,topic,2025-26,Topic 7: Society and Culture Before the Civil War (1820-1860)
019eb11c-413b-7a66-a7d8-a18f14736ede,8331748638,History,Grade 8,topic,2025-26,Topic 7: Society and Culture Before the Civil War (1820-1860)
019eb11c-413b-7a66-a7d8-a18f14736ede,8331872167,HS Physics,Higher-Ed,topic,2025-26,Investigation 7: Energy
019eb11c-413b-7a66-a7d8-a18f14736ede,8332051196,HS Honors Algebra II,Higher-Ed,topic,2025-26,Topic 4
019eb11c-413b-7a66-a7d8-a18f14736ede,8332546713,Math,Grade 5,Summative,2025-26,Chapter 12 Test: Algebra: Expressions
019eb11c-413b-7a66-a7d8-a18f14736ede,8332547892,Math,Grade 5,Summative,2025-26,Chapter 12 Test: Algebra: Expressions
019eb11c-413b-7a66-a7d8-a18f14736ede,8332619471,HS Geometry,Regular 9–12,topic,2025-26,Topic 7
019eb11c-413b-7a66-a7d8-a18f14736ede,8333544824,Science,Grade 6,topic,2025-26,Topic 5: Minerals and Rocks in the Geosphere
019eb11c-413b-7a66-a7d8-a18f14736ede,8333545060,Science,Grade 6,topic,2025-26,Topic 5: Minerals and Rocks in the Geosphere
019eb11c-413b-7a66-a7d8-a18f14736ede,8333789640,ELA,Grade 1,Summative,2025-26,The Big Outdoors: Mod 7 Weekly Assessment: Week 2
019eb11c-413b-7a66-a7d8-a18f14736ede,8333789645,ELA,Grade 1,Summative,2025-26,The Big Outdoors: Mod 7 Weekly Assessment: Week 2
019eb11c-413b-7a66-a7d8-a18f14736ede,8333789655,ELA,Grade 1,Summative,2025-26,The Big Outdoors: Mod 7 Weekly Assessment: Week 2
019eb11c-413b-7a66-a7d8-a18f14736ede,8333789668,ELA,Grade 1,Summative,2025-26,The Big Outdoors: Mod 7 Weekly Assessment: Week 2
019eb11c-413b-7a66-a7d8-a18f14736ede,8334124572,Math,Grade 3,Summative,2025-26,Chapter 12 Test: Time Measurement and Intervals
019eb11c-413b-7a66-a7d8-a18f14736ede,8334124600,Math,Grade 3,Summative,2025-26,Chapter 12 Test: Time Measurement and Intervals
019eb11c-413b-7a66-a7d8-a18f14736ede,8334685138,HS Economics,Higher-Ed,topic,2025-26,Topic 4
019eb11c-413b-7a66-a7d8-a18f14736ede,8335566941,HS Honors Algebra I,Higher-Ed,topic,2025-26,Topic 5
019eb11c-413b-7a66-a7d8-a18f14736ede,8335844924,ELA,Grade 3,Summative,2025-26,Make a Difference: Weekly Assessment: Mod 7 Week 2
019eb11c-413b-7a66-a7d8-a18f14736ede,8335844939,ELA,Grade 3,Summative,2025-26,Make a Difference: Weekly Assessment: Mod 7 Week 2
019eb11c-413b-7a66-a7d8-a18f14736ede,8335933215,ELA,Grade 4,Summative,2025-26,Marvels of Nature: Mod 6 Weekly Assessment: Week 2
019eb11c-413b-7a66-a7d8-a18f14736ede,8335933225,ELA,Grade 4,Summative,2025-26,Marvels of Nature: Mod 6 Weekly Assessment: Week 2
019eb11c-413b-7a66-a7d8-a18f14736ede,8337186737,ELA,Grade 1,Summative,2025-26,The Big Outdoors: Module 7 Assessment
019eb11c-413b-7a66-a7d8-a18f14736ede,8337186770,ELA,Grade 1,Summative,2025-26,The Big Outdoors: Module 7 Assessment
019eb11c-413b-7a66-a7d8-a18f14736ede,8337186796,ELA,Grade 1,Summative,2025-26,The Big Outdoors: Module 7 Assessment
019eb11c-413b-7a66-a7d8-a18f14736ede,8337186818,ELA,Grade 1,Summative,2025-26,The Big Outdoors: Module 7 Assessment
019eb11c-413b-7a66-a7d8-a18f14736ede,8337316233,ELA,Grade 2,Summative,2025-26,Weather Wise: Mod 6 Weekly Assessment: Week 1
019eb11c-413b-7a66-a7d8-a18f14736ede,8337316248,ELA,Grade 2,Summative,2025-26,Weather Wise: Mod 6 Weekly Assessment: Week 1
019eb11c-413b-7a66-a7d8-a18f14736ede,8337316259,ELA,Grade 2,Summative,2025-26,Weather Wise: Mod 6 Weekly Assessment: Week 1
019eb11c-413b-7a66-a7d8-a18f14736ede,8337684933,ELA,Grade 5,Summative,2025-26,Art for Everyone: Module 6 Assessment
019eb11c-413b-7a66-a7d8-a18f14736ede,8337684961,ELA,Grade 5,Summative,2025-26,Art for Everyone: Module 6 Assessment
019eb11c-413b-7a66-a7d8-a18f14736ede,8338223108,Science,Grade 8,topic,2025-26,Introduction to Matter
019eb11c-413b-7a66-a7d8-a18f14736ede,8338223726,Science,Grade 8,topic,2025-26,Introduction to Matter
019eb11c-413b-7a66-a7d8-a18f14736ede,8339413167,HS Honors English II,Higher-Ed,Unit,2025-26,Unit 3 Part 1
019eb11c-413b-7a66-a7d8-a18f14736ede,8339413189,HS Honors English II,Higher-Ed,Unit,2025-26,Unit 3 Part 2
019eb11c-413b-7a66-a7d8-a18f14736ede,8341129775,HS Geometry,Regular 9–12,topic,2025-26,Topic 8
019eb11c-413b-7a66-a7d8-a18f14736ede,8341726127,HS World History,Higher-Ed,topic,2025-26,Topic 8: The Industrial Revolution (1750?1914)
019eb11c-413b-7a66-a7d8-a18f14736ede,8342111042,Math,Grade 5,Summative,2025-26,Chapter 13 Test: Perimeter and Area of Rectangles with Fractional and Decimal Side Lengths
019eb11c-413b-7a66-a7d8-a18f14736ede,8342111067,Math,Grade 5,Summative,2025-26,Chapter 13 Test: Perimeter and Area of Rectangles with Fractional and Decimal Side Lengths
019eb11c-413b-7a66-a7d8-a18f14736ede,8345947558,Math,Grade 2,Summative,2025-26,Chapter 13 Test: Length in Customary Units
019eb11c-413b-7a66-a7d8-a18f14736ede,8345947606,Math,Grade 2,Summative,2025-26,Chapter 13 Test: Length in Customary Units
019eb11c-413b-7a66-a7d8-a18f14736ede,8345947652,Math,Grade 2,Summative,2025-26,Chapter 13 Test: Length in Customary Units
019eb11c-413b-7a66-a7d8-a18f14736ede,8346376251,ELA,Grade 3,Summative,2025-26,Make a Difference: Module 7 Assessment
019eb11c-413b-7a66-a7d8-a18f14736ede,8346376301,ELA,Grade 3,Summative,2025-26,Make a Difference: Module 7 Assessment
019eb11c-413b-7a66-a7d8-a18f14736ede,8347028845,Civics,Grade 7,topic,2025-26,Topic 11: The Economy and You: Apply Math Skills to Social Studies
019eb11c-413b-7a66-a7d8-a18f14736ede,8347029347,Civics,Grade 7,topic,2025-26,Topic 11: The Economy and You: Apply Math Skills to Social Studies
019eb11c-413b-7a66-a7d8-a18f14736ede,8347029866,History,Grade 8,topic,2025-26,Topic 8: Sectionalism and Civil War (1820-1865)
019eb11c-413b-7a66-a7d8-a18f14736ede,8347030584,History,Grade 8,topic,2025-26,Topic 8: Sectionalism and Civil War (1820-1865)
019eb11c-413b-7a66-a7d8-a18f14736ede,8347031150,HS United States History,Higher-Ed,topic,2025-26,Topic 8: Postwar America (1945?1960)
019eb11c-413b-7a66-a7d8-a18f14736ede,8349090053,Math,Grade 4,Summative,2025-26,Chapter 11 Test: Multiply Fractions and Whole Numbers
019eb11c-413b-7a66-a7d8-a18f14736ede,8349090081,Math,Grade 4,Summative,2025-26,Chapter 11 Test: Multiply Fractions and Whole Numbers
019eb11c-413b-7a66-a7d8-a18f14736ede,8349090108,Math,Grade 4,Summative,2025-26,Chapter 11 Test: Multiply Fractions and Whole Numbers
019eb11c-413b-7a66-a7d8-a18f14736ede,8349556979,Math,Grade 1,Summative,2025-26,Chapter 13 Test: Fraction Concepts
019eb11c-413b-7a66-a7d8-a18f14736ede,8349556993,Math,Grade 1,Summative,2025-26,Chapter 13 Test: Fraction Concepts
019eb11c-413b-7a66-a7d8-a18f14736ede,8349557005,Math,Grade 1,Summative,2025-26,Chapter 13 Test: Fraction Concepts
019eb11c-413b-7a66-a7d8-a18f14736ede,8349557020,Math,Grade 1,Summative,2025-26,Chapter 13 Test: Fraction Concepts
019eb11c-413b-7a66-a7d8-a18f14736ede,8349685421,ELA,Grade 2,Summative,2025-26,Weather Wise: Module 6 Assesment
019eb11c-413b-7a66-a7d8-a18f14736ede,8349685437,ELA,Grade 2,Summative,2025-26,Weather Wise: Module 6 Assesment
019eb11c-413b-7a66-a7d8-a18f14736ede,8349685455,ELA,Grade 2,Summative,2025-26,Weather Wise: Module 6 Assesment
019eb11c-413b-7a66-a7d8-a18f14736ede,8349702563,ELA,Grade 2,Summative,2025-26,Weather Wise: Mod 6 Weekly Assessment: Week 2
019eb11c-413b-7a66-a7d8-a18f14736ede,8349702573,ELA,Grade 2,Summative,2025-26,Weather Wise: Mod 6 Weekly Assessment: Week 2
019eb11c-413b-7a66-a7d8-a18f14736ede,8349702588,ELA,Grade 2,Summative,2025-26,Weather Wise: Mod 6 Weekly Assessment: Week 2
019eb11c-413b-7a66-a7d8-a18f14736ede,8349740857,ELA,Grade 1,Summative,2025-26,Module 8: Tell Me a Story Weekly Assessment: Week 1
019eb11c-413b-7a66-a7d8-a18f14736ede,8349740876,ELA,Grade 1,Summative,2025-26,Module 8: Tell Me a Story Weekly Assessment: Week 1
019eb11c-413b-7a66-a7d8-a18f14736ede,8349740888,ELA,Grade 1,Summative,2025-26,Module 8: Tell Me a Story Weekly Assessment: Week 1
019eb11c-413b-7a66-a7d8-a18f14736ede,8349740898,ELA,Grade 1,Summative,2025-26,Module 8: Tell Me a Story Weekly Assessment: Week 1
019eb11c-413b-7a66-a7d8-a18f14736ede,8351344822,Math,Grade 3,Summative,2025-26,Chapter 13 Test: Understand Fractions as Numbers
019eb11c-413b-7a66-a7d8-a18f14736ede,8351344848,Math,Grade 3,Summative,2025-26,Chapter 13 Test: Understand Fractions as Numbers
019eb11c-413b-7a66-a7d8-a18f14736ede,8352493441,ELA,Grade 6,Unit,2025-26,Unit 4 Part 1
019eb11c-413b-7a66-a7d8-a18f14736ede,8352493442,ELA,Grade 6,Unit,2025-26,Unit 4 Part 2
019eb11c-413b-7a66-a7d8-a18f14736ede,8352493877,ELA,Grade 6,Unit,2025-26,Unit 4 Part 1
019eb11c-413b-7a66-a7d8-a18f14736ede,8352493878,ELA,Grade 6,Unit,2025-26,Unit 4 Part 2
019eb11c-413b-7a66-a7d8-a18f14736ede,8352494723,History,Grade 6,Summative,2025-26,Topic 9: Civilizations of East Asia and Southeast Asia (250 BCE - 1644 CE)
019eb11c-413b-7a66-a7d8-a18f14736ede,8352495237,History,Grade 6,topic,2025-26,Topic 9: Civilizations of East Asia and Southeast Asia (250 BCE - 1644 CE)
019eb11c-413b-7a66-a7d8-a18f14736ede,8355239297,Math,Grade 6,topic,2025-26,Topic 7
019eb11c-413b-7a66-a7d8-a18f14736ede,8355243000,Math,Grade 6,topic,2025-26,Topic 7
019eb11c-413b-7a66-a7d8-a18f14736ede,8355248502,Math,Grade 7,topic,2025-26,Topic 7
019eb11c-413b-7a66-a7d8-a18f14736ede,8355253478,Math,Grade 7,topic,2025-26,Topic 7
019eb11c-413b-7a66-a7d8-a18f14736ede,8355591256,HS Geometry,Regular 9–12,topic,2025-26,Topic 9
019eb11c-413b-7a66-a7d8-a18f14736ede,8356513569,Algebra,Grade 8,topic,2025-26,Topic 7
019eb11c-413b-7a66-a7d8-a18f14736ede,8356514540,Algebra,Grade 8,topic,2025-26,Topic 7
019eb11c-413b-7a66-a7d8-a18f14736ede,8357741333,ELA,Grade 4,Summative,2025-26,Marvels of Nature: Module 6 Assessment
019eb11c-413b-7a66-a7d8-a18f14736ede,8357741357,ELA,Grade 4,Summative,2025-26,Marvels of Nature: Module 6 Assessment
019eb11c-413b-7a66-a7d8-a18f14736ede,8357741387,ELA,Grade 4,Summative,2025-26,Marvels of Nature: Module 6 Assessment
019eb11c-413b-7a66-a7d8-a18f14736ede,8357768566,Math,Grade 1,Summative,2025-26,Chapter 14 Test: Measurement
019eb11c-413b-7a66-a7d8-a18f14736ede,8357768588,Math,Grade 1,Summative,2025-26,Chapter 14 Test: Measurement
019eb11c-413b-7a66-a7d8-a18f14736ede,8357768613,Math,Grade 1,Summative,2025-26,Chapter 14 Test: Measurement
019eb11c-413b-7a66-a7d8-a18f14736ede,8357768628,Math,Grade 1,Summative,2025-26,Chapter 14 Test: Measurement
019eb11c-413b-7a66-a7d8-a18f14736ede,8359056663,Math,Grade 5,Summative,2025-26,Chapter 14 Test: Classify Two-Dimensional and Three-Dimensional Figures
019eb11c-413b-7a66-a7d8-a18f14736ede,8359056698,Math,Grade 5,Summative,2025-26,Chapter 14 Test: Classify Two-Dimensional and Three-Dimensional Figures
019eb11c-413b-7a66-a7d8-a18f14736ede,8360405752,ELA,Grade 3,Summative,2025-26,"Imagine! Invent!, Module 8 Weekly Assessment: Week 1"
019eb11c-413b-7a66-a7d8-a18f14736ede,8360405769,ELA,Grade 3,Summative,2025-26,"Imagine! Invent!, Weekly Assessment: Mod 8 Week 1"
019eb11c-413b-7a66-a7d8-a18f14736ede,8361289039,Science,Grade 7,topic,2025-26,Topic 4: Change Over Time
019eb11c-413b-7a66-a7d8-a18f14736ede,8361289662,Science,Grade 7,topic,2025-26,Topic 4: Change Over Time
019eb11c-413b-7a66-a7d8-a18f14736ede,8362096503,ELA,Grade 5,Summative,2025-26,A New Home Weekly Assessment: Module 8 Week 1
019eb11c-413b-7a66-a7d8-a18f14736ede,8362096526,ELA,Grade 5,Summative,2025-26,A New Home Weekly Assessment: Module 8 Week 1
019eb11c-413b-7a66-a7d8-a18f14736ede,8362151551,ELA,Grade 4,Summative,2025-26,Tricksters and Tall Tales: Weekly Assessment: Mod 7 Week 1
019eb11c-413b-7a66-a7d8-a18f14736ede,8362151564,ELA,Grade 4,Summative,2025-26,Tricksters and Tall Tales: Weekly Assessment: Mod 7 Week 1
019eb11c-413b-7a66-a7d8-a18f14736ede,8362151581,ELA,Grade 4,Summative,2025-26,Tricksters and Tall Tales: Weekly Assessment: Mod 7 Week 1
019eb11c-413b-7a66-a7d8-a18f14736ede,8362242422,ELA,Grade 1,Summative,2025-26,Module 8: Tell Me a Story Weekly Assessment: Week 2
019eb11c-413b-7a66-a7d8-a18f14736ede,8362242436,ELA,Grade 1,Summative,2025-26,Module 8: Tell Me a Story Weekly Assessment: Week 2
019eb11c-413b-7a66-a7d8-a18f14736ede,8362242449,ELA,Grade 1,Summative,2025-26,Module 8: Tell Me a Story Weekly Assessment: Week 2
019eb11c-413b-7a66-a7d8-a18f14736ede,8362242461,ELA,Grade 1,Summative,2025-26,Module 8: Tell Me a Story Weekly Assessment: Week 2
019eb11c-413b-7a66-a7d8-a18f14736ede,8362299752,ELA,Grade 3,Summative,2025-26,"Imagine! Invent!, Weekly Assessment: Week 2"
019eb11c-413b-7a66-a7d8-a18f14736ede,8362299771,ELA,Grade 3,Summative,2025-26,"Imagine! Invent!, Weekly Assessment: Week 2"
019eb11c-413b-7a66-a7d8-a18f14736ede,8362343085,Math,Grade 1,Summative,2025-26,Chapter 15 Test: Time
019eb11c-413b-7a66-a7d8-a18f14736ede,8362343109,Math,Grade 1,Summative,2025-26,Chapter 15 Test: Time
019eb11c-413b-7a66-a7d8-a18f14736ede,8362343122,Math,Grade 1,Summative,2025-26,Chapter 15 Test: Time
019eb11c-413b-7a66-a7d8-a18f14736ede,8362343136,Math,Grade 1,Summative,2025-26,Chapter 15 Test: Time
019eb11c-413b-7a66-a7d8-a18f14736ede,8362776921,HS Algebra I,Higher-Ed,topic,2025-26,Topic 8
019eb11c-413b-7a66-a7d8-a18f14736ede,8362776921,HS Algebra I,Regular 9–12,topic,2025-26,Topic 8
019eb11c-413b-7a66-a7d8-a18f14736ede,8362777143,HS Economics,Higher-Ed,topic,2025-26,Topic 5
019eb11c-413b-7a66-a7d8-a18f14736ede,8365584035,Math,Grade 2,Summative,2025-26,Chapter 14 Test: Length in Metric Units
019eb11c-413b-7a66-a7d8-a18f14736ede,8365584050,Math,Grade 2,Summative,2025-26,Chapter 14 Test: Length in Metric Units
019eb11c-413b-7a66-a7d8-a18f14736ede,8365584067,Math,Grade 2,Summative,2025-26,Chapter 14 Test: Length in Metric Units
019eb11c-413b-7a66-a7d8-a18f14736ede,8368249539,History,Grade 8,topic,2025-26,Topic 9 The Reconstruction Era
019eb11c-413b-7a66-a7d8-a18f14736ede,8368256753,History,Grade 8,topic,2025-26,Topic 9 The Reconstruction Era
019eb11c-413b-7a66-a7d8-a18f14736ede,8368388717,Civics,Grade 7,topic,2025-26,Topic 12: Government and the Economy: Express Ideas Effectively
019eb11c-413b-7a66-a7d8-a18f14736ede,8368389451,Civics,Grade 7,topic,2025-26,Topic 12: Government and the Economy: Express Ideas Effectively
019eb11c-413b-7a66-a7d8-a18f14736ede,8368439603,HS United States History,Higher-Ed,topic,2025-26,Topic 9: Civil Rights and Reform in the 1960s (1945–1968)
019eb11c-413b-7a66-a7d8-a18f14736ede,8369992661,HS Economics,Higher-Ed,topic,2025-26,Topic 6
019eb11c-413b-7a66-a7d8-a18f14736ede,8369994919,HS World History,Higher-Ed,topic,2025-26,Topic 9: Nationalism and the Spread of Democracy (1790–1914)
019eb11c-413b-7a66-a7d8-a18f14736ede,8370036059,Science,Grade 6,topic,2025-26,Topic 6: Plate Tectonics
019eb11c-413b-7a66-a7d8-a18f14736ede,8370037336,Science,Grade 6,topic,2025-26,Topic 6: Plate Tectonics
019eb11c-413b-7a66-a7d8-a18f14736ede,8371766709,HS United States History,Higher-Ed,topic,2025-26,Topic 10: The Vietnam War Era (1954–1975)
019eb11c-413b-7a66-a7d8-a18f14736ede,8373543985,Math,Grade 5,Summative,2025-26,Chapter 15 Test: Volume
019eb11c-413b-7a66-a7d8-a18f14736ede,8373544019,Math,Grade 5,Summative,2025-26,Chapter 15 Test: Volume
019eb11c-413b-7a66-a7d8-a18f14736ede,8373837481,HS World History,Higher-Ed,topic,2025-26,Topic 10: The Age of Imperialism (1800–1914)
019eb11c-413b-7a66-a7d8-a18f14736ede,8376239379,Math,Grade 3,Summative,2025-26,Chapter 14 Test: Compare Fractions and Identify Equivalent Fractions
019eb11c-413b-7a66-a7d8-a18f14736ede,8376239390,Math,Grade 3,Summative,2025-26,Chapter 14 Test: Compare Fractions and Identify Equivalent Fractions
019eb11c-413b-7a66-a7d8-a18f14736ede,8376276662,ELA,Grade 2,Summative,2025-26,Everyone Has a Story: Mod 7 Weekly Assessment: Week 1
019eb11c-413b-7a66-a7d8-a18f14736ede,8376276677,ELA,Grade 2,Summative,2025-26,Everyone Has a Story: Mod 7 Weekly Assessment: Week 1
019eb11c-413b-7a66-a7d8-a18f14736ede,8376276686,ELA,Grade 2,Summative,2025-26,Everyone Has a Story: Mod 7 Weekly Assessment: Week 1
019eb11c-413b-7a66-a7d8-a18f14736ede,8376292815,ELA,Grade 5,Summative,2025-26,A New Home: Weekly Assessment: Mod 8 Week 2
019eb11c-413b-7a66-a7d8-a18f14736ede,8376292825,ELA,Grade 5,Summative,2025-26,A New Home: Weekly Assessment: Mod 8 Week 2
019eb11c-413b-7a66-a7d8-a18f14736ede,8376377202,ELA,Grade 4,Summative,2025-26,Tricksters and Tall Tales: Weekly Assessment: Mod 7 Week 2
019eb11c-413b-7a66-a7d8-a18f14736ede,8376377242,ELA,Grade 4,Summative,2025-26,Tricksters and Tall Tales: Weekly Assessment: Mod 7 Week 2
019eb11c-413b-7a66-a7d8-a18f14736ede,8376377260,ELA,Grade 4,Summative,2025-26,Tricksters and Tall Tales: Weekly Assessment: Mod 7 Week 2
019eb11c-413b-7a66-a7d8-a18f14736ede,8376496133,Math,Grade 2,Summative,2025-26,Chapter 15 Test: Geometry
019eb11c-413b-7a66-a7d8-a18f14736ede,8376496142,Math,Grade 2,Summative,2025-26,Chapter 15 Test: Geometry
019eb11c-413b-7a66-a7d8-a18f14736ede,8376496149,Math,Grade 2,Summative,2025-26,Chapter 15 Test: Geometry
019eb11c-413b-7a66-a7d8-a18f14736ede,8385621887,ELA,Grade 1,Summative,2025-26,Tell Me a Story: Module 8 Assessment
019eb11c-413b-7a66-a7d8-a18f14736ede,8385621926,ELA,Grade 1,Summative,2025-26,Tell Me a Story: Module 8 Assessment
019eb11c-413b-7a66-a7d8-a18f14736ede,8385621965,ELA,Grade 1,Summative,2025-26,Tell Me a Story: Module 8 Assessment
019eb11c-413b-7a66-a7d8-a18f14736ede,8385622033,ELA,Grade 1,Summative,2025-26,Tell Me a Story: Module 8 Assessment
019eb11c-413c-7ed9-872e-0fe5e9a947b6,7610639442,Math,Grade 1,Chap Test,2024-25,Chapter 1 Test: Counting and Number Sense
019eb11c-413c-7ed9-872e-0fe5e9a947b6,7610639442,Math,Grade 1,Summative,2025-26,Chapter 1 Test: Counting and Number Sense
019eb11c-413c-7ed9-872e-0fe5e9a947b6,7610639443,Math,Grade 1,Summative,2025-26,Chapter 2 Test: Count by Tens and Ones
019eb11c-413c-7ed9-872e-0fe5e9a947b6,7610639444,Math,Grade 1,Summative,2025-26,Chapter 3 Test: Compare Numbers
019eb11c-413c-7ed9-872e-0fe5e9a947b6,7610639551,Math,Grade 1,Chap Test,2024-25,Chapter 1 Test: Counting and Number Sense
019eb11c-413c-7ed9-872e-0fe5e9a947b6,7841245375,Math,Grade 2,2 sectionsAll Sections,2024-25,Chapter 1 Test: Counting and Number Sense
019eb11c-413c-7ed9-872e-0fe5e9a947b6,7925370852,Reading,Grade 2,Summative,2025-26,Module Assessment: Be a Super Citizen
019eb11c-413c-7ed9-872e-0fe5e9a947b6,7925384111,Reading,Grade 3,Summative,2025-26,Module Assessment: What a Character!
019eb11c-413c-7ed9-872e-0fe5e9a947b6,7925384216,Reading,Grade 3,Summative,2025-26,Let Freedom Ring!: Weekly Assessment: Week 1
019eb11c-413c-7ed9-872e-0fe5e9a947b6,7925384339,Reading,Grade 3,Summative,2025-26,Stories on Stage: Weekly Assessment: Week 1
019eb11c-413c-7ed9-872e-0fe5e9a947b6,7925384356,Reading,Grade 3,Summative,2025-26,Stories on Stage: Weekly Assessment: Week 2
019eb11c-413c-7ed9-872e-0fe5e9a947b6,7925384443,Reading,Grade 3,Summative,2025-26,Teamwork: Weekly Assessment: Week 1
019eb11c-413c-7ed9-872e-0fe5e9a947b6,7925384466,Reading,Grade 3,Summative,2025-26,Teamwork: Weekly Assessment: Week 2
019eb11c-413c-7ed9-872e-0fe5e9a947b6,7925384548,Reading,Grade 3,Summative,2025-26,Animal Behaviors: Weekly Assessment: Week 1
019eb11c-413c-7ed9-872e-0fe5e9a947b6,7925384669,Reading,Grade 3,Summative,2025-26,Make a Difference: Weekly Assessment: Week 1
019eb11c-413c-7ed9-872e-0fe5e9a947b6,7925384760,Reading,Grade 3,Summative,2025-26,Imagine! Invent!: Weekly Assessment: Week 2
019eb11c-413c-7ed9-872e-0fe5e9a947b6,7925384827,Reading,Grade 3,Summative,2025-26,From Farm to Table: Weekly Assessment: Week 2
019eb11c-413c-7ed9-872e-0fe5e9a947b6,7925384908,Reading,Grade 3,Summative,2025-26,Genre Study: Nonfiction: Weekly Assessment: Week 1
019eb11c-413c-7ed9-872e-0fe5e9a947b6,7925567818,Reading,Grade 2,Summative,2025-26,Module Assessment: Be a Super Citizen
019eb11c-413c-7ed9-872e-0fe5e9a947b6,7925711568,Reading,Grade 5,Summative,2025-26,What a Story: Weekly Assessment: Week 1
019eb11c-413c-7ed9-872e-0fe5e9a947b6,7925711744,Reading,Grade 5,Summative,2025-26,Wild West: Weekly Assessment: Week 1
019eb11c-413c-7ed9-872e-0fe5e9a947b6,7925711769,Reading,Grade 5,Summative,2025-26,Wild West: Weekly Assessment: Week 2
019eb11c-413c-7ed9-872e-0fe5e9a947b6,7925711785,Reading,Grade 5,Summative,2025-26,Wild West: Weekly Assessment: Week 3
019eb11c-413c-7ed9-872e-0fe5e9a947b6,7925712492,Reading,Grade 5,Summative,2025-26,Genre Study: Nonfiction: Weekly Assessment: Week 1
019eb11c-413c-7ed9-872e-0fe5e9a947b6,7925712596,Reading,Grade 5,Summative,2025-26,Genre Study: Literary Texts: Weekly Assessment: Week 3
019eb11c-413c-7ed9-872e-0fe5e9a947b6,7926486178,Science,Grade 4,Summative,2025-26,Unit 1 Benchmark Test: Studying Science
019eb11c-413c-7ed9-872e-0fe5e9a947b6,7926486181,Science,Grade 4,Summative,2025-26,Unit 2 Benchmark Test: The Engineering Process
019eb11c-413c-7ed9-872e-0fe5e9a947b6,7926486184,Science,Grade 4,Summative,2025-26,"Unit 4 Benchmark Test: Rocks, Minerals, and Resources"
019eb11c-413c-7ed9-872e-0fe5e9a947b6,7926486190,Science,Grade 4,Summative,2025-26,Unit 5 Benchmark Test: Matter and It's Properties
019eb11c-413c-7ed9-872e-0fe5e9a947b6,7926486195,Science,Grade 4,Summative,2025-26,Unit 6 Benchmark Test: Matter and It's Changes
019eb11c-413c-7ed9-872e-0fe5e9a947b6,7926486201,Science,Grade 4,Summative,2025-26,Unit 7 Benchmark Test: Energy and Its Uses
019eb11c-413c-7ed9-872e-0fe5e9a947b6,7926486208,Science,Grade 4,Summative,2025-26,Unit 8 Benchmark Test: Heat
019eb11c-413c-7ed9-872e-0fe5e9a947b6,7926486214,Science,Grade 4,Summative,2025-26,Unit 9 Benchmark Test: Forces and Motion
019eb11c-413c-7ed9-872e-0fe5e9a947b6,7926486215,Science,Grade 4,Summative,2025-26,Unit 10 Benchmark Test: Life Cycles and Growth
019eb11c-413c-7ed9-872e-0fe5e9a947b6,7926486218,Science,Grade 4,Summative,2025-26,Unit 11 Benchmark Test: Organisms and Their Environment
019eb11c-413c-7ed9-872e-0fe5e9a947b6,7926486712,Science,Grade 4,Summative,2025-26,Unit 1 Benchmark Test: Studying Science
019eb11c-413c-7ed9-872e-0fe5e9a947b6,7926486719,Science,Grade 4,Summative,2025-26,Unit 2 Benchmark Test: The Engineering Process
019eb11c-413c-7ed9-872e-0fe5e9a947b6,7926486724,Science,Grade 4,Summative,2025-26,Unit 3 Benchmark Test: Earth's Place in Space
019eb11c-413c-7ed9-872e-0fe5e9a947b6,7926486736,Science,Grade 4,Summative,2025-26,"Unit 4 Benchmark Test: Rocks, Minerals, and Resources"
019eb11c-413c-7ed9-872e-0fe5e9a947b6,7926486755,Science,Grade 4,Summative,2025-26,Unit 5 Benchmark Test: Matter and It's Properties
019eb11c-413c-7ed9-872e-0fe5e9a947b6,7926486757,Science,Grade 4,Summative,2025-26,Unit 6 Benchmark Test: Matter and It's Changes
019eb11c-413c-7ed9-872e-0fe5e9a947b6,7926486760,Science,Grade 4,Summative,2025-26,Unit 7 Benchmark Test: Energy and Its Uses
019eb11c-413c-7ed9-872e-0fe5e9a947b6,7926486765,Science,Grade 4,Summative,2025-26,Unit 8 Benchmark Test: Heat
019eb11c-413c-7ed9-872e-0fe5e9a947b6,7926486775,Science,Grade 4,Summative,2025-26,Unit 9 Benchmark Test: Forces and Motion
019eb11c-413c-7ed9-872e-0fe5e9a947b6,7926486783,Science,Grade 4,Summative,2025-26,Unit 10 Benchmark Test: Life Cycles and Growth
019eb11c-413c-7ed9-872e-0fe5e9a947b6,7926486794,Science,Grade 4,Summative,2025-26,Unit 11 Benchmark Test: Organisms and Their Environment
019eb11c-413c-7ed9-872e-0fe5e9a947b6,7928758490,Math,Grade 1,Summative,2025-26,Chapter 8 Test: More Addition Strategies
019eb11c-413c-7ed9-872e-0fe5e9a947b6,7928758505,Math,Grade 1,Summative,2025-26,Chapter 10 Test: Addition and Subtraction Relationships
019eb11c-413c-7ed9-872e-0fe5e9a947b6,7928758560,Math,Grade 1,Summative,2025-26,Chapter 14 Test: Measurement
019eb11c-413c-7ed9-872e-0fe5e9a947b6,7928758581,Math,Grade 1,Summative,2025-26,Chapter 16 Test: Graphing
019eb11c-413c-7ed9-872e-0fe5e9a947b6,7928760576,Math,Grade 1,Summative,2025-26,Chapter 8 Test: More Addition Strategies
019eb11c-413c-7ed9-872e-0fe5e9a947b6,7928760589,Math,Grade 1,Summative,2025-26,Chapter 10 Test: Addition and Subtraction Relationships
019eb11c-413c-7ed9-872e-0fe5e9a947b6,7928760601,Math,Grade 1,Summative,2025-26,Chapter 11 Test: Geometry: Three-Dimensional Solids
019eb11c-413c-7ed9-872e-0fe5e9a947b6,7928760621,Math,Grade 1,Summative,2025-26,Chapter 14 Test: Measurement
019eb11c-413c-7ed9-872e-0fe5e9a947b6,7928760644,Math,Grade 1,Summative,2025-26,Chapter 16 Test: Graphing
019eb11c-413c-7ed9-872e-0fe5e9a947b6,7928762286,Math,Grade 1,Summative,2025-26,Chapter 8 Test: More Addition Strategies
019eb11c-413c-7ed9-872e-0fe5e9a947b6,7928762314,Math,Grade 1,Summative,2025-26,Chapter 10 Test: Addition and Subtraction Relationships
019eb11c-413c-7ed9-872e-0fe5e9a947b6,7928762324,Math,Grade 1,Summative,2025-26,Chapter 11 Test: Geometry: Three-Dimensional Solids
019eb11c-413c-7ed9-872e-0fe5e9a947b6,7928762361,Math,Grade 1,Summative,2025-26,Chapter 14 Test: Measurement
019eb11c-413c-7ed9-872e-0fe5e9a947b6,7928764259,Math,Grade 2,Summative,2025-26,Chapter 7 Test: 2-Digit Subtraction
019eb11c-413c-7ed9-872e-0fe5e9a947b6,7928764267,Math,Grade 2,Summative,2025-26,Chapter 8 Test: More 2-Digit Subtraction
019eb11c-413c-7ed9-872e-0fe5e9a947b6,7928764305,Math,Grade 2,Summative,2025-26,Chapter 12 Test: Time
019eb11c-413c-7ed9-872e-0fe5e9a947b6,7928764338,Math,Grade 2,Summative,2025-26,Chapter 16 Test: Fraction Concepts
019eb11c-413c-7ed9-872e-0fe5e9a947b6,7928772096,Math,Grade 2,Summative,2025-26,Chapter 7 Test: 2-Digit Subtraction
019eb11c-413c-7ed9-872e-0fe5e9a947b6,7928772099,Math,Grade 2,Summative,2025-26,Chapter 8 Test: More 2-Digit Subtraction
019eb11c-413c-7ed9-872e-0fe5e9a947b6,7928772123,Math,Grade 2,Summative,2025-26,Chapter 11 Test: Money (overriding)
019eb11c-413c-7ed9-872e-0fe5e9a947b6,7928772134,Math,Grade 2,Summative,2025-26,Chapter 12 Test: Time
019eb11c-413c-7ed9-872e-0fe5e9a947b6,7929054690,Reading,Grade 4,Weekly Test,2025-26,What Makes Us Who We Are?: Weekly Assessment: Week 2
019eb11c-413c-7ed9-872e-0fe5e9a947b6,7929054690,Reading,Grade 4,Summative,2025-26,What Makes Us Who We Are?: Weekly Assessment: Week 2
019eb11c-413c-7ed9-872e-0fe5e9a947b6,7929054711,Reading,Grade 4,Summative,2025-26,Module Assessment: What Makes Us Who We Are?
019eb11c-413c-7ed9-872e-0fe5e9a947b6,7929054771,Reading,Grade 4,Summative,2025-26,Rise to the Occasion: Weekly Assessment: Week 1
019eb11c-413c-7ed9-872e-0fe5e9a947b6,7929054849,Reading,Grade 4,Summative,2025-26,Art Everywhere: Weekly Assessment: Week 1
019eb11c-413c-7ed9-872e-0fe5e9a947b6,7929054857,Reading,Grade 4,Summative,2025-26,Art Everywhere: Weekly Assessment: Week 2
019eb11c-413c-7ed9-872e-0fe5e9a947b6,7929054926,Reading,Grade 4,Summative,2025-26,Tricksters and Tall Tales: Weekly Assessment: Week 2
019eb11c-413c-7ed9-872e-0fe5e9a947b6,7929067017,Reading,Grade 4,Summative,2025-26,Module Assessment: What Makes Us Who We Are?
019eb11c-413c-7ed9-872e-0fe5e9a947b6,7929067037,Reading,Grade 4,Summative,2025-26,Rise to the Occasion: Weekly Assessment: Week 1
019eb11c-413c-7ed9-872e-0fe5e9a947b6,7929067093,Reading,Grade 4,Summative,2025-26,Art Everywhere: Weekly Assessment: Week 1
019eb11c-413c-7ed9-872e-0fe5e9a947b6,7929067100,Reading,Grade 4,Summative,2025-26,Art Everywhere: Weekly Assessment: Week 2
019eb11c-413c-7ed9-872e-0fe5e9a947b6,7929067128,Reading,Grade 4,Summative,2025-26,Tricksters and Tall Tales: Weekly Assessment: Week 2
019eb11c-413c-7ed9-872e-0fe5e9a947b6,7930690380,Reading,Grade 5,Summative,2025-26,What a Story: Weekly Assessment: Week 1
019eb11c-413c-7ed9-872e-0fe5e9a947b6,7930690775,Reading,Grade 5,Summative,2025-26,Wild West: Weekly Assessment: Week 2
019eb11c-413c-7ed9-872e-0fe5e9a947b6,7930690812,Reading,Grade 5,Summative,2025-26,Wild West: Weekly Assessment: Week 3
019eb11c-413c-7ed9-872e-0fe5e9a947b6,7935427497,Math,Grade 3,Summative,2025-26,Chapter 7 Test: Understand Division
019eb11c-413c-7ed9-872e-0fe5e9a947b6,7935427502,Math,Grade 3,Summative,2025-26,Chapter 12 Test: Time Measurement and Intervals
019eb11c-413c-7ed9-872e-0fe5e9a947b6,7935427513,Math,Grade 3,Summative,2025-26,Chapter 16 Test: Define Two-Dimensional Shapes
019eb11c-413c-7ed9-872e-0fe5e9a947b6,7935427517,Math,Grade 3,Summative,2025-26,Chapter 17 Test: Classify Two-Dimensional Quadrilaterals and Identify Line Symmetry
019eb11c-413c-7ed9-872e-0fe5e9a947b6,7935427756,Math,Grade 3,Chap Test,2025-26,Chapter 1 Test: Place Value
019eb11c-413c-7ed9-872e-0fe5e9a947b6,7935427764,Math,Grade 3,Summative,2025-26,Chapter 7 Test: Understand Division
019eb11c-413c-7ed9-872e-0fe5e9a947b6,7935427770,Math,Grade 3,Summative,2025-26,Chapter 12 Test: Time Measurement and Intervals
019eb11c-413c-7ed9-872e-0fe5e9a947b6,7935427774,Math,Grade 3,Summative,2025-26,Chapter 16 Test: Define Two-Dimensional Shapes
019eb11c-413c-7ed9-872e-0fe5e9a947b6,7935427775,Math,Grade 3,Summative,2025-26,Chapter 17 Test: Classify Two-Dimensional Quadrilaterals and Identify Line Symmetry
019eb11c-413c-7ed9-872e-0fe5e9a947b6,7968011100,Math,Grade K,Chap Test,2025-26,"Chapter 1 Test: Count, Write, and Represent 1 Through 4"
019eb11c-413c-7ed9-872e-0fe5e9a947b6,7968011112,Math,Grade K,Summative,2025-26,"Chapter 2 Test: Count, Write, and Represent Numbers Through 5"
019eb11c-413c-7ed9-872e-0fe5e9a947b6,7968011124,Math,Grade K,Summative,2025-26,Chapter 3 Test: Compare Numbers Through 5
019eb11c-413c-7ed9-872e-0fe5e9a947b6,7968011155,Math,Grade K,Summative,2025-26,"Chapter 7 Test: Count, Represent, and Compare Numbers Through 15"
019eb11c-413c-7ed9-872e-0fe5e9a947b6,7968011166,Math,Grade K,Summative,2025-26,"Chapter 8 Test: Count, Represent, and Compare Numbers Through 20"
019eb11c-413c-7ed9-872e-0fe5e9a947b6,7968011177,Math,Grade K,Summative,2025-26,Chapter 9 Test: Put Together and Take Apart Numbers to 5
019eb11c-413c-7ed9-872e-0fe5e9a947b6,7968011194,Math,Grade K,Summative,2025-26,Chapter 11 Test: Addition Up to 5
019eb11c-413c-7ed9-872e-0fe5e9a947b6,7968011203,Math,Grade K,Summative,2025-26,Chapter 12 Test: Subtraction Within 5
019eb11c-413c-7ed9-872e-0fe5e9a947b6,7968011212,Math,Grade K,Summative,2025-26,Chapter 13 Test: Addition Up to 10
019eb11c-413c-7ed9-872e-0fe5e9a947b6,7968012208,Math,Grade K,Chap Test,2025-26,"Chapter 1 Test: Count, Write, and Represent 1 Through 4"
019eb11c-413c-7ed9-872e-0fe5e9a947b6,7968012213,Math,Grade K,Summative,2025-26,"Chapter 2 Test: Count, Write, and Represent Numbers Through 5"
019eb11c-413c-7ed9-872e-0fe5e9a947b6,7968012215,Math,Grade K,Summative,2025-26,Chapter 3 Test: Compare Numbers Through 5
019eb11c-413c-7ed9-872e-0fe5e9a947b6,7968012254,Math,Grade K,Summative,2025-26,"Chapter 7 Test: Count, Represent, and Compare Numbers Through 15"
019eb11c-413c-7ed9-872e-0fe5e9a947b6,7968012258,Math,Grade K,Summative,2025-26,"Chapter 8 Test: Count, Represent, and Compare Numbers Through 20"
019eb11c-413c-7ed9-872e-0fe5e9a947b6,7968012264,Math,Grade K,Summative,2025-26,Chapter 9 Test: Put Together and Take Apart Numbers to 5
019eb11c-413c-7ed9-872e-0fe5e9a947b6,7968012277,Math,Grade K,Summative,2025-26,Chapter 11 Test: Addition Up to 5
019eb11c-413c-7ed9-872e-0fe5e9a947b6,7968012282,Math,Grade K,Summative,2025-26,Chapter 12 Test: Subtraction Within 5
019eb11c-413c-7ed9-872e-0fe5e9a947b6,7968013318,Math,Grade K,Summative,2025-26,"Chapter 2 Test: Count, Write, and Represent Numbers Through 5"
019eb11c-413c-7ed9-872e-0fe5e9a947b6,7968013328,Math,Grade K,Summative,2025-26,Chapter 3 Test: Compare Numbers Through 5
019eb11c-413c-7ed9-872e-0fe5e9a947b6,7968013353,Math,Grade K,Summative,2025-26,"Chapter 7 Test: Count, Represent, and Compare Numbers Through 15"
019eb11c-413c-7ed9-872e-0fe5e9a947b6,7968013359,Math,Grade K,Summative,2025-26,"Chapter 8 Test: Count, Represent, and Compare Numbers Through 20"
019eb11c-413c-7ed9-872e-0fe5e9a947b6,7968013365,Math,Grade K,Summative,2025-26,Chapter 9 Test: Put Together and Take Apart Numbers to 5
019eb11c-413c-7ed9-872e-0fe5e9a947b6,7968013379,Math,Grade K,Summative,2025-26,Chapter 11 Test: Addition Up to 5
019eb11c-413c-7ed9-872e-0fe5e9a947b6,7968013383,Math,Grade K,Summative,2025-26,Chapter 12 Test: Subtraction Within 5
019eb11c-413c-7ed9-872e-0fe5e9a947b6,7968013389,Math,Grade K,Summative,2025-26,Chapter 13 Test: Addition Up to 10
019eb11c-413c-7ed9-872e-0fe5e9a947b6,7980261389,Reading,Grade 8,Summative,2025-26,"The Automation Paradox / Heads Up, Humans Selection Test"
019eb11c-413c-7ed9-872e-0fe5e9a947b6,7980267384,Reading,Grade 8,Summative,2025-26,The Monkey's Paw / from The Monkey's Paw Selection Test
019eb11c-413c-7ed9-872e-0fe5e9a947b6,7980281997,Reading,Grade 8,Summative,2025-26,"The Automation Paradox / Heads Up, Humans Selection Test"
019eb11c-413c-7ed9-872e-0fe5e9a947b6,7980294123,Reading,Grade 8,Summative,2025-26,The Monkey's Paw / from The Monkey's Paw Selection Test
019eb11c-413c-7ed9-872e-0fe5e9a947b6,7998804078,Math,Grade 5,Summative,2025-26,Chapter 7 Test: Divide Decimals
019eb11c-413c-7ed9-872e-0fe5e9a947b6,7998804121,Math,Grade 5,Summative,2025-26,Chapter 12 Test: Algebra: Expressions
019eb11c-413c-7ed9-872e-0fe5e9a947b6,7998804135,Math,Grade 5,Summative,2025-26,Chapter 14 Test: Classify Two-Dimensional and Three-Dimensional Figures
019eb11c-413c-7ed9-872e-0fe5e9a947b6,7998804147,Math,Grade 5,Summative,2025-26,Chapter 15 Test: Volume
019eb11c-413c-7ed9-872e-0fe5e9a947b6,7998804173,Math,Grade 5,Summative,2025-26,Chapter 17 Test: Graphs and Patterns
019eb11c-413c-7ed9-872e-0fe5e9a947b6,7998804188,Math,Grade 5,Summative,2025-26,"Chapter 18 Test: Collect, Represent, and Interpret Data"
019eb11c-413c-7ed9-872e-0fe5e9a947b6,7998806394,Math,Grade 5,Summative,2025-26,Chapter 7 Test: Divide Decimals
019eb11c-413c-7ed9-872e-0fe5e9a947b6,7998806437,Math,Grade 5,Summative,2025-26,Chapter 12 Test: Algebra: Expressions
019eb11c-413c-7ed9-872e-0fe5e9a947b6,8002251201,Reading,Grade 3,Summative,2025-26,Module Assessment: What a Character!
019eb11c-413c-7ed9-872e-0fe5e9a947b6,8007279499,Math,Grade 1,Summative,2025-26,Chapter 2 Test: Count by Tens and Ones
019eb11c-413c-7ed9-872e-0fe5e9a947b6,8007279599,Math,Grade 1,Summative,2025-26,Chapter 5 Test: Subtraction Concepts
019eb11c-413c-7ed9-872e-0fe5e9a947b6,8007293680,Math,Grade 2,Summative,2025-26,Chapter 2 Test: Use Place Value
019eb11c-413c-7ed9-872e-0fe5e9a947b6,8007293705,Math,Grade 2,Summative,2025-26,Chapter 3 Test: Basic Facts
019eb11c-413c-7ed9-872e-0fe5e9a947b6,8007313247,Math,Grade 2,Summative,2025-26,Chapter 2 Test: Use Place Value
019eb11c-413c-7ed9-872e-0fe5e9a947b6,8007313272,Math,Grade 2,Summative,2025-26,Chapter 3 Test: Basic Facts
019eb11c-413c-7ed9-872e-0fe5e9a947b6,8007341041,Math,Grade 3,Summative,2025-26,Chapter 2 Test: Addition and Subtraction Strategies
019eb11c-413c-7ed9-872e-0fe5e9a947b6,8007341108,Math,Grade 3,Summative,2025-26,"Chapter 3 Test: Addition and Subtraction Within 10,000"
019eb11c-413c-7ed9-872e-0fe5e9a947b6,8007345770,Math,Grade 3,Summative,2025-26,Chapter 2 Test: Addition and Subtraction Strategies
019eb11c-413c-7ed9-872e-0fe5e9a947b6,8007345835,Math,Grade 3,Summative,2025-26,"Chapter 3 Test: Addition and Subtraction Within 10,000"
019eb11c-413c-7ed9-872e-0fe5e9a947b6,8007345874,Math,Grade 3,Summative,2025-26,Chapter 4 Test: Understand Multiplication
019eb11c-413c-7ed9-872e-0fe5e9a947b6,8007442929,Math,Grade 5,Summative,2025-26,Chapter 2 Test: Practice Multiplication and Division of Whole Numbers
019eb11c-413c-7ed9-872e-0fe5e9a947b6,8007442971,Math,Grade 5,Summative,2025-26,Chapter 3 Test: Place Value and Decimals
019eb11c-413c-7ed9-872e-0fe5e9a947b6,8007450558,Math,Grade 5,Summative,2025-26,Chapter 2 Test: Practice Multiplication and Division of Whole Numbers
019eb11c-413c-7ed9-872e-0fe5e9a947b6,8007450622,Math,Grade 5,Summative,2025-26,Chapter 3 Test: Place Value and Decimals
019eb11c-413c-7ed9-872e-0fe5e9a947b6,8027627909,Math,Grade 4,Summative,2025-26,Chapter 2 Test: Multiply by 1-Digit Numbers
019eb11c-413c-7ed9-872e-0fe5e9a947b6,8027627916,Math,Grade 4,Summative,2025-26,Chapter 3 Test: Multiply by 2-Digit Numbers
019eb11c-413c-7ed9-872e-0fe5e9a947b6,8027644484,Math,Grade 4,Summative,2025-26,Chapter 2 Test: Multiply by 1-Digit Numbers
019eb11c-413c-7ed9-872e-0fe5e9a947b6,8027644505,Math,Grade 4,Summative,2025-26,Chapter 3 Test: Multiply by 2-Digit Numbers
019eb11c-413c-7ed9-872e-0fe5e9a947b6,8028900537,Reading,Grade K,Summative,2025-26,Module Assessment: Curious About Kindergarten
019eb11c-413c-7ed9-872e-0fe5e9a947b6,8028907714,Reading,Grade K,Summative,2025-26,Module Assessment: Curious About Kindergarten
019eb11c-413c-7ed9-872e-0fe5e9a947b6,8028913841,Reading,Grade K,Summative,2025-26,Module Assessment: Curious About Kindergarten
019eb11c-413c-7ed9-872e-0fe5e9a947b6,8029128083,Reading,Grade 1,Summative,2025-26,Module Assessment: Nice to Meet You!
019eb11c-413c-7ed9-872e-0fe5e9a947b6,8029141004,Reading,Grade 1,Summative,2025-26,Module Assessment: Nice to Meet You!
019eb11c-413c-7ed9-872e-0fe5e9a947b6,8030012753,Reading,Grade 2,Summative,2025-26,Module Assessment: Look Around and Explore!
019eb11c-413c-7ed9-872e-0fe5e9a947b6,8030023352,Reading,Grade 3,Summative,2025-26,Use Your Words: Weekly Assessment: Week 1
019eb11c-413c-7ed9-872e-0fe5e9a947b6,8030023378,Reading,Grade 3,Summative,2025-26,Module Assessment: Use Your Words
019eb11c-413c-7ed9-872e-0fe5e9a947b6,8030024715,Reading,Grade 3,Summative,2025-26,Use Your Words: Weekly Assessment: Week 1
019eb11c-413c-7ed9-872e-0fe5e9a947b6,8030024734,Reading,Grade 3,Summative,2025-26,Module Assessment: Use Your Words
019eb11c-413c-7ed9-872e-0fe5e9a947b6,8030067947,Reading,Grade 4,Summative,2025-26,Come to Your Senses: Weekly Assessment: Week 1
019eb11c-413c-7ed9-872e-0fe5e9a947b6,8030067964,Reading,Grade 4,Summative,2025-26,Module Assessment: Come to Your Senses
019eb11c-413c-7ed9-872e-0fe5e9a947b6,8030068539,Reading,Grade 4,Summative,2025-26,Come to Your Senses: Weekly Assessment: Week 1
019eb11c-413c-7ed9-872e-0fe5e9a947b6,8030068554,Reading,Grade 4,Summative,2025-26,Module Assessment: Come to Your Senses
019eb11c-413c-7ed9-872e-0fe5e9a947b6,8030074560,Reading,Grade 5,Summative,2025-26,What a Story: Weekly Assessment: Week 3
019eb11c-413c-7ed9-872e-0fe5e9a947b6,8030075273,Reading,Grade 5,Summative,2025-26,What a Story: Weekly Assessment: Week 3
019eb11c-413c-7ed9-872e-0fe5e9a947b6,8043757173,Reading,Grade 2,Summative,2025-26,Look Around and Explore!: Weekly Assessment: Week 2
019eb11c-413c-7ed9-872e-0fe5e9a947b6,8043758668,Reading,Grade 3,Summative,2025-26,Use Your Words: Weekly Assessment: Week 2
019eb11c-413c-7ed9-872e-0fe5e9a947b6,8043769075,Reading,Grade 4,Summative,2025-26,Come to Your Senses: Weekly Assessment: Week 2
019eb11c-413c-7ed9-872e-0fe5e9a947b6,8043771169,Reading,Grade 4,Summative,2025-26,Come to Your Senses: Weekly Assessment: Week 2
019eb11c-413c-7ed9-872e-0fe5e9a947b6,8057774521,Math,Grade 1,Summative,2025-26,Chapter 4 Test: Addition Concepts
019eb11c-413c-7ed9-872e-0fe5e9a947b6,8057776553,Math,Grade 1,Summative,2025-26,Chapter 4 Test: Addition Concepts
019eb11c-413c-7ed9-872e-0fe5e9a947b6,8057801768,Math,Grade 5,Summative,2025-26,Chapter 4 Test: Add and Subtract Decimals
019eb11c-413c-7ed9-872e-0fe5e9a947b6,8057806319,Math,Grade 5,Summative,2025-26,Chapter 4 Test: Add and Subtract Decimals
019eb11c-413c-7ed9-872e-0fe5e9a947b6,8067680834,Math,Grade 2,Summative,2025-26,Chapter 4 Test: Equal Groups
019eb11c-413c-7ed9-872e-0fe5e9a947b6,8067681446,Math,Grade 2,Summative,2025-26,Chapter 4 Test: Equal Groups
019eb11c-413c-7ed9-872e-0fe5e9a947b6,8067688682,Reading,Grade 2,Summative,2025-26,Module Assessment: Look Around and Explore!
019eb11c-413c-7ed9-872e-0fe5e9a947b6,8067706841,Reading,Grade 3,Summative,2025-26,Let Freedom Ring!: Weekly Assessment: Week 2
019eb11c-413c-7ed9-872e-0fe5e9a947b6,8067707756,Reading,Grade 3,Summative,2025-26,Let Freedom Ring!: Weekly Assessment: Week 2
019eb11c-413c-7ed9-872e-0fe5e9a947b6,8067721855,Science,Grade 4,Summative,2025-26,Unit 3 Benchmark Test: Earth's Place in Space
019eb11c-413c-7ed9-872e-0fe5e9a947b6,8068480254,Science,Grade 8,Summative,2025-26,Unit 2: Matter
019eb11c-413c-7ed9-872e-0fe5e9a947b6,8068483255,Science,Grade 8,Summative,2025-26,Unit 2: Matter
019eb11c-413c-7ed9-872e-0fe5e9a947b6,8068483968,Science,Grade 7,Summative,2025-26,Unit 1: Nature of Science
019eb11c-413c-7ed9-872e-0fe5e9a947b6,8068483969,Science,Grade 7,Summative,2025-26,Unit 2: The Universe
019eb11c-413c-7ed9-872e-0fe5e9a947b6,8071065113,Math,Grade 3,Summative,2025-26,Chapter 4 Test: Understand Multiplication
019eb11c-413c-7ed9-872e-0fe5e9a947b6,8072299723,Reading,Grade 4,Summative,2025-26,Rise to the Occasion: Weekly Assessment: Week 2
019eb11c-413c-7ed9-872e-0fe5e9a947b6,8072400101,Math,Grade 4,Summative,2025-26,Chapter 5 Test: Divide by 1-Digit Numbers
019eb11c-413c-7ed9-872e-0fe5e9a947b6,8072708479,Math,Grade 4,Summative,2025-26,Chapter 4 Test: Division Strategies
019eb11c-413c-7ed9-872e-0fe5e9a947b6,8072715603,Math,Grade 4,Summative,2025-26,Chapter 4 Test: Division Strategies
019eb11c-413c-7ed9-872e-0fe5e9a947b6,8074093242,Reading,Grade 2,Summative,2025-26,Module Assessment: Meet in the Middle
019eb11c-413c-7ed9-872e-0fe5e9a947b6,8074094437,Reading,Grade 2,Summative,2025-26,Module Assessment: Meet in the Middle
019eb11c-413c-7ed9-872e-0fe5e9a947b6,8074095251,Reading,Grade 3,Summative,2025-26,Module Assessment: Let Freedom Ring!
019eb11c-413c-7ed9-872e-0fe5e9a947b6,8074096133,Reading,Grade 3,Summative,2025-26,Module Assessment: Let Freedom Ring!
019eb11c-413c-7ed9-872e-0fe5e9a947b6,8074174456,Reading,Grade 4,Summative,2025-26,Module Assessment: Rise to the Occasion
019eb11c-413c-7ed9-872e-0fe5e9a947b6,8074176680,Reading,Grade 4,Summative,2025-26,Rise to the Occasion: Weekly Assessment: Week 2
019eb11c-413c-7ed9-872e-0fe5e9a947b6,8074176686,Reading,Grade 4,Summative,2025-26,Module Assessment: Rise to the Occasion
019eb11c-413c-7ed9-872e-0fe5e9a947b6,8074276682,Math,Grade K,Summative,2025-26,Chapter 4 Test: Count and Represent Numbers Through 8
019eb11c-413c-7ed9-872e-0fe5e9a947b6,8074276684,Math,Grade K,Summative,2025-26,Chapter 5 Test: Count and Represent Numbers Through 10
019eb11c-413c-7ed9-872e-0fe5e9a947b6,8074277852,Math,Grade K,Summative,2025-26,Chapter 4 Test: Count and Represent Numbers Through 8
019eb11c-413c-7ed9-872e-0fe5e9a947b6,8074277853,Math,Grade K,Summative,2025-26,Chapter 5 Test: Count and Represent Numbers Through 10
019eb11c-413c-7ed9-872e-0fe5e9a947b6,8074279157,Math,Grade K,Summative,2025-26,Chapter 5 Test: Count and Represent Numbers Through 10
019eb11c-413c-7ed9-872e-0fe5e9a947b6,8074283575,Math,Grade 2,Summative,2025-26,Chapter 5 Test: 2-Digit Addition
019eb11c-413c-7ed9-872e-0fe5e9a947b6,8074284605,Math,Grade 2,Summative,2025-26,Chapter 5 Test: 2-Digit Addition
019eb11c-413c-7ed9-872e-0fe5e9a947b6,8074285249,Math,Grade 3,Summative,2025-26,Chapter 5 Test: Multiplication Facts and Strategies
019eb11c-413c-7ed9-872e-0fe5e9a947b6,8074285674,Math,Grade 3,Summative,2025-26,Chapter 5 Test: Multiplication Facts and Strategies
019eb11c-413c-7ed9-872e-0fe5e9a947b6,8074288973,Math,Grade 4,Summative,2025-26,Chapter 5 Test: Divide by 1-Digit Numbers
019eb11c-413c-7ed9-872e-0fe5e9a947b6,8076248252,Reading,Grade 5,Summative,2025-26,Module Assessment: Natural Disasters
019eb11c-413c-7ed9-872e-0fe5e9a947b6,8076251173,Reading,Grade 5,Summative,2025-26,Module Assessment: Natural Disasters
019eb11c-413c-7ed9-872e-0fe5e9a947b6,8078663411,Math,Grade 5,Summative,2025-26,Chapter 5 Test: Multiply Decimals and Whole Numbers
019eb11c-413c-7ed9-872e-0fe5e9a947b6,8078666412,Math,Grade 5,Summative,2025-26,Chapter 5 Test: Multiply Decimals and Whole Numbers
019eb11c-413c-7ed9-872e-0fe5e9a947b6,8081658865,Reading,Grade 1,Summative,2025-26,"My Family, My Community: Weekly Assessment: Week 2"
019eb11c-413c-7ed9-872e-0fe5e9a947b6,8085876943,Reading,Grade K,Summative,2025-26,Module Assessment: There's Only One Me!
019eb11c-413c-7ed9-872e-0fe5e9a947b6,8085881867,Reading,Grade K,Summative,2025-26,Module Assessment: There's Only One Me!
019eb11c-413c-7ed9-872e-0fe5e9a947b6,8085887315,Reading,Grade K,Summative,2025-26,Module Assessment: There's Only One Me!
019eb11c-413c-7ed9-872e-0fe5e9a947b6,8086926841,Math,Grade K,Summative,2025-26,Chapter 6 Test: Order and Compare Numbers Through 10
019eb11c-413c-7ed9-872e-0fe5e9a947b6,8086927175,Math,Grade K,Summative,2025-26,Chapter 6 Test: Order and Compare Numbers Through 10
019eb11c-413c-7ed9-872e-0fe5e9a947b6,8086928235,Math,Grade K,Summative,2025-26,Chapter 6 Test: Order and Compare Numbers Through 10
019eb11c-413c-7ed9-872e-0fe5e9a947b6,8086934392,Math,Grade 3,Summative,2025-26,Chapter 6 Test: Multiplication with Multiples of 10 and 100
019eb11c-413c-7ed9-872e-0fe5e9a947b6,8086935193,Math,Grade 3,Summative,2025-26,Chapter 6 Test: Multiplication with Multiples of 10 and 100
019eb11c-413c-7ed9-872e-0fe5e9a947b6,8086935647,Math,Grade 4,Summative,2025-26,Chapter 6 Test: Apply Multiplication to Perimeter and Area
019eb11c-413c-7ed9-872e-0fe5e9a947b6,8086935837,Math,Grade 4,Summative,2025-26,Chapter 6 Test: Apply Multiplication to Perimeter and Area
019eb11c-413c-7ed9-872e-0fe5e9a947b6,8086937886,Math,Grade 5,Summative,2025-26,Chapter 6 Test: Multiply Decimals
019eb11c-413c-7ed9-872e-0fe5e9a947b6,8086938162,Math,Grade 5,Summative,2025-26,Chapter 6 Test: Multiply Decimals
019eb11c-413c-7ed9-872e-0fe5e9a947b6,8089059493,Math,Grade 2,Summative,2025-26,Chapter 6 Test: More 2-Digit Addition
019eb11c-413c-7ed9-872e-0fe5e9a947b6,8089060705,Math,Grade 2,Summative,2025-26,Chapter 6 Test: More 2-Digit Addition
019eb11c-413c-7ed9-872e-0fe5e9a947b6,8089968147,Reading,Grade 2,Summative,2025-26,Module Assessment: Once Upon a Time
019eb11c-413c-7ed9-872e-0fe5e9a947b6,8089974282,Reading,Grade 2,Summative,2025-26,Module Assessment: Once Upon a Time
019eb11c-413c-7ed9-872e-0fe5e9a947b6,8089987759,Reading,Grade 3,Summative,2025-26,Module Assessment: Stories on Stage
019eb11c-413c-7ed9-872e-0fe5e9a947b6,8089993923,Reading,Grade 3,Summative,2025-26,Module Assessment: Stories on Stage
019eb11c-413c-7ed9-872e-0fe5e9a947b6,8090003648,Reading,Grade 4,Summative,2025-26,Module Assessment: Heroic Feats
019eb11c-413c-7ed9-872e-0fe5e9a947b6,8090009094,Reading,Grade 4,Summative,2025-26,Module Assessment: Heroic Feats
019eb11c-413c-7ed9-872e-0fe5e9a947b6,8090018352,Reading,Grade 5,Summative,2025-26,Module Assessment: Wild West
019eb11c-413c-7ed9-872e-0fe5e9a947b6,8090039425,Reading,Grade 4,Summative,2025-26,Heroic Feats: Weekly Assessment: Week 1
019eb11c-413c-7ed9-872e-0fe5e9a947b6,8090047134,Reading,Grade 4,Summative,2025-26,Heroic Feats: Weekly Assessment: Week 1
019eb11c-413c-7ed9-872e-0fe5e9a947b6,8090058499,Reading,Grade 4,Summative,2025-26,Heroic Feats: Weekly Assessment: Week 2
019eb11c-413c-7ed9-872e-0fe5e9a947b6,8090064660,Reading,Grade 4,Summative,2025-26,Heroic Feats: Weekly Assessment: Week 2
019eb11c-413c-7ed9-872e-0fe5e9a947b6,8113033768,Reading,Grade K,Summative,2025-26,Module Assessment: My Community Heroes
019eb11c-413c-7ed9-872e-0fe5e9a947b6,8113038808,Reading,Grade K,Summative,2025-26,Module Assessment: My Community Heroes
019eb11c-413c-7ed9-872e-0fe5e9a947b6,8113049742,Reading,Grade K,Summative,2025-26,Module Assessment: My Community Heroes
019eb11c-413c-7ed9-872e-0fe5e9a947b6,8113197725,Reading,Grade 1,Summative,2025-26,Amazing Animals: Weekly Assessment: Week 3
019eb11c-413c-7ed9-872e-0fe5e9a947b6,8117881781,Math,Grade 4,Summative,2025-26,"Chapter 7 Test: Factors, Multiples, and Number Patterns"
019eb11c-413c-7ed9-872e-0fe5e9a947b6,8117882278,Math,Grade 4,Summative,2025-26,"Chapter 7 Test: Factors, Multiples, and Number Patterns"
019eb11c-413c-7ed9-872e-0fe5e9a947b6,8134559640,Math,Grade 5,Summative,2025-26,Chapter 8 Test: Add and Subtract Fractions with Unlike Denominators
019eb11c-413c-7ed9-872e-0fe5e9a947b6,8136532200,Math,Grade 4,Summative,2025-26,Chapter 8 Test: Fraction Equivalence
019eb11c-413c-7ed9-872e-0fe5e9a947b6,8136542006,Math,Grade 4,Summative,2025-26,Chapter 8 Test: Fraction Equivalence
019eb11c-413c-7ed9-872e-0fe5e9a947b6,8137777038,Reading,Grade 3,Summative,2025-26,Teamwork: Weekly Assessment: Week 2
019eb11c-413c-7ed9-872e-0fe5e9a947b6,8142059010,Math,Grade 4,Summative,2025-26,Chapter 9 Test: Compare Fractions
019eb11c-413c-7ed9-872e-0fe5e9a947b6,8142068696,Math,Grade 4,Summative,2025-26,Chapter 9 Test: Compare Fractions
019eb11c-413c-7ed9-872e-0fe5e9a947b6,8142159065,Math,Grade 2,Summative,2025-26,Chapter 9 Test: 2-Digit Addition and Subtraction
019eb11c-413c-7ed9-872e-0fe5e9a947b6,8142224310,Reading,Grade 3,Summative,2025-26,Module Assessment: Teamwork
019eb11c-413c-7ed9-872e-0fe5e9a947b6,8142243509,Reading,Grade 3,Summative,2025-26,Module Assessment: Teamwork
019eb11c-413c-7ed9-872e-0fe5e9a947b6,8142590942,Reading,Grade 4,Summative,2025-26,Module Assessment: Art Everywhere
019eb11c-413c-7ed9-872e-0fe5e9a947b6,8143091121,Math,Grade 2,Summative,2025-26,Chapter 9 Test: 2-Digit Addition and Subtraction
019eb11c-413c-7ed9-872e-0fe5e9a947b6,8143118067,Reading,Grade 4,Summative,2025-26,Module Assessment: Art Everywhere
019eb11c-413c-7ed9-872e-0fe5e9a947b6,8151950684,Reading,Grade 1,Summative,2025-26,"Module Assessment: Now You See It, Now You Don't"
019eb11c-413c-7ed9-872e-0fe5e9a947b6,8151954396,Reading,Grade 4,Summative,2025-26,Marvels of Nature: Weekly Assessment: Week 1
019eb11c-413c-7ed9-872e-0fe5e9a947b6,8153715524,Math,Grade 5,Summative,2025-26,Chapter 9 Test: Add and Subtract Fractions and Mixed Numbers with Unlike Denominators
019eb11c-413c-7ed9-872e-0fe5e9a947b6,8154254326,Math,Grade 5,Summative,2025-26,Chapter 9 Test: Add and Subtract Fractions and Mixed Numbers with Unlike Denominators
019eb11c-413c-7ed9-872e-0fe5e9a947b6,8154260977,Reading,Grade 4,Summative,2025-26,Marvels of Nature: Weekly Assessment: Week 1
019eb11c-413c-7ed9-872e-0fe5e9a947b6,8157377507,Math,Grade 3,Summative,2025-26,Chapter 8 Test: Division Facts and Strategies
019eb11c-413c-7ed9-872e-0fe5e9a947b6,8157380053,Math,Grade 3,Summative,2025-26,Chapter 8 Test: Division Facts and Strategies
019eb11c-413c-7ed9-872e-0fe5e9a947b6,8162003047,Reading,Grade 3,Summative,2025-26,Animal Behaviors: Weekly Assessment: Week 2
019eb11c-413c-7ed9-872e-0fe5e9a947b6,8162027952,Reading,Grade 4,Summative,2025-26,Marvels of Nature: Weekly Assessment: Week 2
019eb11c-413c-7ed9-872e-0fe5e9a947b6,8162030799,Reading,Grade 4,Summative,2025-26,Marvels of Nature: Weekly Assessment: Week 2
019eb11c-413c-7ed9-872e-0fe5e9a947b6,8162099657,Reading,Grade 5,Summative,2025-26,Module Assessment: Art for Everyone
019eb11c-413c-7ed9-872e-0fe5e9a947b6,8162102545,Reading,Grade 5,Summative,2025-26,Module Assessment: Art for Everyone
019eb11c-413c-7ed9-872e-0fe5e9a947b6,8165575718,Math,Grade 4,Summative,2025-26,Chapter 10 Test: Add and Subtract Fractions
019eb11c-413c-7ed9-872e-0fe5e9a947b6,8165582446,Math,Grade 4,Summative,2025-26,Chapter 10 Test: Add and Subtract Fractions
019eb11c-413c-7ed9-872e-0fe5e9a947b6,8168202526,Math,Grade 5,Summative,2025-26,Chapter 10 Test: Multiply Fractions
019eb11c-413c-7ed9-872e-0fe5e9a947b6,8168203538,Math,Grade 5,Summative,2025-26,Chapter 10 Test: Multiply Fractions
019eb11c-413c-7ed9-872e-0fe5e9a947b6,8176872583,Reading,Grade 3,Summative,2025-26,Module 6 Assessment: Animal Behaviors
019eb11c-413c-7ed9-872e-0fe5e9a947b6,8176872926,Reading,Grade 3,Summative,2025-26,Module 6 Assessment: Animal Behaviors
019eb11c-413c-7ed9-872e-0fe5e9a947b6,8176874011,Reading,Grade 4,Summative,2025-26,Module 6 Assessment: Marvels of Nature
019eb11c-413c-7ed9-872e-0fe5e9a947b6,8176874434,Reading,Grade 4,Summative,2025-26,Module 6 Assessment: Marvels of Nature
019eb11c-413c-7ed9-872e-0fe5e9a947b6,8176875816,Math,Grade 1,Summative,2025-26,Chapter 6 Test: Addition Strategies
019eb11c-413c-7ed9-872e-0fe5e9a947b6,8176878076,Math,Grade 2,Summative,2025-26,Chapter 10 Test: 3-Digit Addition and Subtraction
019eb11c-413c-7ed9-872e-0fe5e9a947b6,8176878890,Math,Grade 2,Summative,2025-26,Chapter 10 Test: 3-Digit Addition and Subtraction
019eb11c-413c-7ed9-872e-0fe5e9a947b6,8176879666,Math,Grade 3,Summative,2025-26,Chapter 9 Test: Apply Multiplication and Division
019eb11c-413c-7ed9-872e-0fe5e9a947b6,8176881822,Math,Grade 3,Summative,2025-26,Chapter 9 Test: Apply Multiplication and Division
019eb11c-413c-7ed9-872e-0fe5e9a947b6,8200418372,Reading,Grade 1,Summative,2025-26,Module 6 Assessment: Celebrate America
019eb11c-413c-7ed9-872e-0fe5e9a947b6,8206618250,Math,Grade 4,Summative,2025-26,Chapter 11 Test: Multiply Fractions and Whole Numbers
019eb11c-413c-7ed9-872e-0fe5e9a947b6,8206619117,Math,Grade 4,Summative,2025-26,Chapter 11 Multiply Fractions and Whole Numbers
019eb11c-413c-7ed9-872e-0fe5e9a947b6,8206622563,Reading,Grade 4,Summative,2025-26,Tricksters and Tall Tales: Weekly Assessment: Week 1
019eb11c-413c-7ed9-872e-0fe5e9a947b6,8206625830,Reading,Grade 4,Summative,2025-26,Tricksters and Tall Tales: Weekly Assessment: Week 1
019eb11c-413c-7ed9-872e-0fe5e9a947b6,8206629468,Reading,Grade 5,Summative,2025-26,"Above, Below, and Beyond: Weekly Assessment: Week 1"
019eb11c-413c-7ed9-872e-0fe5e9a947b6,8206632470,Reading,Grade 5,Summative,2025-26,"Above, Below, and Beyond: Weekly Assessment: Week 1"
019eb11c-413c-7ed9-872e-0fe5e9a947b6,8226431238,Reading,Grade K,Summative,2025-26,Module Assessment: Happy Healthy Me
019eb11c-413c-7ed9-872e-0fe5e9a947b6,8226436104,Reading,Grade K,Summative,2025-26,Module 4 Assessment: Happy Healthy Me
019eb11c-413c-7ed9-872e-0fe5e9a947b6,8226436129,Reading,Grade K,Summative,2025-26,Module Assessment: Happy Healthy Me
019eb11c-413c-7ed9-872e-0fe5e9a947b6,8228798021,Math,Grade 3,Summative,2025-26,Chapter 10 Test: Relate Multiplication and Area
019eb11c-413c-7ed9-872e-0fe5e9a947b6,8228798695,Math,Grade 3,Summative,2025-26,Chapter 10 Test: Relate Multiplication and Area
019eb11c-413c-7ed9-872e-0fe5e9a947b6,8230928452,Math,Grade 2,Summative,2025-26,Chapter 11 Test: Money
019eb11c-413c-7ed9-872e-0fe5e9a947b6,8235183921,Reading,Grade 1,Summative,2025-26,Module Assessment: The Big Outdoors
019eb11c-413c-7ed9-872e-0fe5e9a947b6,8235188190,Reading,Grade 1,Summative,2025-26,The Big Outdoors: Weekly Assessment: Week 3
019eb11c-413c-7ed9-872e-0fe5e9a947b6,8235331733,Reading,Grade 3,Summative,2025-26,Make a Difference: Weekly Assessment: Week 2
019eb11c-413c-7ed9-872e-0fe5e9a947b6,8235496995,Reading,Grade 4,Summative,2025-26,Module Assessment: Tricksters and Tall Tales
019eb11c-413c-7ed9-872e-0fe5e9a947b6,8235498996,Reading,Grade 4,Summative,2025-26,Module Assessment: Tricksters and Tall Tales
019eb11c-413c-7ed9-872e-0fe5e9a947b6,8235929790,Math,Grade 4,Summative,2025-26,Chapter 12 Test: Relate Fractions and Decimals
019eb11c-413c-7ed9-872e-0fe5e9a947b6,8235931624,Math,Grade 4,Summative,2025-26,Chapter 12 Test: Relate Fractions and Decimals
019eb11c-413c-7ed9-872e-0fe5e9a947b6,8236181360,Math,Grade 1,Summative,2025-26,Chapter 7 Test: Subtraction Strategies
019eb11c-413c-7ed9-872e-0fe5e9a947b6,8236188852,Math,Grade 1,Summative,2025-26,Chapter 7 Test: Subtraction Strategies
019eb11c-413c-7ed9-872e-0fe5e9a947b6,8236194123,Math,Grade 1,Summative,2025-26,Chapter 7 Test: Subtraction Strategies
019eb11c-413c-7ed9-872e-0fe5e9a947b6,8238528403,Math,Grade 3,Summative,2025-26,Chapter 11 Test: Understand Perimeter
019eb11c-413c-7ed9-872e-0fe5e9a947b6,8238528508,Math,Grade 3,Summative,2025-26,Chapter 11 Test: Understand Perimeter
019eb11c-413c-7ed9-872e-0fe5e9a947b6,8244298822,Reading,Grade 3,Summative,2025-26,Module Assessment: Make a Difference
019eb11c-413c-7ed9-872e-0fe5e9a947b6,8244300093,Reading,Grade 3,Summative,2025-26,Module Assessment: Make a Difference
019eb11c-413c-7ed9-872e-0fe5e9a947b6,8244339847,Reading,Grade 4,Summative,2025-26,Food for Thought: Weekly Assessment: Week 1
019eb11c-413c-7ed9-872e-0fe5e9a947b6,8244341653,Reading,Grade 4,Summative,2025-26,Food for Thought: Weekly Assessment: Week 1
019eb11c-413c-7ed9-872e-0fe5e9a947b6,8251538317,Math,Grade 4,Summative,2025-26,Chapter 13 Test: Add and Subtract Decimals
019eb11c-413c-7ed9-872e-0fe5e9a947b6,8251539059,Math,Grade 4,Summative,2025-26,Chapter 13 Test: Add and Subtract Decimals
019eb11c-413c-7ed9-872e-0fe5e9a947b6,8256891574,Reading,Grade 2,Summative,2025-26,Module Assessment: Weather Wise
019eb11c-413c-7ed9-872e-0fe5e9a947b6,8256893809,Reading,Grade 2,Summative,2025-26,Module Assessment: Weather Wise
019eb11c-413c-7ed9-872e-0fe5e9a947b6,8256910153,Reading,Grade 3,Summative,2025-26,Imagine! Invent!: Weekly Assessment: Week 1
019eb11c-413c-7ed9-872e-0fe5e9a947b6,8256930311,Reading,Grade 4,Summative,2025-26,Food for Thought: Weekly Assessment: Week 2
019eb11c-413c-7ed9-872e-0fe5e9a947b6,8256932841,Reading,Grade 4,Summative,2025-26,Food for Thought: Weekly Assessment: Week 2
019eb11c-413c-7ed9-872e-0fe5e9a947b6,8260815944,Reading,Grade 4,Summative,2025-26,Module Assessment: Food for Thought
019eb11c-413c-7ed9-872e-0fe5e9a947b6,8260817191,Reading,Grade 4,Summative,2025-26,Module Assessment: Food for Thought
019eb11c-413c-7ed9-872e-0fe5e9a947b6,8261130285,Reading,Grade K,Summative,2025-26,Module Assessment: I Can Do It!
019eb11c-413c-7ed9-872e-0fe5e9a947b6,8261135064,Reading,Grade K,Summative,2025-26,Module 5 Assessment: I Can Do It!
019eb11c-413c-7ed9-872e-0fe5e9a947b6,8261137849,Reading,Grade K,Summative,2025-26,Module Assessment: I Can Do It!
019eb11c-413c-7ed9-872e-0fe5e9a947b6,8266668096,Math,Grade 3,Summative,2025-26,Chapter 13 Test: Understand Fractions as Numbers
019eb11c-413c-7ed9-872e-0fe5e9a947b6,8266669288,Math,Grade 3,Summative,2025-26,Chapter 13 Test: Understand Fractions as Numbers
019eb11c-413c-7ed9-872e-0fe5e9a947b6,8266692627,Math,Grade 4,Summative,2025-26,Chapter 14 Test: Measure Angles
019eb11c-413c-7ed9-872e-0fe5e9a947b6,8266693228,Math,Grade 4,Summative,2025-26,Chapter 14 Test: Measure Angles
019eb11c-413c-7ed9-872e-0fe5e9a947b6,8270214260,Reading,Grade 1,Summative,2025-26,Module Assessment: Tell Me a Story
019eb11c-413c-7ed9-872e-0fe5e9a947b6,8270332604,Reading,Grade 3,Summative,2025-26,Module Assessment: Imagine! Invent!
019eb11c-413c-7ed9-872e-0fe5e9a947b6,8270333406,Reading,Grade 3,Summative,2025-26,Module Assessment: Imagine! Invent!
019eb11c-413c-7ed9-872e-0fe5e9a947b6,8270348073,Reading,Grade 4,Summative,2025-26,Global Guardians: Weekly Assessment: Week 1
019eb11c-413c-7ed9-872e-0fe5e9a947b6,8270349467,Reading,Grade 4,Summative,2025-26,Global Guardians: Weekly Assessment: Week 1
019eb11c-413c-7ed9-872e-0fe5e9a947b6,8270401647,Math,Grade 2,Summative,2025-26,Chapter 13 Test: Length in Customary Units
019eb11c-413c-7ed9-872e-0fe5e9a947b6,8270403061,Math,Grade 2,Summative,2025-26,Chapter 13 Test: Length in Customary Units
019eb11c-413c-7ed9-872e-0fe5e9a947b6,8276079467,Math,Grade 1,Summative,2025-26,Chapter 9 Test: Money
019eb11c-413c-7ed9-872e-0fe5e9a947b6,8276081846,Math,Grade 1,Summative,2025-26,Chapter 9 Test: Money
019eb11c-413c-7ed9-872e-0fe5e9a947b6,8280191849,Reading,Grade 2,Summative,2025-26,Module Assessment: Everyone Has a Story
019eb11c-413c-7ed9-872e-0fe5e9a947b6,8280194075,Reading,Grade 2,Summative,2025-26,Module Assessment: Everyone Has a Story
019eb11c-413c-7ed9-872e-0fe5e9a947b6,8280234748,Reading,Grade 3,Summative,2025-26,From Farm to Table: Weekly Assessment: Week 1
019eb11c-413c-7ed9-872e-0fe5e9a947b6,8280268445,Reading,Grade 4,Summative,2025-26,Global Guardians: Weekly Assessment: Week 2
019eb11c-413c-7ed9-872e-0fe5e9a947b6,8280268522,Reading,Grade 4,Summative,2025-26,Global Guardians: Weekly Assessment: Week 2
019eb11c-413c-7ed9-872e-0fe5e9a947b6,8288328585,Math,Grade 3,Summative,2025-26,Chapter 14 Test: Compare Fractions and Identify Equivalent Fractions
019eb11c-413c-7ed9-872e-0fe5e9a947b6,8288328697,Math,Grade 3,Summative,2025-26,Chapter 14 Test: Compare Fractions and Identify Equivalent Fractions
019eb11c-413c-7ed9-872e-0fe5e9a947b6,8288329597,Math,Grade 4,Summative,2025-26,Chapter 15 Test: Customary and Metric Measures
019eb11c-413c-7ed9-872e-0fe5e9a947b6,8288329813,Math,Grade 4,Summative,2025-26,Chapter 15 Test: Customary and Metric Measures
019eb11c-413c-7ed9-872e-0fe5e9a947b6,8288360977,Reading,Grade 4,Summative,2025-26,Module Assessment: Global Guardians
019eb11c-413c-7ed9-872e-0fe5e9a947b6,8288361303,Reading,Grade 4,Summative,2025-26,Module Assessment: Global Guardians
019eb11c-413c-7ed9-872e-0fe5e9a947b6,8291181779,Reading,Grade 5,Summative,2025-26,"Module Assessment: Unexpected, Unexplained"
019eb11c-413c-7ed9-872e-0fe5e9a947b6,8320411747,Math,Grade 2,Summative,2025-26,Chapter 14 Test: Length in Metric Units
019eb11c-413c-7ed9-872e-0fe5e9a947b6,8320411953,Math,Grade 2,Summative,2025-26,Chapter 14 Test: Length in Metric Units
019eb11c-413c-7ed9-872e-0fe5e9a947b6,8320428017,Math,Grade K,Summative,2025-26,Chapter 14 Test: Subtraction Within 10
019eb11c-413c-7ed9-872e-0fe5e9a947b6,8320428150,Math,Grade K,Summative,2025-26,Chapter 14 Test: Subtraction Within 10
019eb11c-413c-7ed9-872e-0fe5e9a947b6,8320428240,Math,Grade K,Summative,2025-26,Chapter 14 Test: Subtraction Within 10
019eb11c-413c-7ed9-872e-0fe5e9a947b6,8320453209,Math,Grade 3,Summative,2025-26,Chapter 15 Test: Measurement
019eb11c-413c-7ed9-872e-0fe5e9a947b6,8320453604,Math,Grade 3,Summative,2025-26,Chapter 15 Test: Measurement
019eb11c-413c-7ed9-872e-0fe5e9a947b6,8320460878,Math,Grade 4,Summative,2025-26,Chapter 16 Test: Temperature and Time
019eb11c-413c-7ed9-872e-0fe5e9a947b6,8320461157,Math,Grade 4,Summative,2025-26,Chapter 16 Test: Temperature and Time
019eb11c-413c-7ed9-872e-0fe5e9a947b6,8320521009,Reading,Grade 3,Summative,2025-26,Module Assessment: From Farm to Table
019eb11c-413c-7ed9-872e-0fe5e9a947b6,8320521456,Reading,Grade 3,Summative,2025-26,Module Assessment: From Farm to Table
019eb11c-413c-7ed9-872e-0fe5e9a947b6,8320535355,Reading,Grade 4,Summative,2025-26,Communication Nation: Weekly Assessment: Week 1
019eb11c-413c-7ed9-872e-0fe5e9a947b6,8320537125,Reading,Grade 4,Summative,2025-26,Communication Nation: Weekly Assessment: Week 1
019eb11c-413c-7ed9-872e-0fe5e9a947b6,8330141754,Reading,Grade 3,Summative,2025-26,Tell a Tale: Weekly Assessment: Week 1
019eb11c-413c-7ed9-872e-0fe5e9a947b6,8330145994,Reading,Grade 4,Summative,2025-26,Communication Nation: Weekly Assessment: Week 2
019eb11c-413c-7ed9-872e-0fe5e9a947b6,8330148109,Reading,Grade 4,Summative,2025-26,Communication Nation: Weekly Assessment: Week 2
019eb11c-413c-7ed9-872e-0fe5e9a947b6,8330150615,Reading,Grade 5,Summative,2025-26,The Lives of Animals: Weekly Assessment: Week 1
019eb11c-413c-7ed9-872e-0fe5e9a947b6,8330156861,Math,Grade K,Summative,2025-26,Chapter 15 Test: Explore Addition and Subtraction to 20
019eb11c-413c-7ed9-872e-0fe5e9a947b6,8330157338,Math,Grade K,Summative,2025-26,Chapter 15 Test: Explore Addition and Subtraction to 20
019eb11c-413c-7ed9-872e-0fe5e9a947b6,8330157813,Math,Grade K,Summative,2025-26,Chapter 15 Test: Explore Addition and Subtraction to 20
019eb11c-413c-7ed9-872e-0fe5e9a947b6,8335652843,Math,Grade K,Summative,2025-26,Chapter 16 Test: Count to 100
019eb11c-413c-7ed9-872e-0fe5e9a947b6,8335652971,Math,Grade K,Summative,2025-26,Chapter 16 Test: Count to 100
019eb11c-413c-7ed9-872e-0fe5e9a947b6,8335653042,Math,Grade K,Summative,2025-26,Chapter 16 Test: Count to 100
019eb11c-413c-7ed9-872e-0fe5e9a947b6,8336353256,Math,Grade 2,Summative,2025-26,Chapter 15 Test: Geometry
019eb11c-413c-7ed9-872e-0fe5e9a947b6,8336353596,Math,Grade 2,Summative,2025-26,Chapter 15 Test: Geometry
019eb11c-413c-7ed9-872e-0fe5e9a947b6,8336355224,Math,Grade 4,Summative,2025-26,Chapter 17 Test: Represent and Interpret Data
019eb11c-413c-7ed9-872e-0fe5e9a947b6,8336355628,Math,Grade 4,Summative,2025-26,Chapter 17 Test: Represent and Interpret Data
019eb11c-413c-7ed9-872e-0fe5e9a947b6,8336368035,Reading,Grade 4,Summative,2025-26,Module Assessment: Communication Nation
019eb11c-413c-7ed9-872e-0fe5e9a947b6,8336368512,Reading,Grade 4,Summative,2025-26,Module Assessment: Communication Nation
019eb11c-413c-7ed9-872e-0fe5e9a947b6,8336369549,Reading,Grade 5,Summative,2025-26,The Lives of Animals: Weekly Assessment: Week 2
019eb11c-413c-7ed9-872e-0fe5e9a947b6,8336376600,Reading,Grade K,Summative,2025-26,Module Assessment: Home of the Free and the Brave
019eb11c-413c-7ed9-872e-0fe5e9a947b6,8336377341,Reading,Grade K,Summative,2025-26,Module Assessment: Home of the Free and the Brave
019eb11c-413c-7ed9-872e-0fe5e9a947b6,8336377660,Reading,Grade K,Summative,2025-26,Module Assessment: Home of the Free and the Brave
019eb11c-413c-7ed9-872e-0fe5e9a947b6,8342377670,Reading,Grade 1,Summative,2025-26,Module 10 Assessment : Dare to Dream
019eb11c-413c-7ed9-872e-0fe5e9a947b6,8342378260,Reading,Grade 1,Summative,2025-26,Module 10 Assessment : Dare to Dream
019eb11c-413c-7ed9-872e-0fe5e9a947b6,8342380774,Reading,Grade 1,Summative,2025-26,Module 10 Assessment : Dare to Dream
019eb11c-413c-7ed9-872e-0fe5e9a947b6,8344391041,Reading,Grade 2,Summative,2025-26,Module Assessment: Time to Grow!
019eb11c-413c-7ed9-872e-0fe5e9a947b6,8344392703,Reading,Grade 3,Summative,2025-26,Module Assessment: Tell a Tale
019eb11c-413c-7ed9-872e-0fe5e9a947b6,8344393198,Reading,Grade 3,Summative,2025-26,Module Assessment: Tell a Tale
019eb11c-413c-7ed9-872e-0fe5e9a947b6,8344396343,Reading,Grade 5,Summative,2025-26,Module Assessment: The Lives of Animals
019eb11c-413c-7ed9-872e-0fe5e9a947b6,8344400868,Math,Grade 1,Summative,2025-26,Chapter 12 Test: Geometry: Two-Dimensional Shapes
019eb11c-413c-7ed9-872e-0fe5e9a947b6,8344401173,Math,Grade 1,Summative,2025-26,Chapter 12 Test: Geometry: Two-Dimensional Shapes
019eb11c-413c-7ed9-872e-0fe5e9a947b6,8344401751,Math,Grade 1,Summative,2025-26,Chapter 12 Test: Geometry: Two-Dimensional Shapes
019eb11c-413c-7ed9-872e-0fe5e9a947b6,8344402935,Math,Grade 1,Summative,2025-26,Chapter 11 Test: Geometry: Three-Dimensional Solids
019eb11c-413c-7ed9-872e-0fe5e9a947b6,8346810192,Math,Grade K,Summative,2025-26,Chapter 17 Test: Two-Dimensional Shapes
019eb11c-413c-7ed9-872e-0fe5e9a947b6,8346812303,Math,Grade K,Summative,2025-26,Chapter 17 Test: Two-Dimensional Shapes
019eb11c-413c-7ed9-872e-0fe5e9a947b6,8346814196,Math,Grade K,Summative,2025-26,Chapter 17 Test: Two-Dimensional Shapes
019eb11c-413c-7ed9-872e-0fe5e9a947b6,8353966330,Math,Grade 1,Summative,2025-26,Chapter 13 Test: Fraction Concepts
019eb11c-413c-7ed9-872e-0fe5e9a947b6,8353966578,Math,Grade 1,Summative,2025-26,Chapter 13 Test: Fraction Concepts
019eb11c-413c-7ed9-872e-0fe5e9a947b6,8353967825,Math,Grade 1,Summative,2025-26,Chapter 13 Test: Fraction Concepts
019eb11c-413c-7ed9-872e-0fe5e9a947b6,8358079682,Math,Grade 2,Summative,2025-26,Chapter 16 Test: Fraction Concepts
019eb11c-413c-7ed9-872e-0fe5e9a947b6,8362714330,Math,Grade 3,Summative,2025-26,Chapter 18 Test: Represent and Interpret Data
019eb11c-413c-7ed9-872e-0fe5e9a947b6,8362714512,Math,Grade 3,Summative,2025-26,Chapter 18 Test: Represent and Interpret Data
019eb11c-413c-7ed9-872e-0fe5e9a947b6,8362744827,Reading,Grade 3,Summative,2025-26,Genre Study: Nonfiction: Weekly Assessment: Week 2
019eb11c-413c-7ed9-872e-0fe5e9a947b6,8362774867,Math,Grade K,Summative,2025-26,Chapter 18 Test: Three-Dimensional Solids
019eb11c-413c-7ed9-872e-0fe5e9a947b6,8362775116,Math,Grade K,Summative,2025-26,Chapter 18 Test: Three-Dimensional Solids
019eb11c-413c-7ed9-872e-0fe5e9a947b6,8362775396,Math,Grade K,Summative,2025-26,Chapter 18 Test: Three-Dimensional Solids
019eb11c-413c-7ed9-872e-0fe5e9a947b6,8363041467,Reading,Grade K,Summative,2025-26,Module Assessment: Zoom In!
019eb11c-413c-7ed9-872e-0fe5e9a947b6,8363042554,Reading,Grade K,Summative,2025-26,Module Assessment: Zoom In!
019eb11c-413c-7ed9-872e-0fe5e9a947b6,8363043112,Reading,Grade K,Summative,2025-26,Module Assessment: Zoom In!
019eb11c-413c-7ed9-872e-0fe5e9a947b6,8363044900,Reading,Grade 1,Summative,2025-26,Module Assessment: Genre Study: Nonfiction
019eb11c-413c-7ed9-872e-0fe5e9a947b6,8363045313,Reading,Grade 1,Summative,2025-26,Module Assessment: Genre Study: Nonfiction
019eb11c-413c-7ed9-872e-0fe5e9a947b6,8363045706,Reading,Grade 1,Summative,2025-26,Module Assessment: Genre Study: Nonfiction
019eb11c-413c-7ed9-872e-0fe5e9a947b6,8371222348,Math,Grade K,Summative,2025-26,Chapter 19 Test: Measurement
019eb11c-413c-7ed9-872e-0fe5e9a947b6,8371223045,Math,Grade K,Summative,2025-26,Chapter 19 Test: Measurement
019eb11c-413c-7ed9-872e-0fe5e9a947b6,8371223679,Math,Grade K,Summative,2025-26,Chapter 19 Test: Measurement
019eb11c-413c-7ed9-872e-0fe5e9a947b6,8371529142,Math,Grade K,Summative,2025-26,Chapter 20 Test: Data
019eb11c-413c-7ed9-872e-0fe5e9a947b6,8371529201,Math,Grade K,Summative,2025-26,Chapter 20 Test: Data
019eb11c-413c-7ed9-872e-0fe5e9a947b6,8371529326,Math,Grade K,Summative,2025-26,Chapter 20 Test: Data
019eb11c-413c-7ed9-872e-0fe5e9a947b6,8371670470,Reading,Grade 5,Summative,2025-26,Module Assessment: Genre Study: Nonfiction
019eb11c-413c-7ed9-872e-0fe5e9a947b6,8373779622,Reading,Grade 1,Summative,2025-26,Module Assessment: Genre Study: Literary Texts
019eb11c-413c-7ed9-872e-0fe5e9a947b6,8373780560,Reading,Grade 1,Summative,2025-26,Module Assessment: Genre Study: Literary Texts
019eb11c-413c-7ed9-872e-0fe5e9a947b6,8374685060,Math,Grade 1,Summative,2025-26,Chapter 15 Test: Time
019eb11c-413c-7ed9-872e-0fe5e9a947b6,8374687049,Math,Grade 1,Summative,2025-26,Chapter 15 Test: Time
019eb11c-413c-7ed9-872e-0fe5e9a947b6,8376326492,Reading,Grade 3,Summative,2025-26,Genre Study: Nonfiction: Weekly Assessment: Week 3
019eb11c-413c-7ed9-872e-0fe5e9a947b6,8378207057,Reading,Grade 3,Summative,2025-26,Module Assessment: Genre Study: Nonfiction
019eb11c-413c-7ed9-872e-0fe5e9a947b6,8384550555,Math,Grade 1,Summative,2025-26,Chapter 15 Test: Time
019eb11c-413c-7ed9-872e-0fe5e9a947b6,8394290162,Reading,Grade 1,Summative,2025-26,Module Assessment: Genre Study: Literary Texts
