Identifier,Strand,strand_ID,ID
12922b67-8bad-44d4-bb62-d37ecb91f432,"Skills, Techniques, and Processes",71fb965f9bfb23d4f6b1fac4e3f599f3b8dd583b84d40e62573cd051b55a5f1d,9
11822b67-8bad-44d4-bb62-d37ecb91f432,"Skills, Techniques, and Processes",35f589f340e2a2a7435a7861ea556cc1bc3b075df1090c08349d460ba2ac7c2d,30
11df2b67-8bad-44d4-bb62-d37ecb91f432,"Skills, Techniques, and Processes",3837bb6677b2592be010e042dc4ac1013d39e900ca08904bbd532293c837d23d,70
10a12b67-8bad-44d4-bb62-d37ecb91f432,"Skills, Techniques, and Processes",bf8e8ddd45151fa2ebee9bf7c3501e480f50df3692ba3c34010394dee92a3431,77
108f2b67-8bad-44d4-bb62-d37ecb91f432,"Skills, Techniques, and Processes",7cdf12682d48fefb0c7afc9fe82f785643bf33713fea7ab1880dee82b7f66ef7,121
11dd2b67-8bad-44d4-bb62-d37ecb91f432,"Skills, Techniques, and Processes",60b924a1ad8ddd2de4a8d604765ebc098357f2de86b885b1478eb9fb88aa20ce,122
10a02b67-8bad-44d4-bb62-d37ecb91f432,"Skills, Techniques, and Processes",8130ab20dd585e0c7a2fafd2fbb90b51e8cea533265cd3c189150e4692b67baf,186
10fa2b67-8bad-44d4-bb62-d37ecb91f432,"Skills, Techniques, and Processes",1886c732b03a2db465099cb6132810b21d510d7d88e5eaaa394a6646583c9fc7,195
fa81b207-8bad-43d4-bb62-d37ecb91f432,"Skills, Techniques, and Processes",5baf4247545b9c1145c8ef100a3156b26de02f15a6a1b8880a887da4c123a634,202
116d2b67-8bad-44d4-bb62-d37ecb91f432,"Skills, Techniques, and Processes",ffea68497c37763078835d4b04f36f62c91818784e2f2d4acee761509823bd76,203
ffa1b207-8bad-43d4-bb62-d37ecb91f432,"Skills, Techniques, and Processes",f79f967eb0f174186d465eebbf21b5bda6810a0205f54ba2e3d50f72fdf6e6b6,233
12032b67-8bad-44d4-bb62-d37ecb91f432,"Skills, Techniques, and Processes",b2d74e353e1ea2c6a1c37cab1de507ddb7490a65c92e7db9284fb32cb7d0f2fd,261
112c2b67-8bad-44d4-bb62-d37ecb91f432,"Skills, Techniques, and Processes",debfe4f3a860b8426a072528283f16525009584bd0feee98f47676874131f222,314
fe21b207-8bad-43d4-bb62-d37ecb91f432,"Skills, Techniques, and Processes",089db765a9cf95f9ed9305776d129169cb4fb1e44830800af8fc913e1c2d6572,336
11792b67-8bad-44d4-bb62-d37ecb91f432,"Skills, Techniques, and Processes",d1774654a18924aea3647916646395f93cba06e15ee59616a91a6d428c3358f2,338
12dd2b67-8bad-44d4-bb62-d37ecb91f432,"Skills, Techniques, and Processes",cfbb0abe0695b446c1a868feb953c0b0be14cfecf4334ef4af872e4029072172,362
f921b207-8bad-43d4-bb62-d37ecb91f432,"Skills, Techniques, and Processes",40559fee360081960338b5cb3777e3f342fb772e0c98273099762a84c944c6e1,413
fc41b207-8bad-43d4-bb62-d37ecb91f432,"Skills, Techniques, and Processes",6e84bcca499004d0b3739bccd331ee87ee1037a47be16abf4d519c9c7150e586,414
107b2b67-8bad-44d4-bb62-d37ecb91f432,"Skills, Techniques, and Processes",02457214b379303189f4797ce3bd9e16a87c76a613a23e37a83e975845ca082c,445
f8f1b207-8bad-43d4-bb62-d37ecb91f432,"Skills, Techniques, and Processes",2c43453c7a9ab451eb3e21ab3cec10acce4484ce6c0cadc664118cab10140a32,465
12652b67-8bad-44d4-bb62-d37ecb91f432,"Skills, Techniques, and Processes",781ffae3c3e84dee993e5b6ca2bd08583178dbf58ce564b3b3e3fed2a27dc4fc,467
210e2b67-8bad-44d4-bb62-d37ecb91f432,"Skills, Techniques, and Processes",d7fb2035594273bda0a7d4f52d940b852397a2a052da3e70866d912ae75c4af3,491
12952b67-8bad-44d4-bb62-d37ecb91f432,"Skills, Techniques, and Processes",aa7999908a57eea0bf522933ea5624c60046885bdbf25b467b94519e71f26fc2,496
10282b67-8bad-44d4-bb62-d37ecb91f432,"Skills, Techniques, and Processes",023f7d5b91b8bbbc36be40d5a5d08aba360b7e3c708ff5c148463cc1b977f6f3,531
11252b67-8bad-44d4-bb62-d37ecb91f432,"Skills, Techniques, and Processes",797cfaabd3caf433153f1c1fbd83c72712052c816098778ebbad684539ac8cbe,532
10d62b67-8bad-44d4-bb62-d37ecb91f432,"Skills, Techniques, and Processes",ed64613db10504202177359a515d560c7c8e600370d47bdd1f2365bd3e7ffe08,570
12442b67-8bad-44d4-bb62-d37ecb91f432,"Skills, Techniques, and Processes",7fe08de4ccba07dd54d2b926624e71511267e925d149bc0ddd34612f4dd3df00,571
12672b67-8bad-44d4-bb62-d37ecb91f432,"Skills, Techniques, and Processes",0f1fe3d4330315f6a257ed71ef0b447e9d5c7be6e88edd34ee311bd10151d015,582
11732b67-8bad-44d4-bb62-d37ecb91f432,"Skills, Techniques, and Processes",9c2fec304ba3fc53c932b915ee66c70aa68664ae6fdcd049bc27012d4257a747,651
12f12b67-8bad-44d4-bb62-d37ecb91f432,"Skills, Techniques, and Processes",4cbf0c970b4af9d3e67493ec01920e02f864598979d0402013da14e30f017443,662
10fe2b67-8bad-44d4-bb62-d37ecb91f432,"Skills, Techniques, and Processes",bb3df0b48a12d0e08c7b61fce0f95e7537028d79cdc22f48a606a9f04cd9bc22,669
10892b67-8bad-44d4-bb62-d37ecb91f432,"Skills, Techniques, and Processes",4ee206e53e5c35b0e4607cad03d7e9a4659de14763cc9078797ff2d6800383ee,674
21a52b67-8bad-44d4-bb62-d37ecb91f432,"Skills, Techniques, and Processes",a6bb97fbf8fc89fc493e3c4fc1365fb9e2a4a38c96175831a5cc065629138355,693
123f2b67-8bad-44d4-bb62-d37ecb91f432,"Skills, Techniques, and Processes",76198ee2b86154d571ce213e6fbff5ddeb79f0aed8b6395c6f1ebddb30c9aedd,702
fc61b207-8bad-43d4-bb62-d37ecb91f432,"Skills, Techniques, and Processes",ccc6d65297459aaeb235dcd5ad09cd2d3758a3eec1b440d30940993cfc11fc0b,711
11832b67-8bad-44d4-bb62-d37ecb91f432,"Skills, Techniques, and Processes",228d4b47fcab4d3077f88baa5ffa6cc8e8f9e61a19a16be3c2333a7977216e90,712
11fe2b67-8bad-44d4-bb62-d37ecb91f432,"Skills, Techniques, and Processes",62bd560e11c7a9c2933ffaf431293c2f67045c65b3632881d2b5b7d648bf2d25,713
11ff2b67-8bad-44d4-bb62-d37ecb91f432,"Skills, Techniques, and Processes",a46e964b12a6e8b2ab703e97a45b2d285eb002fd4f1131e5a82a14ba9a8de0f5,731
123e2b67-8bad-44d4-bb62-d37ecb91f432,"Skills, Techniques, and Processes",9066d6e7a8b62cb7393892c969bd36b4ba674e211d3fb24169bcb1424051c9bd,732
12992b67-8bad-44d4-bb62-d37ecb91f432,"Skills, Techniques, and Processes",17edc3397ebd2a5747953776db306f162dc65d850c49829ca64545311500105b,837
12972b67-8bad-44d4-bb62-d37ecb91f432,"Skills, Techniques, and Processes",801d2eb9151ae6cc6488c77acd73533968d400b2c7a0d385de4f7f7741ccef68,893
10202b67-8bad-44d4-bb62-d37ecb91f432,"Skills, Techniques, and Processes",fca2e8ca219989bfc01300df4b6c87ed2e64b0f77030295ff8ae0902e0ade2d8,915
12222b67-8bad-44d4-bb62-d37ecb91f432,"Skills, Techniques, and Processes",4d1da9839f138c6995d88d483a5cf1ee1eb5023d9d27036272f2a42bcb57056c,1070
126a2b67-8bad-44d4-bb62-d37ecb91f432,"Skills, Techniques, and Processes",62acacf37bcf9bb913162b248fc6825f32583a058fc3940d72d84703f0899daa,1161
fdd1b207-8bad-43d4-bb62-d37ecb91f432,"Skills, Techniques, and Processes",3d2a71e04cfc63f0555026405a941da6b87a019ceeeafe15984c7c1daeafb7dd,1173
ff91b207-8bad-43d4-bb62-d37ecb91f432,"Skills, Techniques, and Processes",f5e2688c5dd44d10fb4a108142aa4f828e10d1b2600590759551e888c63a4e59,1196
11e22b67-8bad-44d4-bb62-d37ecb91f432,"Skills, Techniques, and Processes",ed26bb453b5f059ad2b7dc967a7642045b9279379bf457e1df53b87d0273c6e5,1217
11de2b67-8bad-44d4-bb62-d37ecb91f432,"Skills, Techniques, and Processes",8923fcdd1bd44ab0b90dda6122e46fc1a77fca9583b084d426055e1c345b4a99,1229
ffc1b207-8bad-43d4-bb62-d37ecb91f432,"Skills, Techniques, and Processes",6dba3371dd99f2ce27f92ea5ca2389fbbeb623e2ada18fc9f34b4651e362182f,1263
10552b67-8bad-44d4-bb62-d37ecb91f432,"Skills, Techniques, and Processes",d1c685d962b80980212075f3e85e54aeef03c931f5ba7d7f5714b82fd4c99313,1274
104c2b67-8bad-44d4-bb62-d37ecb91f432,"Skills, Techniques, and Processes",1dab2e1d700e6985b65a2cd8c7028f0263200f972694256e9b88f861a764ce2c,1316
11802b67-8bad-44d4-bb62-d37ecb91f432,"Skills, Techniques, and Processes",2782e79c878137d51b4634120f0d1a5ddd7ee7853ce13133199856811866c1a0,1322
109f2b67-8bad-44d4-bb62-d37ecb91f432,"Skills, Techniques, and Processes",191662b54d0274dbeb1ccb4b4e9fe2e05bf3c40d87df690f52662f6ac8960496,1455
fdf1b207-8bad-43d4-bb62-d37ecb91f432,"Skills, Techniques, and Processes",93e93c95d94e83d27dd6631fdb8fadf6259e685e537ae2df99cbf4658c09462c,1502
fc11b207-8bad-43d4-bb62-d37ecb91f432,"Skills, Techniques, and Processes",0bf50bdb39fa821a38ab10feb8b01a19fa31ac7658550764cccf590691182c6d,1534
12232b67-8bad-44d4-bb62-d37ecb91f432,"Skills, Techniques, and Processes",e4ec47f23cf12a7c23c932dc172d3debb8071f7fd44df96baf9e28ba44cac827,1550
12eb2b67-8bad-44d4-bb62-d37ecb91f432,"Skills, Techniques, and Processes",410c9fb558320fbcc49551312a19f951418bf5f83acc85b73bd23b106013c143,1562
11772b67-8bad-44d4-bb62-d37ecb91f432,"Skills, Techniques, and Processes",3861c606ab79a54fbcc95ef03571c78a9209a7533fd2a80496735a7a94ee623c,1572
10d82b67-8bad-44d4-bb62-d37ecb91f432,"Skills, Techniques, and Processes",bd1d00a6a3bd60a160e3c9957eea6c1f7eb37d6b1303df94df78ba4482a5e3c8,1595
11762b67-8bad-44d4-bb62-d37ecb91f432,"Skills, Techniques, and Processes",b71780cfd9e2a46d494fe27622ea3238fc8de3720e8fce94736581c679260128,1596
11292b67-8bad-44d4-bb62-d37ecb91f432,"Skills, Techniques, and Processes",cf4deb575481ecb32e532f30288459265d037c305e0c06c851c1eaba5954f929,1611
10542b67-8bad-44d4-bb62-d37ecb91f432,"Skills, Techniques, and Processes",e94652cc72c3cef72013c6980868f69411bcf5bb64af082c9ff87317ff946dbf,1622
10572b67-8bad-44d4-bb62-d37ecb91f432,"Skills, Techniques, and Processes",ec744ad59902c844dc6597e8a455808b8a38a07b5fc883b035005cefad62a1d4,1675
126c2b67-8bad-44d4-bb62-d37ecb91f432,"Skills, Techniques, and Processes",ab022dc9845344091b967adb1f737c30aacd3ef3898d6c56ba12883c5616fe50,1690
f7c1b207-8bad-43d4-bb62-d37ecb91f432,"Skills, Techniques, and Processes",bb8ddb64339c4b4801eda601b60fa3f74645a189075e55e50dca9abe1b0dfaa4,1704
10b92b67-8bad-44d4-bb62-d37ecb91f432,"Skills, Techniques, and Processes",045bda3dedfb8cd380529b98fd4ed8c11bb980480762d3f3e8948ba49d7d6b32,1705
10562b67-8bad-44d4-bb62-d37ecb91f432,"Skills, Techniques, and Processes",0d1a9d6db1eb12f5458c1fd7eaa680ee0c76b09d8146ae7a6b2fc8ee1bbabf67,1761
10022b67-8bad-44d4-bb62-d37ecb91f432,"Skills, Techniques, and Processes",c6e9898b5dff257159a5edd12e7c68075b73da92165872a2ab0b850270efc77b,1828
121f2b67-8bad-44d4-bb62-d37ecb91f432,"Skills, Techniques, and Processes",f641acf0e891cbc55d04405b8e65dc8e7790089d10a2f0c98ed47c6c903355db,1849
fa71b207-8bad-43d4-bb62-d37ecb91f432,"Skills, Techniques, and Processes",268dd3c0d4b3e96ceb639354410fbe54fa29cb500ce58797af6b6a84fdf7c329,2010
f961b207-8bad-43d4-bb62-d37ecb91f432,"Skills, Techniques, and Processes",8b3eb7bf98a6910d24417e38478aa56fa72463793427c626309a0c3c76469f8a,2017
12e92b67-8bad-44d4-bb62-d37ecb91f432,"Skills, Techniques, and Processes",4c1e90db5ee97ef4a222f8f9e74c4646b9d52e4430345434631c7d1bd310e02f,2021
10b72b67-8bad-44d4-bb62-d37ecb91f432,"Skills, Techniques, and Processes",5a71a320385bb51da0d84f5699baa5a25cd9706d7ee3583680f81353ceab52e8,2035
10a42b67-8bad-44d4-bb62-d37ecb91f432,"Skills, Techniques, and Processes",4afbc0785f54daece86aa9eab01a186eaba57fb715163928d9997fee586729e1,2113
12d72b67-8bad-44d4-bb62-d37ecb91f432,"Skills, Techniques, and Processes",d46e4ac3357618d647fdb0e8ceb235a8dcb25ba08532d31e2d9b9615e6e926a9,2138
12e12b67-8bad-44d4-bb62-d37ecb91f432,"Skills, Techniques, and Processes",972f99e44cceccbd1e081eabcf079891999b5bfc01a8764039130421292afd37,2161
12ee2b67-8bad-44d4-bb62-d37ecb91f432,"Skills, Techniques, and Processes",b4a52c589cf0b9d8c601bf3131873defa3f7aa87a45827b3b8a00b24bda5ab11,2173
126d2b67-8bad-44d4-bb62-d37ecb91f432,"Skills, Techniques, and Processes",964e8b1900291052f1ad14ff0d2c6ba96e42875a78c3ba44b6b9be8c15d8e4af,2178
101b2b67-8bad-44d4-bb62-d37ecb91f432,"Skills, Techniques, and Processes",d4e6d94a657e25b0b7901ec44d72c7d2c83d99dbd2aad8c1dbe5c55b56855d4c,2188
f7d1b207-8bad-43d4-bb62-d37ecb91f432,"Skills, Techniques, and Processes",b3fdaf7f526d2cde066d87d6b2b72ed962e47cfc0a7f9c1987709d95fe61f011,2237
12e02b67-8bad-44d4-bb62-d37ecb91f432,"Skills, Techniques, and Processes",93f0946da010cc41bdf1b7b6fbca0184d93503434a0a22015268b7f17c1fea95,2250
19fe2b67-8bad-44d4-bb62-d37ecb91f432,"Skills, Techniques, and Processes",cc92477cee28961670a6b0571a6b17cd2b3083f15d1f1a970ce6dd1326c93cc0,2265
12f02b67-8bad-44d4-bb62-d37ecb91f432,"Skills, Techniques, and Processes",0d536768fe741cb0ca71264f860a6504d7b76a88e40181dc7f21ce51510f5ade,2279
10ba2b67-8bad-44d4-bb62-d37ecb91f432,"Skills, Techniques, and Processes",918cf144da0c3517081556d98a23f88923b4688a647a5a8220f45bd9ce747d13,2293
10032b67-8bad-44d4-bb62-d37ecb91f432,"Skills, Techniques, and Processes",193e21190c0d0b419aeeca8d909736486ca24d1ee5dc2865b6bdb1e1cb173c25,2312
12432b67-8bad-44d4-bb62-d37ecb91f432,"Skills, Techniques, and Processes",c6b5db55a3efff7f66eeef4044fd1688ddff013c0802f5bf2b75f0e9182cc30f,2313
fa91b207-8bad-43d4-bb62-d37ecb91f432,"Skills, Techniques, and Processes",6e14a68ce7856100eeafe808ff7ab91b400148700da311096b6e94df73c0b082,2377
12422b67-8bad-44d4-bb62-d37ecb91f432,"Skills, Techniques, and Processes",131af9fdd6adc90fe42837c8c70f0d9b63931e58f048414ed51e6f8344b61f8a,2378
12682b67-8bad-44d4-bb62-d37ecb91f432,"Skills, Techniques, and Processes",540bfb72594160f36ea3a8928aeb7d94195c9b86584a2563036ed7f73d539c47,2379
129c2b67-8bad-44d4-bb62-d37ecb91f432,"Skills, Techniques, and Processes",19ae14e560f13c0c823a5f4bfda2f4146187902294f9bbe8bad9184a6c254f0d,2380
10d72b67-8bad-44d4-bb62-d37ecb91f432,"Skills, Techniques, and Processes",adf20fddfac16ee0d60fa0e73b2a9241f757a1bc5eb4d193891eafe70b147499,2401
12df2b67-8bad-44d4-bb62-d37ecb91f432,"Skills, Techniques, and Processes",fa0123f4382e3f13a74d0697e30a0ed33fca9abb12e71d7935c77ec0a548a0f8,2418
11c12b67-8bad-44d4-bb62-d37ecb91f432,"Skills, Techniques, and Processes",73d70fbf22e686f8d10355f16a81e48b8bf6bb0fad80102a6278c8b9962fac92,2471
10762b67-8bad-44d4-bb62-d37ecb91f432,"Skills, Techniques, and Processes",c5f6df8c7ea448834618bd8f9f0467ab9f5797b5c1d9516df5940f0e473ac0ac,2522
f911b207-8bad-43d4-bb62-d37ecb91f432,"Skills, Techniques, and Processes",16c7d0a8538e4b48f54975af1ac8a4d42fdf3ff02acd202aec90b1d90db817d0,2615
10292b67-8bad-44d4-bb62-d37ecb91f432,"Skills, Techniques, and Processes",09572b26dfcc81b89cc3ea0e1d03330ffe1c20ce7be53067f43c0f9eac29bf88,2654
f7b1b207-8bad-43d4-bb62-d37ecb91f432,"Skills, Techniques, and Processes",b3455f8a47c5df90664da111578a825d6e0d8631739a5d2df8de1ea6915ab8e8,2761
10272b67-8bad-44d4-bb62-d37ecb91f432,"Skills, Techniques, and Processes",9525c12d00439e69d7f5056e128f2e97dbca736ec977115ec190d52f772611ca,2787
fab1b207-8bad-43d4-bb62-d37ecb91f432,"Skills, Techniques, and Processes",acce37255c1acdd16c7be31c4a420c28a6baac7d055ebc636478da26c68959c5,2830
108e2b67-8bad-44d4-bb62-d37ecb91f432,"Skills, Techniques, and Processes",bda6a42b9fce64435fd07f8d83708005fa910c9364fe1917f03c41fce1c8520c,2839
10502b67-8bad-44d4-bb62-d37ecb91f432,"Skills, Techniques, and Processes",4804779d9a542588cfad3939edf3dd606b7d609147f9666e01e9c60ceb8a93a6,2853
f941b207-8bad-43d4-bb62-d37ecb91f432,"Skills, Techniques, and Processes",f4008b1cc483b61a016a4d7e3d295d5b80aad09e82c5f9d24bf98cfbf8fddeeb,2874
12ed2b67-8bad-44d4-bb62-d37ecb91f432,"Skills, Techniques, and Processes",489819c40671d777e5056fe82de0024dc1cb5adbe442f802370d5f40fd7a601a,2876
12942b67-8bad-44d4-bb62-d37ecb91f432,"Skills, Techniques, and Processes",ac613e6e141e487471ea50de15afec4804824a3705b4dca5adff971291d559a5,2897
10fb2b67-8bad-44d4-bb62-d37ecb91f432,"Skills, Techniques, and Processes",e9d336f47ae91a5d1347480a90bc215918e7504321b4484a04287231c2688d77,2934
f951b207-8bad-43d4-bb62-d37ecb91f432,"Skills, Techniques, and Processes",07a34e769a5d175fd3ca88148183ca95c68a45d138239cdc5133aaa2416a9dca,2958
11fb2b67-8bad-44d4-bb62-d37ecb91f432,"Skills, Techniques, and Processes",74ffc485295f8726debbad9d296d526be3cb5a5ee303b866ef1d9ac804fb9cb8,2986
12022b67-8bad-44d4-bb62-d37ecb91f432,"Skills, Techniques, and Processes",6a07f3d66e52a37965f056936915187ccc0f6582e072ed3961a32c7e726d683e,3004
112b2b67-8bad-44d4-bb62-d37ecb91f432,"Skills, Techniques, and Processes",6cfa008c7780c863852128b1c24213273ce2e0ddea27814063100717875e3246,3011
10a22b67-8bad-44d4-bb62-d37ecb91f432,"Skills, Techniques, and Processes",8de2c6c17b8d3eec24cdbdb0a4a61dfec852cf241e67fda3aec1b73ddc74e94b,3046
117e2b67-8bad-44d4-bb62-d37ecb91f432,"Skills, Techniques, and Processes",49f9d90e7a60eef100879b2328b631bf4ea8c8fe86299d957f8ef913e12d806a,3115
11e02b67-8bad-44d4-bb62-d37ecb91f432,"Skills, Techniques, and Processes",a3b2e5158cc215f4f48920ded15f24344630913f0863dedb09de2bbddd5c0910,3154
10222b67-8bad-44d4-bb62-d37ecb91f432,"Skills, Techniques, and Processes",0078686bfd5029800b19af56acbe67c9db386bf0312423640b5f91e476865f20,3176
10782b67-8bad-44d4-bb62-d37ecb91f432,"Skills, Techniques, and Processes",181e48f48f91470b041be55ff9540038d1bef2e045edcf05268e6523dd34dc22,3183
fe01b207-8bad-43d4-bb62-d37ecb91f432,"Skills, Techniques, and Processes",2124a720e62bae240f4be77108118e3167228a4e213bb38d74784f8f1b97ba20,3190
12e62b67-8bad-44d4-bb62-d37ecb91f432,"Skills, Techniques, and Processes",d6ac6a2c2b985666366b7acc654f88122dc358fc103076992ce62a0ff741a4d5,3210
112e2b67-8bad-44d4-bb62-d37ecb91f432,"Skills, Techniques, and Processes",b43a7826661912654d0ba2c300cc7a7865a47c72e45a5b30eaf9b47b0a1ff682,3248
129a2b67-8bad-44d4-bb62-d37ecb91f432,"Skills, Techniques, and Processes",36c4ae178364529fbac8be841105f4d1be39562ccb24dffa4c14596997255c2b,3249
11232b67-8bad-44d4-bb62-d37ecb91f432,"Skills, Techniques, and Processes",1e65487b1464f05f51855840d32838a70d00182b1b8705ce29a4e28c4fb3b443,3260
102b2b67-8bad-44d4-bb62-d37ecb91f432,"Skills, Techniques, and Processes",d7f46cc9dbb35554a157b064e8470e59f8b7c2f437fe2ac99ef76774215a5ba1,3272
fff1b207-8bad-43d4-bb62-d37ecb91f432,"Skills, Techniques, and Processes",8a06c621ad1a0ae9bc66c4da38d508a2ae4f26de9ffc97e7e4916f1e731c0cdf,3281
10da2b67-8bad-44d4-bb62-d37ecb91f432,"Skills, Techniques, and Processes",9063aa0aa06f4ee5eccdc24e38851bbad47b7a02fc6e0203b36260830a60926b,3298
12de2b67-8bad-44d4-bb62-d37ecb91f432,"Skills, Techniques, and Processes",3275cec3788087cbafb57efb86918a65c16dbbb8648050a43451f1987445fd9a,3319
12e52b67-8bad-44d4-bb62-d37ecb91f432,"Skills, Techniques, and Processes",1e8d8a033ed79c830d32e71cf9eb94d7a4f3d479f08a7ab5d5b65d32a3fd9f1e,3339
fdc1b207-8bad-43d4-bb62-d37ecb91f432,"Skills, Techniques, and Processes",47316d081644cae2398a08dd5c0d80de54ca9fee497606108bcd313606bd6f7a,3346
10b62b67-8bad-44d4-bb62-d37ecb91f432,"Skills, Techniques, and Processes",e7f75ba13a8ca33fc4ea111d7a3426f8ff5bdb4a7a77a49de0ed625e986c2dee,3347
10bc2b67-8bad-44d4-bb62-d37ecb91f432,"Skills, Techniques, and Processes",0c31741b4bcaf0e37127eec94d6de32f0b34fb54a9f4e1ad0afffd0b77dc85d1,3410
10012b67-8bad-44d4-bb62-d37ecb91f432,"Skills, Techniques, and Processes",6b277d9a5cd718ca764c77dfa33a40d9c87b90d82c9b15f17767f0bd8eef467c,3437
12982b67-8bad-44d4-bb62-d37ecb91f432,"Skills, Techniques, and Processes",aa08f136aceb2aec43a4e884fca2519e688c409fab3e56c978046652077bcb99,3440
fad1b207-8bad-43d4-bb62-d37ecb91f432,"Skills, Techniques, and Processes",ee90f8136746991e8698bd71cd3905a740f58f5ecdb337071f110b204a923a60,3471
11e12b67-8bad-44d4-bb62-d37ecb91f432,"Skills, Techniques, and Processes",dce78e774521e1e7c0254ca589e914e24e8056942abb003e5c700de45c87acd2,3472
12e82b67-8bad-44d4-bb62-d37ecb91f432,"Skills, Techniques, and Processes",0f558a1d6941c16e96fbf9d43f6707756530f4a88332998ec3b2331f6924773d,3499
12212b67-8bad-44d4-bb62-d37ecb91f432,"Skills, Techniques, and Processes",3f0dfa0d86f6f1f3bc648fa2042025a7adfdddee77ac62e8163c23d4b410977d,3531
f7f1b207-8bad-43d4-bb62-d37ecb91f432,"Skills, Techniques, and Processes",8cf6063e6a7c6a427125ed6c739a167f234a024d2ab0956d27759deb355c3061,3586
11c42b67-8bad-44d4-bb62-d37ecb91f432,"Skills, Techniques, and Processes",ce545ca398889c0edfa54bcf4ba614f12326ecda5d3d03fed74fdfa71cf42054,3620
104e2b67-8bad-44d4-bb62-d37ecb91f432,"Skills, Techniques, and Processes",8ac345a3ce5c0db7c5c18ac8914d524669ed9f9ffa85febd7cb0c967f208ce1b,3626
12692b67-8bad-44d4-bb62-d37ecb91f432,"Skills, Techniques, and Processes",31c1974832fc2bb2340edecd592e28d40fd91ae53ef008772530f7b7d16f3caf,3659
10dc2b67-8bad-44d4-bb62-d37ecb91f432,"Skills, Techniques, and Processes",664724a9495e6f165fb5fcc995ecf557b1c72f702ac47fe86f45b1c1cb04f922,3691
12db2b67-8bad-44d4-bb62-d37ecb91f432,"Skills, Techniques, and Processes",63924b51bc6912e45bfd70e43dcb43028094e9f220a540ab6ded71777afa30da,3698
129d2b67-8bad-44d4-bb62-d37ecb91f432,"Skills, Techniques, and Processes",45582901d4f5b325eb1cc7896757c8be1d0943b0ddbd0c1ac1bcb95dc658eab5,3717
12da2b67-8bad-44d4-bb62-d37ecb91f432,"Skills, Techniques, and Processes",5992a858cf1f37d195391cdbcc05fe5033096d6f52728a492db5fbc660db9874,3718
12012b67-8bad-44d4-bb62-d37ecb91f432,"Skills, Techniques, and Processes",d859ddb2173505e34f0a2b0977b351c8c4ea68be7974d740697b789cb38e6bb2,3764
fdb1b207-8bad-43d4-bb62-d37ecb91f432,"Skills, Techniques, and Processes",ba648b50de6a4739142e9942d6df448426aa5348d95340c655153eb2917bcf6c,3838
11702b67-8bad-44d4-bb62-d37ecb91f432,"Skills, Techniques, and Processes",87c42079be1d3dceff94758c9b7228c064e6e9f3272b5035fb0abb82fd509778,3863
10252b67-8bad-44d4-bb62-d37ecb91f432,"Skills, Techniques, and Processes",40b0d0a7056e062c5197a14b014ae7c7192ab3bbeb0f1f6ab21fa4f7f11d5687,3902
12642b67-8bad-44d4-bb62-d37ecb91f432,"Skills, Techniques, and Processes",12913666b9d1b3ac0e34ed64e3bacd1bc70ade4cf8fc78e0ff87e80c2f9aea40,3903
12452b67-8bad-44d4-bb62-d37ecb91f432,"Skills, Techniques, and Processes",505d76c2054f895892e9f8988f655517fc8886ee8c22c1663a56d4aa69bb2e2e,3908
10232b67-8bad-44d4-bb62-d37ecb91f432,"Skills, Techniques, and Processes",dc06f792251170d8a92be0837b2c88a4878fd2c4b778d7eea655d8de8b44d784,3923
11782b67-8bad-44d4-bb62-d37ecb91f432,"Skills, Techniques, and Processes",f42d386ca509339d9f25475592122913882d15c2999c758d87a503f1e994570b,3937
116e2b67-8bad-44d4-bb62-d37ecb91f432,"Skills, Techniques, and Processes",f22c2f6124dd8784feef6f8fd17f6c0fd61700e725ae582db8928e559424ac6e,3963
121d2b67-8bad-44d4-bb62-d37ecb91f432,"Skills, Techniques, and Processes",f0db11fceccf1fc9d31fec100fd21c4e8094266db69a01aba340bf2c114f21fe,4025
121b2b67-8bad-44d4-bb62-d37ecb91f432,"Skills, Techniques, and Processes",199053751197f7ac1c803c1bdd4a9acfed765503a4b0f594a4ce8396c9b76248,4079
f931b207-8bad-43d4-bb62-d37ecb91f432,"Skills, Techniques, and Processes",d8f07b8a6a2092e2f6377d05bfdca01b87677f29dead8228bc252dd576d6a903,4112
f7e1b207-8bad-43d4-bb62-d37ecb91f432,"Skills, Techniques, and Processes",d73cfe8cc86433e444d83ad1197d98141740c6c65d41a647c1b0548f13a53a5e,4122
ffd1b207-8bad-43d4-bb62-d37ecb91f432,"Skills, Techniques, and Processes",446f39bc7565d56647af2e6e5126c200c27582f7f501ffbcfcdfa5087db48fb2,4197
12412b67-8bad-44d4-bb62-d37ecb91f432,"Skills, Techniques, and Processes",46c0101e82d8959c6ff42d9d413e6267062bed6302217c3290e2aa9eb2ae683f,4200
ffb1b207-8bad-43d4-bb62-d37ecb91f432,"Skills, Techniques, and Processes",f093e74a036b9481e5f78011bfc4c4c4d47d73ee77f3d7eb4ccb4b8092db39bc,4222
fc51b207-8bad-43d4-bb62-d37ecb91f432,"Skills, Techniques, and Processes",8ba67c146856c7f547a9b6c0f1cabf6cdfe1e1e9f54e7c47e460814d82e4f984,4275
10212b67-8bad-44d4-bb62-d37ecb91f432,"Skills, Techniques, and Processes",1eb9f15ac16b38d7b9ec7d1fe588b114c4ca02b97ca86477173b82b8b3207f69,4284
108b2b67-8bad-44d4-bb62-d37ecb91f432,"Skills, Techniques, and Processes",030876ad600e9692de5e49776f65646ccc7e3d822e6e61d59a73696e436fe539,4285
116c2b67-8bad-44d4-bb62-d37ecb91f432,"Skills, Techniques, and Processes",0d891af3bd44ddbad584f89f6a3aa68a3a7d8a432a38d4382b91e978aa6f513d,4323
12e72b67-8bad-44d4-bb62-d37ecb91f432,"Skills, Techniques, and Processes",e5bcdf4cc13ee9645d71c437ea4d39a94e7c106f76973d441dffd1c940c0b7d0,4344
fae1b207-8bad-43d4-bb62-d37ecb91f432,"Skills, Techniques, and Processes",7a754aab6192836758f76ca7038833c4e520477d061f6a6c6b385c38311fcfb3,4389
12d92b67-8bad-44d4-bb62-d37ecb91f432,"Skills, Techniques, and Processes",625f827643cedddc44f6a0de5c45fa74647785a535ed6e5860e299adb5259b3f,4422
11242b67-8bad-44d4-bb62-d37ecb91f432,"Skills, Techniques, and Processes",59c219078c6c603bc93f8c8045e4126a3ba38c19f6e9d7d620d228ded8b082f2,4455
10002b67-8bad-44d4-bb62-d37ecb91f432,"Skills, Techniques, and Processes",0b5fe7105bbb68801d4f9db9ad2516ec6655f8b97d6eed0547d3e069b096bde4,4469
12202b67-8bad-44d4-bb62-d37ecb91f432,"Skills, Techniques, and Processes",390e1b28bcc0e2016838f9f45cd0a5e8cb8f05e2830992beeff642f4554ee576,4485
11e32b67-8bad-44d4-bb62-d37ecb91f432,"Skills, Techniques, and Processes",cd9a83b314821683da2fc496b8dbafd66a5befba826f7c222526090eaa1e1be1,4506
107c2b67-8bad-44d4-bb62-d37ecb91f432,"Skills, Techniques, and Processes",e20ed2db5af7e53c5c18c0427fadc27edd973c841bce18311f7887b753edbb64,4543
11fc2b67-8bad-44d4-bb62-d37ecb91f432,"Skills, Techniques, and Processes",cb72248925868207d4947eb833d43e9a51d1aaaa719785674ceea8c2b1af6dd1,4544
10262b67-8bad-44d4-bb62-d37ecb91f432,"Skills, Techniques, and Processes",65fcf49f2f4ca6bd77db4bf391572d301ca111b931a8e0ed808cabdfcb17b2a6,4555
10f92b67-8bad-44d4-bb62-d37ecb91f432,"Skills, Techniques, and Processes",eb55f521299f133d20e4cc006a3a0a9bde26f75624d35dec8b318ec103bad28c,4583
10772b67-8bad-44d4-bb62-d37ecb91f432,"Skills, Techniques, and Processes",12aa841fedd6fc9b9f4c71b5c110c987df4027cfbf736e7a7dbf8b882b2c00e3,4736
10512b67-8bad-44d4-bb62-d37ecb91f432,"Skills, Techniques, and Processes",148e4ce227227eabdf9b7a8eb9a1c120aa8e8e35c43faa0e2ca5038b8920f6ef,4759
10b52b67-8bad-44d4-bb62-d37ecb91f432,"Skills, Techniques, and Processes",fce2aeb42dbd74da2387bf1a6acd5a09f42d6c881c62913dafa268b985751f6c,4760
11272b67-8bad-44d4-bb62-d37ecb91f432,"Skills, Techniques, and Processes",cd1ef9d0d5173025cdd8cdbc99eebfe877711a4e1078504036c94b01ac956ee4,4767
11fa2b67-8bad-44d4-bb62-d37ecb91f432,"Skills, Techniques, and Processes",b414f3626c2daa88b225e776a0c19f2820eebc2b4b9d6aa3d86db641b4d6f860,4784
10f82b67-8bad-44d4-bb62-d37ecb91f432,"Skills, Techniques, and Processes",161a25e3101e5d2946fa89c1ed88d954d368f3839803e6d6a9a06e59aeb059ce,4810
129b2b67-8bad-44d4-bb62-d37ecb91f432,"Skills, Techniques, and Processes",dfb8242936a3a4f0d20102a491f5381e689f9a4a8a24a409aecbe6224239307f,4811
116f2b67-8bad-44d4-bb62-d37ecb91f432,"Skills, Techniques, and Processes",c23f7c02cd6d6565a7ab7c1cf4cbfd0518fc3cca1f2918f701eec3aafc5b29c8,4859
10d52b67-8bad-44d4-bb62-d37ecb91f432,"Skills, Techniques, and Processes",45a498835c5ffad6aa2962bd8b3da14107273644428d3734a699a6d26fa1b4bb,4906
12ea2b67-8bad-44d4-bb62-d37ecb91f432,"Skills, Techniques, and Processes",649605f046bd38052e0a1829adb4b1db0d47a7cb3ea6d403def1890e2de81fd6,4946
117c2b67-8bad-44d4-bb62-d37ecb91f432,"Skills, Techniques, and Processes",24168c5693a43a4f1a6fab001ca48a0223b27cdefbc296a00ab2441ffe2a62ca,4985
117a2b67-8bad-44d4-bb62-d37ecb91f432,"Skills, Techniques, and Processes",e645bd027388e784ec6a4101f7c8b8f007b8783d52a140a474eeb33e127aad83,4996
12402b67-8bad-44d4-bb62-d37ecb91f432,"Skills, Techniques, and Processes",089edd80102f8f0ad5a449431a65e1b6d2f0564ed4567f878056fff17084b70c,5018
12662b67-8bad-44d4-bb62-d37ecb91f432,"Skills, Techniques, and Processes",3dcd5f0ecbe3c47eb456c2d65c29880922761512895e8ca5c243b77063e1ffec,5019
12d62b67-8bad-44d4-bb62-d37ecb91f432,"Skills, Techniques, and Processes",5cf84d25d8f0fb1ea751a9ebef4a03a72eae9b39c587b6e43b962efe1cbf3f6f,5067
12962b67-8bad-44d4-bb62-d37ecb91f432,"Skills, Techniques, and Processes",46b30707762d1eb8c306e70f94a4643ffa2cf900278823beeffbcb307a0dad19,5088
f801b207-8bad-43d4-bb62-d37ecb91f432,"Skills, Techniques, and Processes",8ff3b143b37726f7ce1de7bd798b7feef8215c90500d7b56cab07dc0a9340fab,5116
11c32b67-8bad-44d4-bb62-d37ecb91f432,"Skills, Techniques, and Processes",85d85bcb7ef5dfb47dc6fcdceaa054d2b4121338283e30ce38a352a6fe4acddf,5164
12e32b67-8bad-44d4-bb62-d37ecb91f432,"Skills, Techniques, and Processes",fffb40269237955231dd8f8b457ad8dd3960163c40f5979fba37ad3fd6df3441,5197
108a2b67-8bad-44d4-bb62-d37ecb91f432,"Skills, Techniques, and Processes",59d7ad1cf9f0521baed72523d7e9d3baded6941b78874b650d4de0a929ada3b8,5206
fac1b207-8bad-43d4-bb62-d37ecb91f432,"Skills, Techniques, and Processes",0246cb928f7eddc2b16b15085b436cb083a787c87440d37bbd951621360b5ac3,5236
ffe1b207-8bad-43d4-bb62-d37ecb91f432,"Skills, Techniques, and Processes",ce680bb544a01b2b3f157fbc6ffe407fd9018e182111299b2c2ee38bfb0944cb,5246
11722b67-8bad-44d4-bb62-d37ecb91f432,"Skills, Techniques, and Processes",ad5ef5b4a9413520587029cf928ab92acc4e615e86220f738460ce02652ae264,5255
12ef2b67-8bad-44d4-bb62-d37ecb91f432,"Skills, Techniques, and Processes",bfb73ac4546fcc61d709959bc587800ab3d71ebe2c6fc4d8bfcaeb8371f25796,5258
10522b67-8bad-44d4-bb62-d37ecb91f432,"Skills, Techniques, and Processes",c65f8b09f7ed4919034e6e68ca7a61b7a239eb45c40ae5c3230206794917244a,5262
12002b67-8bad-44d4-bb62-d37ecb91f432,"Skills, Techniques, and Processes",10819790605a5aad0f6bf146c01df336ed6a030858440ccc5935266831644c46,5263
10792b67-8bad-44d4-bb62-d37ecb91f432,"Skills, Techniques, and Processes",9965a2b5a42d61b4bdeb580bfde766990f1ea732e9d5a1ea515fbf2032dc6b09,5292
11c52b67-8bad-44d4-bb62-d37ecb91f432,"Skills, Techniques, and Processes",904e1eeb6089c4a0ee7428d498f95794c4ac9c5b8598f452a2d001fe81acb4f0,5304
11da2b67-8bad-44d4-bb62-d37ecb91f432,"Skills, Techniques, and Processes",665b9004418c9af8e9bdace2c376e9f2f0911c45879f0afc494ff184a42b79cc,5317
12e22b67-8bad-44d4-bb62-d37ecb91f432,"Skills, Techniques, and Processes",e7dfd8af419e1518e1e6bfa957fe335dcc3b99e2e87fed539d04d8e8cede4a91,5333
10fc2b67-8bad-44d4-bb62-d37ecb91f432,"Skills, Techniques, and Processes",d23ff7b196dfe7c25f2c80ee554cca17946145adb8cd7ead269fde504650de2c,5345
11752b67-8bad-44d4-bb62-d37ecb91f432,"Skills, Techniques, and Processes",04043c9010fefd7c5f5e0e7e39013002142e23f0c9fce4b1c0a0c09eb8f568a0,5358
12462b67-8bad-44d4-bb62-d37ecb91f432,"Skills, Techniques, and Processes",f9cd7eb8bc2a88e462ce5163d7b76759cc1fb213f3e3d6428237d321be139563,5384
11262b67-8bad-44d4-bb62-d37ecb91f432,"Skills, Techniques, and Processes",51afb1ec46160bc7e292aa4eec6bb5203415b7898f42b0a0077f2fb6215d9a98,5426
117f2b67-8bad-44d4-bb62-d37ecb91f432,"Skills, Techniques, and Processes",3197401e14ac125a98b3ca97aa98f0b41524154bcc0b187ed9a959188daa9932,5535
10ff2b67-8bad-44d4-bb62-d37ecb91f432,"Skills, Techniques, and Processes",b082d4f48fe065e9c57b4c7f4fbacce8714f14bada28776a7320a4a3dc76bd79,5550
10d92b67-8bad-44d4-bb62-d37ecb91f432,"Skills, Techniques, and Processes",3f40c2e5277804d196bb5fadfa5bac4d6792522f1b723c5d0d08cdfe85c5334a,5564
10a32b67-8bad-44d4-bb62-d37ecb91f432,"Skills, Techniques, and Processes",c38e26a7f3d3189d94cbd5ab0dd1f5d8dcffe0f3d99e9e400b47d504dac5872e,5610
fc21b207-8bad-43d4-bb62-d37ecb91f432,"Skills, Techniques, and Processes",2cfc643fe217ae8b909f91e85690d14fa653923c1824b978f821df318dd2792a,5621
12e42b67-8bad-44d4-bb62-d37ecb91f432,"Skills, Techniques, and Processes",a9dcbfc6013aaf1b803024a79c689686eee6ce942784bde6e8d019a97b0c5eb7,5644
123d2b67-8bad-44d4-bb62-d37ecb91f432,"Skills, Techniques, and Processes",8abd0a05e89b84402edd51d90e6881e06b0edef6b6fd21f02aec220cd4a71fd5,5720
10582b67-8bad-44d4-bb62-d37ecb91f432,"Skills, Techniques, and Processes",4fcf5354f96e9d15ff7e72c74a63f752cf0c6cc755613f55ad871ce8032e6b6f,5732
108d2b67-8bad-44d4-bb62-d37ecb91f432,"Skills, Techniques, and Processes",733aa2cf31cd159c97592e7372007fbacd5608b4d6ef7d6cc273495b7307f52d,5768
12932b67-8bad-44d4-bb62-d37ecb91f432,"Skills, Techniques, and Processes",06c0d7de1c943492c1d76a6e4023c46a4bbde2af8a7beea8790b74afda5197e9,5779
107a2b67-8bad-44d4-bb62-d37ecb91f432,"Skills, Techniques, and Processes",d67b9f82d875f803651170d53cf9b5b6bc93500ed853bbd3e6aa71aeaa3850aa,5801
fe11b207-8bad-43d4-bb62-d37ecb91f432,"Skills, Techniques, and Processes",566989c9bd2e7a90a9686dec441f1d0e60cd998392c1fb8d1804602379d678df,5832
101e2b67-8bad-44d4-bb62-d37ecb91f432,"Skills, Techniques, and Processes",a36c7920fe6fbc6af1e6ad6c49c24293b4e36e5f11bc0fb71d7c156a3dd43324,5853
126e2b67-8bad-44d4-bb62-d37ecb91f432,"Skills, Techniques, and Processes",b021526d58edfd6b81e945da5796032c851393bc35a8a81974bf11ab937d9906,5856
104b2b67-8bad-44d4-bb62-d37ecb91f432,"Skills, Techniques, and Processes",bd367117510c9eaac2bea467b3cbee18a284dbdaeb0fdc6ea0662a2292171b06,5910
102a2b67-8bad-44d4-bb62-d37ecb91f432,"Skills, Techniques, and Processes",1e30155a198002ad3530c998b0bcb067fa1cecaf435c9600b7fa55f70aeb1738,5982
104f2b67-8bad-44d4-bb62-d37ecb91f432,"Skills, Techniques, and Processes",5505727b3583a88f03f7b028f6b87e6b14c62f797f685957f632f284f81a8964,5992
101d2b67-8bad-44d4-bb62-d37ecb91f432,"Skills, Techniques, and Processes",5015c889e7830c3c1f9d647fc8c8fb83a8af24e9e56572c37059ca9933e47cdb,6002
11282b67-8bad-44d4-bb62-d37ecb91f432,"Skills, Techniques, and Processes",3e52e35ac591eef2f556e8d7be6a0f21ce05dfb0eb7951a03f525ef3d6bf32ad,6040
f901b207-8bad-43d4-bb62-d37ecb91f432,"Skills, Techniques, and Processes",ead03a4ab96a26dc206503364aa58d73d3a4aa135347191b56ef859f5a4fbb67,6047
11842b67-8bad-44d4-bb62-d37ecb91f432,"Skills, Techniques, and Processes",b62ffe487546aefd1fc6b9f46b2b073cd82e31c136fb8e524b0eb67753eaabd5,6077
12dc2b67-8bad-44d4-bb62-d37ecb91f432,"Skills, Techniques, and Processes",13e6e2eea5324351fdf10fae3e3c10ae5ab9059cc3e964df3799c3b0dc7ceb91,6117
11fd2b67-8bad-44d4-bb62-d37ecb91f432,"Skills, Techniques, and Processes",96589a6d92ee6b205bd6cdf7aaf146ea606cc8fe334d9ee39eabbff8013f8775,6123
21082b67-8bad-44d4-bb62-d37ecb91f432,"Skills, Techniques, and Processes",9cfd2c6e66e13151fa6b6dac903a35773c2e73048044ea65832b9355a511af92,6125
10bb2b67-8bad-44d4-bb62-d37ecb91f432,"Skills, Techniques, and Processes",5c5ca4c3babe36dabe1787e05c4afcc1e7e92dc8a7ba495e5066aee85eb0cd1f,6141
11812b67-8bad-44d4-bb62-d37ecb91f432,"Skills, Techniques, and Processes",488939afa12a732b9b38e8004cea29d8c2e599a16ba3fd093caac99fad3edb33,6142
faa1b207-8bad-43d4-bb62-d37ecb91f432,"Skills, Techniques, and Processes",e0a4e6683628f44e3519631358fef7b410eda1bb7a78611ef4cbae885d3fb32e,6185
10532b67-8bad-44d4-bb62-d37ecb91f432,"Skills, Techniques, and Processes",65fcceef8168c73b4317a9fa94f0c015eabcb2f2aba2d45a4186baff08ee6232,6206
fbf1b207-8bad-43d4-bb62-d37ecb91f432,"Skills, Techniques, and Processes",043f113efdc23b92bf4242554d4c7a6c2fd81a66db2b43f3790c9fa782fec9e8,6255
11db2b67-8bad-44d4-bb62-d37ecb91f432,"Skills, Techniques, and Processes",741e8891b6e2eb99ba5af85f5ec8d5a0de4702a60c4556ecd4e33040ed894dab,6267
112a2b67-8bad-44d4-bb62-d37ecb91f432,"Skills, Techniques, and Processes",a6f8959546316c69d97196518faf593c9a51ebb3af54463c89dcb8768006bfa2,6277
126b2b67-8bad-44d4-bb62-d37ecb91f432,"Skills, Techniques, and Processes",cc52207bb94d9096772cc6347fd9d8ac0b6b346bd4a32a8a3aa5e6444a3455b0,6291
11712b67-8bad-44d4-bb62-d37ecb91f432,"Skills, Techniques, and Processes",c161f4dbd704dc5409584328242d03ff1a72f3db41dbb422b6f57913a5ca2e6b,6456
104a2b67-8bad-44d4-bb62-d37ecb91f432,"Skills, Techniques, and Processes",775d11cfd252259b23cdff1d86d7f60a249bdf5bd335e56ca90d1e3808c2c7cb,6481
116b2b67-8bad-44d4-bb62-d37ecb91f432,"Skills, Techniques, and Processes",b6e1fa1183314f98cc58f1eb1360f768e22682362e5deceb4734fbc5ed7089e5,6520
109e2b67-8bad-44d4-bb62-d37ecb91f432,"Skills, Techniques, and Processes",6b0c45faf07b36a0f759be504af5466d5c937d18cfb032acd41083b1d46f8438,6524
112d2b67-8bad-44d4-bb62-d37ecb91f432,"Skills, Techniques, and Processes",aa3197b48e04ac606da36ce385a3ce69d6be32eab28bf68a115a003f19382ef7,6525
fde1b207-8bad-43d4-bb62-d37ecb91f432,"Skills, Techniques, and Processes",3dad9d4c0033e684e6d6d7919d3a5e461e39b79dbc52ef28b226cc50cbacfef3,6583
121e2b67-8bad-44d4-bb62-d37ecb91f432,"Skills, Techniques, and Processes",64e35e89f8ae3b9e293a80344a85dba20dc2ee768e146415f1ff6b700e84e55e,6634
11742b67-8bad-44d4-bb62-d37ecb91f432,"Skills, Techniques, and Processes",8c22b6f684fa26ec4edc0265ccc86c81eafc33f8219a93bd589b37ad59dfdad0,6639
11dc2b67-8bad-44d4-bb62-d37ecb91f432,"Skills, Techniques, and Processes",2f8d50344dcc9d96cf9c683abbbea6753d38ee9142b08188c5db2cb0a9d92692,6640
12912b67-8bad-44d4-bb62-d37ecb91f432,"Skills, Techniques, and Processes",35babfa4b1970b7dc01877506ce79203623a62f2630017741d33e51596948720,6675
12ec2b67-8bad-44d4-bb62-d37ecb91f432,"Skills, Techniques, and Processes",cd7388e35abd1b675322c875635be0edce4fa8de3ccf463db483781d137086e9,6680
11c22b67-8bad-44d4-bb62-d37ecb91f432,"Skills, Techniques, and Processes",bd2282b14b875af6dc3b0e2d6371936884e1b2466334613e566054aa1ea0f360,6684
108c2b67-8bad-44d4-bb62-d37ecb91f432,"Skills, Techniques, and Processes",9b7e594045a2df8309e23beb509f736119b597faf3a1ccbcbafb54d643c82e49,6709
101f2b67-8bad-44d4-bb62-d37ecb91f432,"Skills, Techniques, and Processes",32663c308812c3052f420802ff1b5312cf73a157729f234476266c677bb7ff49,6735
10b82b67-8bad-44d4-bb62-d37ecb91f432,"Skills, Techniques, and Processes",9789de45a3a6f39fd5ec2b65b8bbda6d9483d248e6b9e2afa948f1bace16c6f1,6751
117b2b67-8bad-44d4-bb62-d37ecb91f432,"Skills, Techniques, and Processes",51f92df4a5b3f6473d1b04ece5e3084d30ae758c14494a6e810bdf267cf85e04,6752
10242b67-8bad-44d4-bb62-d37ecb91f432,"Skills, Techniques, and Processes",5924d3bc69996d2e9958ce880158789d394b3a9a469c64ad720ef0a5177c662e,6757
fc01b207-8bad-43d4-bb62-d37ecb91f432,"Skills, Techniques, and Processes",e15a3f8fde88753147529f196be1c73130881d30988589fd400812a496192cf7,6766
121c2b67-8bad-44d4-bb62-d37ecb91f432,"Skills, Techniques, and Processes",a53b8c4f699a21e08c311a17805d1961639d42388e2181b8e803fe4f14042b89,6805
fe31b207-8bad-43d4-bb62-d37ecb91f432,"Skills, Techniques, and Processes",8185adfb7fad1ce45838b82acc2074bf03e6308801b2cb79884313f96ba9ec05,6826
10fd2b67-8bad-44d4-bb62-d37ecb91f432,"Skills, Techniques, and Processes",2148c02d0083596c15e7869f078d04747afdfc8f2e23fae1c01780cfa9ad4371,6838
10db2b67-8bad-44d4-bb62-d37ecb91f432,"Skills, Techniques, and Processes",7c4bb59e47fce03218ac825f7dfd1646d0b50c678473c62d5d45b61bfadfc87e,6859
117d2b67-8bad-44d4-bb62-d37ecb91f432,"Skills, Techniques, and Processes",92172b95016359bae5c1e37d3af0d0eac968e10002dfbdf09a755734b561cc59,6869
12d82b67-8bad-44d4-bb62-d37ecb91f432,"Skills, Techniques, and Processes",3d155befaaabbfb28e301f757285be960c036db7c115d6c83002745b254a7b8e,6878
fc31b207-8bad-43d4-bb62-d37ecb91f432,"Skills, Techniques, and Processes",42808d9e1025703620d0da0e166818cbfec1181892e1b4915379e7cb128505f2,6884
104d2b67-8bad-44d4-bb62-d37ecb91f432,"Skills, Techniques, and Processes",62aa10bd288e2fbb8303e5a0772a4309417b8ff5b1da995182530aa2bbbe3cc2,6885
101c2b67-8bad-44d4-bb62-d37ecb91f432,"Skills, Techniques, and Processes",65cdde712e2389e067fa4ba7d264611503a0e623abe421d5aa8bf2dd17e1e8e5,6913
bc01b207-8bad-43d4-bb62-d37ecb91f432,American History,1598be44e9affec080378a447f7441909740b0097f77e88e9b1cf72443bb04db,5
bc91b207-8bad-43d4-bb62-d37ecb91f432,American History,4d9415057fafe1ab55015e894cb92d23b8b8902727741bd2909bce411dd4fab3,45
bb61b207-8bad-43d4-bb62-d37ecb91f432,American History,96551e0b65f6b6465e10ce76a2ea95110dbd6eca3759a70d4765f73829993c33,55
bef1b207-8bad-43d4-bb62-d37ecb91f432,American History,2d5f18b761911f2ee4b36ae16ea2e7802e4dcdde31f696f77ab0efa4dff5f474,59
d581b207-8bad-43d4-bb62-d37ecb91f432,American History,84f6ccbdbfdadab1c49d2f00156a539b8be233102cbf3baed5008ab21ded71ad,76
bea1b207-8bad-43d4-bb62-d37ecb91f432,American History,bc7258272f834025f2ca0468d67f62e30c0b173cfed7079b7910ba806936e398,92
cd01b207-8bad-43d4-bb62-d37ecb91f432,American History,8d3f6ac297c60904a46065b94211474601c6c06b841578e1f9e06959d27a55f1,104
b3d1b207-8bad-43d4-bb62-d37ecb91f432,American History,2df38de2a0e6eda8b692dd42a4ac55d4bed18a7a2139d4f6a43ab4a84e19d333,119
b3f1b207-8bad-43d4-bb62-d37ecb91f432,American History,becf279f0bbd74ca3f0067b8bce23c4bc26ac5ff545a31a107ebb27717dd61e7,157
cd21b207-8bad-43d4-bb62-d37ecb91f432,American History,7f268113b6bbc0c2f7ca59b4c4ea43e7c14e21b32614f7a4a5e32e4e09e16d6b,184
b7b1b207-8bad-43d4-bb62-d37ecb91f432,American History,98f6873ea850ed55e22463055ad71c2d69a597f5fbe0d1c98e84aa962675f20c,210
b451b207-8bad-43d4-bb62-d37ecb91f432,American History,970fb56986fa20af621b73ac01670604800aba175d484ae2d3969b074fb10a0e,221
bbc1b207-8bad-43d4-bb62-d37ecb91f432,American History,586d5ea8d082033d3580c379a2cca81628a614ab718bae012e6da10c005e569c,231
d511b207-8bad-43d4-bb62-d37ecb91f432,American History,25812805d321aa8747b2df26953740c655a0480b1aa90601a7ac17bc65350344,232
be01b207-8bad-43d4-bb62-d37ecb91f432,American History,fe12cdfb369afbc59658d90bbd88be19825b3c86797a3f4c4d2dd12fcd40ab2c,260
d121b207-8bad-43d4-bb62-d37ecb91f432,American History,a1bd6a4dd281134fc9e117dd7b39a31cd6f11133e25e17019d2d0201a239f07f,271
cd61b207-8bad-43d4-bb62-d37ecb91f432,American History,be8664050722eae53fffa55cf4943dea0397b42dffa71c60fdc9ea03de5615c7,325
d381b207-8bad-43d4-bb62-d37ecb91f432,American History,4505184946c74db5e3eb4fadc5281b7d551c6f54e427c6335ad6f0a6e9d22532,326
ccf1b207-8bad-43d4-bb62-d37ecb91f432,American History,d6e6cb2cd77739727f6de38b8d4dc8abd6e5f6fdcff7061a640f524a7cf0c26e,360
b5c1b207-8bad-43d4-bb62-d37ecb91f432,American History,3abb0ede59277ffa52239d711e0da939167b142a80fa064b5ce9aae5c4652434,412
d211b207-8bad-43d4-bb62-d37ecb91f432,American History,299c7e6191bc3c18a36b9949dded0f4d526b5491ff8f5047f7667df7b173459c,462
bf81b207-8bad-43d4-bb62-d37ecb91f432,American History,1ddcb869a296a6edc2f933de671ee56409cc65a6e4587e56707f0c422bf01294,525
be91b207-8bad-43d4-bb62-d37ecb91f432,American History,f003272832e4fdbbb06f984e3eb5dc30b187056012218b4e3397f48d09c7245f,530
be31b207-8bad-43d4-bb62-d37ecb91f432,American History,b9969c73af2f3ba6001597648b54a0271d6a4451094a44333f6cb6387d259d11,604
b5d1b207-8bad-43d4-bb62-d37ecb91f432,American History,dfb876d70b798e4e18b953f0dada49c1866bd4c73b2e573e3ba0d672e2d43cde,608
d4f1b207-8bad-43d4-bb62-d37ecb91f432,American History,3c3fedb44afda6f9252b239acbd9ce430b89473ad209139e4b4b06e59e5a9b3e,710
d4d1b207-8bad-43d4-bb62-d37ecb91f432,American History,66e39d03340e40dda57c997d8c86d4b92f7e5364d32474bac6417ade9d79c1fd,727
ce01b207-8bad-43d4-bb62-d37ecb91f432,American History,2faf5d11a0a7ba10870bbd6322f28a636a3f73c564f53d9809969e8d11b715fe,762
d251b207-8bad-43d4-bb62-d37ecb91f432,American History,849cc0fd747e77c976eb1d22b1611abc989dd8834b78a6191b444af735bfa3e8,801
cd31b207-8bad-43d4-bb62-d37ecb91f432,American History,3f9898c9def6aafac5ecfa618d3efaac345f4e9bba7ffc4847c424a4f092b9bd,868
d351b207-8bad-43d4-bb62-d37ecb91f432,American History,1c3bc2c5679bc1ed51c2aa303cde6d7dd35105edd942346cd366344f47e884b7,890
bc41b207-8bad-43d4-bb62-d37ecb91f432,American History,72f2b6e4fc47d958341aed908d572684ce6f757fcb1ba772eefa91bf68ced992,909
d2a1b207-8bad-43d4-bb62-d37ecb91f432,American History,279a7b9d10093883599f4f2611a524ccc6742ed295408828a5b04cbe7e582eb2,910
bc71b207-8bad-43d4-bb62-d37ecb91f432,American History,eafdf9c3470dfa946b7f90e6b781312c9a220875563e4713bd49c34ddb0f9c4e,946
cc31b207-8bad-43d4-bb62-d37ecb91f432,American History,1461a3f0b9aa1e0432fa5fe15258b5df934f568dce07cef0a4c2a2d78b458944,947
ce11b207-8bad-43d4-bb62-d37ecb91f432,American History,4436b34158299aae3e6e2aab4efd1d12eee3091e4300fcde80e65946bc175b5c,948
d1f1b207-8bad-43d4-bb62-d37ecb91f432,American History,07347ba342269e5a021a335a7422e3cbc88ea1a173ae010bcdf028921af155d4,1034
bb51b207-8bad-43d4-bb62-d37ecb91f432,American History,e2db4cf978172cd47dcb4647f637663bf3ba4367c5532f131deea7ea3e412126,1062
cbd1b207-8bad-43d4-bb62-d37ecb91f432,American History,f750f726c69ee7414269fc7b282bddd025a40839f2fc93a8bf3980c0d7e8e5ad,1067
b601b207-8bad-43d4-bb62-d37ecb91f432,American History,c6e9d6d51623af6a646e615cd9fbbea19f86ce4879d76775f210efc047d92268,1150
d341b207-8bad-43d4-bb62-d37ecb91f432,American History,e6075a4c4a7fd0f8470a2425f11afef7828004c911254efe8a1f62593f268e33,1202
d691b207-8bad-43d4-bb62-d37ecb91f432,American History,de29b916f02e4fef201b965cb20058a130e3d98ccdfad6e5d1e133afc3e4ceb2,1278
cdb1b207-8bad-43d4-bb62-d37ecb91f432,American History,28685d9a16eccf1a7c72c427cebe8625936434ddd9c2c179b5772f800e923f77,1286
b3e1b207-8bad-43d4-bb62-d37ecb91f432,American History,7093f1e11b994ac98ef2acdc7384f1e02dd3b1a5aade6c1fa585db92053dccaf,1379
bf71b207-8bad-43d4-bb62-d37ecb91f432,American History,cb5cc9c38b5ca6303c3b395cb8d7e2f74218d8031a99b76386dcb498fab9062a,1381
cc41b207-8bad-43d4-bb62-d37ecb91f432,American History,6c8be79102b303a06b3756cadaff6b532b2aa6037c3bd5e7adcadb23c46d5e97,1413
d501b207-8bad-43d4-bb62-d37ecb91f432,American History,0e1af7cb4801ee0dcd0b9e479839d1561d8ee90e0687362a5268c240ebd96576,1423
cb11b207-8bad-43d4-bb62-d37ecb91f432,American History,0508cbed7bfbedf5a25c0408484b16ed2cb1e629cfe364af9e499879e3edab08,1493
beb1b207-8bad-43d4-bb62-d37ecb91f432,American History,26df8266128c78cbdfef5219e2815688f381d78200cbdda4f3134f67ec05c12f,1516
bcc1b207-8bad-43d4-bb62-d37ecb91f432,American History,957c5f4fe62f5e97a62346f84bb6b96cd7bcf2c49aab06a178ed75002435d0b1,1594
bcb1b207-8bad-43d4-bb62-d37ecb91f432,American History,4d09650e904d9174e38d363c2f44045298b95d3c577e1ecf6afe240adbac7d27,1641
bed1b207-8bad-43d4-bb62-d37ecb91f432,American History,9c4f59cf53e3410fec130db7740a96a790246c11361901e4439ec9f0fa8a2f0b,1663
cdf1b207-8bad-43d4-bb62-d37ecb91f432,American History,35121e25fa73bf7d8f0fff50d8d27207d7fdbf74f8fc491396d03518db53554e,1665
ce31b207-8bad-43d4-bb62-d37ecb91f432,American History,35d5e20f8bab87ac09ba4eb629de4e395f84d59b5b79a42e00ff6a03e1a5032b,1666
bf91b207-8bad-43d4-bb62-d37ecb91f432,American History,e8459791802a6c6dfbe69d3585caf87e4f425a4645b634e20c7e3a0ec7d55a45,1714
be41b207-8bad-43d4-bb62-d37ecb91f432,American History,5c908b99b6b57b18cd0c6dd5d98444292a9df05223c244b8dda18d0e81a0d8eb,1805
cbc1b207-8bad-43d4-bb62-d37ecb91f432,American History,1e91440dad37fa6576d847dfc872c01762e46dfea3c39b30ecabd789d3023fc8,1807
bf51b207-8bad-43d4-bb62-d37ecb91f432,American History,79d722207e0c8c44266fff09e959961b0977a6b4f7c72fd95950e41f6aee48fc,1817
bf61b207-8bad-43d4-bb62-d37ecb91f432,American History,d3f68efbc8fb791ae634de824a3dea6061722ce717d45faebba815946bc3e0a2,1838
d181b207-8bad-43d4-bb62-d37ecb91f432,American History,48ea841dabf6b8d50e9ce307bfb1666d6ae091cdba1259436ca4aac53465713f,1884
d101b207-8bad-43d4-bb62-d37ecb91f432,American History,afb67dde5dbf36b4b16a6c50ba82367c6cb42de8dc0aeb8af6d8a3a6968b6b5a,1916
d611b207-8bad-43d4-bb62-d37ecb91f432,American History,24ab78785117d12f25e469b86102f02042306ab0f1927c5d187b059567c689cb,1917
caf1b207-8bad-43d4-bb62-d37ecb91f432,American History,0c7a1c4650a9121662dbf8267875be6af0bdf4aefafbf25c66e70fbaa1487048,1939
b5e1b207-8bad-43d4-bb62-d37ecb91f432,American History,a7e3a0af5b1f2dc526573b1eb88367b91c82c381282978c46eb40391fac76b37,1945
bf11b207-8bad-43d4-bb62-d37ecb91f432,American History,64636a5003ef55c7b9ef56b3de11b704d897e12eac80ded99d10b5dde65e722e,1946
d221b207-8bad-43d4-bb62-d37ecb91f432,American History,57ba643a6cb655a981393ac286a3befe22e396f8b20c7879003e74deff95333b,1962
d1d1b207-8bad-43d4-bb62-d37ecb91f432,American History,e67cb992db8939a2ac95c455d6f76223cc250bc9f013572308e737b60dc9ff09,1980
d0f1b207-8bad-43d4-bb62-d37ecb91f432,American History,11ae0e447980c10ef3a5c476543348ed5e2a534e01493d8febcb983b42ef0a5e,2002
d631b207-8bad-43d4-bb62-d37ecb91f432,American History,a96314f9b918ed7e9b2ce17c36c2332b606367f6be19b1815a22c768ec73b98a,2016
d0b1b207-8bad-43d4-bb62-d37ecb91f432,American History,06a52718bb4d508cb90b2598bf415389de0bdc19c2bbed0d98093dec5d911da1,2062
cdc1b207-8bad-43d4-bb62-d37ecb91f432,American History,3de2e65bc868aeb73e88797d9e33731fe03eb277dc15a6da05d3f3ca190df00c,2079
be21b207-8bad-43d4-bb62-d37ecb91f432,American History,28f085f39d8e8ef76dfc1638c055543f10c9a0991c53a8fd75c4aac68a928bc0,2084
d071b207-8bad-43d4-bb62-d37ecb91f432,American History,a22118ecbc5c327c2355d8918203a759b99bcaa566033db3ec728ae1d68ed64a,2085
d561b207-8bad-43d4-bb62-d37ecb91f432,American History,cbf803c2f9561d3173019bfca14690c39526a6ff440c211a9512d0c2c3f70412,2154
d291b207-8bad-43d4-bb62-d37ecb91f432,American History,29e700a27d325bd926f469f1b48e0c76dae11a4e825adfe49a331b0314ceb6c9,2217
cc81b207-8bad-43d4-bb62-d37ecb91f432,American History,f73eeb93128191cc9ec5891152dfe5f8ff674fe4b28b47073316be745e7acb4a,2249
d621b207-8bad-43d4-bb62-d37ecb91f432,American History,333ab1aab9ac5b463180c35d61ba0b11f1f68a09b2788f1d9c9a91b5e818aba9,2333
bf01b207-8bad-43d4-bb62-d37ecb91f432,American History,23783aee0c2ea74a1fc4a9955400fbf764c63ffe1ddc3af672c80a2eb6358f79,2349
d601b207-8bad-43d4-bb62-d37ecb91f432,American History,37b5b4dcdcc16d5735beac26624a741e06b702671f9bcd32ae43ca91fb907a3f,2468
bf21b207-8bad-43d4-bb62-d37ecb91f432,American History,5f55fb772a375cb2fb85109dc129e3b47ca7a29fb5bdca8be2c3531987c2191f,2487
b7a1b207-8bad-43d4-bb62-d37ecb91f432,American History,1c491a4c253420e3eb4b9e6936254aee5cc3d36b1553be2b32b4fe66ba103b99,2492
b931b207-8bad-43d4-bb62-d37ecb91f432,American History,a336d8baf4ff6069fca42c63459eb5465628cdc57164139e18831fbdee64ab06,2493
bdd1b207-8bad-43d4-bb62-d37ecb91f432,American History,1e9c90365fef5171652363430ccd1e771d82300348fa298ab75a1c46399a5db6,2503
cb71b207-8bad-43d4-bb62-d37ecb91f432,American History,611dac51ed6bcc5d9546bc9791d8119e1d8e86876200ad027b092a1e2c2b6a4f,2505
bc21b207-8bad-43d4-bb62-d37ecb91f432,American History,cd59c5f3c47ec3e6ad64b4ae3f8266428126f414a2753b0563c529dd152e4b95,2533
bfa1b207-8bad-43d4-bb62-d37ecb91f432,American History,a0f4ba59159345f689fbb0c2ae9b9db2988463ccc88a499592ade6e68a174ba2,2538
d081b207-8bad-43d4-bb62-d37ecb91f432,American History,8a4605d4ed1def3195927c27b5c8f868a77c006ab7c95a6920e494b24810bc56,2547
d651b207-8bad-43d4-bb62-d37ecb91f432,American History,92c3617c83e12b575535b487887b0222e79ff41a6f821ea8ddbe8c889e701640,2558
cde1b207-8bad-43d4-bb62-d37ecb91f432,American History,65c57153417fe578e393edca1d91458b539e6d1a5b9058abc6f7e9e54497a2ec,2593
d5b1b207-8bad-43d4-bb62-d37ecb91f432,American History,8503e56e0d9a072b2e5a93f20d8bd0dc6cb17df91061c69226e58636fa4f7f42,2594
d0d1b207-8bad-43d4-bb62-d37ecb91f432,American History,1af232f7bdc0df747fd33b36844faf684afa0f55782dd7bd34302c664830e5e9,2601
bdb1b207-8bad-43d4-bb62-d37ecb91f432,American History,0654e3cd2816e9ef781575a04c970048e672ae7ffb8330a22e32f487c7d4c2ad,2632
d681b207-8bad-43d4-bb62-d37ecb91f432,American History,b48e6c1b6ae60e6f1c8e6163fe378782acd571dc5549e251996ce7c8fc2d2fb1,2633
d2c1b207-8bad-43d4-bb62-d37ecb91f432,American History,d2c8cc186dd43d7b2d074ecb3bab8d000395847cf4a69a73ce4e42a5340e1c4e,2662
d311b207-8bad-43d4-bb62-d37ecb91f432,American History,8ff267fa62c4bc5d80b291db5fcda0fc0a8bb6643342cc75db355eefc7ed4f20,2663
bb41b207-8bad-43d4-bb62-d37ecb91f432,American History,dfe1217c6ef76bb804d8f38ad35ea44a752a9464b3901d2983925a29684c5112,2677
cd91b207-8bad-43d4-bb62-d37ecb91f432,American History,409ee3f9a0bc3fe81e8c4b967e3e88f858786993e70e4d6a0915bf6236fc3ba0,2731
d2d1b207-8bad-43d4-bb62-d37ecb91f432,American History,580e0078d0511d8b0916af518cb6aa48e6121bbeb9513cfe0bbe57dda023850b,2817
d4e1b207-8bad-43d4-bb62-d37ecb91f432,American History,c2dd30394dddffa06ecb5be6f5913bc11a2c6c2541cbf85e56f0c86fee578ed7,2873
bee1b207-8bad-43d4-bb62-d37ecb91f432,American History,10fc036401076ba686c0a0af68a216616e4c606b1a17a8de7439203986cf8a6b,2933
b581b207-8bad-43d4-bb62-d37ecb91f432,American History,9f5400524fd612edcdb7e8878997b1bc74ebcd21babfa404eb1ab3ab99dae3e4,3066
bde1b207-8bad-43d4-bb62-d37ecb91f432,American History,3afb6cc8bda8f4d0fee18bf4c92fb01d9a0e1820cba5b22d51387cd0e38562ea,3075
d361b207-8bad-43d4-bb62-d37ecb91f432,American History,d5c857e5fd372f803b95c4b2ff085489b8923c124317fcb9dd5b323305dd2982,3076
d091b207-8bad-43d4-bb62-d37ecb91f432,American History,74f2517c4b94c15c6374f954a7065df6d732ecc81d6d3fa3937c51efcd315873,3091
b751b207-8bad-43d4-bb62-d37ecb91f432,American History,b7819f95e2de9611a21495a75c6b9c00de27d3d4c3ca2bb7ab1980dacee86a99,3174
d0c1b207-8bad-43d4-bb62-d37ecb91f432,American History,4fed7790b361d7c51e5e52b56bf9dc456a22d911c3b04a0c0d53c2c48d6518c9,3287
bdf1b207-8bad-43d4-bb62-d37ecb91f432,American History,1289037af26aeb2bf1adec81c759a0d644eda2647bddb968316ed98f91c9c13b,3397
d041b207-8bad-43d4-bb62-d37ecb91f432,American History,eb37c81b49986f43aacb38f0764bffc10f3dd8789c948e30592ed1dfb1065c37,3436
d5d1b207-8bad-43d4-bb62-d37ecb91f432,American History,c13e7c5abc0c00bb7daa97cbaea1fcc396a174af23b8f1bcaede3ff01fd33666,3469
cb91b207-8bad-43d4-bb62-d37ecb91f432,American History,0f43fc5e6c7fec2454ca84698e11d4770ed839e2224b5fadc365c9f0648d22d0,3496
bba1b207-8bad-43d4-bb62-d37ecb91f432,American History,7227e916da20b7fd5349ea1362da200c8c0fbdd9f3d88c89bd3a91abe02b1e97,3515
cb61b207-8bad-43d4-bb62-d37ecb91f432,American History,dac6510a656fc9a4897cb12d61f493df7e54719f938c8f8dd457e4182e775c90,3516
d141b207-8bad-43d4-bb62-d37ecb91f432,American History,44092d0a7117c8914ab445c9cd19049146413f5880b6c776a6627caa8b8486f7,3529
cc21b207-8bad-43d4-bb62-d37ecb91f432,American History,221a6a69a6082e1d65291115bef5eb1727b603173026b0d0b5f04ea7ddb9edc2,3598
d1c1b207-8bad-43d4-bb62-d37ecb91f432,American History,ecfdd49171a44719e87cd73118ef7304624bda53e800f2eebbdcd33e0a241ff8,3599
d541b207-8bad-43d4-bb62-d37ecb91f432,American History,7d2d55060323e6bb8c4e687bd26f7afe84f94d0eb4d12e2acd46f737aea68fa5,3632
bbf1b207-8bad-43d4-bb62-d37ecb91f432,American History,fe76cd1b544310aca83b006aedbfe647fce6d691d780abfb876bbeaaa1eec263,3676
b5f1b207-8bad-43d4-bb62-d37ecb91f432,American History,b7f18acc6593f2580611fa61f0f7c17c3452b8d19f0c38bddec1324bc67e7015,3682
d331b207-8bad-43d4-bb62-d37ecb91f432,American History,d640e2e7d987236a2177a7a465fc2ff473ec7a525efff6d2a80c8c1ed619cbea,3796
d2b1b207-8bad-43d4-bb62-d37ecb91f432,American History,8173ac459cafddae025f51a3f68ad0ce80adac4303724fed26b77ecb5df1a0bc,3852
b5b1b207-8bad-43d4-bb62-d37ecb91f432,American History,8ea036509f8b316e3e6fc76d72d80343c1b2d5b0fc743305898bbc339916020d,3916
be71b207-8bad-43d4-bb62-d37ecb91f432,American History,235fb73c7289437f77f7a0e11e0a773baca1db842f8776cb31b18d5320c433d1,3917
bc31b207-8bad-43d4-bb62-d37ecb91f432,American History,4def812affad9266dc1e0fdd0c9f49900127ce2573a07c37d5fb4ed8275aa7fc,3935
bdc1b207-8bad-43d4-bb62-d37ecb91f432,American History,f3a9b3d132df6731d09398c2167293dc9a9f1286e9ce232d6bdcd477c51fc937,3936
cc51b207-8bad-43d4-bb62-d37ecb91f432,American History,80581fc51f1887c11f9974a05e14ed80da5bdde5d148ddbf4a6bc2fd6834d3a4,3947
bc51b207-8bad-43d4-bb62-d37ecb91f432,American History,1958125cefd182118229397498dd6de5cfe22f54bdd6d499523ad2da11bbd545,3962
bb91b207-8bad-43d4-bb62-d37ecb91f432,American History,d2fde71f4a5af96114660829f9b070ca061d9eb2d2d71e5a0ddcb5bbb4cfe25e,3974
d241b207-8bad-43d4-bb62-d37ecb91f432,American History,8785775444eb64e9f34fec1cf15292f45706e0772671ed1383b4112455c4b02d,3993
d671b207-8bad-43d4-bb62-d37ecb91f432,American History,c661046aed8d1b2f1451d5f9a96a19306affc9486cb75f8f27759caa87395b51,4001
d061b207-8bad-43d4-bb62-d37ecb91f432,American History,b6f2ed3a893c03de068809ad238f37315d3e879d8f7d8e542f989edf5713a5ef,4009
b7f1b207-8bad-43d4-bb62-d37ecb91f432,American History,91a1f390dac2d78814481fc8ba0afa5e791f3c113b3c5dc5b7e80fa8b5ea3754,4023
cba1b207-8bad-43d4-bb62-d37ecb91f432,American History,e384f9fb992a2056fde422eecd91733f182fbcc45774c40670ff8f01c4c79599,4024
b591b207-8bad-43d4-bb62-d37ecb91f432,American History,26dc094d903ad4f9124e400b4ec367e5cea97007264f50aaa289fc770c8bf9b0,4029
bbb1b207-8bad-43d4-bb62-d37ecb91f432,American History,513507edb8173f2b1a874ed05e3e54460006e0219eed2f40047bfa171c64b885,4043
cc01b207-8bad-43d4-bb62-d37ecb91f432,American History,80d4d1e6050d0185f8d5257b8b90cbe6222526ce74e1ca8d26d166d75c1e74a5,4056
cc91b207-8bad-43d4-bb62-d37ecb91f432,American History,5e0c4b72ee8ab491fbab4f9aa72c135f5c04ed716143eb70e6f83bd88c82e4d7,4057
bda1b207-8bad-43d4-bb62-d37ecb91f432,American History,2e645860314a9526c711222af862ddbe8f38dafa35d3b3a196ed536206191998,4078
d1b1b207-8bad-43d4-bb62-d37ecb91f432,American History,e4cb2b46760dcffda72e27c86a2b07d6e9d6c01e732b9569a8e0466b1098c825,4091
d5a1b207-8bad-43d4-bb62-d37ecb91f432,American History,c5def2062dcfe624460b12494f57920e500787c087c7e84fa66dc7baaa676395,4126
be81b207-8bad-43d4-bb62-d37ecb91f432,American History,9e38f7eb37956ab429ada8ccade5677a763ff7b3558050381c9effc6c44f3af7,4133
ce51b207-8bad-43d4-bb62-d37ecb91f432,American History,af773facad81a77b70c5ad09f99e6efa24febadbe98e3d959d0254700d57eccb,4144
bb21b207-8bad-43d4-bb62-d37ecb91f432,American History,50e2709a1509358ff22951cea38f1fd59a561f45dda92dd0cde310a9eb174132,4152
ce21b207-8bad-43d4-bb62-d37ecb91f432,American History,6e35e1cd97feb7ea35facf36ad006662b9be4e482c901b9257a5a644a83846e4,4153
ccc1b207-8bad-43d4-bb62-d37ecb91f432,American History,e0ac51e04560437bbbc6178d018c4ad255dbf9b7ed32dd2d525607421fa427f6,4161
bbe1b207-8bad-43d4-bb62-d37ecb91f432,American History,da253fc530425c0342e4045c0eee0e94aee6d6deebbac895e6688b8edb846c6a,4182
d261b207-8bad-43d4-bb62-d37ecb91f432,American History,b9a13970d3b100156e07c81e05cc796b1abcbcecc07528d2165d1c2ac63137a9,4220
bb71b207-8bad-43d4-bb62-d37ecb91f432,American History,4bd19c4c739e107cd2e5ba2f3d201494004ebf5410a09321b9feeca9ec334c2a,4261
bc61b207-8bad-43d4-bb62-d37ecb91f432,American History,ab7e7befdd9db93637946374aba216e998b2d4f1552b85ceac8c8d9ff2bd93ca,4273
cd41b207-8bad-43d4-bb62-d37ecb91f432,American History,70aed9ce04e98893adc5be2b81b13934a9a4c5a8984177a0dff75cc8a7b26236,4274
ce61b207-8bad-43d4-bb62-d37ecb91f432,American History,bf64e423547d49d84b342caf7e44aff5664d2165f165a3945422a740c04b32d8,4293
d371b207-8bad-43d4-bb62-d37ecb91f432,American History,0eef48384af57aa36bac2489b5ed468a65f95362425d0716dc0d05eac7e1b77a,4332
cc61b207-8bad-43d4-bb62-d37ecb91f432,American History,c6d0cd1168730989198f97328faa5146fe9484af207dcbbedbbc976248f504f9,4417
b781b207-8bad-43d4-bb62-d37ecb91f432,American History,0353298ef9f96a91a095270e2144d0b0684fce23420508f918277e6732ed6650,4437
d201b207-8bad-43d4-bb62-d37ecb91f432,American History,0f43f96695629dab1bf074be0ddab4532d02fcf9c42a719456114b1d0094af82,4516
b921b207-8bad-43d4-bb62-d37ecb91f432,American History,29e7bbc7a9faf013d04f8e489099492601c4f879d317a913db5c4a90be2c0ec5,4660
d301b207-8bad-43d4-bb62-d37ecb91f432,American History,ab71dbe3d69073941e6a031f89847bbe2036fd55b19b5ac77d541b021748bb1f,4678
d171b207-8bad-43d4-bb62-d37ecb91f432,American History,564a67e341a39c8f2d975935104625d0b3bb8eed8819c3755926ad516ee5f958,4765
d5e1b207-8bad-43d4-bb62-d37ecb91f432,American History,89db21c48db52148face68ff8e90f1361dc79eb0132fd5bd0b67c8618f20142b,4773
d051b207-8bad-43d4-bb62-d37ecb91f432,American History,6890115d200c65e3ffd4996e69d365e519b5964b4b6c9861fb0432708237b1e0,4796
d661b207-8bad-43d4-bb62-d37ecb91f432,American History,2060f2b8f05b03eba5f701e6dfc96aa3ebdb1a4d8c1acd1c603a7a0af6f10904,4824
bf31b207-8bad-43d4-bb62-d37ecb91f432,American History,f63540e6e73b1200d321976fa6dade189111d571afce6dffcf01b1305db8423c,4846
bbd1b207-8bad-43d4-bb62-d37ecb91f432,American History,57cabce25c3fe2925bc22b118c656d50ca5f1bd93574c7e6d889ca8640053243,4879
cdd1b207-8bad-43d4-bb62-d37ecb91f432,American History,f9c18d8022bc0b7cf8d8eda8c48c327832c7bcc6ef563af9e3faa038ebe2a96c,4893
b761b207-8bad-43d4-bb62-d37ecb91f432,American History,e7e5817e5a68e3241195a389e78e58a4294ba4e6beaee4a54281764b7866d756,4953
b791b207-8bad-43d4-bb62-d37ecb91f432,American History,09dc2fe03ff95d78db6c9fd0be42fbd93606c18b1c4448502bee1ea520bffdc1,4954
ccb1b207-8bad-43d4-bb62-d37ecb91f432,American History,c2e244dd42c2961d4b62aab6d927768a7d1f97c7074a1fa0d548431f26556e6f,5085
cca1b207-8bad-43d4-bb62-d37ecb91f432,American History,2949abe1b825e6a1ca886f51c810bed7b0350a964176367f59285af73f01d7bf,5099
cc71b207-8bad-43d4-bb62-d37ecb91f432,American History,8dab986bea3631d96b91780f0d0bc227257b8dd32d664bec5a4973c505068f9f,5107
cb31b207-8bad-43d4-bb62-d37ecb91f432,American History,6f4fdff7e7f0007b17b5b445c63cda35216837fb6b94da7000a41655ead19cb5,5195
bc81b207-8bad-43d4-bb62-d37ecb91f432,American History,f3ded9c7936f989a9c8bc5116c2e1a9e5e820882fa17de16eb9cf820425cfc36,5204
d281b207-8bad-43d4-bb62-d37ecb91f432,American History,b4b45eeda31e8000b62ecc9182587423ba06d78199f36c47e04791e159d393ce,5205
d231b207-8bad-43d4-bb62-d37ecb91f432,American History,73585334012a7e677e39ea5ca40d67eb244d88da6f816806f6886047d26fecb6,5230
d191b207-8bad-43d4-bb62-d37ecb91f432,American History,ec61e2b0bf4adc3c6e918b614d014c5ef7b66630f5d215bd28dac2e5e5de5ceb,5370
b421b207-8bad-43d4-bb62-d37ecb91f432,American History,910b835013fb656906c1b80f0fc7cf02a09a318eb6b05705c0f230ccfd6a634b,5396
d521b207-8bad-43d4-bb62-d37ecb91f432,American History,8e65cca6efbda30a395e9b6d8da5a7827be90a5430355b26003f6d378801a7c9,5421
d641b207-8bad-43d4-bb62-d37ecb91f432,American History,2c58cbeeccbbd00434343e84f0ead14275d64849c6d5a1c4e50e7e63523b393f,5422
b401b207-8bad-43d4-bb62-d37ecb91f432,American History,21977a6936f14c4e35f6ea676e8f647510939d5dcf9eb4c9893c49e803e17eac,5439
cc11b207-8bad-43d4-bb62-d37ecb91f432,American History,8240275239fbce88e3f4b79a62cbc17408db8f683cb25d956f9c2df3c75e58cd,5498
d151b207-8bad-43d4-bb62-d37ecb91f432,American History,c5db907a8478a50ef7f3f455c8d02654e941dfb30d47871ca6baf62d9562b1be,5521
b911b207-8bad-43d4-bb62-d37ecb91f432,American History,a91deddbe5c5863d68bea1ccf1e987318a6db1e5aa3add085063d0c1c56d3aad,5533
d551b207-8bad-43d4-bb62-d37ecb91f432,American History,68be6520d4fc84548edbdd66ac57c4dac97807cbfc3eef425a1b87d4795ac892,5534
bc11b207-8bad-43d4-bb62-d37ecb91f432,American History,24584ff7045127cd07132eb118e1cd1a3ea438e0bf5b900b218e69383050cf33,5542
cb01b207-8bad-43d4-bb62-d37ecb91f432,American History,3b5447ef28d022ab5e6cf2f534ef1918e8b4965f667843ff89357ebaa7cb66eb,5543
bf41b207-8bad-43d4-bb62-d37ecb91f432,American History,527422c17c66763918fa299ddad776f3ef62d038d92ffb3a1b29b806d72f70fb,5586
cd11b207-8bad-43d4-bb62-d37ecb91f432,American History,8d8bad73a0f437b4c1ee0e2c440841008598b90dd838a8ca4bf552cb80ad4558,5593
d5c1b207-8bad-43d4-bb62-d37ecb91f432,American History,6136dee9340689a86881cfd0d281ad0546df585f9f373692fd2512011d6d52cc,5594
b7e1b207-8bad-43d4-bb62-d37ecb91f432,American History,7e386b44049e43f15ae9caca7c6889ccfc82133b8ae6aa53cc7bc9970132be25,5618
cd51b207-8bad-43d4-bb62-d37ecb91f432,American History,6e4fdbf9c2a6abf95a2d3716389a0de0333b48bd63410cedfbcd83919686a7f1,5619
d1a1b207-8bad-43d4-bb62-d37ecb91f432,American History,755b527de746a31c455288f545a3def3664a8c4a327f8fe2f20d8c4345923b83,5659
b431b207-8bad-43d4-bb62-d37ecb91f432,American History,270ce4752e7352c84a85901a1c06042372800e30c12b75b6ccbb2b86dec2901f,5676
cb41b207-8bad-43d4-bb62-d37ecb91f432,American History,d31fb6d8729a23eca52aebe3b5bee59b2867bdbc0992a9b01cc898ee6ccba8ba,5677
d2e1b207-8bad-43d4-bb62-d37ecb91f432,American History,a7529dbc09060837ea6264f8a6d2784718460436760a617cb6e1e40237a2e0c5,5678
be51b207-8bad-43d4-bb62-d37ecb91f432,American History,62fe631f870509895887ea15d804eb0b057772031dfd89806455070d7a0476eb,5706
cd71b207-8bad-43d4-bb62-d37ecb91f432,American History,c661b5a96ac9459a362237913e30333cbaf4a1f702bdc8f9e55384e1fef440ad,5756
cb51b207-8bad-43d4-bb62-d37ecb91f432,American History,af91ae98635e6faf3b24d517b0ab595fe372292047f1b222ac280f8084fa516c,5822
be11b207-8bad-43d4-bb62-d37ecb91f432,American History,a9f8dfc79dd4b650b49f2a17df18cf13ee9d5a1af176f12aece6feeaf3b96d58,5831
bcd1b207-8bad-43d4-bb62-d37ecb91f432,American History,a55af37b57121c83f493669500d7ee1012c6871e2337a300e6605c0581be9478,5885
cda1b207-8bad-43d4-bb62-d37ecb91f432,American History,20f81892f6393ffd4e157933e1a21c70a0ffb703361efdc9733cad32d68c552e,5887
d0e1b207-8bad-43d4-bb62-d37ecb91f432,American History,922cda9d956df48d7be13b83ea48a59498acee9d4ddf2ded9243671ac260a9c3,5909
d111b207-8bad-43d4-bb62-d37ecb91f432,American History,110ab2bbb5bc54e046a940674ee0a34a8be379d18203c55be089a488a63c0c02,5944
cb21b207-8bad-43d4-bb62-d37ecb91f432,American History,09c03872db38c0ea837a9a4bde0bc27c23887f87113ab39cabf3a8d24acd0610,5954
cbb1b207-8bad-43d4-bb62-d37ecb91f432,American History,75ebef27c503217893fbc670bc459f7a0de64b15ca3cadbd6c16c43f957e17cf,6001
d271b207-8bad-43d4-bb62-d37ecb91f432,American History,8daf88984650b3b4b45f3d3763d6896d5713a98c76087349b5ddc9a463236425,6038
cbf1b207-8bad-43d4-bb62-d37ecb91f432,American History,3aa8f208233b41028d228ac43021c9580a1a19694a2cbc04ce1f1e8838381c92,6054
cd81b207-8bad-43d4-bb62-d37ecb91f432,American History,dfed664594481bb0e39dc9e257cc16951c27ab680864eebc519599774a4e104c,6083
d5f1b207-8bad-43d4-bb62-d37ecb91f432,American History,70454df1143b93ebb352386d6ddbf1388a34a12a26e8338ee6980fbd08946a6a,6088
be61b207-8bad-43d4-bb62-d37ecb91f432,American History,7db2e0ddb5a67b58b1e36005a7b41be8dc9a49fab93025a85a40881a458a1278,6096
b7c1b207-8bad-43d4-bb62-d37ecb91f432,American History,cc448f7ad3956a0ec04c7409cd6c2f1f555881d20be0e3b38cc74d77f3840975,6107
bec1b207-8bad-43d4-bb62-d37ecb91f432,American History,b9b2b23af5e8341326e6c00dd49854dd6f598061e3dbc0a0daa5763c09e44e7a,6115
b7d1b207-8bad-43d4-bb62-d37ecb91f432,American History,427a25ed279749811abfbc49338298b19d883171e593b19a5ef945fa4949bd86,6156
cbe1b207-8bad-43d4-bb62-d37ecb91f432,American History,b2fd5d28bc07d32a07626fa948fd4cdc4d84317f0dfe1cae74c10dbfa2f28262,6168
b411b207-8bad-43d4-bb62-d37ecb91f432,American History,042f21669e23e269c8d566eb223c0819a842f78fbcd25171b94d1d5ba955e28b,6289
bb81b207-8bad-43d4-bb62-d37ecb91f432,American History,a8f5ac596d7bc5edaffcfecea85db0524ae00f22a1ff70b7646de6b9b6f7972a,6357
d1e1b207-8bad-43d4-bb62-d37ecb91f432,American History,93017bbece7b5f786cb2d9278fdb77581dfff63a883475693183ab2d8f05f421,6371
e391b207-8bad-43d4-bb62-d37ecb91f432,American History,6a8ca4ad94481dfc54bc455fad8f410858cf64e76044c85f5d9a7ee8ee208b1b,6426
cb81b207-8bad-43d4-bb62-d37ecb91f432,American History,e7b580721fd6cc7b44bb2eea8cbcb42c25b9e645a60ed4555ea8cbe3dac19e6d,6454
d131b207-8bad-43d4-bb62-d37ecb91f432,American History,db2e52c40f1340e10abb8201978b4e8b8797d78ff7a0f29b7f93e678eb8c089f,6472
b771b207-8bad-43d4-bb62-d37ecb91f432,American History,f1bfdca198008ef924102ce92ff590443686acc42f561c3fdc0a4c5715586088,6501
d321b207-8bad-43d4-bb62-d37ecb91f432,American History,f6ec2b336ae5d1ba0d0e33f84bd013418076784cb92e147d1b5acf500b860c2b,6523
d0a1b207-8bad-43d4-bb62-d37ecb91f432,American History,a9eea7a74dc6026b1d1a6ae0d6bcf92205b054065f2dd63832081c7411cae2b0,6581
d161b207-8bad-43d4-bb62-d37ecb91f432,American History,bfb8d0da25147fb46ad8dbd2ab8aae268c1e52cbfa79df7304bb737f3b013a25,6582
b441b207-8bad-43d4-bb62-d37ecb91f432,American History,f9e89c7bc6c22f5792d52452e5fa00cda6789699e987d1f223af70a5fd1d52ec,6622
d571b207-8bad-43d4-bb62-d37ecb91f432,American History,0200a7ccde51dce5fa229c7f91a3c51f14e45da26c434288594f1bc32c0e249a,6652
cce1b207-8bad-43d4-bb62-d37ecb91f432,American History,e7ba28cbc7f61b4add0478fd81f4ecaaa99bea6a764cbec947c057ce1b4920e7,6691
ccd1b207-8bad-43d4-bb62-d37ecb91f432,American History,a69ae884a44cb8664636ad0b2a78e92bc9ac210656ea54233f9008795ccfb7d9,6708
d531b207-8bad-43d4-bb62-d37ecb91f432,American History,3f8a1767631891afff5e379dc65044f2615a58ebd0d42bf9b6fe79ad46126db2,6765
b5a1b207-8bad-43d4-bb62-d37ecb91f432,American History,58edfb26d4d55c2cca91ff31d0ddbd10c1dfcc4fb29f2372f4b600b9980031e1,6796
d591b207-8bad-43d4-bb62-d37ecb91f432,American History,e74c52d9842c8e5535fc96c0c196223aad2715827452aca4b99fe039b15a4121,6815
ce41b207-8bad-43d4-bb62-d37ecb91f432,American History,54a8d3717087c2a59e781cf78111d27119090795aa1ae3a7a0e1106b56d6f153,6824
bb31b207-8bad-43d4-bb62-d37ecb91f432,American History,c1dd4bf9918707e0353e4362f44fb9217d5f1ef31ff4c044a480dceb95af6ff5,6905
d2f1b207-8bad-43d4-bb62-d37ecb91f432,American History,eef83a48ff6f2588fa79a56834b37f446f6d00539cb5df174c91952bb3fb5929,6906
bca1b207-8bad-43d4-bb62-d37ecb91f432,American History,dba35eef34259f20cd30cfb0f0257fbc37499a0164982741110c8869c8489fbb,6969
SOC.8.SS.8.A.1,American History,210b41428f9591b455193b401f8b5cbd09e02fd5d62a0d24a7fa2134e073b3dd,7005
202e2b67-8bad-44d4-bb62-d37ecb91f432,Psychology,6d7d66d8c9f8aafec3ec8a51cf7b036a6c9d54c1a8924da2e01360b01a5ac6ad,13
20522b67-8bad-44d4-bb62-d37ecb91f432,Psychology,87de06e2661d927f9cf178a60f2eeb17ea8a523d042b6af99625290a937e947b,41
20312b67-8bad-44d4-bb62-d37ecb91f432,Psychology,3ed6efffb955262f4c7288c57589d2e03b939baad6c29bbf6387951940cfbe83,174
20462b67-8bad-44d4-bb62-d37ecb91f432,Psychology,98e4d7d56a01af39cf46d93bc7fd78fc13dbe9d2adb0a68e3ccc4a72eb774796,305
200a2b67-8bad-44d4-bb62-d37ecb91f432,Psychology,9561f7f31132b4fd58ef2f5c774bf553ef468b9427ab0d76eb9f7a485f31b9da,321
20742b67-8bad-44d4-bb62-d37ecb91f432,Psychology,3cb5e614061d46789e2a9742d9500917eae93963ab11707f5736cc7488890f98,367
207a2b67-8bad-44d4-bb62-d37ecb91f432,Psychology,41aece5d038cb36d1c9f47905f61b8d37092d3a4db88e214083fbb388058e1f2,403
206f2b67-8bad-44d4-bb62-d37ecb91f432,Psychology,9a82d70f75d7d9c7606acb38116d8a0c1c95c2ae83fbb4f8981c0fee033cba8e,424
20972b67-8bad-44d4-bb62-d37ecb91f432,Psychology,4969efb482a7e99f4c940fa7168f373da369da30b88d586ad5bdf7726edeaa4d,449
20642b67-8bad-44d4-bb62-d37ecb91f432,Psychology,4c234d803dca439326c6d9c4600978c73a28401cdbc04ae85a81329d1ee5d6ad,500
209e2b67-8bad-44d4-bb62-d37ecb91f432,Psychology,95eee986a143a0caa120d13c737772c7c54c5cc9eb71d5b0763ab8d17ad108a8,501
20672b67-8bad-44d4-bb62-d37ecb91f432,Psychology,f3fb3a3971a3e5a8b10fdcbe0f8b2bedd19eabc8248f032d551a1731e2f31f6f,538
20942b67-8bad-44d4-bb62-d37ecb91f432,Psychology,1fda8b063f91f3668203a31c87494c60491f0fde93504616468efd7bcc339074,548
20022b67-8bad-44d4-bb62-d37ecb91f432,Psychology,a68c1cab52b38344a309bd5609881d4f38c4f7edbdf1d51d9c9afca76b2f1215,568
20302b67-8bad-44d4-bb62-d37ecb91f432,Psychology,a33b12e8e042847fb9f5207559e2a5ecc0de6aec3b2ee822337a4a2f258ade17,576
20572b67-8bad-44d4-bb62-d37ecb91f432,Psychology,ca53e3edece1ce96ea301570d3d7990c7a3921e87a38847729e6b85b55c38e2a,577
20932b67-8bad-44d4-bb62-d37ecb91f432,Psychology,80a956f821f3b251ab57d4e13a15091fe2345d89353cd9610aea791e542b97d4,631
207d2b67-8bad-44d4-bb62-d37ecb91f432,Psychology,0fc2fdd2a5e693e8cbebd8ccbe5728fef4d98f00e15c576584c5736161597e0b,656
1ff02b67-8bad-44d4-bb62-d37ecb91f432,Psychology,1ae7348ccdc838e11e23518d43e37a0e30fd8e4e205ff240b31e9b4c8491323b,692
204f2b67-8bad-44d4-bb62-d37ecb91f432,Psychology,d5473c918a40a17b0a3314f57868371cb6c508b126a1aa82676358b6c1d1769e,776
20792b67-8bad-44d4-bb62-d37ecb91f432,Psychology,27e760fb0ed278a01bbfd36b696dc4c29aeed959026db4e5c6265a0889ddc1a3,799
200e2b67-8bad-44d4-bb62-d37ecb91f432,Psychology,386aa9a243b2a9d35697b96117bdc26ebdcf930eb6a2f9f0ffd73ade9ab999a9,871
20072b67-8bad-44d4-bb62-d37ecb91f432,Psychology,c6e83ed8715c8dd56b1b79c8a5b58ea33dca997d2b7f6513f5977055fada4896,901
20b92b67-8bad-44d4-bb62-d37ecb91f432,Psychology,dbae860be39bf9daed270a80eb804d1593751cb9cfe3eded8e297bfaee3ebca3,927
20882b67-8bad-44d4-bb62-d37ecb91f432,Psychology,567d23c6ea6ba86d4718dfa43275d1117703d96f83199d7e3b808cac98bba2c1,941
203b2b67-8bad-44d4-bb62-d37ecb91f432,Psychology,a828a2061929ed8709ccda233db2192c1268a4bf0f28249ae271656cff3caf00,1054
205b2b67-8bad-44d4-bb62-d37ecb91f432,Psychology,3688e0a32c805253eb391b70f4ca203fc244b0518a862295ee6040e8ab9cbcd1,1055
1ff42b67-8bad-44d4-bb62-d37ecb91f432,Psychology,18621ad4dd4a9bf2cbedd5c34274d6e59ef5405bfe79a38e26739f32884a110a,1082
206e2b67-8bad-44d4-bb62-d37ecb91f432,Psychology,24b5878f01490979b70e9232a2520eee14827b0ced7015d0486dcb958b1544bd,1104
20092b67-8bad-44d4-bb62-d37ecb91f432,Psychology,2707d39263f5876eba5c2ff7cbdda173b45539ac679264966c6dcceea1fb7e9b,1146
20852b67-8bad-44d4-bb62-d37ecb91f432,Psychology,6a052240197bab241e716e3e7c5ab10c464e80e0abe032297c7ebd06371d9d62,1147
203d2b67-8bad-44d4-bb62-d37ecb91f432,Psychology,ff3f17ed1b0cb777fbce822f81da38bb8ad1f9475aeea0b099e3bf96bc0d47ca,1270
205a2b67-8bad-44d4-bb62-d37ecb91f432,Psychology,88e98d032a6a425a0f21fda763531029c9b26315dc71dac125b316489d798151,1271
20752b67-8bad-44d4-bb62-d37ecb91f432,Psychology,c55618ec17451b149e19426e6af7129e9ae16f0490fec5576cfc1f6a249ad773,1342
20782b67-8bad-44d4-bb62-d37ecb91f432,Psychology,faa9f0f0ce23f0a952aebc3244aac1bc955298f34886c0d739337c0755f9e626,1360
20b72b67-8bad-44d4-bb62-d37ecb91f432,Psychology,c6226cb15306073ea2560f62827c182b209e221b4ba3be19d61801028603f55b,1385
205d2b67-8bad-44d4-bb62-d37ecb91f432,Psychology,5c6f2c1cc3ff6eef1f4b3091effea55ac0f8dc013776ffa1e4d32d22c6436641,1433
20902b67-8bad-44d4-bb62-d37ecb91f432,Psychology,820aef9bac4b56ebba79c6a4761379a009da21ae1266ba7d8171e2ec99d990e8,1434
1fed2b67-8bad-44d4-bb62-d37ecb91f432,Psychology,ab44d94a1d27c638d5b5c9f01a937af09c0f7f4c25571634a25f3e5ef5909a4b,1488
20382b67-8bad-44d4-bb62-d37ecb91f432,Psychology,0f252c0918c844801c223bb57e03157f26c76840c6735aaf5594b5d26e69a05a,1529
208f2b67-8bad-44d4-bb62-d37ecb91f432,Psychology,8da274195cd3800959d51f81855868672a6d9752222533afcc1036f389ba20b5,1555
209f2b67-8bad-44d4-bb62-d37ecb91f432,Psychology,6779789ba3bc482f319ff9c05ac1cc57b9a3ab1e3e3b27b2d4e17654649707ad,1566
1ffe2b67-8bad-44d4-bb62-d37ecb91f432,Psychology,69e41646e7710f8da4384cf18b78e176543fe60a95c127788c291bf633cbdb26,1634
20b42b67-8bad-44d4-bb62-d37ecb91f432,Psychology,7839d9ccfba41b75f6587660ea2cf83b8f6a9c395da39c1197ab0ccba45fc04f,1635
20172b67-8bad-44d4-bb62-d37ecb91f432,Psychology,2b60750aeb7b0ca75dd76049d7244fa5335013a9725bdcd668cfdccc9f4ba846,1710
206b2b67-8bad-44d4-bb62-d37ecb91f432,Psychology,6543828fdccc0e05760b47ebc355891cd09499226098084bd03bbfb79920e133,1787
20a02b67-8bad-44d4-bb62-d37ecb91f432,Psychology,f4bbcd344800bd2117de4a2c00ef2ae8153b6ef96d1f29f7d3825ccf808111ca,1788
1ff22b67-8bad-44d4-bb62-d37ecb91f432,Psychology,2304e63f5ddda85c4ed6d0d8074b11f945c25bf806dc55ec8f19a2eee90c10a0,1931
20152b67-8bad-44d4-bb62-d37ecb91f432,Psychology,0c7cfcea654b44f0fd5d6b5a8755e293bf8b97383b25cc6da7f7729e0cf0c031,1932
20102b67-8bad-44d4-bb62-d37ecb91f432,Psychology,d1daca0b4c1c5314d734be2cbeafdc9b65c46c2b629c52ef3ce413926a790bae,1995
20452b67-8bad-44d4-bb62-d37ecb91f432,Psychology,66b13f6342b6af1035c56d0049e920d87f60128b7085e62298c0f09fb0576153,2027
207e2b67-8bad-44d4-bb62-d37ecb91f432,Psychology,a95c0fc68fa120b4fc42160cefd35d41ebcde500fdb026569e262948e82fb450,2028
20992b67-8bad-44d4-bb62-d37ecb91f432,Psychology,cbfc50fd6744b67578c3f828a90710693407d5c34084d69819c90d97946aa250,2039
206c2b67-8bad-44d4-bb62-d37ecb91f432,Psychology,ef7d03c7fa532b1b3f3d20e8009de304089f98376d3679ebb369bd12eb1907b7,2083
20a72b67-8bad-44d4-bb62-d37ecb91f432,Psychology,8ae3faa18eca787ce9df9f5b2e320a32d17cf32690837d30c256c4389470d169,2102
1ff12b67-8bad-44d4-bb62-d37ecb91f432,Psychology,1da712c608a9a0f2662d84944b4539a72006a2737191a244843abaf550970f5b,2196
20a32b67-8bad-44d4-bb62-d37ecb91f432,Psychology,5d281ccb0f1ab2f4aeadc3f21c6f65248161a6dabd330d32c6f5f2c2f3a53295,2225
20582b67-8bad-44d4-bb62-d37ecb91f432,Psychology,f924cbc1e7c5a14b444c7d9f11f34cc9bd6be23bb3c7a74c9ec11bbeb0404e70,2244
20532b67-8bad-44d4-bb62-d37ecb91f432,Psychology,d61b31b7d06ec90e68efbf77e0bc19c87054c01c11f016bfe78ee143a11b8a98,2276
201f2b67-8bad-44d4-bb62-d37ecb91f432,Psychology,eab476f885aa529a2ebde2bf643c3d4dcaf77a47068ab58b290f1777cec4ee1f,2297
20512b67-8bad-44d4-bb62-d37ecb91f432,Psychology,031d947d0a8b1bbf092494e090715b27c381cb034037c4ff46f3ec6e9d4c124a,2462
20802b67-8bad-44d4-bb62-d37ecb91f432,Psychology,b6f7386f2e4dfa18fcfd6090dd7262481a140f066c0b9a6b1f5e28316b8eeca6,2463
207f2b67-8bad-44d4-bb62-d37ecb91f432,Psychology,f4e28ad3a59a67adc584917c744bf0142255f99c27dfb432d3a7cff7bc062beb,2529
20892b67-8bad-44d4-bb62-d37ecb91f432,Psychology,65f497ae0844d0fe0bf7b2449747c3a7a31abc0137e5dda15a36053474c4cf1f,2555
20712b67-8bad-44d4-bb62-d37ecb91f432,Psychology,6038b1925b161541dcbbb1a00e18b915d38dafcbbfbc153bf1290cb680c8f97b,2567
20732b67-8bad-44d4-bb62-d37ecb91f432,Psychology,d492ec5e18fbbd364ce58a6e2f72949ccef24104bee781cea6671873d4cf4b76,2613
20202b67-8bad-44d4-bb62-d37ecb91f432,Psychology,dae2d6de7764f29651b6f8917c5c82a4cb3865c088efc711237fe63ae22a2127,2643
20442b67-8bad-44d4-bb62-d37ecb91f432,Psychology,991f25f952d49d9aa36a214f817e976ff2f35d387c8fff6e81bce799dedc51f7,2644
20322b67-8bad-44d4-bb62-d37ecb91f432,Psychology,4cf457062fe186fbb91a25091a8f7de5cca107853c6a2c7ee9ce6461f41f115d,2651
20412b67-8bad-44d4-bb62-d37ecb91f432,Psychology,8a7d1547ac7ce4f1888e2c270e6cd9fd1de54e53e583cb0e9dc07915a26953b2,2658
20ae2b67-8bad-44d4-bb62-d37ecb91f432,Psychology,efe4b67431d7eff12a5bac304e5ff34affbf02f1f640a11041e978585a56532d,2683
1fec2b67-8bad-44d4-bb62-d37ecb91f432,Psychology,f3ca1a7ff9faa98e3550a6e7adcdffb0a53735031c2877d1019759e98c377011,2690
20862b67-8bad-44d4-bb62-d37ecb91f432,Psychology,2751d353fe917db0019e3d10810fa6a0c2e44cc03feb20343c23d346f1e84b13,2714
1ffd2b67-8bad-44d4-bb62-d37ecb91f432,Psychology,c1023f8d987afece5e212facbf082cca4ea5c2d5b93c198d1fb84942f03e5ac0,2757
1ff32b67-8bad-44d4-bb62-d37ecb91f432,Psychology,8f6edc357672d49e810078404a7962593324ee113a571bf040ef763abe05d5a2,2767
20b32b67-8bad-44d4-bb62-d37ecb91f432,Psychology,c0d85917e72d4710ac8d36cbf162f4cd79c220c4cb0a429a15d08de26e8200b2,2782
20352b67-8bad-44d4-bb62-d37ecb91f432,Psychology,4b80f60d41fd02af0af7a15f0ebec7d537be9da71368e4f53744e23e905627d3,2812
206d2b67-8bad-44d4-bb62-d37ecb91f432,Psychology,623efc4d0fe08cf15456a584e5e1e0ce8a15fe066da0743f110eb7b0acc464ef,2916
20832b67-8bad-44d4-bb62-d37ecb91f432,Psychology,7bf0b04939d2c4c27ee2f5ef863e541a40ca34ea86fdb42f8a6ede1a7fd7eb64,2939
20a52b67-8bad-44d4-bb62-d37ecb91f432,Psychology,cb370cc29c8d890bfeae9b3920fd9698bbcfcf801912fa1251792bee72069de7,2949
20b62b67-8bad-44d4-bb62-d37ecb91f432,Psychology,0b999a3adc0da136d8c2dbdf5ac1969735dabc29f456abf6716760fc0c330eca,2950
20032b67-8bad-44d4-bb62-d37ecb91f432,Psychology,6e2feba219b1f6a21353e83c30887e09f0b068c706fe0423f5a89eddfb84ac40,3063
1fef2b67-8bad-44d4-bb62-d37ecb91f432,Psychology,db40e6b8720efbd1c2a68447c217af6f5975a052f8c383caec051a201cab087c,3081
20142b67-8bad-44d4-bb62-d37ecb91f432,Psychology,ee5d0354697b28d0a8d377e55d2be9eba6d7dffe45dfc70eae2bb5f4384838d7,3107
20a42b67-8bad-44d4-bb62-d37ecb91f432,Psychology,b257468eef02b8bbe5c064cf066e6ea892bd574878fab1bb55d87eeacd5cefa2,3117
1ff92b67-8bad-44d4-bb62-d37ecb91f432,Psychology,b6dc27cc8f2d57c8cf2369dffc7cc1f624c16bbf499e0639a7c30e3b158e26b0,3164
203f2b67-8bad-44d4-bb62-d37ecb91f432,Psychology,b8c653c9c6e163f429da05284a8756086481175d9a6f661075b894676ad282ab,3188
1ff52b67-8bad-44d4-bb62-d37ecb91f432,Psychology,5c9b9cbd05822446a89ecf529ecadeb98bef91a9318785e57c1500a1900ec429,3237
20662b67-8bad-44d4-bb62-d37ecb91f432,Psychology,403c356b9e162e4700128a9ac5884e1a9a909232c670c6efec4f1ada300b3682,3238
20a92b67-8bad-44d4-bb62-d37ecb91f432,Psychology,d87fa7897a008a8865a152a73f2a1be34a116dea75f0b33663744e89165d4bf8,3246
201a2b67-8bad-44d4-bb62-d37ecb91f432,Psychology,2510c7e18b660b06a4771df8b79f97421eb043efaae9b331520283ec3f853f2a,3295
20692b67-8bad-44d4-bb62-d37ecb91f432,Psychology,5efa5c1678493fc854f3e3c9e53368ca22f399ce0c6e12e7f5287c40cb2c10fa,3391
20b52b67-8bad-44d4-bb62-d37ecb91f432,Psychology,1918d3dcc14972013a6085c7f5ff9f2f003cd7ad04749ca10851d200ee80d6aa,3401
20622b67-8bad-44d4-bb62-d37ecb91f432,Psychology,70eac5e62b94c78689eda698561abf457b397c1a2681e1a0d12ac831a9cbc54c,3424
20402b67-8bad-44d4-bb62-d37ecb91f432,Psychology,c0d33067a3772cfa2a5ee54d472ba45952c66460ca20651186ed29599d250699,3492
209b2b67-8bad-44d4-bb62-d37ecb91f432,Psychology,71df5b7bcf098ea9fa3aac78c2dfcfd7c7c168922aea3cd43f20b413d0324322,3512
1ffa2b67-8bad-44d4-bb62-d37ecb91f432,Psychology,5a17cbf447dba08de58552313f33ff2215a0976aa7782470ba19b43ee77beb0e,3687
20772b67-8bad-44d4-bb62-d37ecb91f432,Psychology,a78e4f0123bc5f4e7cb6f70a88ef260a6ad4f0a6991e705077e9676d958a27cb,3733
20472b67-8bad-44d4-bb62-d37ecb91f432,Psychology,d9f32fbfde3110e157d25ebc6dd9440747ed9943176bb7d0e5ff89ffbb09a98b,3737
20082b67-8bad-44d4-bb62-d37ecb91f432,Psychology,5d42110d7d9c94b8ca970c71089b9534aeecdc6c8eb60b1614c496c96e4d32dc,3756
20722b67-8bad-44d4-bb62-d37ecb91f432,Psychology,6d853d4bfdc0383f5d9b5a41a3766d2e8e7750a499d6e385f8c451a801dc2fd6,3776
20982b67-8bad-44d4-bb62-d37ecb91f432,Psychology,1ad69afcbcaa1a950769b8033bf235f10a31fdb480ccb21c4c8976eeaa5f0bd1,3777
20242b67-8bad-44d4-bb62-d37ecb91f432,Psychology,2d7beb7d83bc910039988bfd903638c2516d5b097c23b80d5551a8ae692863ab,3805
204c2b67-8bad-44d4-bb62-d37ecb91f432,Psychology,8ca88a1bc388cc18026faf6bfa64d48225d10444acd442c70dfccf086636e82f,3824
202d2b67-8bad-44d4-bb62-d37ecb91f432,Psychology,c7d006e5b74b239497feb1f0a945f30dbbd6e6d81ca8fb77e21efa6614af496c,3834
207c2b67-8bad-44d4-bb62-d37ecb91f432,Psychology,b6b931846c134c7e6546a7de1a08d0b4a87893d6a49b1a7b4244a7cd77c00281,3835
20872b67-8bad-44d4-bb62-d37ecb91f432,Psychology,95333853a0de8d4b6c1e580a197048e1c8ee8b5de6243f92ca4f4f1c95c09365,3868
20a22b67-8bad-44d4-bb62-d37ecb91f432,Psychology,cd4b48a62d2ca3b3b4dfa95e11e8e5c1908c7319d7c564a0eaf93aec23e7bb5c,3955
203c2b67-8bad-44d4-bb62-d37ecb91f432,Psychology,0f1c134643caf38dc07e5380c3d379d3ce54f2f41fd26c8e61cb60e9b0aaa869,3970
207b2b67-8bad-44d4-bb62-d37ecb91f432,Psychology,0ba5695e33c277ceffbe59d5300156821336bd6b32ba318fa8fc68c2adf94d8c,4037
20272b67-8bad-44d4-bb62-d37ecb91f432,Psychology,b81ee4799ec53b654e02e1643d00745a51d62ae15756cf48911193e31fdf6ba6,4088
20182b67-8bad-44d4-bb62-d37ecb91f432,Psychology,4b4badb15f584df8499118a4e5f258aa8be78771b8c4fb077d626cf7b4dcf14a,4119
1ffb2b67-8bad-44d4-bb62-d37ecb91f432,Psychology,d289bfc335341398aa94078306996c6a5abba770c0bd5fe884eebd5d5d6b4b84,4136
1fff2b67-8bad-44d4-bb62-d37ecb91f432,Psychology,6ca59d3f13849328827d0faacbee4ca1ea02bb8ddc6f5a6214baf7d7b7a692c2,4179
20822b67-8bad-44d4-bb62-d37ecb91f432,Psychology,9c161b664bc8ac081b3e95e2a4a0d7c3a1a8e1bab9aaf56160222796f25efca2,4205
20112b67-8bad-44d4-bb62-d37ecb91f432,Psychology,5701f39a40548eba43f1bf45423c0dc77a17dec875eb2a08da1b86587fa10327,4224
20212b67-8bad-44d4-bb62-d37ecb91f432,Psychology,fe5c1a727610aaf93d8f13c8aa551b99471385ed959657d34b8d73f989900da0,4267
20282b67-8bad-44d4-bb62-d37ecb91f432,Psychology,1ae5341670eca3b63b6eb932ee8f402a7b85e19e0ddb7274ac054a58e61e0cb5,4356
1ff82b67-8bad-44d4-bb62-d37ecb91f432,Psychology,0d079169a802ca2583cc63a531c9d379a97ed7931b9e946b46703c4ef9953116,4372
208a2b67-8bad-44d4-bb62-d37ecb91f432,Psychology,e6b1e151956af9825c37b6479b3ef599b5ced12dbf81b7c124b9341aec817f92,4396
20052b67-8bad-44d4-bb62-d37ecb91f432,Psychology,6cdb685f2a6e2142e0ee2f15dfeaaf14625a01f14f906fdd4eda2c79de81ad64,4408
20702b67-8bad-44d4-bb62-d37ecb91f432,Psychology,c97042210d62d195011e9dcd1d8efdab0c343cab574906e4fa43aa44b62985f7,4409
202a2b67-8bad-44d4-bb62-d37ecb91f432,Psychology,8dd927c34e4a9716eb8c3f2c63aef8f82499bd6a7148c3634e359550cf77511a,4474
20392b67-8bad-44d4-bb62-d37ecb91f432,Psychology,56754cb260f28ff24cd1db45f24c7a59b1d514eff486e8fe6f3fb2792fe89b76,4489
20132b67-8bad-44d4-bb62-d37ecb91f432,Psychology,eb4447fe48e4b406e8a6b02ec1656630bffab350eabdf58b9e347a4fe741be38,4539
209a2b67-8bad-44d4-bb62-d37ecb91f432,Psychology,2e83d19d4dc6efd5b0c74f9d8788812985c1596a8a7039e99d82dbf5dd716937,4552
20af2b67-8bad-44d4-bb62-d37ecb91f432,Psychology,ccfabffe625ae48a8c8cb861e840173eb14ee4b6f50203b7e0cbbf3301db0f6c,4640
20b82b67-8bad-44d4-bb62-d37ecb91f432,Psychology,c6fbd40ac79aa84746bbf23eb91937caf86fa66362de191d4dc8553ce42a61cf,4649
201c2b67-8bad-44d4-bb62-d37ecb91f432,Psychology,bf1864a9288f9c56a6ef04bd4a2691506345634cf251ef8467d1af579af7aef4,4743
20062b67-8bad-44d4-bb62-d37ecb91f432,Psychology,88cef6b1adcad8473ded6a44e0427253980abbbfaa119b303a2e1cca02b6595f,4754
20b12b67-8bad-44d4-bb62-d37ecb91f432,Psychology,332edfb5b96b25464254451987a22d5121e88d6859fb34d182d6b761d9fa2b26,4755
20162b67-8bad-44d4-bb62-d37ecb91f432,Psychology,2b35c1c1905143a00c1cb9195155138d16800931e70fdbe9d14e79d0882c1201,4779
206a2b67-8bad-44d4-bb62-d37ecb91f432,Psychology,e742e8159bac0a0a1e11c1c9bf703e05acc1faa8b06a9f7e547adc5dcbbd4588,4780
20262b67-8bad-44d4-bb62-d37ecb91f432,Psychology,dc68bce2077cd8ef8d288470bd9343b085a6c4f5bb752deb331930c2884e600e,4808
20ac2b67-8bad-44d4-bb62-d37ecb91f432,Psychology,130c86ae7f896fa9faad3e85abad80e09ea53d458ccf4f325156f89ae51dd587,4829
20912b67-8bad-44d4-bb62-d37ecb91f432,Psychology,a1e01e05222254cd26148f06aba7e7121591cad27905c861d46f2541c057b476,4866
20bb2b67-8bad-44d4-bb62-d37ecb91f432,Psychology,dbea09dc1311cf3252585f290d32b04221e159770e66e04056c8cfb8ceffa7cb,4867
208c2b67-8bad-44d4-bb62-d37ecb91f432,Psychology,e1f959d7a4be29cfb36e3abf0496ac6dfb8fc26e9f05bf7416a9be54c2417895,4901
20762b67-8bad-44d4-bb62-d37ecb91f432,Psychology,0bd1124e9fa7da59804bf74075a08d55d2efb5842dc2bb2be4fb56c17dc8721a,5000
1fee2b67-8bad-44d4-bb62-d37ecb91f432,Psychology,cb60c13cbb1c0084841cd18ca259340f445d1a26c2ab2b5b6098fd671efd680b,5027
20372b67-8bad-44d4-bb62-d37ecb91f432,Psychology,d93b9fd2970aaf3b1ec8e1a2284d6dc4420a2ed63e8ec21f6884c08ac8874b64,5041
20502b67-8bad-44d4-bb62-d37ecb91f432,Psychology,6ff8be2b18add3bd5ec3382a92de5ddfa6eb3756963c0278f69250edbb7ad9df,5066
20042b67-8bad-44d4-bb62-d37ecb91f432,Psychology,e909f030ebc3de12c6c60fffbaf58418975aa568d11c4c9cc5b2467451f3d945,5073
20562b67-8bad-44d4-bb62-d37ecb91f432,Psychology,4b540f6a708ad37128e4c2293073e7990e0bfeaee1f06c2aef165605544cb46b,5094
1feb2b67-8bad-44d4-bb62-d37ecb91f432,Psychology,40b04f0a4baff49eab4c81b48c6cd8581d6430e7af209fba189733f9df86346f,5105
20952b67-8bad-44d4-bb62-d37ecb91f432,Psychology,23ab1b247f2579eae2baf510ca0d09b8a5b799de5fe78d329f216a914fa39009,5106
208d2b67-8bad-44d4-bb62-d37ecb91f432,Psychology,777cdb9189787ec3166635ff143631c207a37fd683825bc4cc773e4430f425f6,5110
20222b67-8bad-44d4-bb62-d37ecb91f432,Psychology,25ff2111e096b36d3c0a02920a7d09ab9170adf4a675e9ae5b231667c193fec0,5122
20542b67-8bad-44d4-bb62-d37ecb91f432,Psychology,2618e8d7f6cbcb4093e5d4e3bd359560a874ceed58a5afa17feb02d70823cce0,5160
202b2b67-8bad-44d4-bb62-d37ecb91f432,Psychology,42303c6121c9db76b97999d5834b4cc387c394d1f88ff7db9ff1ea64714ea4f6,5223
203e2b67-8bad-44d4-bb62-d37ecb91f432,Psychology,b84d14f153520cb71f1b93416a5f2bdf4205dbea3e49882fc896c88999d44a86,5224
20a82b67-8bad-44d4-bb62-d37ecb91f432,Psychology,bc35f22435b27011f04f7cf273eda767d1de91fe723603d99b7b01e040db7781,5225
202c2b67-8bad-44d4-bb62-d37ecb91f432,Psychology,79e1daa5180fd4112c18f24a195d29256be513349303439ac9d4b04e098eb03f,5253
20122b67-8bad-44d4-bb62-d37ecb91f432,Psychology,ba05cec6986c6a262a53f56678c1f267a7344a67d677b26271fa74ac3c3b38f3,5298
204b2b67-8bad-44d4-bb62-d37ecb91f432,Psychology,c484838bcde12395a773ee2a5eea3444f2f098ad1da7a5c01a0be41eee5812c2,5312
208e2b67-8bad-44d4-bb62-d37ecb91f432,Psychology,12c1f9aa8a49b199b6502e95c2694c85834a3930fd26de2fb1501cbc9446920a,5379
20342b67-8bad-44d4-bb62-d37ecb91f432,Psychology,b0f6db995a8e777989300ef97645c6a034c00df6fc5939498bd72d661e065f40,5429
201e2b67-8bad-44d4-bb62-d37ecb91f432,Psychology,249894382e15c536f1ca2135b0545593cb6d8aea5511cb2ca6ca9715f288199d,5442
208b2b67-8bad-44d4-bb62-d37ecb91f432,Psychology,de1f87b44a741188069a2fa3af1fac4d7591b57cbd997484a692471fc3337250,5454
20552b67-8bad-44d4-bb62-d37ecb91f432,Psychology,e61bb2a229c94dc83205d7122129b59ab29caca1fe834843fca9a1194e3fc0e8,5477
20962b67-8bad-44d4-bb62-d37ecb91f432,Psychology,0454a14e7e77bbe8c280a31207b54872e77f46cf6aec63f4a485f882709d3672,5528
200b2b67-8bad-44d4-bb62-d37ecb91f432,Psychology,b3f019938100d789eef95c66e5d06d97fe3e157c506397ac354cd2e76509074e,5584
21052b67-8bad-44d4-bb62-d37ecb91f432,Psychology,50110447f7955c4ac34040ed57e00b5c7afa87725178135298af85e5d536e66a,5599
20632b67-8bad-44d4-bb62-d37ecb91f432,Psychology,3723858089f436dd2b18aefa78a6228f4a1bbe3224c1cd0e5fde9b227f659c8c,5687
20ab2b67-8bad-44d4-bb62-d37ecb91f432,Psychology,a2e78731b82616e3c3e251c68c95c900f38606af75816f3d625e0cf54a7bb2b7,5729
204a2b67-8bad-44d4-bb62-d37ecb91f432,Psychology,34f64a10d468745a826e2ad0310c7c224ae7897881797f8d24c76f289138018e,5783
20812b67-8bad-44d4-bb62-d37ecb91f432,Psychology,3586c0002ed224779ca1ef64c3bd194de19633e07c19490ebfc84df36953ce71,5784
20a62b67-8bad-44d4-bb62-d37ecb91f432,Psychology,a490c9809130d8f30dd42cfa2972791d52b5ded57083a88605f87e113d254e2b,5792
20232b67-8bad-44d4-bb62-d37ecb91f432,Psychology,f5bfa1c5882e570b34608b2b9190e00c2f168b495f7503c4a68cb1b24966cf7f,5807
1ffc2b67-8bad-44d4-bb62-d37ecb91f432,Psychology,ae3b5b95f32893be160797bded434c64f25d226222c80dba60a67294035fed82,5899
20252b67-8bad-44d4-bb62-d37ecb91f432,Psychology,f5d8ebe5dca5b5fe6a89ed9d8a31ffa7aac08ccabb759127f343a2696b55a4f3,5958
20612b67-8bad-44d4-bb62-d37ecb91f432,Psychology,80eb5ed2f529abfad2f12c0f8a2fbae0c3182a277ddbf7a90895c093d1e97631,6017
20002b67-8bad-44d4-bb62-d37ecb91f432,Psychology,14507155c29b2769b218cd4a3ca1d582a59473e95fa6c5c32d031ae4863a1739,6085
203a2b67-8bad-44d4-bb62-d37ecb91f432,Psychology,524aefbdd8666cb41bb7f4fa20df3bc3e15bd609a146b4e0c6650644504b6bf7,6093
205c2b67-8bad-44d4-bb62-d37ecb91f432,Psychology,4dadfc93fdc2ace39ed3c3c47df93a54f5a28d40029e749f82eb07822db15b6c,6110
20922b67-8bad-44d4-bb62-d37ecb91f432,Psychology,4ccb277d86b72b0436bb7787dc33908eb4343beb287e0e249ff4b980bb22bf3b,6251
20482b67-8bad-44d4-bb62-d37ecb91f432,Psychology,54c4ea63661a6a66985e6cc79a7d399c4523953761ef924399c0ec2f7d27cbc1,6274
20ad2b67-8bad-44d4-bb62-d37ecb91f432,Psychology,6ae83b009f5a8eee0bd78c94255a204f44119faad85c4aeae070f7827a084cd9,6302
20652b67-8bad-44d4-bb62-d37ecb91f432,Psychology,30ce5553fd323aad13faad978999afa3b65bd3190e296d941a3be2e434ca59cf,6354
204d2b67-8bad-44d4-bb62-d37ecb91f432,Psychology,98edf05b36d46a814cba7571fbea12b77ee95555b143bbf0634131dcf9d06170,6431
20012b67-8bad-44d4-bb62-d37ecb91f432,Psychology,e41b0a2d76695348a4e56769958ec5f4a61d365bd59fe57061139dd56710234c,6449
20332b67-8bad-44d4-bb62-d37ecb91f432,Psychology,763a64804d2f06be8bea6347d6a01ba324a14f1b1a6cea2ea1ee06a627dbe390,6476
20682b67-8bad-44d4-bb62-d37ecb91f432,Psychology,755aa42e4671e351a0a9c13677685a7a87fa6fac31c3049c3a23e4e92941cee4,6477
201b2b67-8bad-44d4-bb62-d37ecb91f432,Psychology,3d2fa603cf6986c8ded00ea05b06c5c6f959b8849032016f2012fc12d40eeb4d,6498
200f2b67-8bad-44d4-bb62-d37ecb91f432,Psychology,a3ff1a2e430b899778ac8b8b80792bec80db6d9c8386423e27db96b8c43be6ae,6510
20ba2b67-8bad-44d4-bb62-d37ecb91f432,Psychology,f856a8f7728fcdf8f3b485f70b75d5b79a73465e3c11448046e5c917339aeadd,6550
20192b67-8bad-44d4-bb62-d37ecb91f432,Psychology,f2627f2ff220a8e9f35f3eb0516746298b5fcce849073fd684d80f6cc4a95a98,6553
20422b67-8bad-44d4-bb62-d37ecb91f432,Psychology,4ea45283181c8009c0b7024ecdeb32773a4d396975b7c58ff91cdfe5da776a65,6667
20a12b67-8bad-44d4-bb62-d37ecb91f432,Psychology,b8cf610f2d083d946b9a81801b5fb487057bc6e655d85986a3a2863796b6ebb4,6668
1ff62b67-8bad-44d4-bb62-d37ecb91f432,Psychology,bec3a1768f1bae322f0db9fee4a03c5ba35032863d329ce7868dd19e260c5259,6712
202f2b67-8bad-44d4-bb62-d37ecb91f432,Psychology,b9a1e094fa5c98cd3ca5099971c73a2f9142592b990b5bf723be2b7c1a354c88,6722
20b22b67-8bad-44d4-bb62-d37ecb91f432,Psychology,9c06da7a5178e791af78cad8a86e6ffee3a7d500538d92972f4a5fc93ab8cb0e,6723
200d2b67-8bad-44d4-bb62-d37ecb91f432,Psychology,db10660f8af92f6f9db581f041c43666aa84ae59b9bae8199483b252356f1a1b,6738
1ff72b67-8bad-44d4-bb62-d37ecb91f432,Psychology,85b062df201fa30f6959673b14d40a6389ab130798a00c7e44002f5ee85f325f,6792
209d2b67-8bad-44d4-bb62-d37ecb91f432,Psychology,a9816a2fac6413cd52dc7116eefd26c28aa2d46932f16fef93cf81dcd377be52,6831
20b02b67-8bad-44d4-bb62-d37ecb91f432,Psychology,61ae894f2d01bc3fe27991e7b046079cd6a7178eaba5b2fc14358bf7c13fc34e,6842
201d2b67-8bad-44d4-bb62-d37ecb91f432,Psychology,5af9af633090099e41554883d5029c346276edc855d59d1711e876dff1b98706,6866
20432b67-8bad-44d4-bb62-d37ecb91f432,Psychology,70e8ba1a3ab9133fdb871425167a282c964f922ae10f72c5f370a02058ad462e,6882
200c2b67-8bad-44d4-bb62-d37ecb91f432,Psychology,fc0fbfb73aadab8c35438b4aef988a074d877ee494448eeb107c769f1105fb2e,6890
20592b67-8bad-44d4-bb62-d37ecb91f432,Psychology,b64cd9bd7e3cbf4f2bea16f2fe22b1e6000ca8c32f6da94685c045ef9947d39b,6920
20362b67-8bad-44d4-bb62-d37ecb91f432,Psychology,14d1c0a187d0e1b7a2a1d24321392185639a5af99fc23d1d24e67b580f6d5429,6930
20492b67-8bad-44d4-bb62-d37ecb91f432,Psychology,d90cb662ce55d0a60b576a013af69ee60313b271baf4dc214dfc223646465c9d,6937
20292b67-8bad-44d4-bb62-d37ecb91f432,Psychology,b41bb1abe0ff7a5aca29c1e8116406fd1a6d1674c29d468fdb154b4a2dfa1267,6944
20aa2b67-8bad-44d4-bb62-d37ecb91f432,Psychology,371f86e434a399fdfb0f2ec5ea8cbd2f8b47f7d3c969e8323a8e37d3822e82eb,6956
204e2b67-8bad-44d4-bb62-d37ecb91f432,Psychology,b1268b2073b31b1ef20ddf068ccbccd4a8bff03713eecba4aa31b61af9d59f99,6965
11ea2b67-8bad-44d4-bb62-d37ecb91f432,Historical and Global Connections,bb08e786c37675e02fe227cc8c773a88f69380311d74676ed57c54d5b902f65b,38
f9c1b207-8bad-43d4-bb62-d37ecb91f432,Historical and Global Connections,2711548f490c995f8418f15851d57545e3ddf69a6e20c5fe62df16c57acd4fb2,128
11aa2b67-8bad-44d4-bb62-d37ecb91f432,Historical and Global Connections,2c463890c5dd291d5e7bdf53c0c59ad2c70b265d49cc08df986e5b7b87670609,181
114a2b67-8bad-44d4-bb62-d37ecb91f432,Historical and Global Connections,23b88eb542d9de950987417dcc5d478b8e89258c0b5ab1211aaf4de423bfeadd,241
127a2b67-8bad-44d4-bb62-d37ecb91f432,Historical and Global Connections,95490be173f548a5bfb582c41397670220153780967afe0a771f904d94b44f12,253
12512b67-8bad-44d4-bb62-d37ecb91f432,Historical and Global Connections,1372ae609c4747b617b136f79923a2a36de7aaf45d0400c473cd707d5df3552f,273
110e2b67-8bad-44d4-bb62-d37ecb91f432,Historical and Global Connections,98f21362e545141d58fa1224ad32529cc1a56cbc23cd1154093b162ddc1ef4c4,337
114d2b67-8bad-44d4-bb62-d37ecb91f432,Historical and Global Connections,c8f6217fc1847ca5b92c284b45d3719a01f9d8caa137fc90ccba9a3de9f9c825,377
124f2b67-8bad-44d4-bb62-d37ecb91f432,Historical and Global Connections,cd4d12822efd559ffaf7d652221133521c5910e2fe2e80c70c79dd3ca407bc41,419
fb31b207-8bad-43d4-bb62-d37ecb91f432,Historical and Global Connections,91f95c9c2b64972d5fd39af953d3e377f05b602fcfe9bdb574b773605469f9dc,428
10662b67-8bad-44d4-bb62-d37ecb91f432,Historical and Global Connections,38a0de99a00b07134d492134b2c53f996e80263134daf28fdfff04ab331905d8,544
11992b67-8bad-44d4-bb62-d37ecb91f432,Historical and Global Connections,b8aaa4c336360ad9b6ef39edbf5f3409b181ec780ab37b30e1032249b19ea283,652
11a82b67-8bad-44d4-bb62-d37ecb91f432,Historical and Global Connections,23edb0bfebb39f07177c814e15f4c3dc569468263b81fd1536214f6d665f52c0,688
100a2b67-8bad-44d4-bb62-d37ecb91f432,Historical and Global Connections,eb7af4b14ac5b755c2ebec155f44ed1e485d321a74baed13c27758316512389e,765
10802b67-8bad-44d4-bb62-d37ecb91f432,Historical and Global Connections,edecaee9df00906e64fa2c7dc81e9ec024997e9f8f999ae50b79b19f5c93327e,812
127b2b67-8bad-44d4-bb62-d37ecb91f432,Historical and Global Connections,45c37f753a97aaa2374f6d4df855bcfac0be051ec759aeaccd2cd94d73c5e7b6,825
100c2b67-8bad-44d4-bb62-d37ecb91f432,Historical and Global Connections,a6610e71c6e5432cd5d756a0a3751543382d4bbcbe25f82cf06f949f103da39d,936
fcc1b207-8bad-43d4-bb62-d37ecb91f432,Historical and Global Connections,f5664ae277259637e1513ce13a4b2d4296ba7b81b8a1744ec5485660a044b24d,958
11c92b67-8bad-44d4-bb62-d37ecb91f432,Historical and Global Connections,c24adf2b47eec2ecfaff1b9f8e81bcf0ca0d9d9008411e837d76b518ef740811,974
12a82b67-8bad-44d4-bb62-d37ecb91f432,Historical and Global Connections,bcef9e7b287fe5c77591e819fb0f652badb48fdeb362d67f5f00b84ee0c62f71,983
12fe2b67-8bad-44d4-bb62-d37ecb91f432,Historical and Global Connections,3ab14a6b81e1ba4f1e283a011de7c88023c34caa23dbf5cc0c7d960c0c369e2d,995
fcf1b207-8bad-43d4-bb62-d37ecb91f432,Historical and Global Connections,faf50a7dfd21cc96aa30bb051c9d2d76de9d043bcf0938fad21905663c0fd43d,1012
10642b67-8bad-44d4-bb62-d37ecb91f432,Historical and Global Connections,20d8e97539a7f6274fa4959690e2ce3d922ea0dd6aebaa14d74e91a7f65904e1,1035
10602b67-8bad-44d4-bb62-d37ecb91f432,Historical and Global Connections,cddfec667109cfe4bba5e0ec4f0644fc96c2f22af061a21f971565d8d5946af5,1073
10e92b67-8bad-44d4-bb62-d37ecb91f432,Historical and Global Connections,c2a8f53519fb268f4ba359f93286a027d75dd6001901ee73eb62ea0d4c75e0b0,1152
119b2b67-8bad-44d4-bb62-d37ecb91f432,Historical and Global Connections,c5a0bd0bafd5129131e9b340458307c91a045fd279ef248f71e5d2e1144292c8,1160
10c62b67-8bad-44d4-bb62-d37ecb91f432,Historical and Global Connections,94b70bbca0713ae03d1a91f6c8dd3ec23bd0faf891e4c80bcb0989433781e78d,1182
12082b67-8bad-44d4-bb62-d37ecb91f432,Historical and Global Connections,c3a2f10ef56bd2ec9f087ebccf21e557cfae413bf12e54f21c83995b8e51e9e8,1186
110d2b67-8bad-44d4-bb62-d37ecb91f432,Historical and Global Connections,c982a9441280b454c7e37736b389358deef5355570f624b3f07883a7450b6bc5,1406
11a42b67-8bad-44d4-bb62-d37ecb91f432,Historical and Global Connections,3670c56a47a026e80d1313acfefc8afc4be19a7d8c9c60ded244a536a9347d45,1430
f851b207-8bad-43d4-bb62-d37ecb91f432,Historical and Global Connections,fc01576c885d9d379a2713e6cbc24018cda1cc580aea87940eb9f7b2292ce47b,1445
12ad2b67-8bad-44d4-bb62-d37ecb91f432,Historical and Global Connections,77b7a368c5f2cbccbf1adec76fea2c190c059fd75f32d7e066c0847bb5a2ab36,1456
10342b67-8bad-44d4-bb62-d37ecb91f432,Historical and Global Connections,32c87a8e6434f77ad87d909d36dceca93c80a3283149851b92d24dabd640ecd0,1468
119e2b67-8bad-44d4-bb62-d37ecb91f432,Historical and Global Connections,cbb48f02cbb7a09c33c925373061940fb945e0f28529cc6176421e256c425c7c,1481
12af2b67-8bad-44d4-bb62-d37ecb91f432,Historical and Global Connections,b1d99a0ff20fe10cd872caf47889a8b1fc707519d9d553916d183b12de3ca08b,1482
12282b67-8bad-44d4-bb62-d37ecb91f432,Historical and Global Connections,efd357e4a7312d1cfaf55b7dbdb0e4138120d1f44551e30b73e8b6b6c2a5d7d8,1519
11492b67-8bad-44d4-bb62-d37ecb91f432,Historical and Global Connections,9510b7f9146ea5f93ced6682404cca8c3fbbe9b84c1cf05bfa18e01aeacb29f2,1629
100d2b67-8bad-44d4-bb62-d37ecb91f432,Historical and Global Connections,8e3589e8307cc8d5e446ed7fb342841da06e19ed9a909867ffdc7e134a2753c7,1738
11982b67-8bad-44d4-bb62-d37ecb91f432,Historical and Global Connections,63a659215af6bc77b4caeeaab86a323a3b97242e118a11e4087ad693350b1a37,1740
130f2b67-8bad-44d4-bb62-d37ecb91f432,Historical and Global Connections,2b6b8d3448ac2e2c77590d7d8003699e10d75d3bf03f57e3ae2a04c46a64f0d9,1769
13062b67-8bad-44d4-bb62-d37ecb91f432,Historical and Global Connections,7e5239365c85922e9ab896c2d84030bcdd5a22191904bd05618979ede9debc41,1780
fcb1b207-8bad-43d4-bb62-d37ecb91f432,Historical and Global Connections,e1e76ea9c7370f91fb7562de0f84410c3b6c759c5f77a97efb8e124efc49072f,1799
12b02b67-8bad-44d4-bb62-d37ecb91f432,Historical and Global Connections,44db5164dae8459c6f9275693fce4414b728ad8681ae41d79f2c81e493807fd0,1800
105f2b67-8bad-44d4-bb62-d37ecb91f432,Historical and Global Connections,583dd2f94452c699d3701ae1f1f3b14e47733bd1595680e786e23cf4fb98aaeb,1808
10c72b67-8bad-44d4-bb62-d37ecb91f432,Historical and Global Connections,476037f99e2a665831a6836664303c8f425f8301f36984f0d71d8108d0c78fc7,1848
12b22b67-8bad-44d4-bb62-d37ecb91f432,Historical and Global Connections,ed88945216ed3fd35cd6294a07100e88d4b369bb90073ab20e80878815152201,1865
11092b67-8bad-44d4-bb62-d37ecb91f432,Historical and Global Connections,3c0e0428d71a0927563bb38f30a7c3a0d00ad29a1f80899c6bd154b13ff28890,1896
11ab2b67-8bad-44d4-bb62-d37ecb91f432,Historical and Global Connections,9df447198204c20b1ddef2e5dd56eba61333ed4f11d36494cb61b145ad33d145,1940
12a92b67-8bad-44d4-bb62-d37ecb91f432,Historical and Global Connections,97723cd19ed3022956112268f7c3204266c3d4fce2b185d2bc99ead5d8d6707e,1941
11432b67-8bad-44d4-bb62-d37ecb91f432,Historical and Global Connections,7580a4720acfbf3b31590f9c953bdf2185b26f048f0d26cd40ea1b8d92ece0f3,2036
10312b67-8bad-44d4-bb62-d37ecb91f432,Historical and Global Connections,6092d3fccea9f44cb8585bd3a76f7384fa1dfdbd33eef8a36c8bec1a9d33e7a4,2080
11422b67-8bad-44d4-bb62-d37ecb91f432,Historical and Global Connections,fcb9db26f554a2808f6cbc8bac74153577ce2519ba978a58f4cf2807361d119d,2171
124c2b67-8bad-44d4-bb62-d37ecb91f432,Historical and Global Connections,38a1a585d72a6290abad7e4853dd6950beea2de2486287ce3a1d0b8d2b59e310,2172
10322b67-8bad-44d4-bb62-d37ecb91f432,Historical and Global Connections,c51989303d4c48324a0ef893046503cd49280a0bb2df46ae7f954f0ccbbe280c,2203
11a72b67-8bad-44d4-bb62-d37ecb91f432,Historical and Global Connections,ac25b2f9983bb7906c2d13ba5af4beea8d1f2a45168e69f956524922a1340a5f,2352
113e2b67-8bad-44d4-bb62-d37ecb91f432,Historical and Global Connections,1ab6853f94fadb63efe6e134b101eb4a1d82a3a891b3dd2988d671b9f807c035,2387
122d2b67-8bad-44d4-bb62-d37ecb91f432,Historical and Global Connections,b38ad65ec9d072e6cf79644fd9a4da65d445eb8a412e6feb0e5f658c584a6ff8,2445
11eb2b67-8bad-44d4-bb62-d37ecb91f432,Historical and Global Connections,69323c5e29c3abb16e53887d8cb0c6957c7a9a6fb22c15b8023755c9ba948efa,2472
12ff2b67-8bad-44d4-bb62-d37ecb91f432,Historical and Global Connections,557673339968f432f6d674f7aee5696a32bdcac278ff6e4cc7815437cf0107d1,2523
13082b67-8bad-44d4-bb62-d37ecb91f432,Historical and Global Connections,8945f81e276d5b5858a14c5f214b1ae43de8985bac9f93f8615760b805f01ee6,2541
10c52b67-8bad-44d4-bb62-d37ecb91f432,Historical and Global Connections,43eba614018cc3d6deb4c19b89c656f9f0709a65f460e5d8a293022939433f19,2548
11ac2b67-8bad-44d4-bb62-d37ecb91f432,Historical and Global Connections,7d992059541840123541116e05da000f6402b2451c58f746f7a1f2caaf79e8e7,2549
210d2b67-8bad-44d4-bb62-d37ecb91f432,Historical and Global Connections,fb16a367c43473fcda08ace7d40c051467ce66af65d0db4e876d008ae292cc46,2582
12092b67-8bad-44d4-bb62-d37ecb91f432,Historical and Global Connections,72bff32017ff881b3e4ffdcf316bf0e0afdc29ca2b1e71d7d59e50b1d3f14bc0,2699
122c2b67-8bad-44d4-bb62-d37ecb91f432,Historical and Global Connections,b5745dfe86e0760461bf996d7cbc27e364218148f1452c5a35b9845114b824d2,2750
12522b67-8bad-44d4-bb62-d37ecb91f432,Historical and Global Connections,2a653fdbccd15c6d73529ad8e2a3cd248bf6101e89a5f279b44a4249eb70a5fe,2751
10372b67-8bad-44d4-bb62-d37ecb91f432,Historical and Global Connections,89f3cead6fe8c4a3e68ae50e3916d1f5ff13f7632b99e1db5cfd31414edb9373,2875
11462b67-8bad-44d4-bb62-d37ecb91f432,Historical and Global Connections,6bc046cfc58c3b2c82fbb8f1675c9906cb6ab3d2123740cf02f4bca1392c2326,2941
10362b67-8bad-44d4-bb62-d37ecb91f432,Historical and Global Connections,452f1b3d853c662238368b8b0c7981143eaa083c7c3aa2bac2ae48d90c6c69bc,2979
13012b67-8bad-44d4-bb62-d37ecb91f432,Historical and Global Connections,eef1d21065f7cd522170d6ce3dff1d1ab306d8229694b261c128c1186f01cbee,3012
11a02b67-8bad-44d4-bb62-d37ecb91f432,Historical and Global Connections,483a85fa7e5fe4f8bb52da4569018373f3c78f5f80d01080d376fda8b0891712,3024
11a62b67-8bad-44d4-bb62-d37ecb91f432,Historical and Global Connections,9963531c3f9e5d3dd0e3819a5107c3c94327472f308f3b0d285aade714e852ec,3025
10c82b67-8bad-44d4-bb62-d37ecb91f432,Historical and Global Connections,58de1c3f5e53de85ea729382241c7d0d3b0329c0946204f5d6696d01e15f93cd,3057
130d2b67-8bad-44d4-bb62-d37ecb91f432,Historical and Global Connections,8daf5a2eb60abccb879c00e3620dc064108e1ee1f872695b9007eacfcc1db605,3059
13002b67-8bad-44d4-bb62-d37ecb91f432,Historical and Global Connections,aaa72ddb993afebd3a33358d79b4ceb24ff78adf51222878936c2da0023723f5,3116
100b2b67-8bad-44d4-bb62-d37ecb91f432,Historical and Global Connections,a9713b94f8ff2edd847fb27bcbdaf5a3291561462a8b4a1c3b459c506e0a2783,3147
11e82b67-8bad-44d4-bb62-d37ecb91f432,Historical and Global Connections,170abb8d25c3a099e934cca05ea73a072314e2ddab98ea94b37543669be53b81,3155
f861b207-8bad-43d4-bb62-d37ecb91f432,Historical and Global Connections,c495dd5efe4f201eba1426598178b177b4c1bf3e80b691180366aa8a2c1b1678,3317
124d2b67-8bad-44d4-bb62-d37ecb91f432,Historical and Global Connections,2babdd1b4002d3740ab9834580ae77eb80f0e23fcc1e4a70e4f9d4c04aca3273,3328
10e42b67-8bad-44d4-bb62-d37ecb91f432,Historical and Global Connections,74df9959a968493b366ba1b29ffdc48ac94adfa0840464cdc1822c7eedfadee8,3338
fea1b207-8bad-43d4-bb62-d37ecb91f432,Historical and Global Connections,ab4f7a16aa20a8f01a519919afef196d46a05ffbde84b2680b6560b4fdec60be,3375
11412b67-8bad-44d4-bb62-d37ecb91f432,Historical and Global Connections,96d46442488ef143002151054cff810339e8105a80509338fa9acd7eabb1465e,3387
fec1b207-8bad-43d4-bb62-d37ecb91f432,Historical and Global Connections,c6a72c5bddd68e876f6dd99b7273e4f83a228bc1a3205abe7d394b09f8480fd9,3404
10e82b67-8bad-44d4-bb62-d37ecb91f432,Historical and Global Connections,8349a9a5588d544f0d1660be4569a8fdb678908b507fc5737c98ffb99acf257e,3429
11a92b67-8bad-44d4-bb62-d37ecb91f432,Historical and Global Connections,3003ca4993a07396272a9ceed1f9fd10630063e05ba581ca0048c097c1c40f4a,3451
10652b67-8bad-44d4-bb62-d37ecb91f432,Historical and Global Connections,497b671a70cf576e721c2345eebfb951d70d01d88fdcc2b73046e858b4085316,3483
114c2b67-8bad-44d4-bb62-d37ecb91f432,Historical and Global Connections,bdab0834c483e1b16a9f1f16ac107196e676052795b5185fad89c0dfe39564fb,3508
11ce2b67-8bad-44d4-bb62-d37ecb91f432,Historical and Global Connections,adcba4b325e81552b9b4263648b9fc1e9d6670518a53bc32479f137dcd415f66,3523
f841b207-8bad-43d4-bb62-d37ecb91f432,Historical and Global Connections,5a44dd1f006f92296c7d823b72de931a5a9370f9ea1424e1b06caeb9c2444ea9,3592
10382b67-8bad-44d4-bb62-d37ecb91f432,Historical and Global Connections,a702dd7af2e17a9ca8f184e4b50b0936c58bf87ac8a3bbfdb5f9f02ed3fcbdc2,3619
11cc2b67-8bad-44d4-bb62-d37ecb91f432,Historical and Global Connections,321ea9403c2b2b9cf1c06167aba0edd1823086eed88a9155dc5d70b52dfa7db4,3627
119d2b67-8bad-44d4-bb62-d37ecb91f432,Historical and Global Connections,68ba192b272c071436a2dd1cdcad399b744984be9487a0acb5356d8da27f67df,3667
12762b67-8bad-44d4-bb62-d37ecb91f432,Historical and Global Connections,9adb3559724fde8674c91984b05b740043e8690b86decfdd3d3ee44a438bed63,3787
12792b67-8bad-44d4-bb62-d37ecb91f432,Historical and Global Connections,3812e6f1b04615d21beeca15cc53b638567e8491a7bde25ef794ffe77a97d843,3809
11482b67-8bad-44d4-bb62-d37ecb91f432,Historical and Global Connections,8fe47c517d24b28446be073f715de696f70b4d01bc0913ec70edef41a4891439,3828
10682b67-8bad-44d4-bb62-d37ecb91f432,Historical and Global Connections,e0405435eda498d95dacb0be52d0726bc19432ecc823f53d575c231d56eeaa2e,3861
fe91b207-8bad-43d4-bb62-d37ecb91f432,Historical and Global Connections,c5184b798199c9ecab959bf19df3a1071a1f8bff03201912f47d6ab559541880,3901
12292b67-8bad-44d4-bb62-d37ecb91f432,Historical and Global Connections,f34cf4e7c56422d46b1dd13b66506c6445fcc4f4b5f5716762c8d37c90b8c0c2,3944
13022b67-8bad-44d4-bb62-d37ecb91f432,Historical and Global Connections,e830749b55882a46fd482a65d81f7768583b734c0470c56f91ff810b8388bfa2,3996
10962b67-8bad-44d4-bb62-d37ecb91f432,Historical and Global Connections,f3493236bef8d7ac14d0cebcd1c5ad674a2718f344554313049d2fd3196057e7,4002
122b2b67-8bad-44d4-bb62-d37ecb91f432,Historical and Global Connections,dcbae80a3e21a82eaa42330807b233fde4776c50e8a87e99c8e09b3cb3866ab3,4032
13072b67-8bad-44d4-bb62-d37ecb91f432,Historical and Global Connections,413ed5085c84ff39111d1cd90129a642cccf2c11c34a3ce378ffdd055a10cfa6,4060
11ed2b67-8bad-44d4-bb62-d37ecb91f432,Historical and Global Connections,98d5255de19faff031c7a5909d66cf95650026775130deb3c7a59bc5e873bf96,4103
13042b67-8bad-44d4-bb62-d37ecb91f432,Historical and Global Connections,b8d1e15c812663b71bc5034a4592f9214e8864cc287e9d2727bc30e5b491ab80,4104
11e92b67-8bad-44d4-bb62-d37ecb91f432,Historical and Global Connections,9d16d936165a809c776152b5edbdc04a0b1c597450f6b2d5f84f45ca96f3f438,4127
10c42b67-8bad-44d4-bb62-d37ecb91f432,Historical and Global Connections,93f9c0747afe9b2976f4f60525ccd28d70773f8829a57cdf8395e4e6e95496a3,4198
f9b1b207-8bad-43d4-bb62-d37ecb91f432,Historical and Global Connections,dfa629850bb17cd2315fa48393d8f3571f98f5062af64347ecd48f094c2429b4,4242
12fd2b67-8bad-44d4-bb62-d37ecb91f432,Historical and Global Connections,bd3342fda2fb6bfd7bda57c0c761abd4bd99bb1d714bc9b6b61d7ed42dea1dd0,4252
10a92b67-8bad-44d4-bb62-d37ecb91f432,Historical and Global Connections,7528292e5599ef2bba10bcace3c8935fffd70719c678e7dca142308bf9a4be63,4311
10e32b67-8bad-44d4-bb62-d37ecb91f432,Historical and Global Connections,897722005fb7a6a62e3861412a18efff3876b67e76063f79569c82b50d316331,4312
110f2b67-8bad-44d4-bb62-d37ecb91f432,Historical and Global Connections,49a4bcc9fe20076a6633fe253ca26fe8479b4be1b08c0c7642c81555ed207b17,4343
124e2b67-8bad-44d4-bb62-d37ecb91f432,Historical and Global Connections,53eb323ae624f9b3841deb9a296c7a80664418c4d57695459fcce139d80dbae7,4352
10c22b67-8bad-44d4-bb62-d37ecb91f432,Historical and Global Connections,8172b1ee9e46413f70f165b120b7d1c875f8287b6151aa4363db2a7b6d1ecb29,4360
113c2b67-8bad-44d4-bb62-d37ecb91f432,Historical and Global Connections,cce5c0747801f20138a499ed70fd6feb628e74b7b0a1b837b00d273fa5b2a49e,4361
114e2b67-8bad-44d4-bb62-d37ecb91f432,Historical and Global Connections,60758936bddb7db12b454f12f9aded32c218b05c9cb0427fbe150a296eb591b8,4479
124b2b67-8bad-44d4-bb62-d37ecb91f432,Historical and Global Connections,91a2488579beb65090223f3339ec04af870371d2521238ac03201bb34c3c44c0,4480
110b2b67-8bad-44d4-bb62-d37ecb91f432,Historical and Global Connections,8e1bafbc26d5d4344bdc017e0518f396d41dff81505aad906b8bb435c2f76a75,4490
10932b67-8bad-44d4-bb62-d37ecb91f432,Historical and Global Connections,f97f44d56389ed70880274e0248290a8736aa9a0556dcc19527492f6793f8e31,4563
130a2b67-8bad-44d4-bb62-d37ecb91f432,Historical and Global Connections,7b15cce85ecd16f08d9fa1b19bf68f142adc85c05f32982053ddd4d2f94f9290,4590
11452b67-8bad-44d4-bb62-d37ecb91f432,Historical and Global Connections,0d7021569e65ecce065e6f971486413a7f8f1134797d478b33ae39f9759f1e24,4608
fce1b207-8bad-43d4-bb62-d37ecb91f432,Historical and Global Connections,eb7d5e49b5fb1b92bfde8fca30a0dc4e27965be0997fbfd33036f2bfd22089ba,4662
12ae2b67-8bad-44d4-bb62-d37ecb91f432,Historical and Global Connections,5313cd338b0ad896087855a65db1c60a7d11075859081e2a983aa997e324739c,4663
11102b67-8bad-44d4-bb62-d37ecb91f432,Historical and Global Connections,81434a8bc7cd8e4449c66ed2a4c5fcc6a6a709520d038dfb196114cbf6c4f6f3,4670
12b12b67-8bad-44d4-bb62-d37ecb91f432,Historical and Global Connections,7b812e96b87759c21bf8a50912d36d7a2bc79b167c7d2dac51a0faab03099e89,4671
11e72b67-8bad-44d4-bb62-d37ecb91f432,Historical and Global Connections,9e534ddbd5f2e7bc82eb4e64a06236ca6c9179b37227901af86ca0406a4b56e0,4761
10e52b67-8bad-44d4-bb62-d37ecb91f432,Historical and Global Connections,9b0550fb8d1da5bd5d5e79106ac3a4b7c1d3d1e1ec208f79fa6a64d43170b32e,4774
11442b67-8bad-44d4-bb62-d37ecb91f432,Historical and Global Connections,0ecb3952e81f8b0bd1e24bdaed20e04be0f241025242236f32b592f0a4c0c2ec,4783
11a12b67-8bad-44d4-bb62-d37ecb91f432,Historical and Global Connections,2785eb3e9236e81242f858b6a1e99e2210e7fed8bd57ca4bcf04846bcdab24ca,4816
10092b67-8bad-44d4-bb62-d37ecb91f432,Historical and Global Connections,a683cf655ea38a1ce7d3990f5c32785b0525423ad847f0d738317d3c44141d7a,4835
119a2b67-8bad-44d4-bb62-d37ecb91f432,Historical and Global Connections,c4c59a1184a3b96f8924c6ec3d04df2f8e717d517b32eb65421ba3e523548a6f,4860
119c2b67-8bad-44d4-bb62-d37ecb91f432,Historical and Global Connections,a2572c0dd42127d8ad328bf786c79370c3efbfd58fbec1c289796d308e2383e1,4894
103a2b67-8bad-44d4-bb62-d37ecb91f432,Historical and Global Connections,60a37d678a0d4164bdbffbcf74a41393a86dfb6bdedbd6a0fb5a991638c22e6f,4913
130c2b67-8bad-44d4-bb62-d37ecb91f432,Historical and Global Connections,2fb3cace1f8ca9a86de61a1c68b34d77ee58dcaa5a9dfdedee5bc07d775ae488,4933
13052b67-8bad-44d4-bb62-d37ecb91f432,Historical and Global Connections,0ebaba6dd6f49daba42dcad85382dcd6c111f4cd07f492989c834be608a70317,4947
11ca2b67-8bad-44d4-bb62-d37ecb91f432,Historical and Global Connections,c9a8c694007beca34ae59e49c83bb175c7c23cf6a0831bf03d32c5347f19ca86,4976
113f2b67-8bad-44d4-bb62-d37ecb91f432,Historical and Global Connections,e3f84a89b5ae7a41821b3ed508b65d34731f5d5ec575567aeb85b5e65d79b1a5,5017
127c2b67-8bad-44d4-bb62-d37ecb91f432,Historical and Global Connections,8de8d4a6ce80d272fed9bc5f2ca53a81e912be73fed83076ef0e88af27ee688b,5087
120a2b67-8bad-44d4-bb62-d37ecb91f432,Historical and Global Connections,cd196e06253bff75000be6c60afb4da25f2f0905288672c87aa0e1206636b819,5118
10aa2b67-8bad-44d4-bb62-d37ecb91f432,Historical and Global Connections,500c7acd4e1661e48b4d82251762ad813b8a753991a8db7c511778ef554d541f,5153
10e72b67-8bad-44d4-bb62-d37ecb91f432,Historical and Global Connections,53a72bae7d16e511f61a61da00fdb1a1277b60993ff70e4f9767f03c5664de8f,5280
110c2b67-8bad-44d4-bb62-d37ecb91f432,Historical and Global Connections,d5b39be8bbb306e667e5659b7d7f13faf1978723cae865e2fdb41969792b7892,5293
130b2b67-8bad-44d4-bb62-d37ecb91f432,Historical and Global Connections,d89ab7e005cd89f883b91ff6e80d2ae15a9c78e7482592ed23755e8eb63704b6,5347
114b2b67-8bad-44d4-bb62-d37ecb91f432,Historical and Global Connections,8fd1a6ad741296e00ec4e2b395dd766fdbdd6700b87923c5f2c4126996d4f1fb,5357
120b2b67-8bad-44d4-bb62-d37ecb91f432,Historical and Global Connections,10ca6e490bb03662e5ad6e5749258064feed910af43fa9912b974f3dfa97246a,5434
feb1b207-8bad-43d4-bb62-d37ecb91f432,Historical and Global Connections,8a5568636b0fd5e296db15a13394098e90de0584552b4bea18bce4cdee3825cd,5440
fed1b207-8bad-43d4-bb62-d37ecb91f432,Historical and Global Connections,d02332c9b6972dc3435d2028375fe1c4485984859e527fd997f2a44c3231d2e5,5447
10ea2b67-8bad-44d4-bb62-d37ecb91f432,Historical and Global Connections,81b7d755bde5b5c2b6b304e4a553eff097122c7ebcbb74a11277a62ecc31e687,5475
12782b67-8bad-44d4-bb62-d37ecb91f432,Historical and Global Connections,1fa54b2bd4330a9e3e81d441a8339561d12f07f57005f677bbf2548dc9f81a79,5524
12772b67-8bad-44d4-bb62-d37ecb91f432,Historical and Global Connections,e4fb22b2c5b98cfd76e23f9a4aa97cf895df5b2853cdbe6a35ba614e4dd3e2c9,5545
12ac2b67-8bad-44d4-bb62-d37ecb91f432,Historical and Global Connections,1ce9446fde802d4bff362b1b7c817244d2f9366b534c339d3d33a33393e55e2e,5570
11a22b67-8bad-44d4-bb62-d37ecb91f432,Historical and Global Connections,ced8d461f350c95dfb54c87be15cd28f5fa08056999a9c50c6098bbac839369d,5588
11a52b67-8bad-44d4-bb62-d37ecb91f432,Historical and Global Connections,d67b7ecea8f2c92c38d64dcece4fb03c226479feec147401264d4665be83e104,5595
11402b67-8bad-44d4-bb62-d37ecb91f432,Historical and Global Connections,ad93019378eb0d56930281af322a1d1aca4925a0f8462458ca6ec98550f961a3,5622
13092b67-8bad-44d4-bb62-d37ecb91f432,Historical and Global Connections,6d9f2f9d34ddf423ee7c92a0b10aee767c496f3d3a471e1deb49491a2b28bdee,5623
122e2b67-8bad-44d4-bb62-d37ecb91f432,Historical and Global Connections,10d9dc07b55fde82fb3ecc17c982b13102e643b2fbf9e598ab9234e957a19305,5632
12aa2b67-8bad-44d4-bb62-d37ecb91f432,Historical and Global Connections,ac8a98eb608caba51d8c0b0dae70205be591633bb6e9e0da67f81371c78a9e9b,5660
10612b67-8bad-44d4-bb62-d37ecb91f432,Historical and Global Connections,843d677483f5575f418427183867186392b4d78f4823219ce89e71465ccc69a8,5719
120c2b67-8bad-44d4-bb62-d37ecb91f432,Historical and Global Connections,9b0714894ab2dacdd83400f1f40b7ff918f49703124b4a7b5124a20ebad18fac,5746
11a32b67-8bad-44d4-bb62-d37ecb91f432,Historical and Global Connections,c898af07c204ca949e06240dc6d5ef9aa103605967cd4c2c51ead32d361ac6d4,5788
fb51b207-8bad-43d4-bb62-d37ecb91f432,Historical and Global Connections,8a7d08b7e7bc0ae52604930c93a6aa4f759d053518be5083f1ada27319cc3cd6,5793
113b2b67-8bad-44d4-bb62-d37ecb91f432,Historical and Global Connections,b6148f9ff9b7e94b637c20a90d3bfc8180b5ce9e4a3ff04d006dc6bd43e6a530,5802
fb41b207-8bad-43d4-bb62-d37ecb91f432,Historical and Global Connections,6d6ac2761a4f1a04549740a519950dfbc0edf7fbfebb9054c3a1b22ddb5fc98e,5848
10e62b67-8bad-44d4-bb62-d37ecb91f432,Historical and Global Connections,f2ea1057b9e4e159015dea81a1bf9571b710d21c350622f9202d61100284d024,5854
fe81b207-8bad-43d4-bb62-d37ecb91f432,Historical and Global Connections,e981f268de195e00b049f097343fea55b3f941ed8c6c5d678f994258cf514788,5902
10952b67-8bad-44d4-bb62-d37ecb91f432,Historical and Global Connections,c72c76726a5bd80a85b871099674e1d4999dd4edb66bfbbc8077ecf7df7894fd,5955
10672b67-8bad-44d4-bb62-d37ecb91f432,Historical and Global Connections,476be3dd0c37afc2dc768c437e3377d0cd538d5caaf839c39112fafa9fc7872b,6013
12ab2b67-8bad-44d4-bb62-d37ecb91f432,Historical and Global Connections,4506e4c6da6bb87eadd2a2e7a55faef6cb4ea4c62bbfdb218ca8101c7ac6dc2b,6014
12072b67-8bad-44d4-bb62-d37ecb91f432,Historical and Global Connections,bdbf131f1e65fda7880c32ea5e31b23eb786c60b5d62c0a455115991991526f4,6042
10ab2b67-8bad-44d4-bb62-d37ecb91f432,Historical and Global Connections,999610518a042fa386b0df446888b2608041a94c9c55d47a603bf3738496c42f,6061
10632b67-8bad-44d4-bb62-d37ecb91f432,Historical and Global Connections,a4a26c4bc4e18534d59466c1d5c648ee8ad2fa0e4b9681bfb66ec485e47cafb6,6084
130e2b67-8bad-44d4-bb62-d37ecb91f432,Historical and Global Connections,fd2bc499a67d12c9ad3cfe3d83d2a64eadce609fa3f00090d72352d1ecb05d85,6099
10812b67-8bad-44d4-bb62-d37ecb91f432,Historical and Global Connections,b434232fce129e705729f80b51350f1d31709d2d5025c4f9033a516b91c45392,6158
10ac2b67-8bad-44d4-bb62-d37ecb91f432,Historical and Global Connections,568c9ca05a8a9a33fe0622b932b54045d18a8a9d04bfea813a9e994b72fbebf8,6176
10352b67-8bad-44d4-bb62-d37ecb91f432,Historical and Global Connections,78a5c53ae27a8ce6b5bf68054d7170c6fcd8ea02e3bb496572a110d86ab1ba89,6227
fcd1b207-8bad-43d4-bb62-d37ecb91f432,Historical and Global Connections,1b8cf8ab69425edfa620555459f46bb8c6725fa10b9037b6cb05a6e8072219b5,6266
122a2b67-8bad-44d4-bb62-d37ecb91f432,Historical and Global Connections,fa8748c0ad1e7305a00d477a7f8a60451f1d6f3f2e5cb71d4f9116f63f9e8a9c,6290
f9a1b207-8bad-43d4-bb62-d37ecb91f432,Historical and Global Connections,cd3b3dadeeea044fd25e123624609b80e83fc523bdb77480c6a39c1adbfde1bc,6300
f9d1b207-8bad-43d4-bb62-d37ecb91f432,Historical and Global Connections,cf713b13d084c0e8825e34bfce9a73322c1423b269da3e3a6d4069911f1170e2,6332
10c32b67-8bad-44d4-bb62-d37ecb91f432,Historical and Global Connections,c84ec3091046c07487084f99c4483f87e6a089c558e398f1df955988351b4419,6333
11cb2b67-8bad-44d4-bb62-d37ecb91f432,Historical and Global Connections,3257989edd3ca337cbcb5c7a3df0c948dd7817cd0366bfb249ab5d5c2ac29781,6358
119f2b67-8bad-44d4-bb62-d37ecb91f432,Historical and Global Connections,0c2b17a943bdb66aca2ca01ea6d2fa111027d682ce7b8392327ae8f414a5fba5,6395
10082b67-8bad-44d4-bb62-d37ecb91f432,Historical and Global Connections,4013b1cad285fae6873a7e73f130fa225896b2a46f0c7649a32abc90c82e8747,6405
11472b67-8bad-44d4-bb62-d37ecb91f432,Historical and Global Connections,80981e647b277470fd4b59fc6031fff17b029238e93f5e035f78786869835a29,6408
10392b67-8bad-44d4-bb62-d37ecb91f432,Historical and Global Connections,db461f54cf9603938b1866640eeff787d9ba7f8f7d6bc3e72bc5f185b468ad92,6420
105e2b67-8bad-44d4-bb62-d37ecb91f432,Historical and Global Connections,7299aaf77425bcd4b81deb59373e79d0be5e5e305810a81eb02ef917ef919a65,6482
12502b67-8bad-44d4-bb62-d37ecb91f432,Historical and Global Connections,eb4b97501e4a1a5cb9f0fd27fd4cf97d61e02814f63c2b772026b42556ac376a,6503
fb21b207-8bad-43d4-bb62-d37ecb91f432,Historical and Global Connections,e2e1c806c832a5f2a1ffacb02cd3d098bc50012edfb8e077c2ccc890a693b747,6513
110a2b67-8bad-44d4-bb62-d37ecb91f432,Historical and Global Connections,767d2bc7dd0df427a5529158cd6e0d8d4be43f5a5dd77570e2c8017ee3dfb021,6559
12752b67-8bad-44d4-bb62-d37ecb91f432,Historical and Global Connections,6c912eca00156727e6af8bf4bd879226ac22052c6d5df85f8d2240946d7bb1b4,6560
11cf2b67-8bad-44d4-bb62-d37ecb91f432,Historical and Global Connections,90baad72add11adc3692dc38a975c9a7b58aac1fa69a05d696bdbcc4d7dcf547,6623
11ec2b67-8bad-44d4-bb62-d37ecb91f432,Historical and Global Connections,bdf84d06700049ba7e5b67efe724975bae8e17628e1a75c6df108a5d1bafa110,6710
13032b67-8bad-44d4-bb62-d37ecb91f432,Historical and Global Connections,519ad164b0661de28f1b1bdce8dece6cdbfca7da56073d6cab81db08076dbfb6,6728
10332b67-8bad-44d4-bb62-d37ecb91f432,Historical and Global Connections,9c89d7b216868da9427b5c6a856c4ce5844d5cf2ee468f86ab14e18b06ee233a,6786
11cd2b67-8bad-44d4-bb62-d37ecb91f432,Historical and Global Connections,9044dd42da659f81086f49efcbf52ac74e9b98fc739cccd773c1bebee8c782e7,6804
10942b67-8bad-44d4-bb62-d37ecb91f432,Historical and Global Connections,13d1e7cb5d0fc951abefcfb530e04508467e5b73f4018621c6b2f30b429b58da,6858
10622b67-8bad-44d4-bb62-d37ecb91f432,Historical and Global Connections,aa5b323bb7ff3701d15163a816c8f65591d95e8fb79b7e81c803cc250f8e61a7,6934
113d2b67-8bad-44d4-bb62-d37ecb91f432,Historical and Global Connections,5354a2ed728391afb24760f8d30652866cccc51b6160d42f5a8211ea147ccb3d,6935
12c42b67-8bad-44d4-bb62-d37ecb91f432,Critical Thinking and Reflection,a99242b4f4181a1a18563390cdd8fcdefaf42b3bba309739403da729d3a8cc9d,10
11f92b67-8bad-44d4-bb62-d37ecb91f432,Critical Thinking and Reflection,7bd3b4b14763ec4ba207c4396ca23c251d10e9b699ac5fd20ad333e0db872413,60
12cc2b67-8bad-44d4-bb62-d37ecb91f432,Critical Thinking and Reflection,d71cd22d0d7b2f2416d478f56a5e8e8956e1d4ee28bafe50a032e571dbd278e4,61
10ef2b67-8bad-44d4-bb62-d37ecb91f432,Critical Thinking and Reflection,05db70eb9b9e0742839c6d279180631e580438f1400ea740e40b8242e7c12163,129
11f72b67-8bad-44d4-bb62-d37ecb91f432,Critical Thinking and Reflection,039cd0b8c54b4e7d8c8bf4d530b3fdb902074a4fb5241d0a1495320f08b5f712,148
12372b67-8bad-44d4-bb62-d37ecb91f432,Critical Thinking and Reflection,bbc4b4be5886f7989e706c3756d2d7252711e22fc99fc8accc3f09cf2c32330e,158
12d42b67-8bad-44d4-bb62-d37ecb91f432,Critical Thinking and Reflection,6a2472443551507bf774b718bc4b691faab188778595a58d13f922b09e3c7935,159
115f2b67-8bad-44d4-bb62-d37ecb91f432,Critical Thinking and Reflection,c43e9d879f61eb69ba260293dae7dca518b84e01ef18ca581dacf8c89292db26,168
10722b67-8bad-44d4-bb62-d37ecb91f432,Critical Thinking and Reflection,adcb8af6801c9c8f2e6310c30bfae17b72e324f6c73df06837ad65a37cd4c0e6,185
11172b67-8bad-44d4-bb62-d37ecb91f432,Critical Thinking and Reflection,30ad97c8141fbc38ec5ea6b2b2bd9842e734999890f93912714397ab49ba96df,222
12902b67-8bad-44d4-bb62-d37ecb91f432,Critical Thinking and Reflection,0247dd4243909a60838e07140b2fbb0722b297014f9288fdd90dd0efa39b1ea3,307
10cf2b67-8bad-44d4-bb62-d37ecb91f432,Critical Thinking and Reflection,266d519a457013fbe1840d23b44c5f204d46eae47eaa6ff02d27c9a3b123ff27,345
123c2b67-8bad-44d4-bb62-d37ecb91f432,Critical Thinking and Reflection,09f79777c80c64d56f8ceca4789e0445913c61ac147eb6af5f462ec286384615,378
12192b67-8bad-44d4-bb62-d37ecb91f432,Critical Thinking and Reflection,f42bcdbae09cf147023ef8401fd33c2bf1d62212fac9aa6f377cb6bfd5ebd046,393
123a2b67-8bad-44d4-bb62-d37ecb91f432,Critical Thinking and Reflection,e4ec6b667e3e46c6d50409bff52722dfea07c1d9d2c7293b3c42e4bf002a6e5e,410
12142b67-8bad-44d4-bb62-d37ecb91f432,Critical Thinking and Reflection,009da59a25e4ad36c0896492350108667b6f415ff9bf6313589fba328613ac5f,429
12d52b67-8bad-44d4-bb62-d37ecb91f432,Critical Thinking and Reflection,b214dca1c739ec48dccadc3339d62e5c5dcab9e3a14a7d0c5434381c3b787ba5,457
11d42b67-8bad-44d4-bb62-d37ecb91f432,Critical Thinking and Reflection,95e96cd377e710b53361bb2656000b506405716622b830724acf12d3eeb46e1e,475
10452b67-8bad-44d4-bb62-d37ecb91f432,Critical Thinking and Reflection,0470d57ed7639d5d8b098e391aef080ac1716f8cb32239a4e19cea9e27ee9322,514
fb91b207-8bad-43d4-bb62-d37ecb91f432,Critical Thinking and Reflection,d013577d5f982b67f8b852321defb47d1a5c7647eb0ad67a0e31142251f70383,564
12d02b67-8bad-44d4-bb62-d37ecb91f432,Critical Thinking and Reflection,eb87dab6bd8277a629aa0677593fdfa6018798768e06313c8d1cc8c7aa4bf85b,572
12362b67-8bad-44d4-bb62-d37ecb91f432,Critical Thinking and Reflection,16d53ca82b6d15ca7359ec1affc2af291700f13b777d7976174311546893f83c,636
11652b67-8bad-44d4-bb62-d37ecb91f432,Critical Thinking and Reflection,ee24e9ffa7b2294c97173f85f7ca1a1ae7e2b644145354359932ac2b25ed2fac,661
11622b67-8bad-44d4-bb62-d37ecb91f432,Critical Thinking and Reflection,b589a37ac9f7332fb1ba390de4b41e6533d8a8c9c862331edd1c4175bb35b0c1,701
111c2b67-8bad-44d4-bb62-d37ecb91f432,Critical Thinking and Reflection,afecc9b63f06820233ce41238b30eaf97383a9552f97713e3078d1305e3b1924,748
11192b67-8bad-44d4-bb62-d37ecb91f432,Critical Thinking and Reflection,bd79836421c9fe5a160688e6c5c028505903a8ce84494e86059a02a3122c7f44,881
111b2b67-8bad-44d4-bb62-d37ecb91f432,Critical Thinking and Reflection,a7bb96283ca91a91888b0c54e7a9f7ba96095f8ec5b7914375aabff7db82e683,892
11c02b67-8bad-44d4-bb62-d37ecb91f432,Critical Thinking and Reflection,fab1ee2a1e2646ebfa2891db8663a56974742cdfbf214fc2f602a4837a71fc20,917
12882b67-8bad-44d4-bb62-d37ecb91f432,Critical Thinking and Reflection,7cb7c77fe58d4d367cd78271d8608d54e6dd3b02b8d462e9784c7a0842ebee25,937
10852b67-8bad-44d4-bb62-d37ecb91f432,Critical Thinking and Reflection,77bde7839273c4bac70409e4ac79bdd3dbfd5bec9473e5f3ada9640807effb98,982
11692b67-8bad-44d4-bb62-d37ecb91f432,Critical Thinking and Reflection,74501b74a484b0b2e6e10226b79854a1e7ca908d2cc7fab0d2aeccf8131c79b4,994
ff51b207-8bad-43d4-bb62-d37ecb91f432,Critical Thinking and Reflection,11dce1757b15e16643702e364e57e64c33bf9218bae3d124a2bc1a7162b84685,1041
12172b67-8bad-44d4-bb62-d37ecb91f432,Critical Thinking and Reflection,a0c4de161d98b84ef1742ea0158647a9ba8eea8ae37819b20ea52eaa6ba56b82,1042
11f52b67-8bad-44d4-bb62-d37ecb91f432,Critical Thinking and Reflection,e7c76b6d9300f095c6c8e2ea4f2154d3253da69479b0205e2d372474db7e6705,1050
12d32b67-8bad-44d4-bb62-d37ecb91f432,Critical Thinking and Reflection,f06ca98a9747fdb0e2564b2556549d0ce52b024fcd4ab3a103454f6cdc4f32bb,1051
f891b207-8bad-43d4-bb62-d37ecb91f432,Critical Thinking and Reflection,c1f68165c440e400da6f50aa2f951133a0ad59bdfa893fe88306ddecc602f662,1094
fa51b207-8bad-43d4-bb62-d37ecb91f432,Critical Thinking and Reflection,0d3f5306dacc4a4dc94c6246df4671cd7f11b9eb33d6323b959234358b79c0b4,1114
128f2b67-8bad-44d4-bb62-d37ecb91f432,Critical Thinking and Reflection,f4e277970b76055d8488a48d39a7b6a6b3eb66f26cdca59babd8c86979f3b369,1183
10cd2b67-8bad-44d4-bb62-d37ecb91f432,Critical Thinking and Reflection,c0a6aa3330eff853566b3e901049c658eb7c35066adfd731158316a1de6b9c63,1228
10442b67-8bad-44d4-bb62-d37ecb91f432,Critical Thinking and Reflection,d52f9c458e696749b02e63c55d40b5e3ba8615c5c85e2c2f5ee5bdfd2a09bfa4,1330
12c22b67-8bad-44d4-bb62-d37ecb91f432,Critical Thinking and Reflection,dfcb641f81659281c62105a6a9e0bf98b14810f61faeb179e354ba1f873b808f,1366
11182b67-8bad-44d4-bb62-d37ecb91f432,Critical Thinking and Reflection,700ffb88aa2a59b6cc1403a6e0cf6b08e6fccdc9befd34a8cf11fd42bf858e41,1372
12ca2b67-8bad-44d4-bb62-d37ecb91f432,Critical Thinking and Reflection,9d47f6d7d9bc2114be62ded298f94ba84a1c8b50ee26e6ad94a434f031a46ac6,1439
11212b67-8bad-44d4-bb62-d37ecb91f432,Critical Thinking and Reflection,66b5b1da0a142189da2df1094f3a996a28fb93a7d05b49c1969e6b46f8e15687,1480
10152b67-8bad-44d4-bb62-d37ecb91f432,Critical Thinking and Reflection,61b44572b06b29391f2ebf5012204a4d99445fe64b7fb732555154ad1185a2ec,1517
10f52b67-8bad-44d4-bb62-d37ecb91f432,Critical Thinking and Reflection,73036da5efce42b244c093c8fadcd4456f78bc7e26f644c785e818ac168c7367,1518
10b32b67-8bad-44d4-bb62-d37ecb91f432,Critical Thinking and Reflection,d3928f55d2f02cf4335d676ba92d96a40fb3746709a69f679fa31119ea3f4252,1623
10172b67-8bad-44d4-bb62-d37ecb91f432,Critical Thinking and Reflection,fab5099844f52b27ce1b4f5920bee31ea4daa310db82fc8469c4e60e16d384f2,1668
12d22b67-8bad-44d4-bb62-d37ecb91f432,Critical Thinking and Reflection,3fc08351dabdd482a8f154dd847def4d72f46f4234ce7ec0eab6b8132a677d24,1691
12632b67-8bad-44d4-bb62-d37ecb91f432,Critical Thinking and Reflection,95148217a5bc33c5d20ae2819bd0352dddc2fa3d562758d2e496b3792cec502b,1726
11662b67-8bad-44d4-bb62-d37ecb91f432,Critical Thinking and Reflection,1ecf37b3941464e1ff30fc865397f166fec5c3b40e4623c39fcd173c5f9f7b5b,1739
12612b67-8bad-44d4-bb62-d37ecb91f432,Critical Thinking and Reflection,c7b323af6ea89e24f7083c0fb2e94d5b7b1c3a81f8193132bcc0eff9bdc276ce,1768
12ce2b67-8bad-44d4-bb62-d37ecb91f432,Critical Thinking and Reflection,37442bd465772d042a30295f1547983f2cf98d2187764d446ff2d800b59bcd70,1850
10752b67-8bad-44d4-bb62-d37ecb91f432,Critical Thinking and Reflection,4382e397512c2a59ccaf6ff58e5b4a243c3b535af59128f244d65ce34fec2d99,1863
128d2b67-8bad-44d4-bb62-d37ecb91f432,Critical Thinking and Reflection,bf2bdb61a984a6c1c0ca4408763b9f41b122f736b259bda3c25f0e9e5a1ac2a9,1864
125b2b67-8bad-44d4-bb62-d37ecb91f432,Critical Thinking and Reflection,de6339d571ca0d9c8ca2822c2d9810acfaeb15e1b88c7130bbc6203c96709d93,1885
10472b67-8bad-44d4-bb62-d37ecb91f432,Critical Thinking and Reflection,28e3788c2a49dc1082da432baaa3e00ef32a967ba62bba720af054002cd05afe,1947
12c72b67-8bad-44d4-bb62-d37ecb91f432,Critical Thinking and Reflection,973c3eb973a2a0c1e7a30c3db23623e25ac9c93b5d81b1136cb7536e5e41ca4f,1964
10872b67-8bad-44d4-bb62-d37ecb91f432,Critical Thinking and Reflection,cc25274d6b97e1e57b1ca0d6d42730886baa80fc10ea4f86277d3e92655a5cfe,2018
11682b67-8bad-44d4-bb62-d37ecb91f432,Critical Thinking and Reflection,8924e9c582bd7e724a8c3356a6109e6304785544ba0a7117a3809077f5d5eaf4,2019
12c62b67-8bad-44d4-bb62-d37ecb91f432,Critical Thinking and Reflection,a013a4cfac96e9c0262e252dbb3200b1ab49a26c6e7f58dce6588074fbf25fe2,2020
115c2b67-8bad-44d4-bb62-d37ecb91f432,Critical Thinking and Reflection,8849ac578e62012da6627e019a114bbed8df206c94dea6127a43725792fc6ce9,2049
12c12b67-8bad-44d4-bb62-d37ecb91f432,Critical Thinking and Reflection,c80ddb116598e6db45489226c35789cf4cb55fe9f02ee2b686463e90f4fb3d50,2081
fd51b207-8bad-43d4-bb62-d37ecb91f432,Critical Thinking and Reflection,cec603c23360b2ff195e94ee3bffb8cdfe8afeb50bd4475af2caf2c96c931afb,2098
12382b67-8bad-44d4-bb62-d37ecb91f432,Critical Thinking and Reflection,59053c71870bcf8e490cbaa232c63f7b4cee80f8d009e0348806af33b8b7a255,2099
10732b67-8bad-44d4-bb62-d37ecb91f432,Critical Thinking and Reflection,d059df381dfcb8ec0ed28e517be6313d8ef56d97493aadb9e96ffe067e19cf74,2119
10f32b67-8bad-44d4-bb62-d37ecb91f432,Critical Thinking and Reflection,3c834c3f90323f8105e6259213c498cf15056522ee895a81aa4d307d31445076,2120
115a2b67-8bad-44d4-bb62-d37ecb91f432,Critical Thinking and Reflection,45f955f923da1590e29f16f88bea8f787fba28fe0a07747c3bd460b624407749,2189
11d52b67-8bad-44d4-bb62-d37ecb91f432,Critical Thinking and Reflection,e663d708036bd3e07ccd0c08b891ccdc60175070d2c31e3f967060e381253f86,2323
f781b207-8bad-43d4-bb62-d37ecb91f432,Critical Thinking and Reflection,f2a467f1984e66bac0056738a01bc100a47a2997a2487333e0d4c37bcf9e39bb,2336
109b2b67-8bad-44d4-bb62-d37ecb91f432,Critical Thinking and Reflection,c3282a56de752f49920447f4943949f197c48b4489675839fcdd72c45c75fbbe,2351
10842b67-8bad-44d4-bb62-d37ecb91f432,Critical Thinking and Reflection,eb2a4705acf1a560ac189218416962bec1a8aa819d95e3e7bcd171fdc12b4513,2359
11f62b67-8bad-44d4-bb62-d37ecb91f432,Critical Thinking and Reflection,436eb938530eb7f683067b2972ed57764b551f78b61b3db625a3655ee3d034e9,2408
fbb1b207-8bad-43d4-bb62-d37ecb91f432,Critical Thinking and Reflection,29f6c449d174a5c0e55b9e3997f52558e9eb3c1107e976048e4e7c614155a15b,2457
115e2b67-8bad-44d4-bb62-d37ecb91f432,Critical Thinking and Reflection,f7dde8cebdc09520d4e1d4135e37d65e1b2a5d93c0cd4a61778b97a67b781513,2561
115d2b67-8bad-44d4-bb62-d37ecb91f432,Critical Thinking and Reflection,41b03ab0b4590c69dc31471b4afd339a2112a8577c3f2746d76d36706932bc29,2573
10132b67-8bad-44d4-bb62-d37ecb91f432,Critical Thinking and Reflection,74d2d7b351d38b7e38de024344d8adedf7a05d54cc58c997a6542085c0ad3cd1,2604
ff21b207-8bad-43d4-bb62-d37ecb91f432,Critical Thinking and Reflection,9c8a34e9647c57937496b733f64aaaffe7ad07fe02f5435670b0e90548224c1a,2646
12c52b67-8bad-44d4-bb62-d37ecb91f432,Critical Thinking and Reflection,05cb3390dd85a22378acb1c0100e72c25479a4c3b1893b705c06133ad90919de,2655
111d2b67-8bad-44d4-bb62-d37ecb91f432,Critical Thinking and Reflection,48cac937d996ef0451c59d36754ff948b0f186d957dcb7d3761a1d8c0f9adc56,2732
11162b67-8bad-44d4-bb62-d37ecb91f432,Critical Thinking and Reflection,cb3f82206ffb8d31676ef3f574e16b73143933b1979d49c0a17569a88a811ab2,2800
12cb2b67-8bad-44d4-bb62-d37ecb91f432,Critical Thinking and Reflection,2bce1ed4fc422a41464b15daedf09eadb3739507b39565780791a6cacb62011c,2808
f8b1b207-8bad-43d4-bb62-d37ecb91f432,Critical Thinking and Reflection,179853e0b3403c488ca8474421dec0b095e3f862f18e213ffd06382f834c6f00,2903
12cf2b67-8bad-44d4-bb62-d37ecb91f432,Critical Thinking and Reflection,0d36137e49be3031fe28bf2fdab1ecea6b02f619575ff252df9a0467b3be7aa4,2922
12c02b67-8bad-44d4-bb62-d37ecb91f432,Critical Thinking and Reflection,c4ca6e2cf2fa188e85fb6cb191233c29776ff6cf7f4f2bf750a0d20c51ccda7f,2942
fd71b207-8bad-43d4-bb62-d37ecb91f432,Critical Thinking and Reflection,59cc8257c166265ccb8514e9884483818873e34c93732b684947390f97e96c65,2978
12132b67-8bad-44d4-bb62-d37ecb91f432,Critical Thinking and Reflection,c0693899e83898708923f444df25b5c5b652ced4faa5e595a3630aaeee55de1e,2980
10f22b67-8bad-44d4-bb62-d37ecb91f432,Critical Thinking and Reflection,376d791ac866c8e997fa76ac88a416276281109d010826b081b7b2aa70c2b146,2985
12c92b67-8bad-44d4-bb62-d37ecb91f432,Critical Thinking and Reflection,c661b2e8448e21986036949157628e517c054bb4bad3a4dfdb2f7569b12cfab5,2987
125d2b67-8bad-44d4-bb62-d37ecb91f432,Critical Thinking and Reflection,d9f23ad567de44770aa77e1a9b287c2a7d84a393f5217ef15172ed886e3b855f,3068
111f2b67-8bad-44d4-bb62-d37ecb91f432,Critical Thinking and Reflection,c475db2021619897de457324b416615aa3e21d1f81be8c28e4518fa56f2ad292,3085
12352b67-8bad-44d4-bb62-d37ecb91f432,Critical Thinking and Reflection,4e9b66dcf20531c0d101d00c2acb8d9f0708df5877d42e33af220d62713ec007,3092
111a2b67-8bad-44d4-bb62-d37ecb91f432,Critical Thinking and Reflection,1a2df4f128330afc65e5653165021e15aa9f33f2d7bc6ac0be11eaa68dcd0b65,3148
10b12b67-8bad-44d4-bb62-d37ecb91f432,Critical Thinking and Reflection,5ff6eb6daed9c5dc12d0f2d7d1bd9e0155889093fa1d0a6b562d97a3a2770a2a,3152
11612b67-8bad-44d4-bb62-d37ecb91f432,Critical Thinking and Reflection,700fc225931acf8c8fda2c50265efbfc29c5bbdceae1917c4af07d08e61bf02f,3153
10f62b67-8bad-44d4-bb62-d37ecb91f432,Critical Thinking and Reflection,7e1acca27b7a1901e865050de105fd78d02cfe582503bacd8c27083208f14ed8,3168
10b02b67-8bad-44d4-bb62-d37ecb91f432,Critical Thinking and Reflection,77b0d3e0e89e03e1b036858dae7f39e36662009011bf06c40b8d87942575e20b,3222
f771b207-8bad-43d4-bb62-d37ecb91f432,Critical Thinking and Reflection,28ecac226fcf05a51fe86920d276a7955d73ddf3c0f6d67545f9b1ede8b4d0f2,3259
123b2b67-8bad-44d4-bb62-d37ecb91f432,Critical Thinking and Reflection,fd0a243f7a42807f159957ed92afd6f8a5c8a3816354b676f33aa24d509fb481,3262
12392b67-8bad-44d4-bb62-d37ecb91f432,Critical Thinking and Reflection,fe428dce350a054ea9390f8c0a2ebaaf8e9365a1cf8d7257e3ba86b7c4df44dd,3290
11bf2b67-8bad-44d4-bb62-d37ecb91f432,Critical Thinking and Reflection,fc54a5d56d92c1d83b88cfdc4a40f173efc0a3fefa137300a476bc613a034ff5,3318
11d92b67-8bad-44d4-bb62-d37ecb91f432,Critical Thinking and Reflection,92806ac0cdfbfad79e7082332d496efd774cca6e18c0457b882790df32f6eb76,3430
10d42b67-8bad-44d4-bb62-d37ecb91f432,Critical Thinking and Reflection,d93f5dafeb79b8e6c609a3ba648523a2cdc5ac0693e08c6331f3efa2a395ab45,3438
f8d1b207-8bad-43d4-bb62-d37ecb91f432,Critical Thinking and Reflection,774a3c402a905b28655cf032b510030a2258fe8121779407f5749615a1127e04,3450
11f42b67-8bad-44d4-bb62-d37ecb91f432,Critical Thinking and Reflection,e58f88de61f68c8ea297912889587446ebc2c2033e083b5e1b170c9684287c58,3463
ff31b207-8bad-43d4-bb62-d37ecb91f432,Critical Thinking and Reflection,3779f20af5f927b32fae7dc41f1a7e20bc7f60f43f53cab40f309390e0870456,3497
10ce2b67-8bad-44d4-bb62-d37ecb91f432,Critical Thinking and Reflection,e99686a16f7302933e95dc8c72404a4255a4c432504871b15d277e970d758f13,3498
11f82b67-8bad-44d4-bb62-d37ecb91f432,Critical Thinking and Reflection,d09a421bada528bb391e5ff8c50bb1963aaa1154179d7886b8abcfad2ec78d85,3563
12162b67-8bad-44d4-bb62-d37ecb91f432,Critical Thinking and Reflection,0d27d7d99fbdf708a1b0c35de2c34bfca49f30927a2516c9f0106587c3eb09f4,3564
12892b67-8bad-44d4-bb62-d37ecb91f432,Critical Thinking and Reflection,35a9ac67adcb515458806c4668c3eef454a9d30c9bd40c20db3e5aff436c3dea,3565
10d32b67-8bad-44d4-bb62-d37ecb91f432,Critical Thinking and Reflection,e05f68734c13bdb185501fbceea6e1248fff302776e19bb7e83902375f80ccef,3577
12cd2b67-8bad-44d4-bb62-d37ecb91f432,Critical Thinking and Reflection,0afc272573c8523b6e38ba8a3ab9b151ca00524d3fe01adc2fbca22168d44777,3601
125f2b67-8bad-44d4-bb62-d37ecb91f432,Critical Thinking and Reflection,3c7d215f06df58d9f3688a079102ade0345b0efaf36875c2f34d336508c09e79,3611
11592b67-8bad-44d4-bb62-d37ecb91f432,Critical Thinking and Reflection,c48dc8fc48ef1d23d5cf5f259a55b91ac4887f7369e5ae9c635d5044504bb719,3633
10432b67-8bad-44d4-bb62-d37ecb91f432,Critical Thinking and Reflection,f591d0c39918c8f60b1e3abfe7d371ce3d7d4c1d0970263eba5eadb1fb602298,3638
f761b207-8bad-43d4-bb62-d37ecb91f432,Critical Thinking and Reflection,f5cb9d0ccadb589482651853062770a30814bfd96ba181ae644ebdb8c1b96395,3683
12862b67-8bad-44d4-bb62-d37ecb91f432,Critical Thinking and Reflection,3d5b161a7b91a0a7dfa04c8bd323c5c5a249b57fc7ca2b2eec06745ec2b6934d,3716
128a2b67-8bad-44d4-bb62-d37ecb91f432,Critical Thinking and Reflection,9a1d2a41f735c73cf1376f8c40b21a49ce56f570141b04c4be3f4cd6faeed619,3788
fd61b207-8bad-43d4-bb62-d37ecb91f432,Critical Thinking and Reflection,a958c90f8ce3f5ed0451f5b2bf99aa1d4556bdfc08e2ebd9e4a0ea4be0910ddf,3875
10162b67-8bad-44d4-bb62-d37ecb91f432,Critical Thinking and Reflection,475f31bb017fbe537f3b9046b4aded87c2ebec53d88115a25d0be68d2276b838,3907
125a2b67-8bad-44d4-bb62-d37ecb91f432,Critical Thinking and Reflection,6133eb72ca58bd0f7981316cdf7d4705113a9bb887e52dee1095daa3f81e42ad,3919
10f42b67-8bad-44d4-bb62-d37ecb91f432,Critical Thinking and Reflection,38bc20b24ddea27fd63f1301979cffb800cb064f88586aced0daeefcc1014389,3976
115b2b67-8bad-44d4-bb62-d37ecb91f432,Critical Thinking and Reflection,1d40c410d3a6bf667a07af31271f0c2cd3ff6ac4c568064d7d6fddfac0dc6415,4030
11d82b67-8bad-44d4-bb62-d37ecb91f432,Critical Thinking and Reflection,0ce1e59ade5273caad1bde97e546b9467cda99a92fd42e884c76d7e7ae722c6f,4114
fd41b207-8bad-43d4-bb62-d37ecb91f432,Critical Thinking and Reflection,05b9ed85b6113eac77dbce4ca0d3822e4294eac5d212c8f854036dba1d7e144f,4172
12c32b67-8bad-44d4-bb62-d37ecb91f432,Critical Thinking and Reflection,c15d9532b69f14021e709a677bc33af543d4a6975739d5c058e0e31bea9f0d42,4173
12602b67-8bad-44d4-bb62-d37ecb91f432,Critical Thinking and Reflection,40cd3a64c394675321284d2642bb216067be988e6d23c4d5f6caecd499c4d2f6,4184
11602b67-8bad-44d4-bb62-d37ecb91f432,Critical Thinking and Reflection,4d03322a99ca3d8e500a4ecdd572ea048a6b45189b19b4691bbbbabe4b6d7bb6,4199
109a2b67-8bad-44d4-bb62-d37ecb91f432,Critical Thinking and Reflection,6d509be85bdb55f30ec9b98432449bd0e417604959e6beb3dd0445a9c4ec7201,4210
11672b67-8bad-44d4-bb62-d37ecb91f432,Critical Thinking and Reflection,dc4e5d6715e8e08008b0423e1787653202756700de83102f0c83d3316a532ec3,4339
109d2b67-8bad-44d4-bb62-d37ecb91f432,Critical Thinking and Reflection,bf734bd96aeb5e66c406914f084aed9dccb7d08e36a34aacbb7974f262460b70,4351
ff41b207-8bad-43d4-bb62-d37ecb91f432,Critical Thinking and Reflection,747c8a35293a514b8905c8ff058d891cfb99c00b8cec0d5ebfb72374138ad4be,4369
fbd1b207-8bad-43d4-bb62-d37ecb91f432,Critical Thinking and Reflection,c92203307fdafb5eae5b2cf4e37e9a7eff7913bbdd5df807c1fc6438e1a6816f,4402
10742b67-8bad-44d4-bb62-d37ecb91f432,Critical Thinking and Reflection,205cf2e962c9575f3f4fe5e6f44b6abf19770ca0a442e2f9563d8c1833ca7a98,4454
128b2b67-8bad-44d4-bb62-d37ecb91f432,Critical Thinking and Reflection,b3e71192ff0c32c927d196461a1ff6a5bfaf0183eb545a64434f87152e34858e,4486
12d12b67-8bad-44d4-bb62-d37ecb91f432,Critical Thinking and Reflection,7b0e75da3491dcfbdf81c773d427eb48491ff4fb4544409a2850bbdb4f790abb,4491
12622b67-8bad-44d4-bb62-d37ecb91f432,Critical Thinking and Reflection,0d082e40180f7ba3779db775125aea26ec0df9f711eda53a6cea7ef6ee8597dd,4517
f8c1b207-8bad-43d4-bb62-d37ecb91f432,Critical Thinking and Reflection,674fa80f32996eb1e2bc1c63cef10f1820fc13344ae3f46f2df9ee79f0adae43,4525
f8a1b207-8bad-43d4-bb62-d37ecb91f432,Critical Thinking and Reflection,64c108b912b34b104efb4f688041cdd3fbfc79cefa252e6bf9a9e337451fd6e6,4554
10b22b67-8bad-44d4-bb62-d37ecb91f432,Critical Thinking and Reflection,e6127d73c9e73773a97fe4e9317ea84ca0c03a31417ec223b9f88bef10394b71,4686
f7a1b207-8bad-43d4-bb62-d37ecb91f432,Critical Thinking and Reflection,8342f9114d45679bcf351665c440100c4a1d5b6f23c6e16c571d156e2f5b4287,4696
109c2b67-8bad-44d4-bb62-d37ecb91f432,Critical Thinking and Reflection,480813a85027166411b55ebba0fe8061a5f432bb8b5ce6d3d2c0bbb292d102b4,4698
fbe1b207-8bad-43d4-bb62-d37ecb91f432,Critical Thinking and Reflection,e5285e52c0e341fa5cdef8baad7f3d7b1044cde01f288eaf2f378f90b16d1329,4710
fba1b207-8bad-43d4-bb62-d37ecb91f432,Critical Thinking and Reflection,fc381448f1200ebc64ba894f30c5ea2d8790e3a30ec7be6c6019015ddbd2480b,4717
101a2b67-8bad-44d4-bb62-d37ecb91f432,Critical Thinking and Reflection,9c1cb5d2a526ea28ae3dd88080851a3f13484af0f2455c422e026a38de571160,4727
11d62b67-8bad-44d4-bb62-d37ecb91f432,Critical Thinking and Reflection,c069c91436e9d6a74fc3a29b511ce497ed9e710905b612e9de13a3820985c819,4747
10b42b67-8bad-44d4-bb62-d37ecb91f432,Critical Thinking and Reflection,47637c5548f157f84a176c232bb8dbd4cec89dae0987ab12738a51bb9abae8fb,4880
fda1b207-8bad-43d4-bb62-d37ecb91f432,Critical Thinking and Reflection,5f35ec5bfabb6f21d3335d70702de14ab42cf5d93d213fc82513915e499d7f27,4956
ff81b207-8bad-43d4-bb62-d37ecb91f432,Critical Thinking and Reflection,1d6ba88c48908d2a3bdef70782d9bb721b80d9f88152fe9a4d7d91aa374ac4c3,4994
10482b67-8bad-44d4-bb62-d37ecb91f432,Critical Thinking and Reflection,a40905b86fc0c646cef8bedf647aefe7c02e3c716375ad8690b6e99621aed81f,4995
fd91b207-8bad-43d4-bb62-d37ecb91f432,Critical Thinking and Reflection,a4936d21e4a585f526969276cd264fbb95f6fb00091e0d3bd4a1c11a5a7ab5fd,5016
11202b67-8bad-44d4-bb62-d37ecb91f432,Critical Thinking and Reflection,e7eab103d36daa602c7c10be24fcd5555e6aa6fe68b51e3c471246ce86e6b5a8,5033
11d72b67-8bad-44d4-bb62-d37ecb91f432,Critical Thinking and Reflection,c9506303ccc38627f315904c14012d4f825f26ec45f22b8b9e6d631288e54bef,5117
125e2b67-8bad-44d4-bb62-d37ecb91f432,Critical Thinking and Reflection,b86210ff85d749fdced85fe3b23d17b63ba6fd412113d3c67bf8b7149ade160e,5135
fd81b207-8bad-43d4-bb62-d37ecb91f432,Critical Thinking and Reflection,0c31aa748bbe13716f717043bf4160b1dc358e67bfde6617d3644349254db9a9,5175
125c2b67-8bad-44d4-bb62-d37ecb91f432,Critical Thinking and Reflection,7a97bae5990ced55f450bd3667541c937a220d086eed187c0889d5783b19163f,5183
11642b67-8bad-44d4-bb62-d37ecb91f432,Critical Thinking and Reflection,76f965cd55da8e31663878e7540a98a538f5ae57dfe4b91717813d78d2d13033,5218
12872b67-8bad-44d4-bb62-d37ecb91f432,Critical Thinking and Reflection,a3ab3e10f0291302f5f46f3140e9f5fa77309414358766c6f4c2b6ced5304708,5256
10422b67-8bad-44d4-bb62-d37ecb91f432,Critical Thinking and Reflection,1ead9b8fc6a720270da00f36a2feb5054f9a578ce407341583ce0f7da31bf53f,5303
f751b207-8bad-43d4-bb62-d37ecb91f432,Critical Thinking and Reflection,bc36afb7418a0cef163711407d1c58ac4f18bb742cc4bca9af7a9bacb164591f,5383
fa11b207-8bad-43d4-bb62-d37ecb91f432,Critical Thinking and Reflection,900527cf0dacb67a54a4727308329b85a7105d4da63911affacd7ca1e943d5a5,5398
f791b207-8bad-43d4-bb62-d37ecb91f432,Critical Thinking and Reflection,e5cab77b1caea170e0f6dcb8572c4c2bb146e7e710da47948779bee8ecbbec13,5404
10992b67-8bad-44d4-bb62-d37ecb91f432,Critical Thinking and Reflection,4064570646c2049862ce5856963d5df29598cf5f06fb6eef981f71ad2597110f,5414
10492b67-8bad-44d4-bb62-d37ecb91f432,Critical Thinking and Reflection,95473dbc4d2a536da025583b5453bcc3ead5ce0bc105b74c20575b60c0db30df,5489
10d12b67-8bad-44d4-bb62-d37ecb91f432,Critical Thinking and Reflection,a669aa6a9d480ed669c889e666fabd54076da8ce92ed073f707a36508c13d1bf,5499
128c2b67-8bad-44d4-bb62-d37ecb91f432,Critical Thinking and Reflection,7573bd071343ca6b16c2ce66e397b6325b3f1bfda1d7a4eeaded6a64e93fc381,5643
fbc1b207-8bad-43d4-bb62-d37ecb91f432,Critical Thinking and Reflection,0b312894e3602626f24269a1e18ed6adfa7455db68997b591c24d638d29b405b,5655
11222b67-8bad-44d4-bb62-d37ecb91f432,Critical Thinking and Reflection,8a525541c81c9ba3c15ce38fa7e313db7885604983c433fd31680944c268574c,5745
10142b67-8bad-44d4-bb62-d37ecb91f432,Critical Thinking and Reflection,83c1cf2f23d564bce4e820029f184368bb3f91bb5031ed05120df867d4f28467,5777
ff61b207-8bad-43d4-bb62-d37ecb91f432,Critical Thinking and Reflection,3f0873035989ecf99dec4d79e8b4e9e12af459eef42c932b5ad018f712ed87a9,5787
12152b67-8bad-44d4-bb62-d37ecb91f432,Critical Thinking and Reflection,6663ea1b66dc542b8da164c2c54d15b8fd84943318658dbc8cfe7877f853757c,5794
10f12b67-8bad-44d4-bb62-d37ecb91f432,Critical Thinking and Reflection,72460ba7fa54038b79968709027dc89d96d2eba12f5e7aceecd323c3458a3f3d,5855
12182b67-8bad-44d4-bb62-d37ecb91f432,Critical Thinking and Reflection,7082d3c4dc6e09b194fcbd4df2d6fbf92518ea8216c8310b5c4099bd6f059eba,5915
fa61b207-8bad-43d4-bb62-d37ecb91f432,Critical Thinking and Reflection,51e83063ab3d813ce4ad2244cc50dba2c89fd64877852d56e69a6cf7090f2c2c,5934
fa21b207-8bad-43d4-bb62-d37ecb91f432,Critical Thinking and Reflection,6863bdb17f3a2a9341450876831c4b368927c2297e0209355d36f959b8de56ac,5991
f8e1b207-8bad-43d4-bb62-d37ecb91f432,Critical Thinking and Reflection,8b3b1c9b554ecc1d4182a566f131f326bfb57233e33f2deb31f4e9eb16fec2e5,6012
11632b67-8bad-44d4-bb62-d37ecb91f432,Critical Thinking and Reflection,e0ee4254ebf80822ab12d3cf29c5043b90a76d66217b53a830c34841229581b6,6041
ff71b207-8bad-43d4-bb62-d37ecb91f432,Critical Thinking and Reflection,940c9bfffa9c2c384d906e9f7b915af8ed4dbf799248d8e18cf35a9172bc5c82,6140
11f32b67-8bad-44d4-bb62-d37ecb91f432,Critical Thinking and Reflection,1e555172ec604d4d595695b45b078e65594d39cb1efdfd30e85d9402ad3b0fd9,6177
10882b67-8bad-44d4-bb62-d37ecb91f432,Critical Thinking and Reflection,2bb59441724520f1cbed40644302065d82b3a3ced742ae8388677526947576a0,6186
10d22b67-8bad-44d4-bb62-d37ecb91f432,Critical Thinking and Reflection,6228202ab5db7691daf094cd9e28896ed7e824270d094d65d5ea7839d474c02e,6276
12c82b67-8bad-44d4-bb62-d37ecb91f432,Critical Thinking and Reflection,7eac42bb768b6d3bbe8b281b086b7dc748618d968a29d5c712130312198108c5,6359
10d02b67-8bad-44d4-bb62-d37ecb91f432,Critical Thinking and Reflection,eb42887797c0388c284c1502d3fb4931d1e4f53968387fb48c8ed3d62397a845,6372
10462b67-8bad-44d4-bb62-d37ecb91f432,Critical Thinking and Reflection,cada2e2c4cb8112c39de608e71fb20d2973eea8863f02f22df89dac8d8ba9cad,6406
10f72b67-8bad-44d4-bb62-d37ecb91f432,Critical Thinking and Reflection,59df9922f25f28c34b7dd581b470e9dee9052002f72867483ca5b9f4020d612f,6557
fa41b207-8bad-43d4-bb62-d37ecb91f432,Critical Thinking and Reflection,fc99e6a1025443f70837e6676218e1169c4a8b1dbd291f220a7b345a9122a186,6638
116a2b67-8bad-44d4-bb62-d37ecb91f432,Critical Thinking and Reflection,0169ad68ccc72b8475e21d4cb45ef6c89ee9ad6ead45ab39068a48a266af7a6a,6653
111e2b67-8bad-44d4-bb62-d37ecb91f432,Critical Thinking and Reflection,9042f4320df4e5b1ae277fdc04d1a21a9b4cff49696064e173be876c81738eff,6692
11be2b67-8bad-44d4-bb62-d37ecb91f432,Critical Thinking and Reflection,a116db7ad8d1fcedafe6dbc58d24e161fd821ab086a76753062fc53505e97ca4,6758
10182b67-8bad-44d4-bb62-d37ecb91f432,Critical Thinking and Reflection,a433c81131e6397095b6d26ca435336b061f1223ebbe1c555d1bec8e172ed6f7,6767
121a2b67-8bad-44d4-bb62-d37ecb91f432,Critical Thinking and Reflection,35ea30c1873a8f86c40c4bd015d10768216b1d5d7f2bbcc41ca088b5fc9046de,6787
fa31b207-8bad-43d4-bb62-d37ecb91f432,Critical Thinking and Reflection,2395276e0ce1bc56d334f179aeb6b0ef61da5020d7a05b808843ede62843e453,6834
10192b67-8bad-44d4-bb62-d37ecb91f432,Critical Thinking and Reflection,1dc8c4e71e839082334b58c3c74c421d462842847e1e13a52eb2d913a68465e0,6835
128e2b67-8bad-44d4-bb62-d37ecb91f432,Critical Thinking and Reflection,4557bf75f29125cd2eb58852e63983cc0c5a74a4b3c92c5f1dc8117cfe6aede3,6894
10862b67-8bad-44d4-bb62-d37ecb91f432,Critical Thinking and Reflection,4763c4fc36f8c02cf9f61eebda55e93558718c8b3cb1eee30032c4566edf587c,6907
10f02b67-8bad-44d4-bb62-d37ecb91f432,Critical Thinking and Reflection,2d5e100df835495c9d30b8f5a40039cc4a80693e06b0f6cddb1049bc46aedad3,6924
11582b67-8bad-44d4-bb62-d37ecb91f432,Critical Thinking and Reflection,563181acf426772004e8de318715955d68f322a1d2a8c8ceb9610daf84a879d8,6953
1d1e5457-8bad-45d6-bb62-d37ecb91f432,Personal Health Concepts,5aa0cce646274bef741be96ddf50cb53c3e632ca749d47d6742bb9b6b946da9a,12
1d1fc457-8bad-45d6-bb62-d37ecb91f432,Personal Health Concepts,3faba5a6c1949e22a60730081c5d49d87821e28910e323e53d52a042c4889909,33
1d1eb457-8bad-45d6-bb62-d37ecb91f432,Personal Health Concepts,b710a9b89ac6cbd197120f606069f1f64470589f47c07016857421a9798d6115,50
1d1b3457-8bad-45d6-bb62-d37ecb91f432,Personal Health Concepts,05dfeb4576dd72673ed59b274c1e21a2ad521d23a488abeb204202bbce035cb3,145
174da457-8bad-45d5-bb62-d37ecb91f432,Personal Health Concepts,9f666097f7a30ffecd86a463079979d36df75b1d1c6b957ee9a39d376cd8e35d,161
1d19b457-8bad-45d6-bb62-d37ecb91f432,Personal Health Concepts,09792f5efe094963628e62b6c39315546882f96a5820983170c3ac6058557eee,224
1763c457-8bad-45d5-bb62-d37ecb91f432,Personal Health Concepts,447d23714e12ea88b32a4ac66c5a1cebc0830f87d9175f6b97c6cb09a2fe4682,238
1d1f8457-8bad-45d6-bb62-d37ecb91f432,Personal Health Concepts,27ab372b18b25d069deff99f78cddd7b05986ba0bbd3913570d4c478549da7bf,246
1d230457-8bad-45d6-bb62-d37ecb91f432,Personal Health Concepts,2ce09a741feaaf9267a86006a75b1b74c5b6133f54b4a7167030b2ac4266d3fb,311
1d1dd457-8bad-45d6-bb62-d37ecb91f432,Personal Health Concepts,7f94ef79c940c17ceff00e5166a7794cd2e2d754205a15d4a57794e2615ca8d9,375
17605457-8bad-45d5-bb62-d37ecb91f432,Personal Health Concepts,443f66d5bb660657baa534bc63c681fe9db8519a0a8ab90af688cc586465e0fe,421
1d197457-8bad-45d6-bb62-d37ecb91f432,Personal Health Concepts,cbd9a11e1f032215376abb0319b89a49f6b67963c33ff82f9cfe86207946ff17,499
1d206457-8bad-45d6-bb62-d37ecb91f432,Personal Health Concepts,a0ef6409e79ec5ab831e2219a8dbf058e4c33dc2a9c18b5597c5fe0a6d78170c,521
1d1e7457-8bad-45d6-bb62-d37ecb91f432,Personal Health Concepts,4535fdb19f9a071bd71414c343d6e99c9557c740713f222810ed1c1363b368a6,527
1d1db457-8bad-45d6-bb62-d37ecb91f432,Personal Health Concepts,2d61b1eac92974e6f776baeb7577cf29f352d862a684d38d5d57f65be6cdacf1,584
1d1e8457-8bad-45d6-bb62-d37ecb91f432,Personal Health Concepts,b9311cd9a639b10ab191009b126530c8308210c97fcd4a78e2aabaee06b40641,585
1d22d457-8bad-45d6-bb62-d37ecb91f432,Personal Health Concepts,e62191dfb361461ea01efe836af0501296754f2cd88e97eb73121c0445164394,620
1d181457-8bad-45d6-bb62-d37ecb91f432,Personal Health Concepts,36ad5793861d7f14a45ce390e17fc744373d7f5ffe452e101d5e4ade35535feb,721
174e2457-8bad-45d5-bb62-d37ecb91f432,Personal Health Concepts,31d5d10a278552b883749b31c64459252a6027bc0bda4f396726e9650da4b59c,783
1d185457-8bad-45d6-bb62-d37ecb91f432,Personal Health Concepts,32a73065d1471364d43aec9f005090631c87594e5ef94c98c336afbbbff8225c,797
1d204457-8bad-45d6-bb62-d37ecb91f432,Personal Health Concepts,e2e38df9fcfc9fd8de3577260d8d7577fe5f5af8e4020dc9b703e74be1e41bcc,829
1d180457-8bad-45d6-bb62-d37ecb91f432,Personal Health Concepts,c87970d581d7911eb9118fc1022f5139d492cc31936baa59310a04bb6143fd24,854
1d20b457-8bad-45d6-bb62-d37ecb91f432,Personal Health Concepts,91f0717c915576f0693cff078f90fc875a1baf8a34c4d1e8305b6e1b1d8c93fb,986
1d1ad457-8bad-45d6-bb62-d37ecb91f432,Personal Health Concepts,d3a724b05b4c144f59c1cc1a16d9f9f316a73c7a2133e0ca02c8eb0c4dcf2e7e,1005
1d1e6457-8bad-45d6-bb62-d37ecb91f432,Personal Health Concepts,01307af19ac6aee99cb9aa2440559df576ab2742e7ae37e5759cec91f675f7d2,1044
1d243457-8bad-45d6-bb62-d37ecb91f432,Personal Health Concepts,5e4fde676d75616a5e58ca9d78939c27d03ab439859ebf8e5965435080de9747,1097
1d20a457-8bad-45d6-bb62-d37ecb91f432,Personal Health Concepts,6cb04817d61bacbd9418fe9076021b3d8e9b15500c76c9a72cb28c16236757d4,1211
1d19d457-8bad-45d6-bb62-d37ecb91f432,Personal Health Concepts,15b141743c8e4c12e9de3108be864ec0dccc6d94091c60ee71f31489d9ba3938,1282
1d19a457-8bad-45d6-bb62-d37ecb91f432,Personal Health Concepts,6c480e198bbf1d942085dbd29c8377e496e6dd652100a600a6647afc2accc34d,1289
1d225457-8bad-45d6-bb62-d37ecb91f432,Personal Health Concepts,629729a8e1c0e1ec57f188d46419e477ca0e1f9fc187b7a58816e09483e5e359,1319
1d184457-8bad-45d6-bb62-d37ecb91f432,Personal Health Concepts,7379232cc04dbdefd36d0bedcc6d82457ada319fef1448e281e75ef795470d64,1332
1d253457-8bad-45d6-bb62-d37ecb91f432,Personal Health Concepts,a2f1be9622517bb86c17ea331a0b637e9d273362937d6a3917a0fa304a28ea1c,1509
1d1d9457-8bad-45d6-bb62-d37ecb91f432,Personal Health Concepts,e1ecac977d9dea9487bc2b4eb6bda1445a108ffb8de738320cf4a0c1e26aa860,1525
1d22b457-8bad-45d6-bb62-d37ecb91f432,Personal Health Concepts,894c401ba314b6adc01e978d590fe6187ca4f105e9b197f3c2702e3e851b53bf,1605
1d255457-8bad-45d6-bb62-d37ecb91f432,Personal Health Concepts,62a2ac277908f7f20d532f9691ff354eedda1e74228b9b7dab73dd93d04e0d17,1606
174be457-8bad-45d5-bb62-d37ecb91f432,Personal Health Concepts,9f3198f8f32cb308af39dc655b4bd8c6f4ebea1abfe6d193ecaa2ff4669789b0,1618
1d199457-8bad-45d6-bb62-d37ecb91f432,Personal Health Concepts,9734ee9601ffa93331e30a833ea44d7044bcbebe49d3194186f352d0e627b1c5,1633
1d246457-8bad-45d6-bb62-d37ecb91f432,Personal Health Concepts,a4ce44d14fa86e41c0b46094ecb0816f563f33fbdc1fcbac77c93d8654c25923,1694
1d17e457-8bad-45d6-bb62-d37ecb91f432,Personal Health Concepts,aa857410883fcf6649393e81c910a1133aa03ee374d7378a5a1b8eba242324f1,1702
1d248457-8bad-45d6-bb62-d37ecb91f432,Personal Health Concepts,e4fd139109c109d8b049959eb7416c1a7aaac9bd73b7425a395136e3fefa082d,1783
1d22e457-8bad-45d6-bb62-d37ecb91f432,Personal Health Concepts,d1b82fe7b6ad45ffa90bf6984fa805d3e8a680a50df28aec6ef40b1c8957ee48,1810
1d252457-8bad-45d6-bb62-d37ecb91f432,Personal Health Concepts,fa6ff0611d86206b634cebce891e6f274731afdd8711a533e6d614a5b1ea3477,1922
175cd457-8bad-45d5-bb62-d37ecb91f432,Personal Health Concepts,d06360b45dcc8da530b252ad909c0af132c5dcefa2c1fd426d81a010c8e7c211,1957
1d15f457-8bad-45d6-bb62-d37ecb91f432,Personal Health Concepts,4277c100cd9138358835e88bda53d30506525f135d73f1c93d2dc1d8eac2f058,2023
1d21f457-8bad-45d6-bb62-d37ecb91f432,Personal Health Concepts,c39d0385e70d853cf3f4a29f4fdfc8d40d077a74c209f3687b1c1702dc73af50,2024
1d228457-8bad-45d6-bb62-d37ecb91f432,Personal Health Concepts,65f1b5a1a07d628e757e7280f93e520fc771968d034796857e6c378a55f41e56,2082
1d1c5457-8bad-45d6-bb62-d37ecb91f432,Personal Health Concepts,29b0def996a74acb5ef5cee366e9c008d09998b1148a5862c0edb828a9b2181b,2164
1d223457-8bad-45d6-bb62-d37ecb91f432,Personal Health Concepts,57672cb2bc20eeae091aa76fb2ced594722ff898a4dcee8f7ecedb029887979f,2200
1d227457-8bad-45d6-bb62-d37ecb91f432,Personal Health Concepts,67436d7988d93bf3edf474cb76e66545a916f170e7307bd5aa7a4b8f6504f4d4,2207
1d22f457-8bad-45d6-bb62-d37ecb91f432,Personal Health Concepts,efec04fc5c57b00d592d4c26428179bd0c974e9628f6cb7fa7052218922da690,2213
1d15e457-8bad-45d6-bb62-d37ecb91f432,Personal Health Concepts,0bf0ff609ed1f387a79ed50804c30b24b891a241f8cac67242f6479ae1771230,2267
1d244457-8bad-45d6-bb62-d37ecb91f432,Personal Health Concepts,6b57fc080953c66c5a913ee081cd0f1ad41c6d3892873c0351da6d9c8dd25c44,2296
1d1f9457-8bad-45d6-bb62-d37ecb91f432,Personal Health Concepts,e7887b4210ceab87bc4d5f783f9a6336f9d313a8eed55b669ea0f19d542c4066,2305
1d1c0457-8bad-45d6-bb62-d37ecb91f432,Personal Health Concepts,3d50f7a6e365ca1d553e534efbdee7c92a133214e7659a6e34cf41f76317f2e6,2370
1d1cb457-8bad-45d6-bb62-d37ecb91f432,Personal Health Concepts,337c981c23cce4ae47ca291d6bb1846dd6be3c962506a19ced4e43104dceac97,2382
1d1c7457-8bad-45d6-bb62-d37ecb91f432,Personal Health Concepts,9ca9b891961a78adc3aaabecb6c883cb2fdd18d26f4b968f22a3cb4b52d61eab,2436
1d207457-8bad-45d6-bb62-d37ecb91f432,Personal Health Concepts,1d9565770286945a84bd3a865c4d8ed3bb815f439b578862e0730af694192342,2451
1d222457-8bad-45d6-bb62-d37ecb91f432,Personal Health Concepts,eee368ada239db981a7f76aeffd4fd78b77f67e818cd9d3e0e7311a1e2b8e91a,2461
1d1c6457-8bad-45d6-bb62-d37ecb91f432,Personal Health Concepts,d633113e147f22616a237bf0040724bc0a92516518ca2d41af7af98772c5715c,2513
1d1c8457-8bad-45d6-bb62-d37ecb91f432,Personal Health Concepts,60ea9016f0eeddd56d98ffd9555c00b34c08ac30a54514a3c2da6c738c516ce2,2565
1d174457-8bad-45d6-bb62-d37ecb91f432,Personal Health Concepts,1dc71083070c1425fc848e508cc142329079d89f3575880534f70132c37a88da,2611
1d209457-8bad-45d6-bb62-d37ecb91f432,Personal Health Concepts,a35094853ac619f8d045656b428d0df3ae525064cf800cf7e3f5c97973b2d719,2627
1751c457-8bad-45d5-bb62-d37ecb91f432,Personal Health Concepts,41612578b26995a50583b861ac7c47a0a5749f0a75c5ba71722d1db6c944f062,2641
17646457-8bad-45d5-bb62-d37ecb91f432,Personal Health Concepts,5090fe3e246c378e1f4db8142e4cf09835f71b1ef02137dca3a055da5c1c47ad,2666
1d187457-8bad-45d6-bb62-d37ecb91f432,Personal Health Concepts,d6fce9ca6359e65681274d178467095cf2e1dfecee2c436b418fcac8f3f7a7e6,2681
1d1ab457-8bad-45d6-bb62-d37ecb91f432,Personal Health Concepts,310717103afed0dbceced9405b9dd968421fe861aa18791f05b2ceb716b401a8,2682
1d15c457-8bad-45d6-bb62-d37ecb91f432,Personal Health Concepts,c1550e926e755aa779212bea93cbca0661449dd386d89d2923269156b21fb89c,2725
1d201457-8bad-45d6-bb62-d37ecb91f432,Personal Health Concepts,063e26e595538a3b93adb7efd53a1ac86f5c7549af2e9db10de6cb2444d67b66,2755
1d170457-8bad-45d6-bb62-d37ecb91f432,Personal Health Concepts,254b79d72a24460a7965cb1a8484e6ad2a0a42730c1e6c5d789a03e774a57125,2793
1d247457-8bad-45d6-bb62-d37ecb91f432,Personal Health Concepts,e59441917189578617568908bbb745c732d3cab628aba45636b2b25bda3b9ce4,2803
1d21b457-8bad-45d6-bb62-d37ecb91f432,Personal Health Concepts,9e6b0e1c7369208d369dd1c8308283c560dd2763c5e1b26ca2c25a7fa49edef4,2811
1764c457-8bad-45d5-bb62-d37ecb91f432,Personal Health Concepts,7b2b888726eb0c6039009f420059ab9ef856cc2acecc7718a44d8a459b8464f0,2891
1d176457-8bad-45d6-bb62-d37ecb91f432,Personal Health Concepts,3939966d71aa7989b806b6d5ef0491be2b77597b506bc8b3909165c8b3f8b648,2892
1750a457-8bad-45d5-bb62-d37ecb91f432,Personal Health Concepts,5c6f12883b693447a7b3e38ece9b7bc305e2db1a1e3d8fdc590d0583a4902658,2968
1d162457-8bad-45d6-bb62-d37ecb91f432,Personal Health Concepts,1e82973ef6fb37611c7f57bac82e56e72771b8b92ebb2a1c605cd2b36f8131dd,2991
1d221457-8bad-45d6-bb62-d37ecb91f432,Personal Health Concepts,393d27fb1e1e474aeb9f2f5d11ae146ecee2c653f435de22e70a7710b3692fa3,3007
1d173457-8bad-45d6-bb62-d37ecb91f432,Personal Health Concepts,e0729930a07873dd605c2274ecb530d0787df224b234b5db716b147aa11aa369,3095
1d1af457-8bad-45d6-bb62-d37ecb91f432,Personal Health Concepts,f87e6bd70d11a13eca91dc926dc620c1e38cf1833a1fc93bb4d5601a768f30d0,3104
1d1ca457-8bad-45d6-bb62-d37ecb91f432,Personal Health Concepts,019f1d969ebc576bef7d990f1a654a90183c28444a3bf40f8a32cee3d6a4c6d9,3105
175d7457-8bad-45d5-bb62-d37ecb91f432,Personal Health Concepts,a1fae8a0de8f4fd903231a873aa7bf0a3702826690115202b033dac64a794e42,3149
1d1b1457-8bad-45d6-bb62-d37ecb91f432,Personal Health Concepts,80b1616a11b6e4e9a38da00c53d795bb7562abcf64413bca39df7155f0623d2d,3178
1d193457-8bad-45d6-bb62-d37ecb91f432,Personal Health Concepts,917530ba535650da55867ae7b769ab4f5dd2497fc939588caed618195a286b56,3213
17596457-8bad-45d5-bb62-d37ecb91f432,Personal Health Concepts,3968bf340a891cff4cf5d13c93d5ff4cbaa08826e2a94012f804a0b1c5c2491d,3274
1d203457-8bad-45d6-bb62-d37ecb91f432,Personal Health Concepts,51db529d67fa809ed909c3c7fb3c6adf9025092824dd775c92c021a999181305,3312
1d17f457-8bad-45d6-bb62-d37ecb91f432,Personal Health Concepts,593d6dd35c1c20351e8f158b233c98c86ddb79e3f63395ede015804a5bc6298e,3323
1d192457-8bad-45d6-bb62-d37ecb91f432,Personal Health Concepts,f4e6cba5ac995625376ef345d96ff054bf9fd97ee74b053f5386bba3704f130d,3413
1d161457-8bad-45d6-bb62-d37ecb91f432,Personal Health Concepts,8b5f8b061d3daa9e875cb9ba47bb4e69f1c4dd7f38ee68f12760225fb310a722,3478
1d21c457-8bad-45d6-bb62-d37ecb91f432,Personal Health Concepts,e71a62c644d38cb0673293835013d6b9100074a122b71469594f7dc35c60567f,3479
1d172457-8bad-45d6-bb62-d37ecb91f432,Personal Health Concepts,66d996d4db8a3fa1dfaa651102a05146069dcb61d1a88d22b66a9816573028bb,3557
1d1d8457-8bad-45d6-bb62-d37ecb91f432,Personal Health Concepts,36edab89cef87904ba974d75f198dfee52b730ffe2f50fb2292b3c2c16872b42,3558
1d251457-8bad-45d6-bb62-d37ecb91f432,Personal Health Concepts,93482f646ce59ac7bedf158edb1e94fa123d49b0c64328996cd37acdee7303c5,3755
1d19c457-8bad-45d6-bb62-d37ecb91f432,Personal Health Concepts,62c87d192ed9cf7c2437fe18551ae81426b32137c0178182484a3eb57e450960,3775
1d1b4457-8bad-45d6-bb62-d37ecb91f432,Personal Health Concepts,35a52676b226c70e66734391cf7b0d28deedd991cb3985a4610238a64c395a0a,3800
17610457-8bad-45d5-bb62-d37ecb91f432,Personal Health Concepts,3c457488a31e16c93911c49912d6afc84f52988fdc57a18ac011a492850cc297,3810
1d1e1457-8bad-45d6-bb62-d37ecb91f432,Personal Health Concepts,0ff1a9eb2821ab5fcc0ccc8b26c25905bf23e9a16ebdade145f7d0dcea8d968f,3818
1d1de457-8bad-45d6-bb62-d37ecb91f432,Personal Health Concepts,6ffdf7c8ab3727c97038070dd6c20d3b189af8a3989d4948c7f3610e8eecf11a,3833
1d220457-8bad-45d6-bb62-d37ecb91f432,Personal Health Concepts,d07fd66074a3f763883c100d19c60ffc54c00b5d565edaf677fed716a250dfbb,3845
1d1ac457-8bad-45d6-bb62-d37ecb91f432,Personal Health Concepts,c20297e258e59049f15ba787148d7865f8172cac609bf5d686587b4561a26b96,3945
1d175457-8bad-45d6-bb62-d37ecb91f432,Personal Health Concepts,6ba88dad91fd1a4627cd7097ace31f46c764c57f9e3e55b9ad87501b4af0b01e,3980
1d165457-8bad-45d6-bb62-d37ecb91f432,Personal Health Concepts,e9c2ccbcd74a89b5a153328ae7ab41cb7d378032909fa34637bb6aa17d907883,3987
17541457-8bad-45d5-bb62-d37ecb91f432,Personal Health Concepts,b0a3a7c1b3fa6a7973dd0ed9c49471d726fc0759641291e6cc60370fa04f9dc6,4015
1d1c4457-8bad-45d6-bb62-d37ecb91f432,Personal Health Concepts,a0bef332c47f145197f6dd5b9e073e2ba50a213b6deaa6d1cc2209d2f692253c,4019
1d1c1457-8bad-45d6-bb62-d37ecb91f432,Personal Health Concepts,e424890059e8ddc55db9d30e393687e8f3a8fbb7c6058b0acd7c58e255f10598,4034
174c7457-8bad-45d5-bb62-d37ecb91f432,Personal Health Concepts,bfbff91cde1453dea0048f92cd4a1c25d1a1755593da162a158aa5599722a7be,4068
1d188457-8bad-45d6-bb62-d37ecb91f432,Personal Health Concepts,4de7fff223524c24958cbfec8c0123ea8972a58227e434db47070c4fb5ec9a52,4072
1d196457-8bad-45d6-bb62-d37ecb91f432,Personal Health Concepts,cc92664e7e2b8440d0d1b01e98f5ae78272eb4530b7c28b384245a4fb2650a83,4073
1d171457-8bad-45d6-bb62-d37ecb91f432,Personal Health Concepts,9198fc953989c49ba3e2f13642d2e1a1fe0cd7b915f48c889874c6321d9dd3d1,4216
17536457-8bad-45d5-bb62-d37ecb91f432,Personal Health Concepts,93404c941dc9041d99d9f25f2587b0c44f59a19e14086c98e1572d46aade2c05,4263
1d15d457-8bad-45d6-bb62-d37ecb91f432,Personal Health Concepts,fc2f59cbdbba44a231de85e3db94b35dadb8281ef53b0ef870ace08c9224ce55,4319
1d1fd457-8bad-45d6-bb62-d37ecb91f432,Personal Health Concepts,29094eff90ba60fd68e626d25c9d12b27d6e1362a6c7c5a398a54953928ddff2,4447
1d1fa457-8bad-45d6-bb62-d37ecb91f432,Personal Health Concepts,de34f54bb967e7fceea0e648f7098dc423a10fec01c49170b73184407da72db4,4536
1d245457-8bad-45d6-bb62-d37ecb91f432,Personal Health Concepts,192ea011f0f5198e8bd273ba235bba0ca09dfd0a521451d4596ce281cc49f9f6,4537
1d16d457-8bad-45d6-bb62-d37ecb91f432,Personal Health Concepts,7c8f561f68691fdeccc8c4763ebe449ec228d6ea358e8dc1f1afd912154178bb,4550
1d16e457-8bad-45d6-bb62-d37ecb91f432,Personal Health Concepts,d24d604ff5702e3010db1268d11bbf522755e30f60c3a4966739a4f88d11813b,4672
1d208457-8bad-45d6-bb62-d37ecb91f432,Personal Health Concepts,68011e96e18e5f64d623ef90005a5bfe956551aa230b737613f23ce10af3ebe0,4708
1d226457-8bad-45d6-bb62-d37ecb91f432,Personal Health Concepts,c85fb3629c7822c9d0671512f3dffaafa68efe72644d58a8bb93fb23d086235a,4709
1d186457-8bad-45d6-bb62-d37ecb91f432,Personal Health Concepts,a27c1625e69c92bfe95054897528c5047294706a90b99c9e5c799dd0757de9eb,4777
1d21d457-8bad-45d6-bb62-d37ecb91f432,Personal Health Concepts,907ce63d7aa511a50105926bef934688b41ff5dbef8b60524c4a208b2558c1b3,4789
1d1e4457-8bad-45d6-bb62-d37ecb91f432,Personal Health Concepts,37fe4759acaed7ecea8e788735d6dcfed193cd8113dc0f0bef180036debd93ed,4818
1d1a9457-8bad-45d6-bb62-d37ecb91f432,Personal Health Concepts,b4d4eedf0ca139c5cf08b861723fad4c9e5900003cde63b76e274790465b3ca8,4873
1d191457-8bad-45d6-bb62-d37ecb91f432,Personal Health Concepts,60a2039322cb02100f1ff6287046b1a497f07b2333ff6e2e70ca0d14796028f8,4882
1753c457-8bad-45d5-bb62-d37ecb91f432,Personal Health Concepts,37bce5cee4239ab21efe8ce2552d830ce3bb9d8ce8eb2d4412d00038ab79e7a6,4898
1d1fb457-8bad-45d6-bb62-d37ecb91f432,Personal Health Concepts,b4e083cb2b5a7652067f630093243ffe4922aafd38eb902590e610f9abf19319,4940
17591457-8bad-45d5-bb62-d37ecb91f432,Personal Health Concepts,b2ab0146439656b448fb87d383ef6644cb990ceb603c7d0585a9c7779286f8b3,4978
1d1fe457-8bad-45d6-bb62-d37ecb91f432,Personal Health Concepts,1ac0b48ed18ca9d5807c3531e1fde7390070620e30d58bf847007ed97af74036,4997
1d24f457-8bad-45d6-bb62-d37ecb91f432,Personal Health Concepts,bcc580d2e646b6714912acdec35f6762e8ff5e3401009c483c572604f0594fdd,4998
1d194457-8bad-45d6-bb62-d37ecb91f432,Personal Health Concepts,1fa02ab5b6c264e9afb563b60b2133b9bdd6f18a3d03735e079c88b05ccbd88b,5053
1d254457-8bad-45d6-bb62-d37ecb91f432,Personal Health Concepts,6c60638424e60d71652ead1ac67c0129221474c62d57feadb669c8bc7e364f03,5064
1d164457-8bad-45d6-bb62-d37ecb91f432,Personal Health Concepts,0b3600f7bc254b01adcc3ec0fc79b506c2d3b33d1d64774b04554a417a36cd33,5091
1d22c457-8bad-45d6-bb62-d37ecb91f432,Personal Health Concepts,f91d9b6b687f42309b537fc02664fd9f20e37a83f6af07cc1d124b2493a35d74,5177
1d200457-8bad-45d6-bb62-d37ecb91f432,Personal Health Concepts,693d831ad77a77a375c41a1a53a8259beaa043142bd64925f984524ce1242b25,5199
1d198457-8bad-45d6-bb62-d37ecb91f432,Personal Health Concepts,97588c402829f565b50cbfb4465efb27169fec7fa58f3690e41f259c21d50274,5310
1d1df457-8bad-45d6-bb62-d37ecb91f432,Personal Health Concepts,02a85d3165d35be55dba6e05368f2bc0334b535c42c1d284e4c7cb569af4a31f,5377
1d1da457-8bad-45d6-bb62-d37ecb91f432,Personal Health Concepts,5c83f2ef260ca99fe0eb11c1db952ea7589da08c567be529fec1ca245117ea61,5506
1d250457-8bad-45d6-bb62-d37ecb91f432,Personal Health Concepts,4e2febc6d9665dd830769b993ac1990426d09f01bb2149bb29f96d9c59d76f3a,5540
1d1dc457-8bad-45d6-bb62-d37ecb91f432,Personal Health Concepts,26acc6df9d6fda4e7f624fcc3be49d963d84e3dc1c4af23f2dbac48798ec9bdd,5553
1d1b0457-8bad-45d6-bb62-d37ecb91f432,Personal Health Concepts,894c9c9b90fd7522277801d94e890f137a6fc6dd10affd673605b2a052e9a00a,5566
1d224457-8bad-45d6-bb62-d37ecb91f432,Personal Health Concepts,dd2c6c45a65c73d133e58bc853c6fda6e170e7a7276ce1d763dd6c883257a07b,5606
1d1b2457-8bad-45d6-bb62-d37ecb91f432,Personal Health Concepts,72de5aa46aa04139a32b6bd8f0c15dcfd810161ee09ae2a0a03fdf37a239c0ca,5684
1d1c9457-8bad-45d6-bb62-d37ecb91f432,Personal Health Concepts,25ecd13c11e0788fb31095e0930cb0f4a16181f4c78c1734f68d0e4d97027c6b,5728
1d24a457-8bad-45d6-bb62-d37ecb91f432,Personal Health Concepts,8f844cffdb7adc0a4119affcb5dd8a5ee89c5bc565468abc2e7d766d252aa805,5759
1d24c457-8bad-45d6-bb62-d37ecb91f432,Personal Health Concepts,15576eeda79d76112a846f162f7e98c280c958cafd2b2568abfac585778496cc,5773
1d163457-8bad-45d6-bb62-d37ecb91f432,Personal Health Concepts,93b461f9218ed42c37f41d3eddf9aaa0cbb03b5bf8f2a5d14138c4c8645b26a2,5816
174e6457-8bad-45d5-bb62-d37ecb91f432,Personal Health Concepts,e95a6d4f75cb81cad4f796be97240836b8e57c56dbd5f0c5e807150d42869e1b,5876
174f2457-8bad-45d5-bb62-d37ecb91f432,Personal Health Concepts,f672281498a0c61be2185536d356e3ab676d14788a5e758ddfdf295f4f6cb5a9,5877
1d257457-8bad-45d6-bb62-d37ecb91f432,Personal Health Concepts,67e318031d5158c18a25f6bfbc9a2247a5e51d583973bb9be186d1cc4ae673a5,5898
1d205457-8bad-45d6-bb62-d37ecb91f432,Personal Health Concepts,1d21944c68d927df3125f9e8372366170c037c0f3bd09f49faf0165229e17424,5918
1d1e2457-8bad-45d6-bb62-d37ecb91f432,Personal Health Concepts,9dc8965e368c27329f75619d5f86ce61f89490f71bcf4515265d0cdd8f82f819,5936
1d1c2457-8bad-45d6-bb62-d37ecb91f432,Personal Health Concepts,6c5cec7205a5d5f87fa6438840d2dce38bd33a083b8c4cc584c74a52eaabaff5,5997
17521457-8bad-45d5-bb62-d37ecb91f432,Personal Health Concepts,e2de43c306b40e0d73675cf6d6663faeed501656b35a3598768f03e14f8e6a8f,6016
1d1c3457-8bad-45d6-bb62-d37ecb91f432,Personal Health Concepts,7090de573082c1bdb7bdb6ec1e47ea1a82a5022fa993d646378f04a18ec41b5b,6027
17640457-8bad-45d5-bb62-d37ecb91f432,Personal Health Concepts,eb5a3632737793046c603153abb366da30d200552683497b831425f40e3bb694,6063
1d182457-8bad-45d6-bb62-d37ecb91f432,Personal Health Concepts,b10efd9fc239a38c7da154b8be6e1c3a6082d6e481481621f0cee65f762e2057,6145
1764a457-8bad-45d5-bb62-d37ecb91f432,Personal Health Concepts,5cee83a6986df76568c9a213ced5746979dcece1e74695e270c99659a51a1526,6197
1d21e457-8bad-45d6-bb62-d37ecb91f432,Personal Health Concepts,67dc6d2aeab5b6181ccc0e8ce670208b2a11b4d6c4625e89eb8e95dbafba7ca0,6224
174f9457-8bad-45d5-bb62-d37ecb91f432,Personal Health Concepts,0c6ff20da66e4673df90d63e72c7cad1568a0ad939979542f0fe0c906bbb2ef1,6239
17523457-8bad-45d5-bb62-d37ecb91f432,Personal Health Concepts,2319ca587a2f05795fe9ce8267fc74ecc968053fad281c663a956d455c7729d9,6335
1d256457-8bad-45d6-bb62-d37ecb91f432,Personal Health Concepts,ccaca56889fe40aec2276c7a10dd049be6c922af0724d905b528f1789ecfb47d,6348
1d16f457-8bad-45d6-bb62-d37ecb91f432,Personal Health Concepts,a36ec34eaaf502936d1e582a7a543d29c06c5b1d5f05db6508daaeb658c3e789,6363
1d24d457-8bad-45d6-bb62-d37ecb91f432,Personal Health Concepts,59278942aa453937d0b7e73449ac044196d57e56853ecbf742565b35611a5dda,6365
1d1e3457-8bad-45d6-bb62-d37ecb91f432,Personal Health Concepts,3bc8abc827f7bb55d8b336f780049d90b8b44a0db7756ea7c6b0ac54ba1e46d4,6402
1d202457-8bad-45d6-bb62-d37ecb91f432,Personal Health Concepts,ada8f750e826bd486d04f91240f6b3e72b2ba01780068ac9a94bc84b8ed37362,6411
1d1aa457-8bad-45d6-bb62-d37ecb91f432,Personal Health Concepts,0d6a18632dcb33dcd19373f95b51b178c05b49761ee2b3f8394cffece872083f,6436
1d1e9457-8bad-45d6-bb62-d37ecb91f432,Personal Health Concepts,a6073a8084ed44db904140e9a392136819cb84385ae082000f85da380b219d85,6460
1d24e457-8bad-45d6-bb62-d37ecb91f432,Personal Health Concepts,8ca15c3bf7a7cc7c12b65398bff42dea8aaf8a88c950cf896c63094ff1936349,6468
1d160457-8bad-45d6-bb62-d37ecb91f432,Personal Health Concepts,48f152b3ef91a2155d692a9ab4e8b442a3048e90829e1677dd3a992c6d4bee3c,6475
1750b457-8bad-45d5-bb62-d37ecb91f432,Personal Health Concepts,e3c1c946f62cbe3694af6061de3b5d0cae8a25a361ceebabb8f88cafc15f00ef,6484
175ff457-8bad-45d5-bb62-d37ecb91f432,Personal Health Concepts,16b4d496a07ec5bf9fcaf305c8183124f3d0f6173ea0362a986bba25d03526a8,6485
1d249457-8bad-45d6-bb62-d37ecb91f432,Personal Health Concepts,2e3bbffa7663da9c4fbca828aa0063389343e66a2f0d43486a38f3acbe612e7e,6487
1d22a457-8bad-45d6-bb62-d37ecb91f432,Personal Health Concepts,305807720866ea2847fd939e7325e0050de0d65c0c509bf2e46bb528b579bb59,6532
1d229457-8bad-45d6-bb62-d37ecb91f432,Personal Health Concepts,f1b5c57496ebe105c3544d3d0c29d536c8657ecd1d05453a6303a19c08b9f354,6562
1d24b457-8bad-45d6-bb62-d37ecb91f432,Personal Health Concepts,166f98a8455951771af28cec220c7faf4fe75639af8c23ef828219717e9b8a1f,6563
1d1ae457-8bad-45d6-bb62-d37ecb91f432,Personal Health Concepts,40fceb3abba89594c1f7c0b37f9e535330408b666b4428fc01c367def1680c30,6587
174ff457-8bad-45d5-bb62-d37ecb91f432,Personal Health Concepts,887ef3db281caa6b42489cfb770580763b2e99f2982c238e9f299b557e08588d,6592
17508457-8bad-45d5-bb62-d37ecb91f432,Personal Health Concepts,1d3d1d1cb9538b5b05976b1cd6bf8b6dd2be3b99e9b35c484d725c42bad53ac5,6643
1d183457-8bad-45d6-bb62-d37ecb91f432,Personal Health Concepts,d7baba94443f51f475049d9a028c3c2c4954df36e02c2fab22ba05db68f48443,6644
1d258457-8bad-45d6-bb62-d37ecb91f432,Personal Health Concepts,9f63c3fdae81e14ad46919919be5c5f79fbb1f8055e0f5caba5a420f001bdcf6,6657
1d195457-8bad-45d6-bb62-d37ecb91f432,Personal Health Concepts,299afe118b2fb700d450b52d188fe162f125522dee43e90e4b6ff61abc069c79,6782
1d1ea457-8bad-45d6-bb62-d37ecb91f432,Personal Health Concepts,f1a7dc7cc5dbdd408a66847281babadbbe1bdb5e649ee6ff683167c69b6359ea,6799
1d1e0457-8bad-45d6-bb62-d37ecb91f432,Personal Health Concepts,10a98fe02e0afcacbc20755cc2263882925595c1db55dd7a05f8c126fd488b6b,6873
1d1ff457-8bad-45d6-bb62-d37ecb91f432,Personal Health Concepts,e4d6a005ecc9c6ca026da75455b6c33358b5a7bf650fb39f569fbf0c14079286,6942
8071b207-8bad-43d4-bb62-d37ecb91f432,Life Science,3fb2c339ddb625139402fe9514c68f775a713678d438ce43d746631a20da81e1,44
6cf1b207-8bad-43d4-bb62-d37ecb91f432,Life Science,be97708d79fbfc15ae03e4afc87655aed811a0000eae4b464d9db007c0bf7d07,142
7b81b207-8bad-43d4-bb62-d37ecb91f432,Life Science,fa28a0e13e2cc820d95bef97e7532793b06477f9cfac0d0e3b00cbb35a49045a,287
7e31b207-8bad-43d4-bb62-d37ecb91f432,Life Science,9b5994e17098eed3354973bdc0b2229e65bedfefb36a2a60661d87695fbd58b4,300
6381b207-8bad-43d4-bb62-d37ecb91f432,Life Science,bf775cb4bc8ab9b5f84554a60bcc90c1e9a38c918d28f418b669ff25a01d6262,323
7ae1b207-8bad-43d4-bb62-d37ecb91f432,Life Science,8506aaf610767cf3427aa0bcc56353936a549b63075e7483694087fcd3b91191,324
6391b207-8bad-43d4-bb62-d37ecb91f432,Life Science,6eae91cd23f4a3a9b724695b602a6324d3ad35909baa175cae6e5e4703b3281e,350
7c51b207-8bad-43d4-bb62-d37ecb91f432,Life Science,f1469afdc0a4285c717c7f4f3cac0462fe7e5b4ee1af198371b9fba8274b3e69,359
7bb1b207-8bad-43d4-bb62-d37ecb91f432,Life Science,ccbf5ee5f6232e983a414702bc471e96007c0cec818f645b281721a11130af0b,407
7fe1b207-8bad-43d4-bb62-d37ecb91f432,Life Science,eedeb7cba740ccf3585d3a1d83b7d6a73cc14309ef104a64e97b439b2a1f4e8c,408
67a1b207-8bad-43d4-bb62-d37ecb91f432,Life Science,a05c5556b3cb90cd8823bbd94b497bac4fffd99ef3353b72e6a412c246e2f679,455
7b41b207-8bad-43d4-bb62-d37ecb91f432,Life Science,3ea765cced7d73d3eb2eb4839a6220b1d4bb0d4905269b9d87e2405c683e34e6,456
7e51b207-8bad-43d4-bb62-d37ecb91f432,Life Science,e7904ef846e74640ff513ed2c2c483baaadf6e1be8262351f74238ec1f64f9db,461
73f1b207-8bad-43d4-bb62-d37ecb91f432,Life Science,1bd3288a2333acb2b8e750be0ceaed06e41e44d13d52f011b0962878325c0e9c,494
7ac1b207-8bad-43d4-bb62-d37ecb91f432,Life Science,a725f6953b3ea71832cc4762b354ba3f4be697131569ca919fce5aa612097081,524
7db1b207-8bad-43d4-bb62-d37ecb91f432,Life Science,19a19199d7dc9d9d45e2b6d0a09d27b1bf41715aa03339e4194540d58a808feb,542
7e01b207-8bad-43d4-bb62-d37ecb91f432,Life Science,fff957a2007e3f7546f85a4956fd3792addcc908ff0cae2a4d913a9e364f6690,551
7cd1b207-8bad-43d4-bb62-d37ecb91f432,Life Science,0f017e1a681afa98b259b10adcbe3d4d8b39b4aac21ea1292597832bd655531b,633
7991b207-8bad-43d4-bb62-d37ecb91f432,Life Science,dbf63cac465878382a783f8a171e3ec6d860e22197f200b64380dedd174126aa,699
7f81b207-8bad-43d4-bb62-d37ecb91f432,Life Science,f2d529115506c5f4a9ef98b03cab3b3bfe651eb0759f9ac14415405670c46c0f,709
7e81b207-8bad-43d4-bb62-d37ecb91f432,Life Science,94ae1a88422b2bd1dc35c56040c89b57f3f09d32a32fbc4a94939551b75cfc5d,755
7e11b207-8bad-43d4-bb62-d37ecb91f432,Life Science,059ba5f0e2b49cbabef1eee96c2289b6bf3bf1ef2323ec1d2459bb2bbccc468f,824
7f51b207-8bad-43d4-bb62-d37ecb91f432,Life Science,7d26e015fde2a96bedb5c012e6d21062922a139d65b9269cca8f14856863138f,851
7ec1b207-8bad-43d4-bb62-d37ecb91f432,Life Science,a32604b559a87ef6ee31f43c57ba3eeff72b373c50b420b14a396e3a6c70031e,867
73d1b207-8bad-43d4-bb62-d37ecb91f432,Life Science,7d0d2d7d7ee4800ab83fb36cdac8ec3c06d47d6b0b1fa0417ff96cfb6e0f239a,880
7ee1b207-8bad-43d4-bb62-d37ecb91f432,Life Science,e0245ae2513c16aa9a59b948b6343f3997a891b1f3503bf6524d235b345ffd6f,907
6f41b207-8bad-43d4-bb62-d37ecb91f432,Life Science,294ff610fd9d1c1d9ed20c13b85ed1a0f35cc229f894dae60aab757edd82dd60,929
7ea1b207-8bad-43d4-bb62-d37ecb91f432,Life Science,14e624d6f988ce5ed157664cc22983ece5454855344e98fea1b03c7a1a80daaa,930
8021b207-8bad-43d4-bb62-d37ecb91f432,Life Science,b8bd1b5d6ea3f0562a95f937827b1d865e7764700d049b4056a4d15b1761307a,934
7d31b207-8bad-43d4-bb62-d37ecb91f432,Life Science,69957853b3f4918904c92a4e94e29e13e99dbe383feb1ad5e1faae430ba8071f,945
7e91b207-8bad-43d4-bb62-d37ecb91f432,Life Science,ebc10411b4e1c85c5f15c6ab8d6623b4b0db3415a6bf4c359a3cd2809fa0cdbf,981
7a11b207-8bad-43d4-bb62-d37ecb91f432,Life Science,b6a2352258ee49b1b0a11e051e0cbf9c19e1a9231212a4996f9ae491572823bc,1001
6721b207-8bad-43d4-bb62-d37ecb91f432,Life Science,f8675c185b4f6138a8409e805f9bc97d68d9cdf5833f42665b208330f90a8373,1009
7ef1b207-8bad-43d4-bb62-d37ecb91f432,Life Science,50044bb380811f75b22ff37b78679aee6c54b97c7c2ff5a6ccecbb95525700e9,1032
7d21b207-8bad-43d4-bb62-d37ecb91f432,Life Science,39129d0e8e9ff02665b5474a879779e1b9198f31969bda450f151bfc4f614700,1103
7b01b207-8bad-43d4-bb62-d37ecb91f432,Life Science,3ebdbacd9c1b701dbb950a28743f674026d02adc3f3b3c2e49cb675ef1611dce,1129
7c21b207-8bad-43d4-bb62-d37ecb91f432,Life Science,0e48ccf955ebbc1042ee5a349dc9d69637f7b22d72c65af8f1a6824d4e29296d,1159
7141b207-8bad-43d4-bb62-d37ecb91f432,Life Science,5be959aab896d0959341536c43f80679c6361c611f5ef42e96d778541e68a457,1201
7eb1b207-8bad-43d4-bb62-d37ecb91f432,Life Science,0a7e3d8798c38f732b0d94d584c0d69dd0b5af9782c1d0cd3f4c0d5820769fc0,1214
6371b207-8bad-43d4-bb62-d37ecb91f432,Life Science,28fc24b5992d41b56a95f5b550ff96752878018e22608159c481df68256ec444,1285
7a81b207-8bad-43d4-bb62-d37ecb91f432,Life Science,1275554bb4bbbbb79675cef1f5f5cc561b68274a8a209270e3b2fac68eb3cd09,1294
7dd1b207-8bad-43d4-bb62-d37ecb91f432,Life Science,464966b4c36f4e51dbee43f0494743f65ccfdbe27cee04148fddb03e803e4461,1300
7ca1b207-8bad-43d4-bb62-d37ecb91f432,Life Science,7bb40975aa90dde0db48da88767daf5b7de30515dcc773d60d484584fd9a9e4b,1404
6d21b207-8bad-43d4-bb62-d37ecb91f432,Life Science,41d519802aa1166b23890db6eee222c0d08f680e7e1c090564fb47ca8b52edb6,1412
6731b207-8bad-43d4-bb62-d37ecb91f432,Life Science,fa4ffef7fd10a655d7f6b5cecc94c1dbbb7dc6870fee66c2d87613d6cc3eb0d9,1474
73e1b207-8bad-43d4-bb62-d37ecb91f432,Life Science,8d682fb10e42897274dd6baff51231c5d1cc6bc50977b05f894fa87f2dd50ff4,1477
7bf1b207-8bad-43d4-bb62-d37ecb91f432,Life Science,44a216cce47c01ec42a511e314d4565968ce3cb971470df4c4f866013425c1b4,1479
61b1b207-8bad-43d4-bb62-d37ecb91f432,Life Science,e235741c11aea05788244ac43b61f79eaffef5e5ec54f70d0f1bd65bb8e10f40,1500
6ed1b207-8bad-43d4-bb62-d37ecb91f432,Life Science,22b72687aeba53a8f87bd5f8735563f29b8084df15fcb621c67805275cd7dbfe,1513
7b91b207-8bad-43d4-bb62-d37ecb91f432,Life Science,dbfb9376b022b092f932bcbeec2788c98d15df553e198b9b3b70cdee6ab0ef55,1539
7df1b207-8bad-43d4-bb62-d37ecb91f432,Life Science,733cba44632e9abebdd394e99cbec281af9a2262cc35b168d2b9787824ce9605,1561
6571b207-8bad-43d4-bb62-d37ecb91f432,Life Science,c913926ada68179f41a00b8eaae090cad60c60a6326e257a9d2400217733a2d9,1816
7b11b207-8bad-43d4-bb62-d37ecb91f432,Life Science,b25e68b88c2537c5525d1bbc4aba7fb45ef3fc38f72a03887955b94cf6cadd0e,1824
7a51b207-8bad-43d4-bb62-d37ecb91f432,Life Science,adc9f543007d1a8c77b6f90320a54bb9e6772526abe41ee7025e7cdffa1db9f2,1874
6791b207-8bad-43d4-bb62-d37ecb91f432,Life Science,6e2850e0250fbf071455f4a50bb22e92cb5d3bf9c50c34559dd69fba480308cb,1906
7d91b207-8bad-43d4-bb62-d37ecb91f432,Life Science,cf5584a1873b0dac6ee357ce507acbf1a5fb1213dccf453bbfff8071d3f5ff7b,2043
79a1b207-8bad-43d4-bb62-d37ecb91f432,Life Science,84af756640a4eca37e7c530b6c7eb99bba9fb0f4511e8ada936e71948bdc9099,2061
6d11b207-8bad-43d4-bb62-d37ecb91f432,Life Science,55d65e0951dd17e2e3aa4d4104c04f2d1ddfaa043c99d927fe23f0092468a807,2291
6f21b207-8bad-43d4-bb62-d37ecb91f432,Life Science,ec331891d573e8689b9f42f5f757b49fb36335ff481b20ff989ed043cb5151da,2332
70f1b207-8bad-43d4-bb62-d37ecb91f432,Life Science,1c7035ea3a4a50ef2ae3ad703cf6c0aca8245880aba389537dcf1a866004f234,2356
7981b207-8bad-43d4-bb62-d37ecb91f432,Life Science,5eb8902af212c5050ecc57ff193e629b1e54e633082da0984cf0067619ea4dca,2416
7e61b207-8bad-43d4-bb62-d37ecb91f432,Life Science,ce9c7100c14dcb37b8729812681bb0dc32012590d444061849b3788f3226431b,2578
8001b207-8bad-43d4-bb62-d37ecb91f432,Life Science,815d1f1b461559338c614ce15245cf26995515acc456d06a7cf17ffb5882d376,2719
61c1b207-8bad-43d4-bb62-d37ecb91f432,Life Science,341caef68fcbe153115ee678e755e0cd8c374397a1bc47fcf1c7e01875c5421e,2773
67c1b207-8bad-43d4-bb62-d37ecb91f432,Life Science,19a2de7ef5e21c5cd2adf26442820bad6649f5d8cf6450feb16f8660e6414c17,2785
7b51b207-8bad-43d4-bb62-d37ecb91f432,Life Science,fe83986138f9abf9eb538bf80926f017dec09733ae9aa23268e72a39cf3ea65a,2806
7a91b207-8bad-43d4-bb62-d37ecb91f432,Life Science,ddc8acf451489ab817d277b9ab1ccc9958f9f1254d1dd1b6352f519bf9063129,2927
7ba1b207-8bad-43d4-bb62-d37ecb91f432,Life Science,558a95abba7cce328e36b47be8b8ac5fbee2455d3effc8d485fcd073f8dd89a8,2956
7f11b207-8bad-43d4-bb62-d37ecb91f432,Life Science,7654e80fdee89a68f6cc2c570758d45ab82933e0f575333257b300f2786385d6,3035
6d31b207-8bad-43d4-bb62-d37ecb91f432,Life Science,51969509aa8e5b2fbe71948c5f27a82fe7c6ecef23666b81829fc38308762f43,3052
6591b207-8bad-43d4-bb62-d37ecb91f432,Life Science,b7ae48d00c948b72c069bd58f9192cf5190f8465a4705d6b78343de84ae0fcc1,3114
7c71b207-8bad-43d4-bb62-d37ecb91f432,Life Science,7a3d9ccfca758d23293ddf0d8a17b9ef9f755d28f35798c9faca17c92b765577,3119
7c01b207-8bad-43d4-bb62-d37ecb91f432,Life Science,12b877cac6a7664965c2c5da84a560908f62b7d21539a79f49990cd96173573e,3163
7ab1b207-8bad-43d4-bb62-d37ecb91f432,Life Science,04330c628edaec1aaa3b33555f78a7838318c86738d93b4c2e930c3773b029d2,3199
8041b207-8bad-43d4-bb62-d37ecb91f432,Life Science,b2967df765c4f4d8514b2ea0a55efaf4fa125e31c67eac0915936af19b933ff6,3232
7f41b207-8bad-43d4-bb62-d37ecb91f432,Life Science,e36692c4a76770d12e8e9137eb5b5107f85e983a0a9781e42747c21071fa7ff6,3364
6ce1b207-8bad-43d4-bb62-d37ecb91f432,Life Science,4a6b9ad9720a1b90f7b3004a98b66b530a9516ae3461ab0aae764f772cd6926d,3386
7151b207-8bad-43d4-bb62-d37ecb91f432,Life Science,7c3764c0021de9c59cd8f0eda167c2eaabf314aac0ed620f31e855a2dd6b2a85,3427
7c91b207-8bad-43d4-bb62-d37ecb91f432,Life Science,3a38c5b719bb0355c33e3af2355f79ee55b19e624554efaae3ea5e705c662edb,3428
6561b207-8bad-43d4-bb62-d37ecb91f432,Life Science,2f18a3730323f45ff23fc1fb80a1c400d47a79ec97571fa850b0a409efbcb408,3481
7aa1b207-8bad-43d4-bb62-d37ecb91f432,Life Science,ed5937315e6481d4f786609ccd79d5233b1178321af67b25a1301b30ef277c08,3549
7111b207-8bad-43d4-bb62-d37ecb91f432,Life Science,2d46a97873b6ef7e7ce7b74df0f752f812d8c59dd55a5a74987a7659f81b4a15,3637
7cf1b207-8bad-43d4-bb62-d37ecb91f432,Life Science,072b02f21caf667b8e613788caa916898c8596186e1a26a5fb9497bebd7e27a2,3675
7ff1b207-8bad-43d4-bb62-d37ecb91f432,Life Science,27acc13cd40a3b5466aebf5d71dc115960dd2efb9d6b8df4944ec1648d0735d0,3681
7fb1b207-8bad-43d4-bb62-d37ecb91f432,Life Science,49d39fed9f967aa7a4cab406289c319c14a37e0804b7604dbb82cf067a4784e7,3690
63b1b207-8bad-43d4-bb62-d37ecb91f432,Life Science,dc56dd1b050ad5f0d0b488028b6a578281ab9f5b9cec709aa29555d02237c184,3724
7b31b207-8bad-43d4-bb62-d37ecb91f432,Life Science,378551e6fe959446d20bce585172e117088ebc1840957e184b381a8d116bf349,3795
7a21b207-8bad-43d4-bb62-d37ecb91f432,Life Science,90e285ed12597d96d64188c656d7c37d47e3880ffcdcac1e8546676c41d17f42,3840
7fd1b207-8bad-43d4-bb62-d37ecb91f432,Life Science,f47cb6922e6810d39d727a7c28e6abc1fc6f6eae2022b106913320ac8029bb72,3992
79c1b207-8bad-43d4-bb62-d37ecb91f432,Life Science,0226bf91dc3fa9280ffb1e2a1b63e26a8c83982305cced8681f9482c56f78d61,4082
7f01b207-8bad-43d4-bb62-d37ecb91f432,Life Science,75a5fb62c1cba84e17e6af0feb635d190767e13451ec5ae95d322e6016b97814,4101
8011b207-8bad-43d4-bb62-d37ecb91f432,Life Science,4f3ceda1888930748d785c37534db8cd81a1195c2fa71143128118a989a57341,4171
7bc1b207-8bad-43d4-bb62-d37ecb91f432,Life Science,bdb0416bc32db581af8a9182a448adee7f1dce083445c4a4c9ecccf0f3cbaddb,4240
7c41b207-8bad-43d4-bb62-d37ecb91f432,Life Science,5d8d128f308ca76baf7c0b3548e06ff7cdb65bde63a654c3fdbe62de47377973,4241
79b1b207-8bad-43d4-bb62-d37ecb91f432,Life Science,af82ab96a80b4c1395ce1222ee2b6d109608de6e1dbc6eef53a3d881f7bd50ea,4260
6a61b207-8bad-43d4-bb62-d37ecb91f432,Life Science,a51a591284a2f6c393cfc24b33351e511d15fb7246c1e0bea5f60c642d8b3fc5,4271
6f31b207-8bad-43d4-bb62-d37ecb91f432,Life Science,4077f5f51b3bad9f13c81c2339e01f161c8e37bcc879ad13adb72676c362a934,4309
7ed1b207-8bad-43d4-bb62-d37ecb91f432,Life Science,6983baf0aba27165f759e9adf5a7ceef05903093c9a982a715f6d216514bff83,4387
7e21b207-8bad-43d4-bb62-d37ecb91f432,Life Science,ae920e333530701b23d38f600a8738dd11cfe324c3f8a4df2a7909cd9dc1de74,4416
7b21b207-8bad-43d4-bb62-d37ecb91f432,Life Science,eb10fabfdf4824ef9c6305831bef61018d965a2598b034721ab46ea86596a57c,4523
7d71b207-8bad-43d4-bb62-d37ecb91f432,Life Science,1a63c938ddb6846c0c2b7e4961d4849f16133a227f71cc62754adb1199f84dd7,4524
73c1b207-8bad-43d4-bb62-d37ecb91f432,Life Science,ecd02a3658b70837458747274f0edea134d1bdd7bd6e7f7b6e4d615820797d7b,4605
7dc1b207-8bad-43d4-bb62-d37ecb91f432,Life Science,cadcd2b74f626388191f8d1127440bfae21784694f9ecfeed310ea2dd1520423,4606
8061b207-8bad-43d4-bb62-d37ecb91f432,Life Science,c4eb493188440737a252df90f3a6c1462a9335391c1eb8cd2bc1ae8372fb6557,4630
7d01b207-8bad-43d4-bb62-d37ecb91f432,Life Science,6dfffe4d5a3661ba41c5dd9018b8ac4b3cad50b65a1e358c9fc7cbb663996212,4653
7c31b207-8bad-43d4-bb62-d37ecb91f432,Life Science,38ac75ceb03cb91185a5b3e07bb0c48562ba1c0eff56c15cd0de633d263fba47,4659
7c11b207-8bad-43d4-bb62-d37ecb91f432,Life Science,3da1a0fdd8432475a6f1b0af0be727181b6af4620d62d97950932f9962e43e42,4694
7cc1b207-8bad-43d4-bb62-d37ecb91f432,Life Science,5fc8d1e24181d30f1bb96184003700ad879abb8605a57b1095c82d688af5fdc9,4723
7101b207-8bad-43d4-bb62-d37ecb91f432,Life Science,7efa17029c82e57eec800a3daf0644a8faa33a15328282de12b93ed37fd6fe0c,4772
7951b207-8bad-43d4-bb62-d37ecb91f432,Life Science,cc05dbdf6184883aac699034cfc22fe242aff2887a40f130dac83a208cc51ef1,4809
7be1b207-8bad-43d4-bb62-d37ecb91f432,Life Science,e9b117c163f5b0bece4e9bba8778642a46267a6a61e78ee0f5f92c5f05812e99,4833
7a71b207-8bad-43d4-bb62-d37ecb91f432,Life Science,38391c030034dee88c1462980a0cf93913873eb90f64bc49dc3a406624a7f0a9,4857
79e1b207-8bad-43d4-bb62-d37ecb91f432,Life Science,1af7efb2af18ba2cd1b05740fc64a7f5b3c0cc99aaf9ed7cb80f349112e348a4,4887
7c81b207-8bad-43d4-bb62-d37ecb91f432,Life Science,7998409e8fc3158701adf385f74284f825d9fb9553c91bac9528506dc8252c60,4892
6f11b207-8bad-43d4-bb62-d37ecb91f432,Life Science,eda81275c60429e2bb1bed1f78b66d2ec876d508881b64ea4fbf6f2749922183,4920
70e1b207-8bad-43d4-bb62-d37ecb91f432,Life Science,147d2521e2cc4107bacedd9825225cf35332fd83c8dbecba51264018aa5e0163,4931
7121b207-8bad-43d4-bb62-d37ecb91f432,Life Science,3e6a40e2382d890c5082749a4334e0ffecf510ecabeac359e4d851649b9139d3,4974
7ad1b207-8bad-43d4-bb62-d37ecb91f432,Life Science,0c6ac08ea7d8043cf9e3722bdb9214e6570e2245ad6bf45fdc1d27cd80dfeb6d,4975
7d51b207-8bad-43d4-bb62-d37ecb91f432,Life Science,18fa3236b181390d358a5bcf93447e53b8e7c9192e3ac7a8bef8ae17475a742a,5024
7b61b207-8bad-43d4-bb62-d37ecb91f432,Life Science,23d289d96947597a12da4ebd3e8431cb9ff6d0a6b0a4bd71c36f20dcaae6f415,5031
7d61b207-8bad-43d4-bb62-d37ecb91f432,Life Science,a8a3d19e64ded4522cb58cece7d8ed3c61b4fc23c84f502a151994d4f5717060,5163
7f91b207-8bad-43d4-bb62-d37ecb91f432,Life Science,1f24bea51023a6fff81abbabb869b4e51b52f9b4dfab38c950d8cdbbf1262417,5181
7e41b207-8bad-43d4-bb62-d37ecb91f432,Life Science,d3c549789f00fb2bdee21f80e243c0508474f6202eff5b1a600c235ca6a77914,5229
6a81b207-8bad-43d4-bb62-d37ecb91f432,Life Science,7e62aa6b5a46c39605312be2d34a982b93f842b2aa7993bbb0e92b082b495a79,5291
7bd1b207-8bad-43d4-bb62-d37ecb91f432,Life Science,d85547dcc78b5a900dcd404d1b34888dfc218bf4067340284f5feeba4368788c,5316
7ce1b207-8bad-43d4-bb62-d37ecb91f432,Life Science,93367fc2961c4eebdd9a5629dfe460aa63d61b4514816635194652a1ce139d5f,5343
7131b207-8bad-43d4-bb62-d37ecb91f432,Life Science,231d61d6ab2360ad6bf51bc42289bba2b810304de432bdc13ac9b66acfe6db8a,5412
7a41b207-8bad-43d4-bb62-d37ecb91f432,Life Science,218abb26f6ee083dd95c1ed97a017cf4c790cf8eb7daa4863fb96ed2a6e6ec7b,5413
7cb1b207-8bad-43d4-bb62-d37ecb91f432,Life Science,ec4862e06ee1868abbc71c0e52fc47a68133534152b943a0eebb5b67bd7295c6,5473
7161b207-8bad-43d4-bb62-d37ecb91f432,Life Science,a6481e3175736663e78f0fd87996946ff8b1009763507864078ed9fe4996ede2,5496
7a61b207-8bad-43d4-bb62-d37ecb91f432,Life Science,24d5ba15e7f45c8a156057f6b7fe30b658e673a186f40b74a17b6de449379e48,5562
7fc1b207-8bad-43d4-bb62-d37ecb91f432,Life Science,e92c5dc84c86e9b8168cda4089f565bd13f6ed653522df988f90aef96fa5da33,5563
8031b207-8bad-43d4-bb62-d37ecb91f432,Life Science,dceee1f431a05306f2bbcc2be71ca11c74b58e412295eb9cf96c50176c34cae1,5654
67b1b207-8bad-43d4-bb62-d37ecb91f432,Life Science,ec3669e748a12e4c216f263b597ad2f5802f291b72ebea37641ed15da2a13623,5658
8051b207-8bad-43d4-bb62-d37ecb91f432,Life Science,ccb610accfaf7955ecc05b5243bd0c0673d85b2a547f64430671df15542fc7fc,5718
7fa1b207-8bad-43d4-bb62-d37ecb91f432,Life Science,f6699477c36b989a20327ac9c19f76185e6f15a399a81c489b1c058be77d6696,5776
7af1b207-8bad-43d4-bb62-d37ecb91f432,Life Science,b28faf147e32713e7a2436d7f7f432f7aacd56167c47c1b44a5f113402e6cccd,5812
7f71b207-8bad-43d4-bb62-d37ecb91f432,Life Science,911f44f5856f5e8fc929736a3f84742e88e0586703f0bdccc9ff8f04b3d9f730,5813
7f31b207-8bad-43d4-bb62-d37ecb91f432,Life Science,0268e59af9b3d17601445ff8c54f98fb42786627a3eb5ecbd21a175e4a4b0562,5846
6a71b207-8bad-43d4-bb62-d37ecb91f432,Life Science,3d68fb8efc9ff8be606b102bc9eeb095b6beb4b0a5d047f004e5e120ac73e0ed,5883
6a01b207-8bad-43d4-bb62-d37ecb91f432,Life Science,50e8203d3aab33a6fd2873402c68c3a6748cb36276f7e91142180235d85308fe,5889
7de1b207-8bad-43d4-bb62-d37ecb91f432,Life Science,aa6c3d033819f80b591c23b661d58c8556ae380a7ecc9aa87062bd209b682e47,5976
7d81b207-8bad-43d4-bb62-d37ecb91f432,Life Science,12a80b2e6b76cde59a602a95b7221e677c1670f2016a3a92964fd67494a01e58,5980
79f1b207-8bad-43d4-bb62-d37ecb91f432,Life Science,80551915bcc7c0488f51fb67d885f54852ea50f187b12c69c09ad4b17aac9403,5990
7171b207-8bad-43d4-bb62-d37ecb91f432,Life Science,7c1ef3b9c611aa23d2f8bf0b3e98839761d1002dca875ea3d0bf976853642d5e,6036
7f21b207-8bad-43d4-bb62-d37ecb91f432,Life Science,7e9a20c2de65340f541ab0adcbe10c2f7270aa922b3cdcfff3a110830d462390,6139
63a1b207-8bad-43d4-bb62-d37ecb91f432,Life Science,402e8fe6e2adde0599ce6e98f36e6d961a02e2ee5da8236e3e388fa56e94c6ec,6155
7a31b207-8bad-43d4-bb62-d37ecb91f432,Life Science,97b7137259778b547c9031f497860e02137cb5a318ca5e7d4437c7d272fcf293,6204
6801b207-8bad-43d4-bb62-d37ecb91f432,Life Science,d71eea651e03517b8f71a8bfddcd7200d24be0241387707970cef4fca0098873,6222
61d1b207-8bad-43d4-bb62-d37ecb91f432,Life Science,95f81c179bf7d0c5ddc5cdbd8a78a1dfcb4693b9cf264a91d1b879ec6ebeb405,6306
6f01b207-8bad-43d4-bb62-d37ecb91f432,Life Science,476939d64cb406a0dae955f81642f41c86394bb326ea44fc51eb72b0e3c038f6,6317
6ec1b207-8bad-43d4-bb62-d37ecb91f432,Life Science,f15fa5c6dff3810f6fc0aede6447bd7e313023340fb7d1bfffe84b5d6da02a86,6352
7f61b207-8bad-43d4-bb62-d37ecb91f432,Life Science,1e38a059286e3624ae8f95fbd76d6dfebb2014c986548a944bba0f42e895deab,6353
6d01b207-8bad-43d4-bb62-d37ecb91f432,Life Science,c3778ebcd2a06bab3d8c211fa523bb0d0587cad95aa22c437beb19636b5ae0c0,6394
79d1b207-8bad-43d4-bb62-d37ecb91f432,Life Science,fb4f214103dc444af4fafc59d4c653ef76e550a493e4aac2903d187f29ce6c7a,6418
6a51b207-8bad-43d4-bb62-d37ecb91f432,Life Science,cfdb9f649ac4901e37931cf5ff166f3df837271d3da3ecaaab7e87eb88fc3866,6453
6581b207-8bad-43d4-bb62-d37ecb91f432,Life Science,40f588abe64f6d45eb4bbfb370ba8d196dad698d67775e3176c81fe4fd9e5f1c,6492
6a21b207-8bad-43d4-bb62-d37ecb91f432,Life Science,ff87c93886ed41393da947f4c4868a2f48789776faec427814711ac58dd144eb,6500
6a11b207-8bad-43d4-bb62-d37ecb91f432,Life Science,cdc01a69f03c19db889be29fe4b099ec377b4016b4bcce906c1ae9a5d7c25e40,6539
7c61b207-8bad-43d4-bb62-d37ecb91f432,Life Science,01635d0dcc3a495a592ae7f0bd06a2a08ab72016bce7f63d591f6920c2ab5860,6540
7da1b207-8bad-43d4-bb62-d37ecb91f432,Life Science,3fbc1be31893f9bd1119608a3421512f369d63a26f1231c01d80f544d7417af1,6555
7a01b207-8bad-43d4-bb62-d37ecb91f432,Life Science,f68481f037343fa11ff2428adf804a418d011e00a9afac8073ac63e1c105e589,6568
7b71b207-8bad-43d4-bb62-d37ecb91f432,Life Science,6b131e24e73dcfae8eb5b7d03d633c387c9154870bc7894457755bc2ea428b61,6776
7e71b207-8bad-43d4-bb62-d37ecb91f432,Life Science,277b957a7c227b1cd49227524df3d7b93eaeeca2740e0cedf0d69caf2903e874,6802
7d41b207-8bad-43d4-bb62-d37ecb91f432,Life Science,75cde84a1bfa6dbec79645e75d37dc232a52a847095f722f62cca6f294fe963b,6868
70d1b207-8bad-43d4-bb62-d37ecb91f432,Life Science,6f482aa36646247d2d717e6dc16d77f569423a6be160970af254d9150d41304c,6883
73b1b207-8bad-43d4-bb62-d37ecb91f432,Life Science,6cbab30a649702f2adf26763b4bfcb468769632a4a15ad6f3b13ddb90907aa35,6951
7d11b207-8bad-43d4-bb62-d37ecb91f432,Life Science,b364646c851191d3e44b8fe791ece624ddfe6e65159303c15fd7d7ab57dff5e2,6960
fd11b207-8bad-43d4-bb62-d37ecb91f432,"Innovation, Technology, and the Future",9c896fa10f3d6bf25be45abe6ba8e9648ff19cc652165d080c7738e357a0159b,37
11b52b67-8bad-44d4-bb62-d37ecb91f432,"Innovation, Technology, and the Future",437b19a589ddb4d67798b6c8863b1fe9cfa035d642259de7a5f8e6c0586de394,47
103f2b67-8bad-44d4-bb62-d37ecb91f432,"Innovation, Technology, and the Future",5380aa4789c5df3a78d9d962d287d039c76cffd2668a679563b981bc65e70589,69
11bb2b67-8bad-44d4-bb62-d37ecb91f432,"Innovation, Technology, and the Future",4598385400847ba806ae68d11b91ad6bc00bc30ab4e82c3c8095ad7d3cb2c6dc,98
106b2b67-8bad-44d4-bb62-d37ecb91f432,"Innovation, Technology, and the Future",a2e85224ee238c01d564878ec9251947ca7d843788eab84cbba24eb8c54ef821,120
12322b67-8bad-44d4-bb62-d37ecb91f432,"Innovation, Technology, and the Future",1868dcfd7c37295d269ee42c7a70ef4661b0d5044e04fc96e014b7cd1d01c077,130
10ae2b67-8bad-44d4-bb62-d37ecb91f432,"Innovation, Technology, and the Future",c69d223de5748796ebc3eb911ea1d884db8dc2319f97668651b7a13d4f441c46,135
11d12b67-8bad-44d4-bb62-d37ecb91f432,"Innovation, Technology, and the Future",f204b352f3e9d90161b25d3b178619bcfe4b60e66f64b8c20d39545700c945d2,339
10402b67-8bad-44d4-bb62-d37ecb91f432,"Innovation, Technology, and the Future",7ce77a625cf1d5d791ef5518dd5e90a22d8b94e488dad388df70e59cd7234b48,344
131f2b67-8bad-44d4-bb62-d37ecb91f432,"Innovation, Technology, and the Future",fcb9aaa5f3cb538b0e77eb5b6acdd30e8b22fdc288ecae84d1245116fa9f5707,363
fb81b207-8bad-43d4-bb62-d37ecb91f432,"Innovation, Technology, and the Future",d46d7d4ae31bff88baddcb3f57108535c586e08db3744c1f6929aa20866f9e48,474
10702b67-8bad-44d4-bb62-d37ecb91f432,"Innovation, Technology, and the Future",f0201a8010bdcea2becf3353ea10b0441d55bda489d67f48ad22a7077aeefc8a,506
11142b67-8bad-44d4-bb62-d37ecb91f432,"Innovation, Technology, and the Future",8441a23d397e5ffd21ce22d78d04908230b316cb1f57492b18152785adc67b75,593
f881b207-8bad-43d4-bb62-d37ecb91f432,"Innovation, Technology, and the Future",f990d122deec4da108f75ffc14a409356940b247f54b9809f21b7a16f1133f7c,728
10832b67-8bad-44d4-bb62-d37ecb91f432,"Innovation, Technology, and the Future",afda660035ecff761c91f68b9ada1ae9962fddf0fc848b7bf376283074a469a0,730
11122b67-8bad-44d4-bb62-d37ecb91f432,"Innovation, Technology, and the Future",f70c16151dd8520d5c1ff5a457554f6bfa49fb989ca77c1b2a5d71cd5a6d45ca,747
13132b67-8bad-44d4-bb62-d37ecb91f432,"Innovation, Technology, and the Future",62c19021ecf10efcc932b04a7a8eb7dc7b4603efe8b5acb8a7b585c7cf7a9a42,757
12312b67-8bad-44d4-bb62-d37ecb91f432,"Innovation, Technology, and the Future",94cf57837540dab523a07c9b1d9a9123f67885143f3891820e3bf44f165c0b89,804
12bb2b67-8bad-44d4-bb62-d37ecb91f432,"Innovation, Technology, and the Future",82988b69e1661475cfdfccb0e972db8c091be87a90e838efc436cf5209314f35,805
100f2b67-8bad-44d4-bb62-d37ecb91f432,"Innovation, Technology, and the Future",e59348d58aa822abb4e62d2f68652960a27a64a9d0c2421096b3e14b04852086,859
13102b67-8bad-44d4-bb62-d37ecb91f432,"Innovation, Technology, and the Future",c6cd1a76c4246c987e155c316e3773af916bdf4075c9856ff580f0949ca20030,883
11ae2b67-8bad-44d4-bb62-d37ecb91f432,"Innovation, Technology, and the Future",0771dbb62e803415d6ec327f01421fb0903686adb71f4d8649c041edb1883881,916
13172b67-8bad-44d4-bb62-d37ecb91f432,"Innovation, Technology, and the Future",6d40e9be0aaa82f4c7dfb0c54e070bbe00e7522b08c2a7797c798b47f4725f09,938
13262b67-8bad-44d4-bb62-d37ecb91f432,"Innovation, Technology, and the Future",4ac021c685970640125a602f9bb19aea327ae9cb0f332c7663967a9c8775a0f8,965
f871b207-8bad-43d4-bb62-d37ecb91f432,"Innovation, Technology, and the Future",01b86c976badd9c5dd541b1fa9c63b5d52650ddf71f7631169ac43df7a19b742,1068
11152b67-8bad-44d4-bb62-d37ecb91f432,"Innovation, Technology, and the Future",33ce3de3f0bdcbe036c8b483859b3504b22fa73e3be52481ab91d8c976872643,1107
131d2b67-8bad-44d4-bb62-d37ecb91f432,"Innovation, Technology, and the Future",adf9c96725ec449e78a0b9f890f837898d1506417db510c9186c969d89f703df,1108
12592b67-8bad-44d4-bb62-d37ecb91f432,"Innovation, Technology, and the Future",2c121b3033f0d03939165b2310752945d6e96732e09ffdfcfae712cd18eadf3b,1132
12542b67-8bad-44d4-bb62-d37ecb91f432,"Innovation, Technology, and the Future",12363e87c14e16df4cfaea2a97a35dc1cf05ac93d0b3449bbbd97670b3059cc9,1275
11542b67-8bad-44d4-bb62-d37ecb91f432,"Innovation, Technology, and the Future",ea2c1cad56bd650c0eb668122964bf327146af9409c0eb010c49ffd18b076f8f,1425
fd01b207-8bad-43d4-bb62-d37ecb91f432,"Innovation, Technology, and the Future",8a293aeeb7e2bd084651d9a5011b753e0e88286212450785cba34983d86808d9,1535
120e2b67-8bad-44d4-bb62-d37ecb91f432,"Innovation, Technology, and the Future",3055e8ecf66bc188762041d6304b8a4e0f66ef1a97a4a61376938d2e51b146a6,1573
10822b67-8bad-44d4-bb62-d37ecb91f432,"Innovation, Technology, and the Future",7a76cb2f3b5e61acf6c9ff2a35fa808301c4904cfd75e43e8298e6d23f000732,1616
fb61b207-8bad-43d4-bb62-d37ecb91f432,"Innovation, Technology, and the Future",09d2386f4349bfdf84223bbaab93fd2f6f73302b33e64842f6a69f746f988cf2,1667
12812b67-8bad-44d4-bb62-d37ecb91f432,"Innovation, Technology, and the Future",ad6264889c553cc6e49a391e7b43adbe493be7d396f119850918b30d60d4933b,1700
11bc2b67-8bad-44d4-bb62-d37ecb91f432,"Innovation, Technology, and the Future",b1c8a015d402f5d4781f00cb45376e47e31eb6c049cca8fa5446cd8f78435d80,1876
106f2b67-8bad-44d4-bb62-d37ecb91f432,"Innovation, Technology, and the Future",d07015d4bad649e74a8065748116b902abb0b9598b9aebe3ed02e4b06c54d2ec,1895
10102b67-8bad-44d4-bb62-d37ecb91f432,"Innovation, Technology, and the Future",a4ff86f1841feeeb301822b4f6412603972b2f111afffff09850591263acfe14,1907
12122b67-8bad-44d4-bb62-d37ecb91f432,"Innovation, Technology, and the Future",236ac4771366af0926302e556da2efc004156aa2650f1d91f3c45b71f1750f76,1908
13192b67-8bad-44d4-bb62-d37ecb91f432,"Innovation, Technology, and the Future",178c84ae0f81cb310f86b39e8aecbe45dded104557cc631804bb02cf88793569,1909
12832b67-8bad-44d4-bb62-d37ecb91f432,"Innovation, Technology, and the Future",3ed2689b4c1f487070697cbbaaebd7f8870a0d5f7c08ee794645228b0b1bc4f9,1973
12582b67-8bad-44d4-bb62-d37ecb91f432,"Innovation, Technology, and the Future",f5cf2f2c1a2977051c25aa4765c3f29f182971d8cae5ff516ff122ca68e2586c,2012
13202b67-8bad-44d4-bb62-d37ecb91f432,"Innovation, Technology, and the Future",466f41c9398958e3695246f43d4fa4ff2821fb9dd1a92f31e81bdb4378cb02a7,2064
11ad2b67-8bad-44d4-bb62-d37ecb91f432,"Innovation, Technology, and the Future",039f54f14d7be72ec49dfe08a9af971676ade3f6f4e2420d58d9bb3b876d8505,2072
13142b67-8bad-44d4-bb62-d37ecb91f432,"Innovation, Technology, and the Future",ddd364385752ddd347138949e521ccfd76606c9caaa8d8cd8af6427b065f76c9,2073
11b82b67-8bad-44d4-bb62-d37ecb91f432,"Innovation, Technology, and the Future",3b0ab7b9609a08a545fafecb8468c21dd309f8383659df48db1f430c69bf7601,2106
11132b67-8bad-44d4-bb62-d37ecb91f432,"Innovation, Technology, and the Future",3ba466c1b8b903a6b9725f12ded937969f21c19c4036a8b17918d94db4f7ed96,2121
10ad2b67-8bad-44d4-bb62-d37ecb91f432,"Innovation, Technology, and the Future",cc4cd6e1d73b8f453542433141c0e9819b03f2de34f1e1262cb6a08704bbdd2f,2132
122f2b67-8bad-44d4-bb62-d37ecb91f432,"Innovation, Technology, and the Future",ae47fd76d547ba5a22a93760bbc9eaff59d7bd954cc9d8f605651887be711349,2301
11512b67-8bad-44d4-bb62-d37ecb91f432,"Innovation, Technology, and the Future",4b7597d993dd877ff877fb9805128f357ad63a8045192581ca3a07960206ab7a,2360
103c2b67-8bad-44d4-bb62-d37ecb91f432,"Innovation, Technology, and the Future",b560a62bdc5a9a3b86c6ccbd7ff618bed943b760a35469457e0b99a14c41796b,2425
12112b67-8bad-44d4-bb62-d37ecb91f432,"Innovation, Technology, and the Future",7fe6c56a3ec9e0dc4fb2b192fd3164f03902f819b21bb7ea2897ffb180bd1e4d,2507
11562b67-8bad-44d4-bb62-d37ecb91f432,"Innovation, Technology, and the Future",e71d93d88bf61057751a6931b523395f723ecda6f6833cf993b09b44d7d38575,2540
131e2b67-8bad-44d4-bb62-d37ecb91f432,"Innovation, Technology, and the Future",260a21aed378cc34bf991ad904e1d10948cec940028fe948101992b47ba7ac84,2550
f9f1b207-8bad-43d4-bb62-d37ecb91f432,"Innovation, Technology, and the Future",031706a334447842d5e2c2b9f2febe915861796ce54fc3d0546630e166013e64,2602
11522b67-8bad-44d4-bb62-d37ecb91f432,"Innovation, Technology, and the Future",c3486dcba783a427a71f5e6ca5ef887597f59862a012e0f73d03051b54a08809,2616
13152b67-8bad-44d4-bb62-d37ecb91f432,"Innovation, Technology, and the Future",b3e5e70b6a99caf8eb8ae6c4c8c37aa909ccc8bf6343073d2e2c34b9f11b42b5,2707
13272b67-8bad-44d4-bb62-d37ecb91f432,"Innovation, Technology, and the Future",10f8dd2f2a0023ad34a86b59b83a937b9e33e21dafd7e3f98daa8946747f1efb,2716
12842b67-8bad-44d4-bb62-d37ecb91f432,"Innovation, Technology, and the Future",454cb1dbab001f4520e26ab89807f5d2390daa4fcb94d8196aedb71a5a44399b,2762
12b32b67-8bad-44d4-bb62-d37ecb91f432,"Innovation, Technology, and the Future",3535205e968339b62107b3bcb421a44c40d570089aa0c6eadc2fab488aa916cf,2788
12562b67-8bad-44d4-bb62-d37ecb91f432,"Innovation, Technology, and the Future",5265d2ada6a9c700a9f73d2dcdb45ae8b877040ba5de18a9268478b0b7167502,2841
10af2b67-8bad-44d4-bb62-d37ecb91f432,"Innovation, Technology, and the Future",76dbff32638dbcde261ef5d1d086ad1465c440562c04efe301182a9416901616,2863
12b92b67-8bad-44d4-bb62-d37ecb91f432,"Innovation, Technology, and the Future",312f7038866f58b4319d7d764f17b088fea4e2aedc840c8b75246628939f665e,2890
11b12b67-8bad-44d4-bb62-d37ecb91f432,"Innovation, Technology, and the Future",37b7767eb4d0fe61683e75aae79a433b9c9a93632517c8c3f7f2841009ed5d87,2965
13232b67-8bad-44d4-bb62-d37ecb91f432,"Innovation, Technology, and the Future",4b53785888821532b7079cf1c238d9bf6352849afeab76d1a65d912becf41d39,3093
11572b67-8bad-44d4-bb62-d37ecb91f432,"Innovation, Technology, and the Future",4e8a71b97710f7679a3a1b9eb59dddde45736eebec297a46ab6e217464e59877,3261
11ba2b67-8bad-44d4-bb62-d37ecb91f432,"Innovation, Technology, and the Future",bbe942b1399c2f5c1cfef55680514dd21b89a4e22ff463b72208a5103a7b2bb2,3327
fb71b207-8bad-43d4-bb62-d37ecb91f432,"Innovation, Technology, and the Future",5f7cac65990e88dc5b2a223ba7e6b569cab8906333267bdb626af8eed0ed3270,3337
12532b67-8bad-44d4-bb62-d37ecb91f432,"Innovation, Technology, and the Future",21e0cad1fea0239e2ec47459834cd957adaec4096347a495608f1f7a09471864,3406
11b42b67-8bad-44d4-bb62-d37ecb91f432,"Innovation, Technology, and the Future",0c89aab4ab7c0b351c9aacfbb6885e704d937d0b3aa046b741564f2e371386ea,3530
10122b67-8bad-44d4-bb62-d37ecb91f432,"Innovation, Technology, and the Future",64a6f92ca1e0187662b50b0ceb309b257db87cb2c3cb6120b319e1ee3e0d612b,3538
12852b67-8bad-44d4-bb62-d37ecb91f432,"Innovation, Technology, and the Future",1f21e3235ad205b0fc928200acde177fd50d8d751960bcc043a7884c86dc46ae,3546
103b2b67-8bad-44d4-bb62-d37ecb91f432,"Innovation, Technology, and the Future",0b9c76c8e2eb37c03aec03ed518cb30f8f56d962b38bf15108c13b81ba61ebdc,3550
10712b67-8bad-44d4-bb62-d37ecb91f432,"Innovation, Technology, and the Future",00dd55e8b46bd7e7a7001e7e381bcf65dd95d009e3bc9747a86b0702200710e1,3576
12552b67-8bad-44d4-bb62-d37ecb91f432,"Innovation, Technology, and the Future",5a006d57286512f38a4666720d810f932410f18020142721138785708b2520b1,3579
fee1b207-8bad-43d4-bb62-d37ecb91f432,"Innovation, Technology, and the Future",4066e3c612c9c8269da0130aa33f5f4479976e96e3f051807edecf1527aec60d,3600
127d2b67-8bad-44d4-bb62-d37ecb91f432,"Innovation, Technology, and the Future",eaebc005618bc797ed0f0c321cc260790eced9a2075b495a1ea495a5d9406187,3634
10972b67-8bad-44d4-bb62-d37ecb91f432,"Innovation, Technology, and the Future",e7ae3558d3b7ae41c7f3deb90e50f5e78e72936d3a628037356eb3ec35b82e0b,3697
13252b67-8bad-44d4-bb62-d37ecb91f432,"Innovation, Technology, and the Future",3f8787f1b7b4b3a396eff90dafa57aa8546bd5488ca525711f9fba65691ad4fc,3719
11b02b67-8bad-44d4-bb62-d37ecb91f432,"Innovation, Technology, and the Future",6ffdd7fa7dd00689fb43eaddc04d8484fff6620435525fee04c037a0e12df7bf,3750
10ed2b67-8bad-44d4-bb62-d37ecb91f432,"Innovation, Technology, and the Future",5414f04c71dca8cc1697e3ea429280207951c16852819b24e64947a904655329,3773
106a2b67-8bad-44d4-bb62-d37ecb91f432,"Innovation, Technology, and the Future",8f2a663e6daafc96419351943eec67710224661e9319a6da6f24e9937512b014,3827
11b22b67-8bad-44d4-bb62-d37ecb91f432,"Innovation, Technology, and the Future",ef21435559ff819baa958c16172fe7b18a33f88728614312e9d3b30f38fc3b57,3829
10eb2b67-8bad-44d4-bb62-d37ecb91f432,"Innovation, Technology, and the Future",9cdee3981cc09a94eb6df3f77de4f9f7a5399939883fa35712b9de6ff12d971c,3862
10c92b67-8bad-44d4-bb62-d37ecb91f432,"Innovation, Technology, and the Future",55584e3e7177a65198c27a66763245902f01be0d8bb4adac11c770e3d33cf55b,3876
12bf2b67-8bad-44d4-bb62-d37ecb91f432,"Innovation, Technology, and the Future",2a86c1a2441cd469584f23c81a423c6b58335d8fde4da61bda217ca21bc6be12,3880
11b32b67-8bad-44d4-bb62-d37ecb91f432,"Innovation, Technology, and the Future",ba58847ff1beffd6a11888be5c786d7a92bc269938bd811b0e2945f0c46df9ee,3943
12102b67-8bad-44d4-bb62-d37ecb91f432,"Innovation, Technology, and the Future",24f69759b5908962cf71c6b4ae8c1644c0ad02647b8c10e4b02a53b7eab21ea6,4031
120d2b67-8bad-44d4-bb62-d37ecb91f432,"Innovation, Technology, and the Future",42fbd3d272376bd1ad69a968520f84ab375ea2b31c2a82101c5f3857dd13bc73,4049
11d22b67-8bad-44d4-bb62-d37ecb91f432,"Innovation, Technology, and the Future",4c5007646bc46f997ac24df22479eaff3fdacd54326bec6ee0f2c46ff623403e,4102
11502b67-8bad-44d4-bb62-d37ecb91f432,"Innovation, Technology, and the Future",cb2ed804b4918355eba32b38274f482459567be683e497832815b8e154503ab6,4113
f9e1b207-8bad-43d4-bb62-d37ecb91f432,"Innovation, Technology, and the Future",d7c1ad345a1216676d03eef1991bf443acecb52b5d7172245afc8583404e7064,4138
11112b67-8bad-44d4-bb62-d37ecb91f432,"Innovation, Technology, and the Future",eee4c87873012489638cff27f98f5680c1083e487123d577ce8b0661d73aedbe,4211
13182b67-8bad-44d4-bb62-d37ecb91f432,"Innovation, Technology, and the Future",e7981961fb20983c21ce56fdc52994ecb9f35704ecf93d400d3e79904d7f75b0,4212
fa01b207-8bad-43d4-bb62-d37ecb91f432,"Innovation, Technology, and the Future",117c949cfccfc4a15f806c08c0f1425bb5ef3f306de641ce5ab2ec7b67ff80c4,4221
106d2b67-8bad-44d4-bb62-d37ecb91f432,"Innovation, Technology, and the Future",14a53b2c87e5369a87ce4e84c2473acfd7cf6a4b005ab47fd480c7b23c42af1d,4243
fd21b207-8bad-43d4-bb62-d37ecb91f432,"Innovation, Technology, and the Future",54772df831a90de2e71c29384cfb67d176a5af96c82adb6b5759326788a52358,4276
12b52b67-8bad-44d4-bb62-d37ecb91f432,"Innovation, Technology, and the Future",eecf82d0feb80f92942c1092776fe6a7f4db10662b3ac34331279db66fb79543,4277
12bc2b67-8bad-44d4-bb62-d37ecb91f432,"Innovation, Technology, and the Future",1bfc75bb80de04dba875817396c53e030f52ec9a421a282eefae49ee0e21dde4,4333
11af2b67-8bad-44d4-bb62-d37ecb91f432,"Innovation, Technology, and the Future",5fa581a8f085517e9e81697771627d5b02823487fe8330b0bafa592bd105ff5f,4376
ff01b207-8bad-43d4-bb62-d37ecb91f432,"Innovation, Technology, and the Future",e27f238f7cb0d7d9bbc969b36e4cf79991de1162230449b9ebbd0f09dad21727,4403
103e2b67-8bad-44d4-bb62-d37ecb91f432,"Innovation, Technology, and the Future",8d9ac074106084d1cd6aea8b378e9c0e27e604e125a95708831854a2d084164d,4421
13222b67-8bad-44d4-bb62-d37ecb91f432,"Innovation, Technology, and the Future",683d09b44d0f15c4012b2af4d8de1de793a287be7fd4546572fe62388fcc6e59,4533
11ef2b67-8bad-44d4-bb62-d37ecb91f432,"Innovation, Technology, and the Future",e21637a856914e2635a359a63b08fc00e333f3f3d1c72190253f5890e92584fe,4584
12b82b67-8bad-44d4-bb62-d37ecb91f432,"Innovation, Technology, and the Future",3cd2f5ef7880bd9047daed186db5ec453f4d180be84507bab41381dd482d5725,4645
13212b67-8bad-44d4-bb62-d37ecb91f432,"Innovation, Technology, and the Future",84c6a78e6b3416e54bccae68b814e20291c8b8d38905e02fd8705f628d5861f8,4699
10ee2b67-8bad-44d4-bb62-d37ecb91f432,"Innovation, Technology, and the Future",1b87cb337275e2fccb5304198a10217871cf1d52f63707e68305529c81997bf7,4711
ff11b207-8bad-43d4-bb62-d37ecb91f432,"Innovation, Technology, and the Future",eb2b6e9996bf75405f837f072a9d0690d24266b65499203a748acb7de288ee86,4718
11b72b67-8bad-44d4-bb62-d37ecb91f432,"Innovation, Technology, and the Future",9323de3e97d642c8b65c7fdb22c60256e5f0b4a4c9d04d4ba6cd99b16488ece5,4728
106c2b67-8bad-44d4-bb62-d37ecb91f432,"Innovation, Technology, and the Future",ed2c04e889b0e6c5ed317c24cc79f8ad2f2d5c93a1554cacf12889f6262d9ed2,4746
12be2b67-8bad-44d4-bb62-d37ecb91f432,"Innovation, Technology, and the Future",d6058b96e14b9362e14f85c203612d214bbfc742471800c6a9874bc0d3444aec,4836
10cc2b67-8bad-44d4-bb62-d37ecb91f432,"Innovation, Technology, and the Future",5d75e9ee93d65ec6a0a557633f2cf35f7db6f4c6da459b9ebe701b75cb192290,4848
100e2b67-8bad-44d4-bb62-d37ecb91f432,"Innovation, Technology, and the Future",e4c75aac677ed55428a0d56c3ac2b9cc7a644c89552678d9c683e6f7439ad30d,4858
11d32b67-8bad-44d4-bb62-d37ecb91f432,"Innovation, Technology, and the Future",2c3c6d6457152956363baa7bdd704fd0aeef380689d493dff0713eef59679f8c,4895
11552b67-8bad-44d4-bb62-d37ecb91f432,"Innovation, Technology, and the Future",aef82abb84713a0bb1e6617f9062cb34d205df213c0b919081322874bad79236,4921
131c2b67-8bad-44d4-bb62-d37ecb91f432,"Innovation, Technology, and the Future",05dd726eb00bc8f03dbd2ec923e53d59af7359090c3d9ea990e2d28bd0f6bf5d,4922
12b42b67-8bad-44d4-bb62-d37ecb91f432,"Innovation, Technology, and the Future",4226af3c6a0439ce75e17ad8458be1dbf419b2353e9c6f6a0a828ef10d7859c5,4986
103d2b67-8bad-44d4-bb62-d37ecb91f432,"Innovation, Technology, and the Future",d4d22ad1790c733eabae7d223517d32fca13d6d4c2061df29c49b4dc07af99fe,5124
13122b67-8bad-44d4-bb62-d37ecb91f432,"Innovation, Technology, and the Future",19466a41cef6023dcc5196c4e190d11c2fc897ab67224363a87447444f417b00,5125
fef1b207-8bad-43d4-bb62-d37ecb91f432,"Innovation, Technology, and the Future",2c746cefe75a3e255e0a50fa2358e7022a98bd107458c18c400627400de248af,5134
10ec2b67-8bad-44d4-bb62-d37ecb91f432,"Innovation, Technology, and the Future",82ad9fa95f4b9d29111198ba707c19730c6e418c01bdb54bf6cca2c65d5835a4,5154
11bd2b67-8bad-44d4-bb62-d37ecb91f432,"Innovation, Technology, and the Future",5c9ecefe74546c81dc49e77edd44103fb6c4aaef4a845fb618d78f5d3da1561b,5155
12802b67-8bad-44d4-bb62-d37ecb91f432,"Innovation, Technology, and the Future",f80631ade409dc4b03b9094e0536fb67f8945ff288f04015bc7e42b343bd8be6,5156
120f2b67-8bad-44d4-bb62-d37ecb91f432,"Innovation, Technology, and the Future",3b00053f2e5eee0cb4752d83aeb971b53a4964be59fe3d7bcdb214e1a2aca725,5196
11532b67-8bad-44d4-bb62-d37ecb91f432,"Innovation, Technology, and the Future",c8627acaaa244e12158e630977a0a69e764560ae6f1a861da52b1b7dd8372e86,5208
12822b67-8bad-44d4-bb62-d37ecb91f432,"Innovation, Technology, and the Future",e8246a416d537e4d169a99cdae09a85fae6a9647b53ebce88f1c431a55997ea5,5247
12b62b67-8bad-44d4-bb62-d37ecb91f432,"Innovation, Technology, and the Future",dce43a58e506e7c7e802d9c6264a795a1b698ca5f01c0fbc771671b549c3897e,5257
12ba2b67-8bad-44d4-bb62-d37ecb91f432,"Innovation, Technology, and the Future",ad12e0e45ac5707a98e3e3cb75c8d643cbadb361774d32c313224fd79094830b,5459
12302b67-8bad-44d4-bb62-d37ecb91f432,"Innovation, Technology, and the Future",12b95506552d474b8f369fba7e2186496c3b20741500bd1a5ca54e145b60a2c7,5467
10412b67-8bad-44d4-bb62-d37ecb91f432,"Innovation, Technology, and the Future",476bcc0b308959bbac796d42f6d06be135ccf76618153e1d06016f6d0c9ee09d,5474
131a2b67-8bad-44d4-bb62-d37ecb91f432,"Innovation, Technology, and the Future",395038a5c6bb8a1f161e9d30ed9df8560199456ea38e28f971167ab7b97da41e,5501
11f12b67-8bad-44d4-bb62-d37ecb91f432,"Innovation, Technology, and the Future",769b96f9c48e8de579f218c2c4b05cfe2d20a72a065560c8e36de864e54047a9,5510
11f02b67-8bad-44d4-bb62-d37ecb91f432,"Innovation, Technology, and the Future",8f06e1250a8d7fa42b96f391272cc6dacce08257c8789630312af135d610dfb4,5544
13112b67-8bad-44d4-bb62-d37ecb91f432,"Innovation, Technology, and the Future",a892c6b29a0c591ae36ce19c238dc163905e62ed30c9f2a30282babe5a4ea6fb,5546
11d02b67-8bad-44d4-bb62-d37ecb91f432,"Innovation, Technology, and the Future",392f72b15f20a2d186b15d9abde46e2f56074990fdb891e57472bfd07fdae799,5589
114f2b67-8bad-44d4-bb62-d37ecb91f432,"Innovation, Technology, and the Future",c7905b63ad28944ccc50c6a82a6253e51e8a92d929fa47bfa31495f405e3e4e8,5681
12bd2b67-8bad-44d4-bb62-d37ecb91f432,"Innovation, Technology, and the Future",cc85a14fde5b60e3a5ef7cc339b5e060dee4f342022b47b3ca81bd2a7abb0fd7,5758
12b72b67-8bad-44d4-bb62-d37ecb91f432,"Innovation, Technology, and the Future",76bd259bd1591e3e1a52049e396506788040201da3a66f70adeb063e3b560e4c,5789
127f2b67-8bad-44d4-bb62-d37ecb91f432,"Innovation, Technology, and the Future",d0a420194f27ff41468cf24485b60a6ec424bccbd8608ba8d72495939c594318,5966
10982b67-8bad-44d4-bb62-d37ecb91f432,"Innovation, Technology, and the Future",00bf8f4245b418f65268fef4afb6bcf0cec04abdff15aae692a9cc90eb529928,6020
11b92b67-8bad-44d4-bb62-d37ecb91f432,"Innovation, Technology, and the Future",3b4264732a6c4b4c6461a0c8a0110ffba3d9616e877b92146c99538be387cec3,6049
106e2b67-8bad-44d4-bb62-d37ecb91f432,"Innovation, Technology, and the Future",bdd492dba09c11b284c38cb5268acba5330edffa8f849d888ed4e073da9805ba,6060
12342b67-8bad-44d4-bb62-d37ecb91f432,"Innovation, Technology, and the Future",95193c07c42cc9948a7db9dc7fc23a8ee8dfc501950063b3dd8db6c2ef0a3fc5,6078
127e2b67-8bad-44d4-bb62-d37ecb91f432,"Innovation, Technology, and the Future",bc50b45384692d6425dfa92fec1e7646e65f377ec6a39454bafbbc8873343f6e,6098
12332b67-8bad-44d4-bb62-d37ecb91f432,"Innovation, Technology, and the Future",bb9578136fada9cc4f1513535358e95075f721e4f85b85f50d2dbccdfbdc33e0,6143
10cb2b67-8bad-44d4-bb62-d37ecb91f432,"Innovation, Technology, and the Future",42d9dad31e6ef187adb2db10ea34782c8c26b4645e0495037c2174f84ccfd41a,6159
11f22b67-8bad-44d4-bb62-d37ecb91f432,"Innovation, Technology, and the Future",36858657f7c1922f5b1bac981d2053fefd5d46c0d2f69cd408f8928adca21056,6308
11ee2b67-8bad-44d4-bb62-d37ecb91f432,"Innovation, Technology, and the Future",f738d2e064f441ef588a75418489837c0801eb11ce24ec7ee44775c3079c36b3,6374
12572b67-8bad-44d4-bb62-d37ecb91f432,"Innovation, Technology, and the Future",36fcbad90c5e9b97e3613dd5f0a67b557253a4409045252cb219108cb868e8b6,6385
131b2b67-8bad-44d4-bb62-d37ecb91f432,"Innovation, Technology, and the Future",d57366057d674385a58ace2b7e2a372c10c92050f84ea9443d7960c6f8f77443,6434
10112b67-8bad-44d4-bb62-d37ecb91f432,"Innovation, Technology, and the Future",a2ecd1459eced871682dd5e5c928f54a7c5c2c20c2f59e130c42d118b89fb65c,6441
fd31b207-8bad-43d4-bb62-d37ecb91f432,"Innovation, Technology, and the Future",81315f2f4bd5739b1133d58cdfacb06d5d559a39dea8b37780c70ac5b3c8b537,6455
10692b67-8bad-44d4-bb62-d37ecb91f432,"Innovation, Technology, and the Future",f05ed8a01254e8d0620546fe9a012d637c9d7e12bdce66147e4bb87bc6373708,6556
13282b67-8bad-44d4-bb62-d37ecb91f432,"Innovation, Technology, and the Future",c6bc764734afbe9a535fcec80f9260027fff896094f493063d3c62662cb1155f,6584
13162b67-8bad-44d4-bb62-d37ecb91f432,"Innovation, Technology, and the Future",eee8ff9051e06aa04fe3c3a2178fd4f23c2906fc21792078d2b8656a9d85292b,6686
11b62b67-8bad-44d4-bb62-d37ecb91f432,"Innovation, Technology, and the Future",32713f081fb74a0b6e4c9195814bd46feb06a8727dafbff31b323a02014fd002,6719
10ca2b67-8bad-44d4-bb62-d37ecb91f432,"Innovation, Technology, and the Future",8e59e9f9e43458789c99d885e895671625e65353b27a27704302bb27e0e5ac04,6777
13242b67-8bad-44d4-bb62-d37ecb91f432,"Innovation, Technology, and the Future",572320f83fe57e18b49074c5a14153d95da3aab6f3e8443cfa62526d15093201,6788
3ad72b67-8bad-44d5-bb62-d37ecb91f432,Reading,bc133857c8a991455ab807b9a2b4dd65415e753c1fb4bae375dd240e193c6d93,66
3a762b67-8bad-44d5-bb62-d37ecb91f432,Reading,c2ce8edb057e8a73bf5cef1455c3804bff30c2f17bf335cf70e0dfae69a5343c,114
186e2b67-8bad-44d4-bb62-d37ecb91f432,Reading,b33a8f72e88e8dbb7c34e1ede16c2227cfdd6a06d5c87954936aacdb9f57ad92,172
3b192b67-8bad-44d5-bb62-d37ecb91f432,Reading,2024790d89d0f4531af5e838acb2c10450ea18ab5b558ee59ec0a923866c46fd,270
3a392b67-8bad-44d5-bb62-d37ecb91f432,Reading,6fd16a6d61a182984355668a1720f93fa3e822d3042d9e9ae59797822d9d1bd1,291
3a362b67-8bad-44d5-bb62-d37ecb91f432,Reading,c5cda48d9011a9d3ec5c208a0393a3e2119ddb20f9bd04807dd9b3ea3565bc75,297
3a722b67-8bad-44d5-bb62-d37ecb91f432,Reading,383ca24f7ccc143339585c99e7d3f6379e3a580993622004391db60da176b3fa,404
3a382b67-8bad-44d5-bb62-d37ecb91f432,Reading,3afc3e5521fc64abd9b2bc1fdfb6613cffa2931a587c2c15923a5c49621d39bb,442
3a9f2b67-8bad-44d5-bb62-d37ecb91f432,Reading,24f987c9825a2178764f5668751e157de6aacc76ab0f6bc5489ddd8e227f7be4,443
18722b67-8bad-44d4-bb62-d37ecb91f432,Reading,b0e12f0f382d2ae4f2190fed5f60dff38de286b3a7ff3a93ed8e5f802ed04484,546
3ad52b67-8bad-44d5-bb62-d37ecb91f432,Reading,310253b371a36c3b5ae9e423540741bd8229f2d8a5b79949cc7e59cffda45b21,560
3aa62b67-8bad-44d5-bb62-d37ecb91f432,Reading,897c11d97568d8ae30f6d170ca35f0198d762512f92809c862f394be9a96694b,640
3ae92b67-8bad-44d5-bb62-d37ecb91f432,Reading,93cff54ba637507a4455f8415cec51622507d3acf8d6d3a4cf7815c36ee45e8a,687
3a3c2b67-8bad-44d5-bb62-d37ecb91f432,Reading,d04d69068c39b560bfe0b58b96d5495831f1619656e3497b1ab21a2ce5619ac0,778
3af12b67-8bad-44d5-bb62-d37ecb91f432,Reading,c9f23d5e9a8901edde85dbfc72e786c4a21586168b6c9019a4f4730fcfc25aa7,818
3b1c2b67-8bad-44d5-bb62-d37ecb91f432,Reading,be21e7a5ced0af16e7e11eaec13e2de96db641f02d823d2d13f9ae534ed0adcb,842
3b322b67-8bad-44d5-bb62-d37ecb91f432,Reading,5927dbda8ef9c2733ef1b9accb760e4822229399d5f096a4032a1c50a30e5f5d,865
3a522b67-8bad-44d5-bb62-d37ecb91f432,Reading,df77ed85c885ce8da667bb35ec724a8bc6a045b2124769efc6fd8d42731ce3c8,903
3a712b67-8bad-44d5-bb62-d37ecb91f432,Reading,f3efabb0c49c401138ad11483d07b66b033a7f145f4dccf6020aa98807aec816,954
3aec2b67-8bad-44d5-bb62-d37ecb91f432,Reading,6a211f7e7f3a1d6863fbdcc138c875113aadba97bcd58dce4c68ac864eaec74f,991
3b7f2b67-8bad-44d5-bb62-d37ecb91f432,Reading,1a559f0ec84d9b726d3fb72b89ea7243ed8cbb41d4c2fd7a25a4633ecdeeffe4,1085
3a532b67-8bad-44d5-bb62-d37ecb91f432,Reading,6bcb93c101aea02156d4bfd8ee2c664ee1afeeac4f5438e9346570e8044f3843,1238
3acf2b67-8bad-44d5-bb62-d37ecb91f432,Reading,1518e5b8458d2aba12879e15ca291cf1f862f29d0a1604a82d64525a5a9d7548,1259
3b1d2b67-8bad-44d5-bb62-d37ecb91f432,Reading,d4c5e590e8362eaf160f3c9b92c5182a7db7561b667e89a4db11b8c4bd4d22f1,1283
3aa82b67-8bad-44d5-bb62-d37ecb91f432,Reading,4ade88b72592da9b16d713822b0d55f55d7caa9e0314385cc6275ac62430f7b4,1361
3afe2b67-8bad-44d5-bb62-d37ecb91f432,Reading,433281e3f4da379a514e1bb96173a2dc3b9b06bfa121cf8d1e4be0d4116728f1,1435
3ac02b67-8bad-44d5-bb62-d37ecb91f432,Reading,94605b9d4293c28f5537f2504826dd8a28c85e7025fa9d50c83eebfe3bd2ad54,1442
18702b67-8bad-44d4-bb62-d37ecb91f432,Reading,71259f7b44fc89dbfb8b137afe8fac5060d29a3eb3c156f2b4100e62b0216efa,1459
3ad32b67-8bad-44d5-bb62-d37ecb91f432,Reading,14e5131411223620750034d56f0dd4f2e49b22537a8f83bc0ce9f34244fcb572,1472
186f2b67-8bad-44d4-bb62-d37ecb91f432,Reading,d7592132f9bf144b2135cc73544dbcdd25b8499877731c0a6d7174b6c6e0371c,1522
3b2e2b67-8bad-44d5-bb62-d37ecb91f432,Reading,c3fbe8e3ffce59f41e2d43a37655356941829ec34911179f2a9f7c508e4f2993,1557
3b332b67-8bad-44d5-bb62-d37ecb91f432,Reading,803d6125807ef792bcf2b39f884661c2a0b5aa5158fd8b0ae2a8aaf4f8ba978e,1568
3b712b67-8bad-44d5-bb62-d37ecb91f432,Reading,cabcc0efb0be6b04df8e20379568e1d643af7df41132a98c0fa55a911bf3c5a5,1645
186d2b67-8bad-44d4-bb62-d37ecb91f432,Reading,968155116e033f25bd0a4505c87b5d52d1bb66f59e92fb5b5d87dfbf9f81af9c,1693
18752b67-8bad-44d4-bb62-d37ecb91f432,Reading,7c5539aeaa0d20ea111e87cde306a196bda4d6f840aafc341d1d2530be2abcf0,1707
3a732b67-8bad-44d5-bb62-d37ecb91f432,Reading,b5ed3498910e45aa1ebc61034117b68ef6e50296eeac37b0534bca3712788a2a,1776
18742b67-8bad-44d4-bb62-d37ecb91f432,Reading,fbe3daaef68b308b8d317551e4c355b7c43727aad81629d90fbc40eed36e1b5f,1844
3b502b67-8bad-44d5-bb62-d37ecb91f432,Reading,75db491fb28d849e0a69f35e545367a71e4658151cb5e84599161bb98ace8911,1892
3aef2b67-8bad-44d5-bb62-d37ecb91f432,Reading,105418821a739a2255e24a5f83b2101dc03b82eb02197cd09237c2e133bf76b3,1904
3a372b67-8bad-44d5-bb62-d37ecb91f432,Reading,93e7a3b4bc411ce2e75461ce7349da886aa99217256dba2a5aa820178f4639fa,1988
3b362b67-8bad-44d5-bb62-d37ecb91f432,Reading,01c0a27a1f9761450c8a6767abf7868804674bae6532f210d2b8c3b769be6412,1997
3aa22b67-8bad-44d5-bb62-d37ecb91f432,Reading,02025f620a427a99d2f6ed927250ed8b708568b4fc852be0915a1d504dd4df69,2069
3b1a2b67-8bad-44d5-bb62-d37ecb91f432,Reading,0cdc2dd4f614b3298e57bd3e52e6b4dc1bdbe08b7fe7950de56b464ca0ab7e34,2109
3ae62b67-8bad-44d5-bb62-d37ecb91f432,Reading,c0efe96b764ba70255681f4b424863f958cd298c9f21632df5ccf0b7e514c859,2115
3a742b67-8bad-44d5-bb62-d37ecb91f432,Reading,8a5bbbc90879b50985511c67b51778457f0640400c33c58849f9ceba6a000f04,2129
3a872b67-8bad-44d5-bb62-d37ecb91f432,Reading,8c40cac95049fd611e3c888d0f08e7f84c0443c7e6909f7840bc0fe49c6ccd0b,2130
3abd2b67-8bad-44d5-bb62-d37ecb91f432,Reading,5a3fc910a75f6892d9fe6d212dc92ae5826a6634c664773b203d3d7b16e46cd4,2202
3aa42b67-8bad-44d5-bb62-d37ecb91f432,Reading,ef3fe33629b709445cb86ccb45748757b2f254ccc4b2d62f77d25dd890a11d60,2268
3b082b67-8bad-44d5-bb62-d37ecb91f432,Reading,c75ab5fe40254b2c192ce71836c46fdbc8905d9eab41aac096be1b813399bf1c,2343
3aa72b67-8bad-44d5-bb62-d37ecb91f432,Reading,7c2a33c313ded057a8a5ce0931886ca0e129f025d00024860bf3a253855dfb2e,2363
3aea2b67-8bad-44d5-bb62-d37ecb91f432,Reading,40a846fdc841c13dc1050d9326457283b15a4b44bc89d9316d21e5c1c02fb043,2433
3a752b67-8bad-44d5-bb62-d37ecb91f432,Reading,46c8dd5561f0821d97c1fc71c6865c037c29a0d26cd9d79402173b5e49e338b9,2490
3aa02b67-8bad-44d5-bb62-d37ecb91f432,Reading,44e08f1371cf8daa1e040d6d8f0b643feb9d5ce3ab8550d2809517241ee537eb,2622
3abf2b67-8bad-44d5-bb62-d37ecb91f432,Reading,d966cd9920b12f3a6cf7833d4236bb6966c5c709b2ab03eb6e291e52ec2b340f,2630
3b482b67-8bad-44d5-bb62-d37ecb91f432,Reading,b5c4d6fbab5b6e38ed4093fcf39934fba06e03876ad9351fcf1619721d2a0c3d,2660
186c2b67-8bad-44d4-bb62-d37ecb91f432,Reading,c296478a9a781d0310fbd675eca270eb15e67da0e0dc7a0916b1c49cd1ff8b32,2667
3a6e2b67-8bad-44d5-bb62-d37ecb91f432,Reading,4426b43a60ae094c954016c5296f5b83f5061fe802fe415971c2cc9565ef899a,2684
3b052b67-8bad-44d5-bb62-d37ecb91f432,Reading,9c247e8476315682eb2dfe770f91b4735dc5df4f505ebe1f4879a73e19fee9fd,2759
3a862b67-8bad-44d5-bb62-d37ecb91f432,Reading,644ca1ee82e043fc7477096a0d4835cc389d674fd944b975081301d467e19d66,2856
3ae82b67-8bad-44d5-bb62-d37ecb91f432,Reading,3a916d848e41dc863eca105b51b02f89b999a8a6d9aac0c8034bdd6b71e4f200,2907
3abe2b67-8bad-44d5-bb62-d37ecb91f432,Reading,3345fc21f99a58347407d3a0c0da519a7afda38170a8d24e7e4946b9baadddd3,2918
3ac12b67-8bad-44d5-bb62-d37ecb91f432,Reading,e2228b3262c0b0b613f5efe027c4ffb46bd885d2f5fbe6076976c9065f835dc2,2932
3b2f2b67-8bad-44d5-bb62-d37ecb91f432,Reading,9e4d99ed1c16ca9f2f0258fcf038eb9751174c59503887bf02015826ba0591fe,2953
3abc2b67-8bad-44d5-bb62-d37ecb91f432,Reading,3169e7aa1642ac16712d1293fdcde41c6f10f87d2879a46e81edd21a15b5825d,3049
3a772b67-8bad-44d5-bb62-d37ecb91f432,Reading,87080f66a275f9830c3ef8bb1b67c3dfb14bff6b71bc9922f2e9c9348766abdc,3108
3b6d2b67-8bad-44d5-bb62-d37ecb91f432,Reading,d96bee7e7bf0eea6f756390fb36deb78dc5e1ec5d276bd19f8f6ace84ab98a8a,3198
3a3b2b67-8bad-44d5-bb62-d37ecb91f432,Reading,081ca1029651de9e8995925c57ef76f31aa7bf190da345d6a557d6db0e258f06,3349
3b452b67-8bad-44d5-bb62-d37ecb91f432,Reading,532ab9a690dd06df39d4c9f3c037fb619d1889caf3ff97623eba11672d333376,3351
3b6b2b67-8bad-44d5-bb62-d37ecb91f432,Reading,e35c19c6f20df7942458de1ac707ccfb8458d333bc9ac05ed67266f9dcec13bb,3373
3aa12b67-8bad-44d5-bb62-d37ecb91f432,Reading,83915c2100b4d4e0e8410981c6ef511c44240c798add2a39d8877ad0574e579c,3417
3b2d2b67-8bad-44d5-bb62-d37ecb91f432,Reading,63cfc2ca68a0874d44fad90326bba0196b52bc1df92ce10a16fc9c2097d0e1e0,3527
3b6c2b67-8bad-44d5-bb62-d37ecb91f432,Reading,44432409659fe78cc541b2e47f1c1a773b46f1fbdb9c688662d91d844577832c,3561
3b062b67-8bad-44d5-bb62-d37ecb91f432,Reading,9fcd9e648ef1780d72b548a1454a056c21f7370d23e9dbe23da795d4d00f60b2,3574
3a8c2b67-8bad-44d5-bb62-d37ecb91f432,Reading,e3d11e75c92b1052240846ec0aa6b0d0c4f1d5b862ade0b515e28d00fb5ba26a,3631
3abb2b67-8bad-44d5-bb62-d37ecb91f432,Reading,b3b7bb9d261049fc2a516667082122a2a508d963d41151d67e96db567f8f76f0,3653
3a562b67-8bad-44d5-bb62-d37ecb91f432,Reading,b0e423fefdb7917e9480983492110891070487ee080bd3889c349fc542f1c776,3663
3b352b67-8bad-44d5-bb62-d37ecb91f432,Reading,ce8bcdc754605c4c7e92dc4c4652a39884df7e249005ea7be937e3992c88f805,3704
3b092b67-8bad-44d5-bb62-d37ecb91f432,Reading,32e18614bd15045eb4ebdfe59745b2515ff171d01a9e0f6643d4ff37222e371e,3722
3b4a2b67-8bad-44d5-bb62-d37ecb91f432,Reading,122243d3aaaf2f5783ab3e57105938373b1e7c23b0ca131406efc2ed6106307d,3813
3a552b67-8bad-44d5-bb62-d37ecb91f432,Reading,22362aab16a21fc7951129dcba35f1c11c230f1a82bd96b28399490ed11626da,3819
3aff2b67-8bad-44d5-bb62-d37ecb91f432,Reading,d0a6b5908026d6eeb56227e978e17919fd7910fd3893e78a3c78451ebf8ee622,3839
3a502b67-8bad-44d5-bb62-d37ecb91f432,Reading,6f5ccb4e81bafac31f53e3731d9030c134cff2ac509dd7457ade85cd09b22a41,3849
3a352b67-8bad-44d5-bb62-d37ecb91f432,Reading,18052057bbc6cde03d69e4931446f765ddb66bec0fb91d54eb560c738f114df8,3932
3b182b67-8bad-44d5-bb62-d37ecb91f432,Reading,3856a1515b3e545713c1fe30101e8ea1dfe3eb954682366fe9da259fac464048,3989
3a4e2b67-8bad-44d5-bb62-d37ecb91f432,Reading,7e1ddb9133fa1e13388c920dcbed1afb9f4f6d369cc916d5d455c7beebee4c29,4074
3a6d2b67-8bad-44d5-bb62-d37ecb91f432,Reading,473b17c637dd9db32bf49a0c7a133ca25094eec6255c7239a87af8f9eb20850b,4075
3b692b67-8bad-44d5-bb62-d37ecb91f432,Reading,5295d4a3202a09a5d5b4cee7525cce9ebcbd18c755d7b1a81eac232e80dcef4a,4111
3b312b67-8bad-44d5-bb62-d37ecb91f432,Reading,bc5bf78ddbda6a252a738000dd689394aa7aaf063b3dd7fa01037e9b26f17aba,4120
3aba2b67-8bad-44d5-bb62-d37ecb91f432,Reading,8fcbd33e5eb5a09ec54f8c5acf981d4e9cbdd8e0d9319fabd15d349923bc3c71,4131
3aa52b67-8bad-44d5-bb62-d37ecb91f432,Reading,84df8d289dd0c058f0c08a5f4e30ccff3f1f1299ffa805d06e924bc1ef76911c,4170
3a682b67-8bad-44d5-bb62-d37ecb91f432,Reading,13b8e2cd40e898d84ae1992dd18e5cf6a57ae71c93b9c0b7a3714c421f917713,4226
3a6a2b67-8bad-44d5-bb62-d37ecb91f432,Reading,76d2b14d5e6cf87720564bebb1f4ac550572b56aa7f323ae5f040d083637cedb,4299
3af02b67-8bad-44d5-bb62-d37ecb91f432,Reading,694275731b0a77bfd28a9f557029a6f5bf2fa6c5a82cc22775ccdd2de564f7e1,4340
3a572b67-8bad-44d5-bb62-d37ecb91f432,Reading,91b18ddc74fb4d9a6119a9801785a446270c53c9b3e526ab9f49a2ddcb036d8b,4384
3ad22b67-8bad-44d5-bb62-d37ecb91f432,Reading,58f1db5ab63d9c9511156dd533abc2c21179043870d9663ae3f949cedf394e63,4400
3ab62b67-8bad-44d5-bb62-d37ecb91f432,Reading,ac69c691f699b7de58d187a98616f1458bac647492f6c679462baf77115de8b4,4500
3ad02b67-8bad-44d5-bb62-d37ecb91f432,Reading,77a016222ee7a5ad504f9c3b3e87654cd2173016627a027df7e64d113859e379,4530
3ae72b67-8bad-44d5-bb62-d37ecb91f432,Reading,ecc4521d67bf51ddb674a240679fe5effcc56f68da4b62de8cbaead81c8945f7,4601
3b042b67-8bad-44d5-bb62-d37ecb91f432,Reading,b653377fef021644a0aed8214478357e842f29bb0be43ad52807f5789900dade,4602
3b672b67-8bad-44d5-bb62-d37ecb91f432,Reading,d3f85b91a72ac285426de6a586b733df91f8851a2a0324b5e8b5fd467b4623c1,4691
3aee2b67-8bad-44d5-bb62-d37ecb91f432,Reading,8cf622827148d4aa99e59555eab8a2dc9feaca8567c6b58d55eafd74f813277b,4716
3ab82b67-8bad-44d5-bb62-d37ecb91f432,Reading,d26c65a6e982beb71823add291c807a97184d4778be9c8e17b38eac4c941122a,4721
3ab92b67-8bad-44d5-bb62-d37ecb91f432,Reading,2ffca0a9f8b6aaa6496c1f2e7b42028bc713bb7521836f93807672ed8a79ba58,4756
3b702b67-8bad-44d5-bb62-d37ecb91f432,Reading,1cea475ba8ead24deccff003063392441ccc5eb7c484643459f70011e074e151,4964
3a342b67-8bad-44d5-bb62-d37ecb91f432,Reading,321bcea0d3ecec63112c0f8e4f4e8c86cadcbf5223583e97af0019c13088b0f9,4980
3b382b67-8bad-44d5-bb62-d37ecb91f432,Reading,018f8f7d6d6b2252d04484c379bce40158c502c96412bbdd65ba7c085a6872ae,4991
3b172b67-8bad-44d5-bb62-d37ecb91f432,Reading,929c89de07a4771b3ff5408cce66840b9eb9db43f9438505593d8fb57b1a59ad,5001
3aed2b67-8bad-44d5-bb62-d37ecb91f432,Reading,3ff6ae9dd3a3f6c612bd078d76e3f765ad5330a0c1dd9e8783fd684602e65944,5057
3b6a2b67-8bad-44d5-bb62-d37ecb91f432,Reading,75c144aadda674a84e149b8add79b0029cd4ef7a37b1553e96b2ca6191ef6e64,5148
3b072b67-8bad-44d5-bb62-d37ecb91f432,Reading,56290c2f64b228836bd1f19290e30873b805d6753181726839250358b01ae4a3,5172
3a3a2b67-8bad-44d5-bb62-d37ecb91f432,Reading,05967a248ed20aa0a95ccbe8582c1c15e5d51aa835e5cc760eaf17d8d596d567,5201
18712b67-8bad-44d4-bb62-d37ecb91f432,Reading,33a46abc3e3ba37d3bd5ce4441310b1d9026fdcfe5aa7458c86574660ad23cdb,5221
3a8a2b67-8bad-44d5-bb62-d37ecb91f432,Reading,9e872b49f90dafb31f10e3a2665528a79b37528b6826fdc8d46621b5e30d5ff0,5341
3b1b2b67-8bad-44d5-bb62-d37ecb91f432,Reading,f021eb52705e8061aab7f02a1ac09eba44192351a2f935a98d6027d52244c446,5354
3a702b67-8bad-44d5-bb62-d37ecb91f432,Reading,ed819d2ba49ea2c67f53d1581ae296f998946577d762d4300420c24a128f6dc0,5392
3b682b67-8bad-44d5-bb62-d37ecb91f432,Reading,bc8728005299f160ea92e08502c00e3fd801dcad649de7be9a43a3c502656cfe,5393
3b002b67-8bad-44d5-bb62-d37ecb91f432,Reading,7758d6826d00c8525dcba0939449da0ce413b3a15c769a45aec91196e52bca5b,5402
3a9e2b67-8bad-44d5-bb62-d37ecb91f432,Reading,d3dda68aaa93405883c05845b3a9727061be6fcf6697c2d7e27778b8932c40f2,5471
3ad92b67-8bad-44d5-bb62-d37ecb91f432,Reading,9f280b2c4ec308e479a89d2f898c335781e5f482db973115a782dc7c892036a8,5479
3a882b67-8bad-44d5-bb62-d37ecb91f432,Reading,32335c3f299cbdca31a2bcf945fae6299cc5f62faedfc7b756bedfccfadc95e8,5636
3b6f2b67-8bad-44d5-bb62-d37ecb91f432,Reading,6d9cb29a0a1fa7abb3329496aa0cc6fcc90e25618f5d638c828373d64144f59b,5637
3b4b2b67-8bad-44d5-bb62-d37ecb91f432,Reading,8e54a58dac4901b348965b5ddec11e5f0d7bc840053e34a29fcb29e0748f9af5,5671
3a542b67-8bad-44d5-bb62-d37ecb91f432,Reading,25ae93c52b6a74f585b9135706f123a16c565f3d7017b81544edea4f4733557c,5739
3b4c2b67-8bad-44d5-bb62-d37ecb91f432,Reading,d00ee161ad2aeb8c708620468c7a03c6248c32767cfb1b17283181a117ee3b48,5740
3b372b67-8bad-44d5-bb62-d37ecb91f432,Reading,81aca513989fadc8096dcacbdc51e51a8d7de301bba007e9205003f91cbd349f,5743
3ad62b67-8bad-44d5-bb62-d37ecb91f432,Reading,04fb157030a19aa03110c353ebcb0c4bdc599db3049f1191bb7bb1d11f26dea7,5809
3aeb2b67-8bad-44d5-bb62-d37ecb91f432,Reading,f567116a860395551a0dfd00f3b21d80913fd112c23af7bb4c91f3862019d7ea,5810
3b342b67-8bad-44d5-bb62-d37ecb91f432,Reading,1d8f37d443e40b7b49120a9e9b467dc1694a0eca55b03655a86f7d4e38c85abf,5833
3ad12b67-8bad-44d5-bb62-d37ecb91f432,Reading,4ecef5e56b8d9b365f49a9e2d15f88df16662c76996b4159a5ca1a47b2acead4,5881
3ab72b67-8bad-44d5-bb62-d37ecb91f432,Reading,ab2a69775039def9092546e4c87ca2ddb622d015aea246f3bef73f737a503590,5906
3a6f2b67-8bad-44d5-bb62-d37ecb91f432,Reading,845590e670feb1b9457aaa5f63ddad69f737f29005dbf98aedf97f0df364e36f,5921
3a892b67-8bad-44d5-bb62-d37ecb91f432,Reading,d91e3a5f6906c76a7e72b45baed86c8ba27e00cbbadcd746b2bac9289f930f16,5973
3b1e2b67-8bad-44d5-bb62-d37ecb91f432,Reading,53ed6a3e5aabfaaa970437577633d1d6d0265b94aeb15dc4c6b859b390eeed14,6000
3a692b67-8bad-44d5-bb62-d37ecb91f432,Reading,f47fc3e9af7491a35ed8f0b9a9beeee4488d7299b802320831a8492f6f14e3f5,6032
3b162b67-8bad-44d5-bb62-d37ecb91f432,Reading,bd68e37b2180bcd89725b01be5bebc26a38414d1a6923584b0aeeb649b087761,6033
3a4f2b67-8bad-44d5-bb62-d37ecb91f432,Reading,b6d08a1dfd06cf46366eeb18d5200d52efeeaa0abf0170d05dc2b297bce28016,6058
3ace2b67-8bad-44d5-bb62-d37ecb91f432,Reading,e0bd052b23bbf4f4eb1d2a66183afdd5007409fe82e1becb5e44f2ee5513e9f2,6086
3b462b67-8bad-44d5-bb62-d37ecb91f432,Reading,28c0a05e074245badd0bf65503469cba48f8d58af19fe786e048221e1da88e9a,6166
3ad82b67-8bad-44d5-bb62-d37ecb91f432,Reading,31e1de0fa6950e69d0bc1228b49ae5d93d29a0e5f65c21b2e24b564eb166e373,6245
3a512b67-8bad-44d5-bb62-d37ecb91f432,Reading,f4b9e2d4ce29ab3d30f91b9b23b3a5b15a20e94e8129900085415f8ff134c91b,6253
3b012b67-8bad-44d5-bb62-d37ecb91f432,Reading,ea1658566782def20539f8593d555a1481bb0a99742eea700f8760306d4c6bc0,6328
3b492b67-8bad-44d5-bb62-d37ecb91f432,Reading,5df9e3c4feda5b9d2650f60dc964dc24d5da09d5aff85b0492d25c70b17526f2,6341
18732b67-8bad-44d4-bb62-d37ecb91f432,Reading,8747f1fa56d438eca89c7887ae3d05dc985f43fa49cc878a884064202ad6242f,6398
3a8b2b67-8bad-44d5-bb62-d37ecb91f432,Reading,1067448928967e6df0ac655625ccbd33c4850fcb13955ac83f1eeff4b1c61cf2,6399
3b472b67-8bad-44d5-bb62-d37ecb91f432,Reading,b32351cc4cd2d0ef60c49899538a03911a3689d0ee880ade342486d9640175e9,6432
3a852b67-8bad-44d5-bb62-d37ecb91f432,Reading,2637cf80dc036f574de529fc828100ca6f612279dff76b6b32f1df33b57bb3e1,6438
3b4f2b67-8bad-44d5-bb62-d37ecb91f432,Reading,823d0b043be84a303f78095f6ad26824a3df169e52deb4dc86f7eccf30bf12ba,6439
3ad42b67-8bad-44d5-bb62-d37ecb91f432,Reading,39b9895a2a0d3201c85515d0874fc7119970ef3976ad6f45b5642920fabf3028,6463
3b4d2b67-8bad-44d5-bb62-d37ecb91f432,Reading,ed08c376d9076eec8c7fe3eb6754f9d2798eaa5246be081fc6a84a2b9bc78da6,6464
3a582b67-8bad-44d5-bb62-d37ecb91f432,Reading,b64b22fe146b5c7dbc8ffeb20f1c6546cb0d6e105c0f300125f6c3eeb8a994ad,6551
3b6e2b67-8bad-44d5-bb62-d37ecb91f432,Reading,827ed5ebf52feaaf69cfaef6f405e4714dc2382ba6ea6f3db9132a3ae1ca7f6a,6573
3b022b67-8bad-44d5-bb62-d37ecb91f432,Reading,0a11a159018567d190697600d997a8d552bea91d89e5dad3b721a3af59f679bc,6636
3b202b67-8bad-44d5-bb62-d37ecb91f432,Reading,062b0c3262a89580736f84ece62f8d1f43548031608448443eac80cc76567855,6725
3b302b67-8bad-44d5-bb62-d37ecb91f432,Reading,8ef331e83b367030e48e5be3b704243c17b449e6dc0088752e3a79d7264b9052,6726
3b4e2b67-8bad-44d5-bb62-d37ecb91f432,Reading,e63afdf0d66fbb105a7812bcbbb92930e56d1415a899a026a75fb970090409f1,6784
3aa32b67-8bad-44d5-bb62-d37ecb91f432,Reading,16a1353b43119381b59fe281feb03d64383702c8a6d675d3975388125d07a0d3,6877
3b1f2b67-8bad-44d5-bb62-d37ecb91f432,Reading,f78b83ecd7517143768126f5862a69acbfc2ff93d20c32c4a1662b08de78650a,6892
3b032b67-8bad-44d5-bb62-d37ecb91f432,Reading,71e4c183180d83cb52bcdf4a305ee956bc7a4bb458ed37881880a6e6e916f66d,6931
163c2457-8bad-45d5-bb62-d37ecb91f432,Financial Literacy (Adopted in 2023),4ce47dca8b91f9520c2a712ce67b25ffd40dd2a411d070ae42c97c5f89c3a096,15
163bb457-8bad-45d5-bb62-d37ecb91f432,Financial Literacy (Adopted in 2023),91db58d88e89c6adf0eb18671218d0a6cbcdba9c20c430d5a7913281a2f0ab73,95
21562b67-8bad-44d4-bb62-d37ecb91f432,Financial Literacy (Adopted in 2023),fecb1588d79c5076736669bbcc5d6ff53bc0ad11d3be5ba0c5a3b559416eceac,112
21392b67-8bad-44d4-bb62-d37ecb91f432,Financial Literacy (Adopted in 2023),3ee7540394022cd3196b6c9093dee4b4335e81c808fa1e972a422e5f86b5f02f,127
163e9457-8bad-45d5-bb62-d37ecb91f432,Financial Literacy (Adopted in 2023),0aacbb65a43485371289653582317d4bc374b0ba82b16a4e8974aa8f3fc5bf67,160
163e4457-8bad-45d5-bb62-d37ecb91f432,Financial Literacy (Adopted in 2023),3d382e207b32537a599222e82b08c5bcf588052f68f802ccaa2322871e8d9172,170
159b3457-8bad-45d5-bb62-d37ecb91f432,Financial Literacy (Adopted in 2023),e53595eff1bfa9de302ba5b1514c93ca8b8bfe1df7939bbb99060ed10d1252ea,204
163c0457-8bad-45d5-bb62-d37ecb91f432,Financial Literacy (Adopted in 2023),79d24cbde5df45b1b0eb5e419545be8b933e8313a30d3f31d52e61f76e6e97a3,244
214b2b67-8bad-44d4-bb62-d37ecb91f432,Financial Literacy (Adopted in 2023),49cc46d8bf6b67bbc224ed734c01865ce6adee5c90da411d83ff250bc6991355,258
21622b67-8bad-44d4-bb62-d37ecb91f432,Financial Literacy (Adopted in 2023),7311288996d48cd00c3d45f76c0c405c769829b8de0396d43b215fd078494524,275
159f7457-8bad-45d5-bb62-d37ecb91f432,Financial Literacy (Adopted in 2023),0a42b6ebbd17d2a7da75a9555003647b1120437220101f317113b9c541b9d91d,288
16391457-8bad-45d5-bb62-d37ecb91f432,Financial Literacy (Adopted in 2023),4e0a05b8f21e87ca9f20b3f1d465c282dd111a8b5460024479b5337ce0652553,302
163c4457-8bad-45d5-bb62-d37ecb91f432,Financial Literacy (Adopted in 2023),d8f259d8ee424656c81c1429fb2790a69fde66f0246b91dcb2d6dd6bb5ab9626,315
21532b67-8bad-44d4-bb62-d37ecb91f432,Financial Literacy (Adopted in 2023),8da2913635a91c6a836b20d2dcafdecbe71653854ccc3a27f43945c2fda550a1,369
21a32b67-8bad-44d4-bb62-d37ecb91f432,Financial Literacy (Adopted in 2023),2dc34411fdb3da425eb25c3f730db4a9f6296c0a08bbcb9c4155134f4a6e036f,390
21312b67-8bad-44d4-bb62-d37ecb91f432,Financial Literacy (Adopted in 2023),713f38e809dfdaae0693c5bba77c8cb9738ba440c347b4f9e0318fa2dc4cd111,425
15993457-8bad-45d5-bb62-d37ecb91f432,Financial Literacy (Adopted in 2023),30d59cc18f44ace4e13aaa0ecf4810d5730eef6aa259f7a923abb26b803f43b5,518
21472b67-8bad-44d4-bb62-d37ecb91f432,Financial Literacy (Adopted in 2023),0c55068f2b0908e7fceb876a4625978f76e9fd89bcc391a75f55214deb78c960,529
163e8457-8bad-45d5-bb62-d37ecb91f432,Financial Literacy (Adopted in 2023),ef3b4c994f7b9688ea27e4cece5c706a7cca37a6bdcce22aec190d86bd2c17f6,614
163d2457-8bad-45d5-bb62-d37ecb91f432,Financial Literacy (Adopted in 2023),6d5701a545367d17aa32d6e56e062c150f2c9d568364c6cf3f40a4bfa2d9d18b,749
21362b67-8bad-44d4-bb62-d37ecb91f432,Financial Literacy (Adopted in 2023),d14d9ff3c9bf57f544d43da36d5114624f5c127b0071be6c7c1dbca6654a69a3,808
163db457-8bad-45d5-bb62-d37ecb91f432,Financial Literacy (Adopted in 2023),7e16bb3eb4dcbe344ba4831691ada45ff8eaf8271c6cd1d64ea6eb9b095dbc81,840
163a6457-8bad-45d5-bb62-d37ecb91f432,Financial Literacy (Adopted in 2023),aacf7696df7b91ea392f5edbd8161d6655d9483d47b960004732c32f6a0a3c1c,848
163d6457-8bad-45d5-bb62-d37ecb91f432,Financial Literacy (Adopted in 2023),e56cd3a2c7506ba6a0de04ca755e07f6cf61b781cd15dddbbc8d251d70312cb5,849
21662b67-8bad-44d4-bb62-d37ecb91f432,Financial Literacy (Adopted in 2023),488f684580d1f5dc900ad6cb6470d787ec5d92a811a76a2da4f1999361a00d01,942
163c7457-8bad-45d5-bb62-d37ecb91f432,Financial Literacy (Adopted in 2023),3fd167035907ddf7133ebdf4e0ee33275bfd6fde503cdf5224e419de4073e0d6,977
163cd457-8bad-45d5-bb62-d37ecb91f432,Financial Literacy (Adopted in 2023),df3e0c486b6dcbee5b8f29ce8e55e25e64f09cfea5694e35c993c399bc53b88b,985
163d3457-8bad-45d5-bb62-d37ecb91f432,Financial Literacy (Adopted in 2023),ef3924e4c7e0c3254b9320cddd68b7227645c2ef08fc13f61dc61f8cd9967f0f,1115
15a2a457-8bad-45d5-bb62-d37ecb91f432,Financial Literacy (Adopted in 2023),b69bbdeeacba04c98cc792f7170793169b811cb89601c330829f2f8d01289f6d,1153
21412b67-8bad-44d4-bb62-d37ecb91f432,Financial Literacy (Adopted in 2023),a440e9bf199bdc50577871f471e3d6da895ec6be7ff24c96323620fde69b39cd,1216
16395457-8bad-45d5-bb62-d37ecb91f432,Financial Literacy (Adopted in 2023),e94fb8a41c4912b69c478d8dae351109d327732b537677ec252f0c215aeece8e,1230
15973457-8bad-45d5-bb62-d37ecb91f432,Financial Literacy (Adopted in 2023),d41febf07ba2f78e67e6c3f0dfc43a59a5df25e9e13562fde3a11211bb2be852,1242
163c1457-8bad-45d5-bb62-d37ecb91f432,Financial Literacy (Adopted in 2023),1fe2054ef37ae140394b14b3a10040ba9d2d50dfb5898947711519f55a87fa8f,1280
163cc457-8bad-45d5-bb62-d37ecb91f432,Financial Literacy (Adopted in 2023),a5ccd5f04cb9f60a48fe0f413cfdce1cb6af38405f407b83491646eb96fb0377,1394
21572b67-8bad-44d4-bb62-d37ecb91f432,Financial Literacy (Adopted in 2023),6189b85055b43ca2bf9548f29f3bcdddaa02d893ea036c8216ea9a54cade90ba,1408
1639a457-8bad-45d5-bb62-d37ecb91f432,Financial Literacy (Adopted in 2023),aee7e064975340039cae9f23b19dfe6769811be28b9c37ddda2a45d1243bd0e5,1415
21642b67-8bad-44d4-bb62-d37ecb91f432,Financial Literacy (Adopted in 2023),01d6101c59037d88f7ee15f0299a4838d1fe067a5234818e2133d4b0f631c3e1,1497
214c2b67-8bad-44d4-bb62-d37ecb91f432,Financial Literacy (Adopted in 2023),1f33728bfc6885caf1c1c48b4780945d7aedac417607918e64c0068b98763f62,1545
21372b67-8bad-44d4-bb62-d37ecb91f432,Financial Literacy (Adopted in 2023),64dc6b35d07e7700e6a58bce966b1ebe790a0d5452ee8e2c131c5944b1b0205d,1567
163e5457-8bad-45d5-bb62-d37ecb91f432,Financial Literacy (Adopted in 2023),4629f701d49543a702c682a59d4bd31f6151bc7102ee0a1d21ee611fa04b7e86,1670
21592b67-8bad-44d4-bb62-d37ecb91f432,Financial Literacy (Adopted in 2023),467d39d89a44a0909763a669e38933f51078f1ebe55e0c2b075259ab7dc5149b,1674
163ca457-8bad-45d5-bb62-d37ecb91f432,Financial Literacy (Adopted in 2023),0e1b892c0a89f35461ed517d67cda6caf7ee222b7dcd68dc0f62a658e8258b35,1729
21432b67-8bad-44d4-bb62-d37ecb91f432,Financial Literacy (Adopted in 2023),bcbed3bbc73ffa33ca30f9d00234380225de3ee2361110336fdcbb5c82e24f84,1812
214f2b67-8bad-44d4-bb62-d37ecb91f432,Financial Literacy (Adopted in 2023),5ccca641f80230272d84425cf0aeca13ad69f3ed599a09994292c51d2fa0d054,1813
1596c457-8bad-45d5-bb62-d37ecb91f432,Financial Literacy (Adopted in 2023),6d12bae5fa265d4895f000264c7e5f7112f57763fc3fe31621d1079d82209998,1821
21462b67-8bad-44d4-bb62-d37ecb91f432,Financial Literacy (Adopted in 2023),9936d8440e62000c2d448397b36baa842c9bc1d1237c455e144f7c07e8565aea,1860
213f2b67-8bad-44d4-bb62-d37ecb91f432,Financial Literacy (Adopted in 2023),f9799efa182a7c91a4050540dfbc68ae92e795045aa541add1d37dae6306884a,1872
163df457-8bad-45d5-bb62-d37ecb91f432,Financial Literacy (Adopted in 2023),8d1002d839155eaeb87de52fcd9c3cc9e244ea9712076a7772bef5ea9de8622d,1887
21332b67-8bad-44d4-bb62-d37ecb91f432,Financial Literacy (Adopted in 2023),5698e53ecc70daa7224cf17449856bf738113d10096ea74f526b636485f85664,1913
163ba457-8bad-45d5-bb62-d37ecb91f432,Financial Literacy (Adopted in 2023),9f95e3359803b8454aaaa06321573a1ddee5eecfd6b85d2be7f21242d3f3cad7,1948
214d2b67-8bad-44d4-bb62-d37ecb91f432,Financial Literacy (Adopted in 2023),266ed66db63a853f8ba8a5955c3c71158825985948825a41956e68b435ce22da,1959
21402b67-8bad-44d4-bb62-d37ecb91f432,Financial Literacy (Adopted in 2023),68bd7b63c94b97bbcf7d72b604b887a3d8636ec5753823f212c726d5869117a7,2103
163d9457-8bad-45d5-bb62-d37ecb91f432,Financial Literacy (Adopted in 2023),6f4805642f316d5a0b628894b7c9bc7d324fee8466c3057fb571eb9db0347264,2107
215f2b67-8bad-44d4-bb62-d37ecb91f432,Financial Literacy (Adopted in 2023),5df8bfa35b7a38c6fb13cc351330cdebb7d67df485cd782bd3a198cd4e4dcedf,2220
163a3457-8bad-45d5-bb62-d37ecb91f432,Financial Literacy (Adopted in 2023),b3047929cf8595760f9956bae274da3a40ad125c033557f5ba3850d11f7fc35d,2240
215d2b67-8bad-44d4-bb62-d37ecb91f432,Financial Literacy (Adopted in 2023),6f6ff25957576bda3730fe5c497dea1b18104fd10da2b9744c1c98743f114b18,2256
21a22b67-8bad-44d4-bb62-d37ecb91f432,Financial Literacy (Adopted in 2023),997eee43a3e4fcae130d011a91a8f1a79a942f2c453226f4ee704508db1b624a,2300
15a23457-8bad-45d5-bb62-d37ecb91f432,Financial Literacy (Adopted in 2023),69fccc81974f17168edd3e2ac37a3c12e79d8ad78363f6b6cc841976648b0825,2338
215b2b67-8bad-44d4-bb62-d37ecb91f432,Financial Literacy (Adopted in 2023),ec87af5921bb2177f657bc723d80ff3f0871b0f57bb6013eac2107c8a2a12cde,2394
21342b67-8bad-44d4-bb62-d37ecb91f432,Financial Literacy (Adopted in 2023),affbd1e2565aff835d481485a4905fd4c01280880f911d7b6c79cd3e6270a465,2447
21492b67-8bad-44d4-bb62-d37ecb91f432,Financial Literacy (Adopted in 2023),7ee673d8e38d68e3f7a279cfab913bc65517d36826b00584554e8ffc2e18b6bc,2498
21542b67-8bad-44d4-bb62-d37ecb91f432,Financial Literacy (Adopted in 2023),40a19a4203c99017ec2990ce31d08ba39a182d8bae65cb7bb839a95982fcb9fa,2544
21582b67-8bad-44d4-bb62-d37ecb91f432,Financial Literacy (Adopted in 2023),0135f676d87a258dc32f5a15786e10a9819b666cca31771ee1e349c1a6604d83,2583
163e6457-8bad-45d5-bb62-d37ecb91f432,Financial Literacy (Adopted in 2023),6f57d5b1d30b276f051f5f335289f285c07d560ed30b0f25fb5a5ed8df31e4da,2736
15963457-8bad-45d5-bb62-d37ecb91f432,Financial Literacy (Adopted in 2023),bbe8edf49d432f685ba683e7db30f3076e466fc91454be7975daa2a0cab0caf2,2801
163bf457-8bad-45d5-bb62-d37ecb91f432,Financial Literacy (Adopted in 2023),9b4b5f11f0a4edb5ccf2fa6d284bddeab6076691f3258ddab7bcc61df418304c,2905
21512b67-8bad-44d4-bb62-d37ecb91f432,Financial Literacy (Adopted in 2023),dd0f6bf8d9eee910d93cf0bfee9022fcf84a75e448e5473410639a9117d940ca,2906
163b7457-8bad-45d5-bb62-d37ecb91f432,Financial Literacy (Adopted in 2023),e3a29f6e7fabb760643c4ada70051f69e8612c26ff9b090ecf3c9f98328f9f17,2962
163e2457-8bad-45d5-bb62-d37ecb91f432,Financial Literacy (Adopted in 2023),3b1c951f0054baf46f5344a795d2d7cd241d701471131ab45fd5a1f65f28582e,3015
21482b67-8bad-44d4-bb62-d37ecb91f432,Financial Literacy (Adopted in 2023),9fb475b9350945591b31da9e379601ff38d19e27616361882608b380bc11856a,3073
159ee457-8bad-45d5-bb62-d37ecb91f432,Financial Literacy (Adopted in 2023),720addb916998b5a7d28c9814edd68fa8d9c7905dc525b0d9f801cbd0743fdda,3177
163b8457-8bad-45d5-bb62-d37ecb91f432,Financial Literacy (Adopted in 2023),13beac1a926f78cf8df087909a62ed6728fe0085b8b1516f78a30a4ba5946a80,3211
163e7457-8bad-45d5-bb62-d37ecb91f432,Financial Literacy (Adopted in 2023),97f969fb33fdbe8152e9e1e6d0cf3cb95b59e6a17c7bbb420240e1055e008ca6,3234
158f8457-8bad-45d5-bb62-d37ecb91f432,Financial Literacy (Adopted in 2023),95aea2269d7ff1f18b48b91aea42f1bde045e449b941f45593eb7bdbc752eb20,3366
163ab457-8bad-45d5-bb62-d37ecb91f432,Financial Literacy (Adopted in 2023),9a82bd320636baf402b0a8ca857abf520472160e820574fa0236ed179167e6b1,3407
212e2b67-8bad-44d4-bb62-d37ecb91f432,Financial Literacy (Adopted in 2023),cffaa50d96f591eff0c2b127b3117d11a1a3d1d969783453441fa6e7880770cd,3416
163b1457-8bad-45d5-bb62-d37ecb91f432,Financial Literacy (Adopted in 2023),b0e00b2f099226750411932e1b3ced194526ff197aaa55cc396162bff20f28ab,3442
163b3457-8bad-45d5-bb62-d37ecb91f432,Financial Literacy (Adopted in 2023),001fc41d4d4d2e203e645ee08eec1ae66bae7a7148697d99c34b37f75e89d569,3443
163c6457-8bad-45d5-bb62-d37ecb91f432,Financial Literacy (Adopted in 2023),0c810e151c75ea84a1cbf02146ddc41633b5a07dbcfe3850df4e7e94637e76ff,3509
21602b67-8bad-44d4-bb62-d37ecb91f432,Financial Literacy (Adopted in 2023),7d5285dc6cdee6d314be91b1d996782df7a0a16ca381926038892e5a3506271b,3543
15a06457-8bad-45d5-bb62-d37ecb91f432,Financial Literacy (Adopted in 2023),e3c032e5ad5106dc35156b21f314e5cd140240aff9ba39d4ffb04c594d880a8f,3554
163cb457-8bad-45d5-bb62-d37ecb91f432,Financial Literacy (Adopted in 2023),841d50abe2eab91d2a8f7e74d4530fded51dc59981fa492451209f7ac8e469f7,3569
1639d457-8bad-45d5-bb62-d37ecb91f432,Financial Literacy (Adopted in 2023),1e6021cc81700ef6085a8d3ff67acd47a8ba0ee5b887fa416ac54efaa76137e9,3587
163b4457-8bad-45d5-bb62-d37ecb91f432,Financial Literacy (Adopted in 2023),301ef6f414ec7b62ab6b306f71e31c774f31ec6729415efcbcfb34f08776b915,3614
163eb457-8bad-45d5-bb62-d37ecb91f432,Financial Literacy (Adopted in 2023),d4083f2e95f61097171fe069afad02b3452457b62d6b7ddc74f479a29260ef91,3729
21382b67-8bad-44d4-bb62-d37ecb91f432,Financial Literacy (Adopted in 2023),54a135fb18fb8a4a2f1a4844c22ce0c88f80841f290ba9192c40beaa1bd218eb,3745
163c5457-8bad-45d5-bb62-d37ecb91f432,Financial Literacy (Adopted in 2023),d5cffbdb89e7268d532116e6a6f65cb16f008e4f15d55d80b08281978a7fcfca,3894
215e2b67-8bad-44d4-bb62-d37ecb91f432,Financial Literacy (Adopted in 2023),2fbb9883b2907b8a3e95986159c0bd6dd563e8bc84cff41576018b5ec1fbee97,3931
163e0457-8bad-45d5-bb62-d37ecb91f432,Financial Literacy (Adopted in 2023),23edaff472bc0738e37cdd0fafedbe763ae6a4661e1bb4396589576dacec480b,3942
214a2b67-8bad-44d4-bb62-d37ecb91f432,Financial Literacy (Adopted in 2023),4c7f509f428211b0cac6b835703732bef161d8bf5c74f7636c87804e612362be,3956
21a12b67-8bad-44d4-bb62-d37ecb91f432,Financial Literacy (Adopted in 2023),50a2188d1bdfa5042b2a2a7e0a5f7781d4054efb13780de5885ea68f51feae3a,3971
21652b67-8bad-44d4-bb62-d37ecb91f432,Financial Literacy (Adopted in 2023),35fb40885bd0842ea0e829d81ffc02afcba69e409186ceddf0444772beb4aa0b,4020
21552b67-8bad-44d4-bb62-d37ecb91f432,Financial Literacy (Adopted in 2023),7b8cf4488ccbd91da53fd96d63d0302c92313c355bf10ce9e721742d19f113e0,4064
163b9457-8bad-45d5-bb62-d37ecb91f432,Financial Literacy (Adopted in 2023),43be3b9d5e596a1270e4707de65694df003d8597103433ee2fc191389e176fe3,4092
159bf457-8bad-45d5-bb62-d37ecb91f432,Financial Literacy (Adopted in 2023),7e49f2cc202a196496428df5a37f0c171bab1f09d230e55a85fa4def6f6e1d43,4163
163d0457-8bad-45d5-bb62-d37ecb91f432,Financial Literacy (Adopted in 2023),d707bfd877fe400bdd811375310877eabefc91acd4e5f29f8a43097f0e161ca5,4203
213a2b67-8bad-44d4-bb62-d37ecb91f432,Financial Literacy (Adopted in 2023),842e7ce8fb0c5f73cc1f1fe523c9508025a40409bb4bbec81fc7c8897b537d34,4268
213c2b67-8bad-44d4-bb62-d37ecb91f432,Financial Literacy (Adopted in 2023),4146f81242e93a66352c8fff2fd971acd40ab6b7b3c733a42d1c604bca7170b5,4269
163d8457-8bad-45d5-bb62-d37ecb91f432,Financial Literacy (Adopted in 2023),8856d9eb384a572690d4c812600b81d015cf167854a5f9a7046bbb1d50770f30,4315
159d7457-8bad-45d5-bb62-d37ecb91f432,Financial Literacy (Adopted in 2023),3345a57d48b337d64690a90001a33ecafd4db7cf1e35fa7a9283c2f983c2ce21,4390
163c8457-8bad-45d5-bb62-d37ecb91f432,Financial Literacy (Adopted in 2023),8644e731f8d099ecdfc37cb5a1b6eb7febfb043f6b806408e2ee184f7f140f8d,4412
163ea457-8bad-45d5-bb62-d37ecb91f432,Financial Literacy (Adopted in 2023),74898e408fa0e45a5f326fa6a27a532c55a8867028d7023eff1a42608af986b1,4440
163d7457-8bad-45d5-bb62-d37ecb91f432,Financial Literacy (Adopted in 2023),2d95e74f6cfa57f05188b20132b97a57af65fbeac0ddb35b6a4025bc52622be7,4508
21672b67-8bad-44d4-bb62-d37ecb91f432,Financial Literacy (Adopted in 2023),604358d79cf46257a84d4a769652c0cf3b2d1577b790f30ec858fd0a330da1e8,4565
212c2b67-8bad-44d4-bb62-d37ecb91f432,Financial Literacy (Adopted in 2023),510110e6bee0d471f3531d217a1c35994f5de1312c5f7828bbd6e4897cb7bd07,4587
163d4457-8bad-45d5-bb62-d37ecb91f432,Financial Literacy (Adopted in 2023),23b967c59bedd3fd73c950d531a0e5af9eb5f3b2be137be4aefcf2d9cd256c70,4689
21352b67-8bad-44d4-bb62-d37ecb91f432,Financial Literacy (Adopted in 2023),6616487341f2a0c33d7ab406456b4d8197c2d9052d3bc518e7c93ec696d8b031,4844
21a42b67-8bad-44d4-bb62-d37ecb91f432,Financial Literacy (Adopted in 2023),156eb4ed85d27625b31596d3a8e3a4338d3fc6921279aa3e7f52ea42a3c1424d,4877
21632b67-8bad-44d4-bb62-d37ecb91f432,Financial Literacy (Adopted in 2023),1d311624c3b4d4fd7d9a47b61f1ead91781ee77b98d96abaa8795cc4cbc348d1,4963
21452b67-8bad-44d4-bb62-d37ecb91f432,Financial Literacy (Adopted in 2023),007c0aaf0b0589529398272362ab5e5de38391bdbada99f2bda9cac542baf3f9,5004
215c2b67-8bad-44d4-bb62-d37ecb91f432,Financial Literacy (Adopted in 2023),81e70a1a0652c6d355b3b6a4c6e473d3d9e591ea64336fa55511db951d8e0462,5028
163bd457-8bad-45d5-bb62-d37ecb91f432,Financial Literacy (Adopted in 2023),3b822c4d951780cda5dcf986185ef68b8fa2a136fde11e978cc0eaab0facdeb8,5035
159cb457-8bad-45d5-bb62-d37ecb91f432,Financial Literacy (Adopted in 2023),7f27f7608faea4ae52cfcd405cadbb3d001ac9b7af3de794843e464faa424a4b,5047
163dc457-8bad-45d5-bb62-d37ecb91f432,Financial Literacy (Adopted in 2023),d373074e75408bfeadd4adc3d55e659061b7e69be3a23bf8e2dbe5bd743d6590,5048
163be457-8bad-45d5-bb62-d37ecb91f432,Financial Literacy (Adopted in 2023),126bd96ce63db69c4e71bfc7b27e731fbf37f46b4a9805fa38913030b3e97b96,5101
15a11457-8bad-45d5-bb62-d37ecb91f432,Financial Literacy (Adopted in 2023),c7d553aa9dd837c1a47920017ebf883cae39dc6163a566483a2866bd0c8cae3f,5136
163e1457-8bad-45d5-bb62-d37ecb91f432,Financial Literacy (Adopted in 2023),0a4cdf5fce06a3a9b7b4eb7539d38ce4dc3ef215e15ee9bbbf199a04134b22dc,5138
15a1a457-8bad-45d5-bb62-d37ecb91f432,Financial Literacy (Adopted in 2023),7082e67c4b00adc4b518c50459ef1711e7aa6021e3ffb78162704c71cdbd43e6,5219
163b2457-8bad-45d5-bb62-d37ecb91f432,Financial Literacy (Adopted in 2023),5625074cf9cf5fc127f48d15ad6a415bf67c0c23f121bf89bab14d97c7165776,5237
21a02b67-8bad-44d4-bb62-d37ecb91f432,Financial Literacy (Adopted in 2023),6a2222c19a15703a41c396a98a0b382391a61b5c7d58bf6900a0552fd0d2b2a6,5276
215a2b67-8bad-44d4-bb62-d37ecb91f432,Financial Literacy (Adopted in 2023),78466648ef55dffcac7a03909edf6d552b235befc75d6d93b9afa4cc7055f202,5288
21522b67-8bad-44d4-bb62-d37ecb91f432,Financial Literacy (Adopted in 2023),7f39b682e43567a79f563727c71421ca4e67f4ab17982840a41607b31e328e9b,5391
1598d457-8bad-45d5-bb62-d37ecb91f432,Financial Literacy (Adopted in 2023),c738db4116fe35438e524e3d7003675a1dd7bc757a0f7721556d5e697141fa44,5503
213e2b67-8bad-44d4-bb62-d37ecb91f432,Financial Literacy (Adopted in 2023),ef7fc1eb2967c0f5370a1a8ad2eb9f19751382945a2a9d4a16606181b03dc5a3,5515
213d2b67-8bad-44d4-bb62-d37ecb91f432,Financial Literacy (Adopted in 2023),92f81db0348ac278d14ac3b339296b86eaaba7b463398e135ce743a1786a2140,5529
163c9457-8bad-45d5-bb62-d37ecb91f432,Financial Literacy (Adopted in 2023),b384b6a7941442dc8b3f38d7f178672b22487a88393f5fc722b7de84b1c06582,5624
163e3457-8bad-45d5-bb62-d37ecb91f432,Financial Literacy (Adopted in 2023),c4c6b9961391b2b4b665007256aa74cb545bc8f6f40b99e846f9ad4ab824016b,5639
21302b67-8bad-44d4-bb62-d37ecb91f432,Financial Literacy (Adopted in 2023),4564fc703be6257ce58269d1bad2f637146803f9cc9534aa77f62e5e62f39ab9,5894
213b2b67-8bad-44d4-bb62-d37ecb91f432,Financial Literacy (Adopted in 2023),5c908ad6fd8bc980b989c75e49d49aa551cc73acd1c0274784fda29be1294ad0,5929
21612b67-8bad-44d4-bb62-d37ecb91f432,Financial Literacy (Adopted in 2023),a3ccf450642d966983439727ad894734057dcae9c37ccea3c3bd96f22e63493f,5949
1597c457-8bad-45d5-bb62-d37ecb91f432,Financial Literacy (Adopted in 2023),771d04c01cff2d8197326561dd267b227d4079f6899c64b979a4df953a595087,5957
21322b67-8bad-44d4-bb62-d37ecb91f432,Financial Literacy (Adopted in 2023),d95f103e2f87df14396c0ce535ed38b5902c4ce4cd9cafe0599a8073181b8451,5959
163ce457-8bad-45d5-bb62-d37ecb91f432,Financial Literacy (Adopted in 2023),52fd2cfe3d527dcd92b0a29a034e75847d4fecf51177a846a138d300e39b2342,5983
212d2b67-8bad-44d4-bb62-d37ecb91f432,Financial Literacy (Adopted in 2023),507ab67ab76c058d8968ffc33f902b0e3140407c7134b9f82701791009b6ffac,5986
163dd457-8bad-45d5-bb62-d37ecb91f432,Financial Literacy (Adopted in 2023),d45fa5a5aafb5c042e302ad293ac135bfc0f3e4a1139ad2ddc2c5548d40477fd,5994
212f2b67-8bad-44d4-bb62-d37ecb91f432,Financial Literacy (Adopted in 2023),a2c660b9bf90a4912f733d78624e644c5f7c2677e4bab7726465d108a7d94def,6029
163d5457-8bad-45d5-bb62-d37ecb91f432,Financial Literacy (Adopted in 2023),17b758145ae6f8af5ad5a81e0b27fe2b6cc5468049baacbaaea786d331fbc1f5,6101
21442b67-8bad-44d4-bb62-d37ecb91f432,Financial Literacy (Adopted in 2023),07b4d99441526ad36ba0d18d5af0418ba37adf6eb15ba4a17b606a8f8c27077c,6104
163bc457-8bad-45d5-bb62-d37ecb91f432,Financial Literacy (Adopted in 2023),fda7f0c9c725532d3f252cf1166cfb8994fc280d00a3daa1edc063cc2157aee3,6223
163af457-8bad-45d5-bb62-d37ecb91f432,Financial Literacy (Adopted in 2023),dd342e1d1f551bdbdea0af3b8e9aee91bbfb585c4e000b4ad1398c2c6bfbbc19,6249
163b6457-8bad-45d5-bb62-d37ecb91f432,Financial Literacy (Adopted in 2023),78ae3ab6aa127561593a00f955de2aed07b76f06883c726253d0cc762169600f,6293
15986457-8bad-45d5-bb62-d37ecb91f432,Financial Literacy (Adopted in 2023),d3210b70aad3cc8797bb6acfcd80b7ba6402f8dc3083316519d4f4dba24ee589,6362
214e2b67-8bad-44d4-bb62-d37ecb91f432,Financial Literacy (Adopted in 2023),cba8b1872644905c47154c9dbc5dc8c6e3426e4e80817d1b78d94868599de6e5,6412
21502b67-8bad-44d4-bb62-d37ecb91f432,Financial Literacy (Adopted in 2023),b02b21504d8f196391464d675a8f056833477bddcb689dcc982b5c3df1565db2,6451
159e5457-8bad-45d5-bb62-d37ecb91f432,Financial Literacy (Adopted in 2023),66d8a12ec0e72656228f752645a0066229420744c14ab556260292af95d81d55,6483
163de457-8bad-45d5-bb62-d37ecb91f432,Financial Literacy (Adopted in 2023),13154a3691cde27bf2a1f4276b6171ca13e7f03e57b4f79865a72e97d9ee8b71,6664
163ec457-8bad-45d5-bb62-d37ecb91f432,Financial Literacy (Adopted in 2023),309fa97992a18310e08cb12c17e283af2e09b00a8b66a9d4301c380c59c862a1,6687
163da457-8bad-45d5-bb62-d37ecb91f432,Financial Literacy (Adopted in 2023),c11f8eb7d9d76d0953027a9ded66bf1f4555754dcd9aea1cd9e39f1755ca811c,6721
21422b67-8bad-44d4-bb62-d37ecb91f432,Financial Literacy (Adopted in 2023),cd6e8758023fb71066813ece9a41f60e14f6ff8766ab98910d8b0f6aa535f951,6747
163d1457-8bad-45d5-bb62-d37ecb91f432,Financial Literacy (Adopted in 2023),2c250acd143e01be72e20752936ae1c880d3d4fdf8c92c486dc35f9a58f65552,6759
163c3457-8bad-45d5-bb62-d37ecb91f432,Financial Literacy (Adopted in 2023),22625d77ffa562e953584d61537d884a63dfe3e58e1ed97e639d4ec8b2601867,6887
159a4457-8bad-45d5-bb62-d37ecb91f432,Financial Literacy (Adopted in 2023),da541e53ba7631a129f4f9deb2517ca4e589e8d74ae1f6da52d44ea9c0b0fe66,6896
163b5457-8bad-45d5-bb62-d37ecb91f432,Financial Literacy (Adopted in 2023),756b0676e95854cbd841e1472cc341e6b5b9a0ed80b83b2ff41ff051f55f0ded,6940
163cf457-8bad-45d5-bb62-d37ecb91f432,Financial Literacy (Adopted in 2023),200f0a6f2b88368ad9b3362aa43629a2faef85a1b26cc57a94007d617264bae2,6954
c441b207-8bad-43d4-bb62-d37ecb91f432,World History,e0b5efbf8c00b18f1210716df8d74ada8f4409e4ac161393f93e3ec3f084ec9f,46
daa1b207-8bad-43d4-bb62-d37ecb91f432,World History,f3c6a9e08aedfa2e72c7342743cc69e9bbc11262307728f37687f5910030f48b,105
c411b207-8bad-43d4-bb62-d37ecb91f432,World History,63cda550a037adc96869b0ca2064127f3af0d96198ed0b1b67022cccddf59966,143
c251b207-8bad-43d4-bb62-d37ecb91f432,World History,51c8625195b997d5b972d89057d4d16fe7f206b2ba9076f7dd56b818e7ade8c3,178
c431b207-8bad-43d4-bb62-d37ecb91f432,World History,6b260e1c5620c7c6a60352571283100b195751246fc5ee9d685b84b84e158501,179
c3d1b207-8bad-43d4-bb62-d37ecb91f432,World History,d6dd6c2eb03afd9163ca719691881845c53ca33f714207fc44cb8328f0de091a,351
c311b207-8bad-43d4-bb62-d37ecb91f432,World History,7ab87713630e12602b456cb2d31a76d81388490f741d5353717fb7b71bd09681,392
d8b1b207-8bad-43d4-bb62-d37ecb91f432,World History,2dbd9035a0b25e79d86a30d877ce22b67dd35337b4cd918a26c4cd49cb1ef222,409
d401b207-8bad-43d4-bb62-d37ecb91f432,World History,8b4de808dd551a51f1a356c7ebb9943051e0b4d4ec5bbd71df70bcd9980852e1,463
d4c1b207-8bad-43d4-bb62-d37ecb91f432,World History,d9603a93cbfb8d37f4dc856b40ee44d8bc5303eee86936731964537be638d510,464
d9a1b207-8bad-43d4-bb62-d37ecb91f432,World History,9ab187aa0c8f759b26ba96717480006cc31dc0be75e615253e5f4fef9d5ac054,569
c451b207-8bad-43d4-bb62-d37ecb91f432,World History,88d1ab2d98f6811667d305312fa2d30c3af0b0975565ddf06d398a1eddbe22eb,660
d871b207-8bad-43d4-bb62-d37ecb91f432,World History,a6a8f4a0577f9d15741eada0a4333abdc2fe0af001d97c1bec28cd92d8a34164,681
c261b207-8bad-43d4-bb62-d37ecb91f432,World History,43315f6cfced38512cb7f61bb4e9381309171ca37994d39928336bb94c73bf33,739
d931b207-8bad-43d4-bb62-d37ecb91f432,World History,762f59faad6577381d518337c2a573f51c1e2acf69e8de07106cccf789d4cff8,802
d6b1b207-8bad-43d4-bb62-d37ecb91f432,World History,51bcd2894e6a0e7aee6af7880d391961d7a79b9564b1a35090bfb7ae68850060,816
d3f1b207-8bad-43d4-bb62-d37ecb91f432,World History,57f99dbdbe4e82ea3ee3363bc0d0edf3e31b2a6c7e53d55503522b6d157519f1,836
da41b207-8bad-43d4-bb62-d37ecb91f432,World History,2440ceb3b18ae71a251b238f2379f05c0e98900fb0871fe4b56026c417e40362,858
d771b207-8bad-43d4-bb62-d37ecb91f432,World History,8199e38b6f80e2e1f16d10ca2cea010fbe19488f238715aa8d1488ed72f8321a,891
c2f1b207-8bad-43d4-bb62-d37ecb91f432,World History,e0d7be51e74766e040c48afb46867fdbc01c7c84ffc8bd1036a917fbd4250c23,931
d6e1b207-8bad-43d4-bb62-d37ecb91f432,World History,0cbb166dff7446b1d93c427864e7b679f6a60fa5ed3ca577489cfbb8f4497627,957
d4a1b207-8bad-43d4-bb62-d37ecb91f432,World History,a0cf286028c32aba5bc6c307714c95b46309e5ba1b7539b65d568bcccb25d9e7,993
d8e1b207-8bad-43d4-bb62-d37ecb91f432,World History,0c394acde09fc93ee6e15053744e32a08525d4027260befb78f107e2ab7c9dff,1047
d991b207-8bad-43d4-bb62-d37ecb91f432,World History,8a888fe0315031f0150db0efba526ffc8296eddca561dd3ca28741681469f64d,1048
d3e1b207-8bad-43d4-bb62-d37ecb91f432,World History,0bfbf9f8678cd85f32d0b6c5e9a1306b7c156de1680c21e20c2b0b06568bad6a,1151
d6a1b207-8bad-43d4-bb62-d37ecb91f432,World History,b4ecb7c72b85e9716fcd43d2ea08bf59608b4fe4f81d723ff2f83419060e6b67,1185
c361b207-8bad-43d4-bb62-d37ecb91f432,World History,a67b9a574a6aa68697552bbfaceb3b14339dc1b0e799f0b1485645da9acdb7f1,1241
c1c1b207-8bad-43d4-bb62-d37ecb91f432,World History,ff2e1f39a10a13c0605e2921ec9d8070788fd15d5c9dbdf86e48429dd8609912,1307
d471b207-8bad-43d4-bb62-d37ecb91f432,World History,fd625baae49f6631e9401286717ff69c5674caacc067624155ce0487d836d53a,1321
d8d1b207-8bad-43d4-bb62-d37ecb91f432,World History,b6a03d5c3cee43b3a770cce75dc3efc0905d0f3df4808eb71a45b310b0a6ace0,1424
c291b207-8bad-43d4-bb62-d37ecb91f432,World History,0a03b388f0c071f1d1d6ed65803dd7396a95a7198d224d9fea3c84a3ea133602,1467
d411b207-8bad-43d4-bb62-d37ecb91f432,World History,af9e627f345c70eedf2f9de48c5aeaadf62082a5034ac5f0f387dc0ecaa10132,1532
d481b207-8bad-43d4-bb62-d37ecb91f432,World History,2515b2ed148a2697654865c0461ac9e3b3797c10fe6f5e6af033ca933627ef3e,1540
d751b207-8bad-43d4-bb62-d37ecb91f432,World History,935aaa44fedfc7ab4b8779152e4fedd1fafd3667e4d02091f4623f3d17388068,1571
c2c1b207-8bad-43d4-bb62-d37ecb91f432,World History,6bda2f630a6b2ec31a32d2dd01d5af921bdbe1122aca06e69f4794b6025be833,1664
d971b207-8bad-43d4-bb62-d37ecb91f432,World History,183d90d564d7318ccff420aaf415b635644282d9f307d4815dcde815962e3d56,1699
dbc1b207-8bad-43d4-bb62-d37ecb91f432,World History,dc19dcac9b163741d3a5b9664ebf3319a9d16484d3e339764209d16ac24b7bff,1760
d7f1b207-8bad-43d4-bb62-d37ecb91f432,World History,30d3a61101ead06d1020f8c8479f3af378d498e848ee9d61121c5f0f290e09e1,1778
c211b207-8bad-43d4-bb62-d37ecb91f432,World History,780514bc91b6482a97477139f33fd36d15869c2755e3ec95daace718be106ea4,1826
db81b207-8bad-43d4-bb62-d37ecb91f432,World History,bb84aa41f42f4313035d1965a13556a8d4b9b689548fd65d3f3a1f4d29f27b28,1827
d6f1b207-8bad-43d4-bb62-d37ecb91f432,World History,96e46afcb4abca12befd583cf122ee6e0c44fea6b73457468c745d5fe674481a,1875
d7b1b207-8bad-43d4-bb62-d37ecb91f432,World History,3de285b1a43604ca4ba7b20c5b93bd359450ac708f2c20964e683ed705c97f8e,1918
c1f1b207-8bad-43d4-bb62-d37ecb91f432,World History,d95d0ca9785da3b39125c177db8bf38a24e09b5277a1a793f6e1802ab27b6bc6,1938
c2b1b207-8bad-43d4-bb62-d37ecb91f432,World History,d2c510bc3d77859bdbb878efa443b78b99002b584f29c9fb050072d386ca7c52,2033
d831b207-8bad-43d4-bb62-d37ecb91f432,World History,c2fd60e70ac3a4cb31663ac5dcf2b668fda91e53cda9a9bb67e8f86028cf51df,2048
db61b207-8bad-43d4-bb62-d37ecb91f432,World History,a9b1c05a7a548dab33af08ab6defef120397d9a9961f98935dc7f2716bd9286f,2131
d6c1b207-8bad-43d4-bb62-d37ecb91f432,World History,44d167d167270e557b6db4145a3e5cb1449cb68995b0c34325694f253cbe5b17,2136
d7c1b207-8bad-43d4-bb62-d37ecb91f432,World History,ccd307cff7bb75a66b0b84dc5001f75501b693d0f9dcf6f1ae0276308d6cb2c8,2177
da31b207-8bad-43d4-bb62-d37ecb91f432,World History,dafe0cf2a22cc2ffe1b6472d59e2ae9c8577b724b6dc0101c7d8b1f10bcdf44c,2270
d961b207-8bad-43d4-bb62-d37ecb91f432,World History,027ce3f725d8b521a155bd257e09859d28cacfb0c685c95b89e2152a24e551ff,2322
d911b207-8bad-43d4-bb62-d37ecb91f432,World History,ca832fc170ea9e198f7747c5561313e8eece549f6341409650776d1c700175f4,2367
c1a1b207-8bad-43d4-bb62-d37ecb91f432,World History,207546b3260b1170b60a49dca02cb3e59f170b427667b089c87852422f66809f,2386
c391b207-8bad-43d4-bb62-d37ecb91f432,World History,1bedcc6921e376c797429b6d19690120fad99feb8bd05d8f403ffb76fcc1e290,2399
d9f1b207-8bad-43d4-bb62-d37ecb91f432,World History,531f780e49cd7d3a72fe4fc4333c69bbdbcfdffbcafaa067a76b7b0c83374845,2400
d711b207-8bad-43d4-bb62-d37ecb91f432,World History,71be633f08009979f8abcd5963be1e8e96ab846758e3fea69097fe902cc760d1,2406
db11b207-8bad-43d4-bb62-d37ecb91f432,World History,c07e61ed43b5fcbd41703c31f76f12af05432ac72ec1a2b95c83b44db230339c,2435
d3c1b207-8bad-43d4-bb62-d37ecb91f432,World History,efe0402cec11cddc4a437c86e5362eb6a1dbc85d97ec45cc6d3f161072e023a3,2444
dad1b207-8bad-43d4-bb62-d37ecb91f432,World History,a13f323a3b46016866208aed58cd6b34bae808a7e1a6dce17e19c28f64a36624,2488
c1e1b207-8bad-43d4-bb62-d37ecb91f432,World History,4d1ddb7b6ddd7b7311e32162b4765054a9c77fff06b80f1d230c181e42ca7462,2504
d9e1b207-8bad-43d4-bb62-d37ecb91f432,World History,10ee38ba2388d50ea0ca8c0a2c0d9b53187bee3b60dae91d7d8d05449a5f63f3,2539
c221b207-8bad-43d4-bb62-d37ecb91f432,World History,d349dc8aba2b490527c351cd298889b921b319f6a280b5d4d26ce3a9c3d6c719,2546
db21b207-8bad-43d4-bb62-d37ecb91f432,World History,d5ccdf9172173c7d9b00addb79c5b8e53f43d73d29cb9ef91258c9afd488826f,2559
da01b207-8bad-43d4-bb62-d37ecb91f432,World History,5a3425fe65b9294ff36a4d2b42ba489b01f68acc8b3b232dde2d6ff3d4174e76,2579
c461b207-8bad-43d4-bb62-d37ecb91f432,World History,0f7c9532609143e7011347d8531c805e75423dfbc501a57c73912be4f5c4d712,2587
d451b207-8bad-43d4-bb62-d37ecb91f432,World History,cdc12c2c69838c28e054a900862dbec8401a2d689b3384d6c7c87505268c75db,2589
d891b207-8bad-43d4-bb62-d37ecb91f432,World History,5c1f57f1d6e11747a8093a0c299418651b449b47d5ec480a2e1a3fd30c95f621,2624
c231b207-8bad-43d4-bb62-d37ecb91f432,World History,9f126e1376e4e2e26c66a44c4f849c00f36fde4ff9987127ecc5e8f594128f61,2720
c271b207-8bad-43d4-bb62-d37ecb91f432,World History,2c5a43932ef366431e779736603b03c1e642607e9e4db3be34c16e855e42bb3f,2799
d851b207-8bad-43d4-bb62-d37ecb91f432,World History,a5bb5993746360803cd3bcefe5a5271db507f505e4251c39b70f48948a466ac8,2824
c471b207-8bad-43d4-bb62-d37ecb91f432,World History,17933035a5f9a11cf81b0fef4c6ed6ae0ed71e8beb4ca7e3bc0e209b3c7377a6,2845
d781b207-8bad-43d4-bb62-d37ecb91f432,World History,126e20a6d0f9ac921aa1703c1186fd48c65f373d8c5a5e1f81f070032d7b9cb7,2846
d441b207-8bad-43d4-bb62-d37ecb91f432,World History,c18bf28b7095582bf37e4e50f93afb4e2108af1a1d60dd62778313521078c2fb,2902
c331b207-8bad-43d4-bb62-d37ecb91f432,World History,85f1bb28e8fc7e28463c3841043243750f40a4e8b617b878b574df1f3994773f,2957
c321b207-8bad-43d4-bb62-d37ecb91f432,World History,1afbfddb2a6fc5c26881ede86856470761ff4e4b5316d49397dc72876cb7f5fb,3010
d881b207-8bad-43d4-bb62-d37ecb91f432,World History,0469f17feaf1ee3b11cc17274fc886380968d1caa130e366a13cdb103a6039b7,3175
d981b207-8bad-43d4-bb62-d37ecb91f432,World History,c193959e059b46553964c6f4dd99f6a86d09ae167cf8f6267f0c6d1af5c1df1a,3271
d461b207-8bad-43d4-bb62-d37ecb91f432,World History,61fce6206e5c2da73daf7e50bff007a6e990921fe50042744ca3fc26a59a8b34,3288
db31b207-8bad-43d4-bb62-d37ecb91f432,World History,c60997477ef1a2cc8205c28c2fe6a800619577549b89841d14241698beea9f0a,3289
d431b207-8bad-43d4-bb62-d37ecb91f432,World History,6702cc178c5702a96db0d29bf6bb96d837217b3e02c42ec95315fcdb1a1ea4f7,3297
db51b207-8bad-43d4-bb62-d37ecb91f432,World History,9f25a93fde42ce77ba2b506cd306cbd281749063f908fcdf34c9eb4b7aa73a79,3409
d9c1b207-8bad-43d4-bb62-d37ecb91f432,World History,5302b8ce1c01956d3573c088b9c45ec7be1bbe8169f004a3e13ad560ccc101da,3507
d3b1b207-8bad-43d4-bb62-d37ecb91f432,World History,c556864cacc703c8db4f9efb6a1780f8a4d2ef80d82223366e8fbea27fd10a68,3575
dae1b207-8bad-43d4-bb62-d37ecb91f432,World History,0f5da9a9488152103b3d79731fa191d58291bfa2670662a8ad9d31de1ecd6615,3591
c341b207-8bad-43d4-bb62-d37ecb91f432,World History,773d242976f4d88f1ac830eebc89c786686006400c853ef8a6e60fd46d3ed420,3658
d821b207-8bad-43d4-bb62-d37ecb91f432,World History,83a217f2b64a367aae9b88d8872d6dd9c74646a91bb17b7d0df27be91aefcb96,3708
d721b207-8bad-43d4-bb62-d37ecb91f432,World History,2af40f8beb3df769b33a6c2ed2fe2f3971eaf202334335718e960331ceba9028,3761
db01b207-8bad-43d4-bb62-d37ecb91f432,World History,90c4f76fb900ca49540174ab39cdbc79426fa08b1667c4be68bfa6822281690f,3762
db41b207-8bad-43d4-bb62-d37ecb91f432,World History,588fc8f0ed437a4963957c55ab5b5d3a183f723313e02d34f83409c88fcfce66,3797
d761b207-8bad-43d4-bb62-d37ecb91f432,World History,664b46d4565ffb05c01fdbd81d3150250935b7422ba5dfa0de4f103e6fb32223,3860
dab1b207-8bad-43d4-bb62-d37ecb91f432,World History,bb6e63492f866276a7b9edd07d8f2fcf448936049b3a6db2ae41f1547eecf65e,3874
d921b207-8bad-43d4-bb62-d37ecb91f432,World History,73bbc4197ebe02934133a3b55ea21ac9cb1b25753d038a1540d833b622bc1a93,3885
d4b1b207-8bad-43d4-bb62-d37ecb91f432,World History,af9d099062cd78373c1aa1e9bc6c99882d2bf9879cacd53053ea6681cabc04cf,4000
da81b207-8bad-43d4-bb62-d37ecb91f432,World History,38551a37e8390e6d40799e3b57a82e07872baf1324f480c965bdc41fac921bc6,4058
d9b1b207-8bad-43d4-bb62-d37ecb91f432,World History,5e324d65e6d4e766bba6d7599f61ce8fc0e4bdc608c929e1d2850d26e5145016,4283
da61b207-8bad-43d4-bb62-d37ecb91f432,World History,600d76debafa3a4295188b98d393b32c2fe96878a0410241459203c8c19a4335,4294
c1d1b207-8bad-43d4-bb62-d37ecb91f432,World History,154d15c2f44639963218a0621ee69e83813b938be7685f5dd3c9c022685556f3,4310
db71b207-8bad-43d4-bb62-d37ecb91f432,World History,887dcf55b522842d85d0f373f11a4ca7517628ae7e0dac908f87c895b26a0b24,4338
da21b207-8bad-43d4-bb62-d37ecb91f432,World History,26218d0ec3ad9ed8d9345c554074d6638b0e64e1650256edc20848e150e1f7d7,4388
c371b207-8bad-43d4-bb62-d37ecb91f432,World History,7dad21236dfb65ec6122248ea8be9ea63fd3ce7b95fa30b38cb8f01b10a3ba2a,4453
c401b207-8bad-43d4-bb62-d37ecb91f432,World History,5573a466a99277bd1b165af0c04b8b98f9ab57b576389146883f29efbe16c86e,4505
c1b1b207-8bad-43d4-bb62-d37ecb91f432,World History,893187e52a9d1fe5707bd5de6cf064865a3df00b752cd106e0c5c41a288a2490,4542
c201b207-8bad-43d4-bb62-d37ecb91f432,World History,655145fd50a009e06f07aa016065ccc0581fb85e56f588ff8d816b0ead5d7e48,4607
c3e1b207-8bad-43d4-bb62-d37ecb91f432,World History,8004f0414fe849ccf3129970692773ca8ac2d5429dec83622f1969b17773ead2,4620
d7d1b207-8bad-43d4-bb62-d37ecb91f432,World History,4f0571b70fefa9aea7259005f6f59505ac84c62e3615854e79cf82e649e2b170,4632
da11b207-8bad-43d4-bb62-d37ecb91f432,World History,c711703c4c8d9774a548c2cbc7384734222199a452c46a8028cb7ec3627c4b10,4661
d421b207-8bad-43d4-bb62-d37ecb91f432,World History,4e34ed9cf9a37da95face2e1880d3620acb2003a3cc25639a59632e31beb9cb0,4669
d8f1b207-8bad-43d4-bb62-d37ecb91f432,World History,8c78ce73c3b4b3cda7deef1f707a8f1da4c967af4ef55400e5314a2fb83c795f,4679
d811b207-8bad-43d4-bb62-d37ecb91f432,World History,7263e561a8bfc7098da496a55a3ef002830ae42ffdc13526b4d8100e6c97f966,4725
c2e1b207-8bad-43d4-bb62-d37ecb91f432,World History,0f324f6d11c3b065e0ca9e72902faf5cc22a8dea48f0f9fdb4a0f36891129273,4834
c3f1b207-8bad-43d4-bb62-d37ecb91f432,World History,ac967c94e12db145542000f3b88a7120db3096e359397b4ee91c3139ec395464,5060
db91b207-8bad-43d4-bb62-d37ecb91f432,World History,3cb1cc25757df7bf08234589135609d056811e054f73ab058a249692996b37fa,5061
c421b207-8bad-43d4-bb62-d37ecb91f432,World History,3cb36cf1feb2339dc02e0384b53e49afe7ff5a115eb2fc23b12978791e588d7e,5079
c241b207-8bad-43d4-bb62-d37ecb91f432,World History,cafa0a075dadcc51f8fc2ad56fad02197f2ce90669da7725a30999d6d073b383,5114
c381b207-8bad-43d4-bb62-d37ecb91f432,World History,dbf0fa38d5c438a8e81eae1d2f8e807eb5c0961b9f1b7701aec6f4bd17796359,5115
d941b207-8bad-43d4-bb62-d37ecb91f432,World History,6fb3b0e7f5a07ad1b10adf7a47c58e1d1d4a3b1cbf136bafa14d55fc822e9c55,5245
da71b207-8bad-43d4-bb62-d37ecb91f432,World History,21f64b280af06395e7227dc79328f862f13f533e4f1b9677dd8a0b74acfb5661,5344
c351b207-8bad-43d4-bb62-d37ecb91f432,World History,c289b159cd8ca0acf62a7f9a397a5914ef485e4352ebff459de95591ce5227b2,5356
daf1b207-8bad-43d4-bb62-d37ecb91f432,World History,8e80d7687ccacba259148af70cf47bd53cd58a3735d81d247e1a90ccffb62198,5433
c3b1b207-8bad-43d4-bb62-d37ecb91f432,World History,9788b7f86e865192d8536ba26d38dc42383aa50f18905c6703e7bf8095d52001,5458
d951b207-8bad-43d4-bb62-d37ecb91f432,World History,ca584b4c8ff22172f5e442e7e3cdc3d603ae569859bea9b73d58f395e3682ec8,5522
d491b207-8bad-43d4-bb62-d37ecb91f432,World History,5cbc571196adc5e71a9361e5ca542f1702d5b414bc66f51a5e57defb39f96ff1,5679
d7e1b207-8bad-43d4-bb62-d37ecb91f432,World History,595ec1e596b3d3e6947052088a29359b366f2fa6f1959a16aebd08dc1cba7fb9,5680
d3d1b207-8bad-43d4-bb62-d37ecb91f432,World History,1f8992884d0d599ba301d0f5eed62669d697584a796c900337274a1c0b2871d5,5691
dba1b207-8bad-43d4-bb62-d37ecb91f432,World History,a381800fc8c7ef213f77266566bb21696f7005515b5394d4b2da1e22af1973fe,5692
d8a1b207-8bad-43d4-bb62-d37ecb91f432,World History,b648d220d23f88d2453749bdc61d5d784d060c9d948c48e5c5c16e81deb28078,5786
d741b207-8bad-43d4-bb62-d37ecb91f432,World History,4a5993dafff0a78ae889d15c2072904a7d9467a654d1c48ab6d3db070ed0efcc,5839
d391b207-8bad-43d4-bb62-d37ecb91f432,World History,e2f0c3ca5bb9efcc0626862a53dcdb15dfbbb9bdbc69ecb09bef41c4bd46a325,5861
c2a1b207-8bad-43d4-bb62-d37ecb91f432,World History,5ee85cfb560bde702ba197b50276d8f12f4308d45c44fa8b5477ab430f0bbea8,5886
da51b207-8bad-43d4-bb62-d37ecb91f432,World History,fdaf912f4310914c53f1833be612e7f4354e7a231ecdf86ae747d9959fa87bfd,5965
d791b207-8bad-43d4-bb62-d37ecb91f432,World History,49d0e1345bef3689f4d16c2640ecddbc83b8a76fe44703a4960277f5a02dc3ba,5981
c3a1b207-8bad-43d4-bb62-d37ecb91f432,World History,239449404b18f349600ceb55e6a5537d8da16f406a6e6cdad0260a4344f20b42,6010
d841b207-8bad-43d4-bb62-d37ecb91f432,World History,67af111a2c893d467222a2efb5efe7fb0b99776057179198b05ceddf0a61429c,6039
dac1b207-8bad-43d4-bb62-d37ecb91f432,World History,9ea901ea9f3c3b63804f816007b7a519e8e3ec8a3c7c26ce3f7a80b70a514dca,6046
d861b207-8bad-43d4-bb62-d37ecb91f432,World History,ee05361552ab296b34adfdf5e0cef89c575d987d8074dbbc51a97730ff43fa51,6116
c281b207-8bad-43d4-bb62-d37ecb91f432,World History,36c6e140fd3ac08aad81f0ad47ee8ec68b186743637b1b252a52dd4713c41cb9,6122
d3a1b207-8bad-43d4-bb62-d37ecb91f432,World History,d9c71065ea133ee19ea28a997563e28cc7409f1bc761cb1136d724b9d1255f80,6129
d901b207-8bad-43d4-bb62-d37ecb91f432,World History,97cd4eb2cf4187244549fd926e16d676915fa1a6c83c89d821d3f1e22ac74ea1,6130
d6d1b207-8bad-43d4-bb62-d37ecb91f432,World History,d6d13e222149082b46f3de2d8e5ec869a548da3f47c836eeb5e0dafe491a4c4f,6148
d8c1b207-8bad-43d4-bb62-d37ecb91f432,World History,1fbd03cf6388cf4ede5b5de373ae964abce66d03b8b3199e1be78f44b9502e63,6157
d701b207-8bad-43d4-bb62-d37ecb91f432,World History,cdf2f812ba48a81f1e42e12bfbac5af98a51fffc16f4dfd2d3f1f907b2426a7c,6419
c301b207-8bad-43d4-bb62-d37ecb91f432,World History,a3c9237832aa3235de50ec81887be6fd320d4698f16a46de9f51ef320a606737,6541
da91b207-8bad-43d4-bb62-d37ecb91f432,World History,4616e7372f5325f100b82eee21f9146b45c4afbecf0bb69cf010c12db6722429,6633
d731b207-8bad-43d4-bb62-d37ecb91f432,World History,6559011ccb3f65c68826992975c20624eb8327d9557843ed0a771812517f09f2,6717
d7a1b207-8bad-43d4-bb62-d37ecb91f432,World History,a1ac7b1cc0f860199db7599b2bfc55ab88438657de0f145c049751052095c144,6761
dbd1b207-8bad-43d4-bb62-d37ecb91f432,World History,02f0e8f491fba46c632daef0edd1ac716811618c028e87edca91e289ce2c0881,6797
c2d1b207-8bad-43d4-bb62-d37ecb91f432,World History,75a706f3d15709f33587c30e70e7bb7f7cd947f243c1697eded1d2d8b5a67a4a,6814
d9d1b207-8bad-43d4-bb62-d37ecb91f432,World History,7012a5a39ee86cecff6e7d552e56304ea4746b0359ea4cea57ed170062e0fa53,6856
c3c1b207-8bad-43d4-bb62-d37ecb91f432,World History,1e7e41d1bdc60becf73d7bdbed76b8abc3b8ab4fe251fed8c3cfa51a17301253,6938
dbb1b207-8bad-43d4-bb62-d37ecb91f432,World History,1591b24e5a6171ad793a945374f401271158f58da09cd8935c53dcfbe58747ba,6952
d801b207-8bad-43d4-bb62-d37ecb91f432,World History,e4cef68e3f4a6b0e1b2285964432d978876aca833f973522080aa92f0584f1b4,6961
3bbe2b67-8bad-44d5-bb62-d37ecb91f432,Algebraic Reasoning,13e717b1661a219d0d1f30407157600b6d08d25f06f73b3830406378a9b82c19,20
3c642b67-8bad-44d5-bb62-d37ecb91f432,Algebraic Reasoning,6925790b5a6747066216d1f18d23d08fc296b03b3c2b67ad0531fa4f2b7f6b0d,42
3e0b2b67-8bad-44d5-bb62-d37ecb91f432,Algebraic Reasoning,4023ee85a808f5fd831a30afcc7d37dd0be794fc53e9b3e1fb7f699421d57d82,73
3cc32b67-8bad-44d5-bb62-d37ecb91f432,Algebraic Reasoning,367ca01628b4722381d017e04df1a0b5613281f3f9e922edba8a7d3e9b8e7b8e,100
3cf92b67-8bad-44d5-bb62-d37ecb91f432,Algebraic Reasoning,740b1a6e8331b532ccc62b018440221016bc79024b67861a99e8919f965eec88,101
3c042b67-8bad-44d5-bb62-d37ecb91f432,Algebraic Reasoning,0ac1463e04c24e8f3395cd55d8528521130b8de349a454900c2e3e7d299dcfa3,146
3d032b67-8bad-44d5-bb62-d37ecb91f432,Algebraic Reasoning,646efac432e263e5597a40b7059311c7591d3063707c22591d350b838cade37f,155
3ba32b67-8bad-44d5-bb62-d37ecb91f432,Algebraic Reasoning,902b74a2af3ccb241913bb9a1fb1737f97e889f19cd8e39b2bc2b208aeba4fcc,218
3c2b2b67-8bad-44d5-bb62-d37ecb91f432,Algebraic Reasoning,d4c31b52121d4e33fdca0ccf87d1ad9d061e1aa0c549514b87192df46c4127db,249
3cf42b67-8bad-44d5-bb62-d37ecb91f432,Algebraic Reasoning,9feef3eac5abaa72b40fd3e7f2520c3453767922072dc61fd9c0b428291ee4b9,306
3c472b67-8bad-44d5-bb62-d37ecb91f432,Algebraic Reasoning,4fcb4b443f76e2c5c9d8ba434e95792e60d28f2a65c7821d13c65467d1cd6cfb,357
3ccb2b67-8bad-44d5-bb62-d37ecb91f432,Algebraic Reasoning,417371a78486f3b65cc0bacdbc7a13c6c8fa0e56e3d60e2cac13b6d10d9f1063,431
3e022b67-8bad-44d5-bb62-d37ecb91f432,Algebraic Reasoning,cf3cbe63902397e209697fe80701c5d0f682781d0535748b44cb15c7740ecbaf,444
3cdc2b67-8bad-44d5-bb62-d37ecb91f432,Algebraic Reasoning,882b0e92b5c4d3a95c4b32fef08d411dabbc3c508867134b9668c417c5152a11,454
3c072b67-8bad-44d5-bb62-d37ecb91f432,Algebraic Reasoning,71de18ade3c9c90c1c15ae6bccec4e183d3127184951fa7ab7c483b5740ab349,481
3cf52b67-8bad-44d5-bb62-d37ecb91f432,Algebraic Reasoning,176e93e042f49c3b260ef5b050e4d7435856ce59a1fc620a6d21bf3e65402fe0,482
3cc52b67-8bad-44d5-bb62-d37ecb91f432,Algebraic Reasoning,e5ee8537aae3a10b9a2e82b59fb795aa34e5816f2d80423e22340b4fd43187f8,510
3cc92b67-8bad-44d5-bb62-d37ecb91f432,Algebraic Reasoning,ec67d3c8e092bb6f72839c1c84196160856acb09bf2c4ed50f5d82d3dab9b6a8,540
3c932b67-8bad-44d5-bb62-d37ecb91f432,Algebraic Reasoning,271c8ceeeccc64d7d183029785ed96b5bc34481a748a72f05b984e56293976a6,579
3d012b67-8bad-44d5-bb62-d37ecb91f432,Algebraic Reasoning,60a323edcdd715de6bc5e1b098adc8c6ca1b92f168638be9288bb600a835b02e,624
3c012b67-8bad-44d5-bb62-d37ecb91f432,Algebraic Reasoning,f50a7e5cc6cc8cd72288951d5670a80bdb561c05d3f78ce29ae00cfcfe8eb64b,694
3c4b2b67-8bad-44d5-bb62-d37ecb91f432,Algebraic Reasoning,abcb18af63e0a9ecfd975bc2e3586c115c35b10077c42ef1ff8874934e70ace3,695
3cdf2b67-8bad-44d5-bb62-d37ecb91f432,Algebraic Reasoning,9609d9d3bece33f634788c9baa3cfa19a21d89fce0a134c4ddaccbb77d7c00b2,737
3cd82b67-8bad-44d5-bb62-d37ecb91f432,Algebraic Reasoning,e5ed0fc051688c0fbeedfa4167d9be9343059e5cb735ea767fc92eccfcdf54f0,820
3d002b67-8bad-44d5-bb62-d37ecb91f432,Algebraic Reasoning,aaab2212c0c34c165809c74f63b316c35836b108971eec331a08ce9faa88679c,821
3ccf2b67-8bad-44d5-bb62-d37ecb91f432,Algebraic Reasoning,52becd5bcbe8fdf5aaee756148d60e12437a0b515caf2ad20b89bfb68dd8b9c3,857
3c252b67-8bad-44d5-bb62-d37ecb91f432,Algebraic Reasoning,59da6c5e2a9613ebea819051436fe757640b330c1d656ff9ad17f3eb5439d048,887
3c882b67-8bad-44d5-bb62-d37ecb91f432,Algebraic Reasoning,ee708b2c49d9e77764905949740fb10eaa32c35a41f3be57604853f6a2211018,928
3cf32b67-8bad-44d5-bb62-d37ecb91f432,Algebraic Reasoning,ccb5cbfc4eb3bbcb2a7dde2bb8ac447407b316dfaeb510b5d96eb3e1cbbf37d0,955
3c652b67-8bad-44d5-bb62-d37ecb91f432,Algebraic Reasoning,308d55dff162247dbd072b4a603559608be0db440efa7b296e0a90ebd406da43,1029
3bda2b67-8bad-44d5-bb62-d37ecb91f432,Algebraic Reasoning,7ec27110cb4cc30f193d88d6d69bad7a350288076eba6fbcc9edf919705d6846,1101
3ceb2b67-8bad-44d5-bb62-d37ecb91f432,Algebraic Reasoning,65224dcaee669d78f666598730cb498a8d29368dfeae3f1a1f1718da07985ec7,1111
3ba22b67-8bad-44d5-bb62-d37ecb91f432,Algebraic Reasoning,697c71e64837240ad1e671219e910b0ad40d2eb4ee1dbb1ea73caf4fd6077930,1193
3b892b67-8bad-44d5-bb62-d37ecb91f432,Algebraic Reasoning,363e597977f876af31f206c281e06ad907226ed5c73bad3d71a5ec956ed09744,1239
3c662b67-8bad-44d5-bb62-d37ecb91f432,Algebraic Reasoning,4b21766751d51f04e402a488e1fd711395407a7ce71e8831ab6770029dcd85fb,1329
3c8a2b67-8bad-44d5-bb62-d37ecb91f432,Algebraic Reasoning,074dbd0ddbf89deb639c0ddf3f36d63aecd02352780a7965761138333a9c8542,1345
3c062b67-8bad-44d5-bb62-d37ecb91f432,Algebraic Reasoning,88dbf017083ce1f23816d771adc05faa14135c55f2ec1f470c5d1aff5e9781a9,1511
3bde2b67-8bad-44d5-bb62-d37ecb91f432,Algebraic Reasoning,1bcad66d7de6cab21c8a8effc73ba494b0d6d32f45ffc1a8b253acc2d7d3479e,1558
3cde2b67-8bad-44d5-bb62-d37ecb91f432,Algebraic Reasoning,acb28583c743f581158de4592342b64ca3a76d47cbcf1795077f265060c2ab6e,1591
3cce2b67-8bad-44d5-bb62-d37ecb91f432,Algebraic Reasoning,43c71f45a6a38f530d1e0449163bfcace3fd54cd57e52bb4abdf7d35f890a41c,1678
3c952b67-8bad-44d5-bb62-d37ecb91f432,Algebraic Reasoning,876dc1880db36b66cae8151fe7ed479b8d47ccba54fdfae88e082536a28ec5b2,1754
3c502b67-8bad-44d5-bb62-d37ecb91f432,Algebraic Reasoning,90c63bd68a92f97b68432f395d31ae837161718347492c066cff2930503e6fbc,1764
3b8b2b67-8bad-44d5-bb62-d37ecb91f432,Algebraic Reasoning,07534b50bfdf4588a3a0e086d516879246ac922d6bb96dcdb62726a53e70eca7,1777
3c8c2b67-8bad-44d5-bb62-d37ecb91f432,Algebraic Reasoning,5bbf96b219044e9add399b9f08e15ba0c2c610db759f493bc8ba29266ea972a8,1905
3ce32b67-8bad-44d5-bb62-d37ecb91f432,Algebraic Reasoning,820b95295091778dc3e9f6b937fc126c614d39374235515ac0df3b69c7a70ca8,1914
3c292b67-8bad-44d5-bb62-d37ecb91f432,Algebraic Reasoning,7bf32d0935505a663cac1725dd31c2797674db7d9b2dbbfb72f0eb39a559361e,1944
3ce12b67-8bad-44d5-bb62-d37ecb91f432,Algebraic Reasoning,a5ffb943bfb2b75cdbafc497b50f520bd56f5c73c8fc12cfa03e0980d3d4b10e,1955
3cca2b67-8bad-44d5-bb62-d37ecb91f432,Algebraic Reasoning,1eebd3b0b353ede1a6db6901f918cffe3f99bb4e5c230ae07d36bed2cbcb268c,2046
3ce42b67-8bad-44d5-bb62-d37ecb91f432,Algebraic Reasoning,f276f3f66723bf4f3f286d5d8c61f6694e03a09051447c6004c6311ae4366d6a,2058
3d022b67-8bad-44d5-bb62-d37ecb91f432,Algebraic Reasoning,64d2b79b2645468dabbbcf791264271a16c6d0d8726c7b9c75712cb01eed5e4a,2070
3bbd2b67-8bad-44d5-bb62-d37ecb91f432,Algebraic Reasoning,0f9d6c9f0f1880ce2014ba9358bd5f9a252a377de565e99de4c1bda229b9909b,2094
3c692b67-8bad-44d5-bb62-d37ecb91f432,Algebraic Reasoning,4c4d316c9d94a968016208f38c8909138a9d9a07f3ccc3f835862cf9c021e9df,2168
3bba2b67-8bad-44d5-bb62-d37ecb91f432,Algebraic Reasoning,f97501817fc1dc061384265b272d20c80f5f0bb74a1e1b07646ac25c2091a755,2259
3bdc2b67-8bad-44d5-bb62-d37ecb91f432,Algebraic Reasoning,6b8548e1015185c6f6cc0e9ad4c56018a0e5a5c26b26ba2d411c9ccf40c59162,2289
3c6b2b67-8bad-44d5-bb62-d37ecb91f432,Algebraic Reasoning,a2bcda0dc40e39c3e2f6e3cc728f318199a6f32c04faf0129ff5857962fd331a,2328
3cd32b67-8bad-44d5-bb62-d37ecb91f432,Algebraic Reasoning,eaa7b6c6ea1ac6e85787cd178f9502a4e4bb0f4216d0b5fada3f6708dc4f2b47,2404
3c902b67-8bad-44d5-bb62-d37ecb91f432,Algebraic Reasoning,c9bc25e70d15faced303b0ea96ad166fb3161041748ebdd4f82df53d059751ac,2441
3c242b67-8bad-44d5-bb62-d37ecb91f432,Algebraic Reasoning,c95cab2fa4cc1182d470eb0f949a828f78d0ee1e83a7eee2209b9f0fd8b5435c,2454
3b8a2b67-8bad-44d5-bb62-d37ecb91f432,Algebraic Reasoning,03a84f854d43548173dd0f9ade170185b54f2f8a1bbcb43316d69b0f07fe7730,2520
3c462b67-8bad-44d5-bb62-d37ecb91f432,Algebraic Reasoning,dc30af6cfd98fbdc8f278554fd9670c380f5486b551fe201349ee24327cb6754,2521
3cea2b67-8bad-44d5-bb62-d37ecb91f432,Algebraic Reasoning,7362466a9476c7ab28835bedabcb039d1c2bf82b427c26995866556427ec87f0,2557
3c672b67-8bad-44d5-bb62-d37ecb91f432,Algebraic Reasoning,3949dd32efe89037251ff34c9e16f0c9d85ec874576a0a60941b398b89f09ebb,2693
3cd42b67-8bad-44d5-bb62-d37ecb91f432,Algebraic Reasoning,5e870817bceb96c35f0efe30198de4211775c7140f187076a968e8ac983d39ec,2728
3ce92b67-8bad-44d5-bb62-d37ecb91f432,Algebraic Reasoning,b1e96d1f05faeb01e90db4547ce9cd40dd75c248a82bdcc1ceee0928b49ee4fd,2772
3c922b67-8bad-44d5-bb62-d37ecb91f432,Algebraic Reasoning,ce92f27635b3b93e24d89193261a0d5f31a781dcac3df58fc08e450b70a557dc,2814
3cda2b67-8bad-44d5-bb62-d37ecb91f432,Algebraic Reasoning,e31f2bfb22f9cec8689017e27f1d7252074bf1b6418df305cb88a6f02595d1ee,2884
3bdb2b67-8bad-44d5-bb62-d37ecb91f432,Algebraic Reasoning,b9c024a0c3e9cbf4d1684bce1886f2465c96b2a116436f358ce6653fc185f452,2994
3cf72b67-8bad-44d5-bb62-d37ecb91f432,Algebraic Reasoning,6dd80718554a39bf4a52421a6fae869a203372d11cd6d8c6cafd01de4ef4a37f,2997
3c262b67-8bad-44d5-bb62-d37ecb91f432,Algebraic Reasoning,66561dbb8b53ec6ada4024523e44436d9ff847e681b56b813d8458b12cc04771,3034
3cf02b67-8bad-44d5-bb62-d37ecb91f432,Algebraic Reasoning,6c34a5681848a919b9748b00cd9159ca4a07c94a2b702fa900fa40e9aff35be4,3088
3bbc2b67-8bad-44d5-bb62-d37ecb91f432,Algebraic Reasoning,1e21d440cc3de3f833ddf364712feed3a2a78c838483c4d45b1c9f0b817a329c,3129
3bd92b67-8bad-44d5-bb62-d37ecb91f432,Algebraic Reasoning,af50c9bdb88d547d8fba2e3ac7fadfebda16c1fac3e75d14cdf2eb98b0958c28,3230
3cf12b67-8bad-44d5-bb62-d37ecb91f432,Algebraic Reasoning,26db81b4f531239e86f7a249ad824738d53a8d3e0df72384e825efbe68fb3592,3334
3cdb2b67-8bad-44d5-bb62-d37ecb91f432,Algebraic Reasoning,7abc52868bf3a430bd3fd5fc12650cb66c66f4ba4bf6d8fe6fd9f3f1691dcbc8,3458
3c682b67-8bad-44d5-bb62-d37ecb91f432,Algebraic Reasoning,7cacfe786712a20ed55a818a6b1b139f90d63b93e1776d2339dc7ac19a269ada,3548
3cd22b67-8bad-44d5-bb62-d37ecb91f432,Algebraic Reasoning,f7a07b5f0bad14cd8107301fffcc8055343aa291687e476f31163bad8676ce87,3589
3ce62b67-8bad-44d5-bb62-d37ecb91f432,Algebraic Reasoning,050aa0c519a7177f4d9c447a732ef552ed694f938864eba59244b406cd3ce96e,3836
3cff2b67-8bad-44d5-bb62-d37ecb91f432,Algebraic Reasoning,9005db7bedb5c0d14d950f78dbfe07e4719b684fa8bd7f18d10bfecf051586c7,3850
3c912b67-8bad-44d5-bb62-d37ecb91f432,Algebraic Reasoning,c36b5f7f7daf38eb8171e88e17368efcec5adb9ebb0ac3fd4473b0bd46bb39bd,3884
3dff2b67-8bad-44d5-bb62-d37ecb91f432,Algebraic Reasoning,b1d47a29538e6440927726a9a02541785a957559f6b389989c6c7c85b85da122,4028
3d042b67-8bad-44d5-bb62-d37ecb91f432,Algebraic Reasoning,86ebc4d8b5a162fa199a9b5e5aac95c5f115afd7b0b2d35a03dccbcb9f773cdf,4099
3e0c2b67-8bad-44d5-bb62-d37ecb91f432,Algebraic Reasoning,6de377aca710769c0a1509a7e5f19439022e89a0e78c8b47f52aecd074a7d67a,4181
3bdf2b67-8bad-44d5-bb62-d37ecb91f432,Algebraic Reasoning,b4ed656b26153dc38230ecb333ec0b1e985747c14f6e816face103144969552f,4207
3cfc2b67-8bad-44d5-bb62-d37ecb91f432,Algebraic Reasoning,5a14d8fd3c7aaad04e6dbef163816358d1688e4d6bac419567e28bd7d3e0df76,4209
3e0a2b67-8bad-44d5-bb62-d37ecb91f432,Algebraic Reasoning,2c46d8167165f26a23e81019cfaade52d994e699bfe822ac973d3113a7174bcc,4239
3cd12b67-8bad-44d5-bb62-d37ecb91f432,Algebraic Reasoning,a785e85ade85281e26accb86d611d51e48d2d58b07f8b85416789c3d8fd26e5a,4270
3bd82b67-8bad-44d5-bb62-d37ecb91f432,Algebraic Reasoning,62f1933c47d97407f2f94fc37eb082f1921cd84c93ee85b24fb2251f728c8e3a,4385
3cd02b67-8bad-44d5-bb62-d37ecb91f432,Algebraic Reasoning,d6822f6a7b8ffd93f3113cae72061711457e67c9fe1c3f0ea18fba3197e6d0f9,4386
3ce72b67-8bad-44d5-bb62-d37ecb91f432,Algebraic Reasoning,333a9dbc58c79787f864af0971b0193a5a0b601ac58fe347bc29156e9f0b51e0,4413
3cf22b67-8bad-44d5-bb62-d37ecb91f432,Algebraic Reasoning,6d37654a3d3443745e3439a6dca43ea3afb728eae22715522cfb0f8c82e6cc6e,4449
3cc82b67-8bad-44d5-bb62-d37ecb91f432,Algebraic Reasoning,026984967902a90fb51d344c8649ce18769244f0b8b114048fd44e551f74ce0a,4465
3c4a2b67-8bad-44d5-bb62-d37ecb91f432,Algebraic Reasoning,0051b57969181d22cf58e9d892e3e53b5b4f0ceced2081b3f36f895b256149cc,4478
3c4d2b67-8bad-44d5-bb62-d37ecb91f432,Algebraic Reasoning,b37375cd9bee0c4114bdaab6246c6ad4b8f420e2650c5b388316eb840e58adea,4483
3bdd2b67-8bad-44d5-bb62-d37ecb91f432,Algebraic Reasoning,efd2b97c92cd9fc0f4674411236f717e18ebc9d8419f1631027a7394b22ea173,4502
3c022b67-8bad-44d5-bb62-d37ecb91f432,Algebraic Reasoning,7d8cad7465c76e5b1d7a57a3cbfdb810d6c4836f1e4b1d99c55514f0109df6e1,4503
3c4c2b67-8bad-44d5-bb62-d37ecb91f432,Algebraic Reasoning,ac4af4bf3f1df0ad9352ef46145354f27594533f6b722b6291fdc1c07d2d3580,4575
3c032b67-8bad-44d5-bb62-d37ecb91f432,Algebraic Reasoning,e1868ac20140152026cc672f187200fb1ceb3974645c905a499e2960dea4bd39,4629
3c512b67-8bad-44d5-bb62-d37ecb91f432,Algebraic Reasoning,157d9478b3074a602733603d0244e755bcbd3ef239ad069dc06670207f4a1176,4643
3cfb2b67-8bad-44d5-bb62-d37ecb91f432,Algebraic Reasoning,abcfdefc735f6847d5a74276cacec399edd7adf321786779948c97059f87e3b0,4651
3c6d2b67-8bad-44d5-bb62-d37ecb91f432,Algebraic Reasoning,347582884517cdb658010778669668fd5bca487f67feaa32306b630cc213ddb4,4831
3c492b67-8bad-44d5-bb62-d37ecb91f432,Algebraic Reasoning,3190f0cc5d5d899da66b06a4a753143d71142a8e368482925c8cd0f9ea7c9dce,5023
3c8f2b67-8bad-44d5-bb62-d37ecb91f432,Algebraic Reasoning,85497e74d36e0ffa759519cce4a9075341d0b8872ee70059423828d269730640,5128
3cc62b67-8bad-44d5-bb62-d37ecb91f432,Algebraic Reasoning,59a167d123e847a6d0c1387ed8540c2ddbbe2483872c5dacbc0d3f0b76683fc8,5129
3c942b67-8bad-44d5-bb62-d37ecb91f432,Algebraic Reasoning,3d978e05a02697887d75d3bb9fab86bb208b9a35af441affeb7bba2ae47d3f48,5143
3cdd2b67-8bad-44d5-bb62-d37ecb91f432,Algebraic Reasoning,f7d7229d37094cddcf80bf63a8ff0c09e192714fa5ab7d433c068ff5e2c492e7,5179
3cd92b67-8bad-44d5-bb62-d37ecb91f432,Algebraic Reasoning,1e2b8ff135aca26eb0c3dd15c8959bb38adc5e31bd31dd1418962e7deb97137c,5277
3cd52b67-8bad-44d5-bb62-d37ecb91f432,Algebraic Reasoning,eadb625844badfae6ee6e99d2ade036d1439305e1c1a426730fbec0f2d534620,5315
3ce52b67-8bad-44d5-bb62-d37ecb91f432,Algebraic Reasoning,74af5aa238fd2db83122937d897972d21b9f99237a3d6767b0d67baa950dfa7c,5321
3c482b67-8bad-44d5-bb62-d37ecb91f432,Algebraic Reasoning,946ff88d07d719c6e4782d8a6f4697d811565238456ccc585558cfa040b4b82a,5329
3c6c2b67-8bad-44d5-bb62-d37ecb91f432,Algebraic Reasoning,6c50edcbed88ea8b25d3c84f9d6b7a4455cf880d2c75ac6d00cdca62f28e71c5,5403
3c8d2b67-8bad-44d5-bb62-d37ecb91f432,Algebraic Reasoning,c5c399329861105f7739ab1e810b238c730fc92bba20e62b9551e0538f748d87,5456
3c8e2b67-8bad-44d5-bb62-d37ecb91f432,Algebraic Reasoning,c1799c1c26d2e55956a519758073234686a7f88cc977161136dc29352724754d,5457
3c232b67-8bad-44d5-bb62-d37ecb91f432,Algebraic Reasoning,281b7055d0db9479002c15275bf010e8898649719a3c8b31a27860f70a2dd6f5,5517
3ced2b67-8bad-44d5-bb62-d37ecb91f432,Algebraic Reasoning,007beb11b2a65bd304290ef383dc449d3449fb06eb6582eb31f3d6e8c41cc67d,5518
3cee2b67-8bad-44d5-bb62-d37ecb91f432,Algebraic Reasoning,a33fc413030ad8955830ea242e25561d4052d688e873b267f8ef69d2f0b7a2de,5568
3e152b67-8bad-44d5-bb62-d37ecb91f432,Algebraic Reasoning,c508e5404e9b7682305094fc9d964f9146a818860c22a4449a77f39c03ebcbf8,5699
3b8c2b67-8bad-44d5-bb62-d37ecb91f432,Algebraic Reasoning,191c0f2d38aa61e4d09a5914f63afdefc729f0f20d6fad01937373fc28257284,5712
3ba02b67-8bad-44d5-bb62-d37ecb91f432,Algebraic Reasoning,339dd28a1b8374997cac839b97c14fe0f80b0c2b2e9c6857b778a9640902a5a5,5713
3c4f2b67-8bad-44d5-bb62-d37ecb91f432,Algebraic Reasoning,a602e2b999ce7f3d4dd67546005fd07767cab050f8dc293057ce623ca79f0a4c,5751
3ccd2b67-8bad-44d5-bb62-d37ecb91f432,Algebraic Reasoning,76d3570347eac75dc459e63ffa2e1da6dd5f0130a7cc6ce976075ccdefe6c65d,5752
3c6e2b67-8bad-44d5-bb62-d37ecb91f432,Algebraic Reasoning,bb7a60eed0c47dd9b8846242cb630397722b6fe2a5ea79b9ac82e710ee1e3839,5785
3bbb2b67-8bad-44d5-bb62-d37ecb91f432,Algebraic Reasoning,8ef4a2ec64cb9746c132d1aee72f38ba6c18d90ddbb5f6f6b989f19c6a7c8b6e,5817
3c2a2b67-8bad-44d5-bb62-d37ecb91f432,Algebraic Reasoning,425e4eeccf6f4669ae9e9b7e8ea427745c6eebdd6cf48d37159941c391768034,5952
3cec2b67-8bad-44d5-bb62-d37ecb91f432,Algebraic Reasoning,4cc3560f6acd7976eae0beffed2c01eb2dabd100bf014733dcec1f4339f2d6dc,5953
3cef2b67-8bad-44d5-bb62-d37ecb91f432,Algebraic Reasoning,a661b9e9a73c1ab2a404199ab998b3ff1d2a4c3220875bc272d45f646ebf4f8d,6069
3ce82b67-8bad-44d5-bb62-d37ecb91f432,Algebraic Reasoning,c0f73229107394e176bf82308dfd3fd6686e2ebaface954ad6c574800c7df2fc,6119
3ccc2b67-8bad-44d5-bb62-d37ecb91f432,Algebraic Reasoning,c89c9609821554d09f1bc2cebbb90eb55007676f3cdd87343d5783d83a3c521f,6192
3c6f2b67-8bad-44d5-bb62-d37ecb91f432,Algebraic Reasoning,7f916f14b3eb0093faaac05111411e7d6d38cfca3a55dd4a7368885a939ff7b4,6212
3c282b67-8bad-44d5-bb62-d37ecb91f432,Algebraic Reasoning,35667923ecf473dc2acd02792d5c18b77cd244e83005f813b2c6458fa9c4adbb,6261
3cd72b67-8bad-44d5-bb62-d37ecb91f432,Algebraic Reasoning,d58595e3ea82809a843e68a95c215f0c4d490f8e81d1c44843158218f4ff8518,6287
3ce22b67-8bad-44d5-bb62-d37ecb91f432,Algebraic Reasoning,e16110bafeba058efd07b1b25e38c9a1124db39dfaedd4d3163af506ad0ab123,6298
3c052b67-8bad-44d5-bb62-d37ecb91f432,Algebraic Reasoning,1e7798474980244fff33db1cc08ee69cc2b97bc79c4b16be9d5cd9c1113e411a,6391
3c8b2b67-8bad-44d5-bb62-d37ecb91f432,Algebraic Reasoning,ea25b4d49626a8caa49d4614ec330d7d969ba1424327e62cfd6eb607f805e4c9,6400
3c272b67-8bad-44d5-bb62-d37ecb91f432,Algebraic Reasoning,5258f84e4751b883a08d12aad86ff6703562c7a2169d29eeeed1eafd61a8675d,6403
3cf62b67-8bad-44d5-bb62-d37ecb91f432,Algebraic Reasoning,aa3e3063d87e5815510c6fd1950ca25d6863e5fec43d6ee4801fe9d6a5888edc,6415
3ce02b67-8bad-44d5-bb62-d37ecb91f432,Algebraic Reasoning,7e7ca4fc0f88b296f354cd4863393f889a86f1ec451e7935e2ea40ddb6a40c9c,6445
3c4e2b67-8bad-44d5-bb62-d37ecb91f432,Algebraic Reasoning,6bf4a90f6b4251512eac03dac208f2ef6fb395ea2ca12b30b0c5dbad5a381f52,6465
3ba42b67-8bad-44d5-bb62-d37ecb91f432,Algebraic Reasoning,25816a449387e395ce45dece6f8d2f8a97adf7961d634d99c3cef9468f0873bb,6478
3cc42b67-8bad-44d5-bb62-d37ecb91f432,Algebraic Reasoning,a03692d9b1c3f6245fbb0b904c5b7f508c7e0394a117b824a4804af6a9a02075,6490
3cfa2b67-8bad-44d5-bb62-d37ecb91f432,Algebraic Reasoning,4dfb917d8841cc0ceea7ba5ea6ac0afe61307e260f0c5c51ab12f0f4d13894dc,6491
3c892b67-8bad-44d5-bb62-d37ecb91f432,Algebraic Reasoning,788d5ae23e63d5f899029f1ef5ff305199205babce6491be6ec95f80a9ed370d,6575
3c6a2b67-8bad-44d5-bb62-d37ecb91f432,Algebraic Reasoning,5ac22537d330d25ab871b8ef356ef773e511e77367aea6975b0e50e8fb868abb,6630
3cd62b67-8bad-44d5-bb62-d37ecb91f432,Algebraic Reasoning,894f7028045b28841a1eea9670956c9171d8c665a41d4ca689d8936d122a70f5,6645
3cc72b67-8bad-44d5-bb62-d37ecb91f432,Algebraic Reasoning,a23feb327ebbb21be14763e5650b96d4cdfd7cdf3e01a46f4e5990369c61d9cf,6696
3cf82b67-8bad-44d5-bb62-d37ecb91f432,Algebraic Reasoning,be846be20233207ade2dd09c9d85e292e703223b037b389512afb61b5f582b1b,6760
3cfd2b67-8bad-44d5-bb62-d37ecb91f432,Algebraic Reasoning,0f4194b27206166cb348788219404873d2715dcee755a59fe76aa9c67e088c5f,6813
3ba12b67-8bad-44d5-bb62-d37ecb91f432,Algebraic Reasoning,0d0534d47458c8a9a66d6990464ef35d568c8c848fea6aeec0c4ea8332ef14d0,6845
3cfe2b67-8bad-44d5-bb62-d37ecb91f432,Algebraic Reasoning,be9111e5f9d09d065a67f7d431ec4a5b758a3d155657d3e8cd67633b03d519f3,7024
3ea92b67-8bad-44d5-bb62-d37ecb91f432,Civics and Government (Starting 2023-2024),ff1dd72724922a952dfdbe6df7618092027bddceb0b31d99b22dd767acc0aa48,28
3efc2b67-8bad-44d5-bb62-d37ecb91f432,Civics and Government (Starting 2023-2024),518dfe332b3c8c46e28a292c3589312e5da1db42e4eba8b7604a73cf6e786819,193
3f272b67-8bad-44d5-bb62-d37ecb91f432,Civics and Government (Starting 2023-2024),177885e50a1f5ff8fe9f542dafb2c44f7d68f2f943ab1709e83b89f8679da7e7,206
3f042b67-8bad-44d5-bb62-d37ecb91f432,Civics and Government (Starting 2023-2024),67b32e8df447f9c2215779948969db8908b92b9891d30e4343119a7167558457,229
3ed12b67-8bad-44d5-bb62-d37ecb91f432,Civics and Government (Starting 2023-2024),ef765691007753997c02c48c3525cdfbe8050ae006db9848ae9aa75b894631ea,299
3ea12b67-8bad-44d5-bb62-d37ecb91f432,Civics and Government (Starting 2023-2024),8e7f41e4f485910a966f9874f754b638eecba0dd28dde21ad2fd44b089730705,391
3f2d2b67-8bad-44d5-bb62-d37ecb91f432,Civics and Government (Starting 2023-2024),5cad0e0996b2d1d5971fb53b89cb468ec411974d4b5a123e40b5e8755f03d64d,426
3f222b67-8bad-44d5-bb62-d37ecb91f432,Civics and Government (Starting 2023-2024),b0425ea0ce2f0366afc273f17ed1665fbd5d069acba91dc593fb46b63dc00dba,523
3ec52b67-8bad-44d5-bb62-d37ecb91f432,Civics and Government (Starting 2023-2024),10dba40cb65938afb0042586bbe263ec6c3bbf422c582e6f76b83f9bb23630fc,625
3eb82b67-8bad-44d5-bb62-d37ecb91f432,Civics and Government (Starting 2023-2024),87bda4e3e0476f535c2340dd477fddaf0e6683138645e3c9c69cab3615959ba4,745
3f112b67-8bad-44d5-bb62-d37ecb91f432,Civics and Government (Starting 2023-2024),88c5e06155775296e960ef3281b725b020b9060a56d585c7faf0659837e38718,781
3eee2b67-8bad-44d5-bb62-d37ecb91f432,Civics and Government (Starting 2023-2024),55fcca840bb5be723518f4ac6956596c0cb8c9049efe4c770717263733a60e0d,811
3eb52b67-8bad-44d5-bb62-d37ecb91f432,Civics and Government (Starting 2023-2024),4eaf3e4b707de88621713b557dcc32991b9ec5151cd4f9e47b1f30eddb8ce5b2,850
3f202b67-8bad-44d5-bb62-d37ecb91f432,Civics and Government (Starting 2023-2024),025e55d8f178716f0eb70fadc3f2133355ebc8323f6c1c41c13ba8a42484f91e,888
3ef52b67-8bad-44d5-bb62-d37ecb91f432,Civics and Government (Starting 2023-2024),827292ec3bc00273285d7ed2da2eb1f7c22a8252ef59b71a36137a91f185e43b,1113
3ee62b67-8bad-44d5-bb62-d37ecb91f432,Civics and Government (Starting 2023-2024),8904c13ace50d416d76aba97a6672f364428520a1b0a78a2e8414ae08475b068,1157
3ef92b67-8bad-44d5-bb62-d37ecb91f432,Civics and Government (Starting 2023-2024),0d9f3822bf36b8e4e26efb9b2da2514eece0a9b8d25405741c41c2fbed723009,1158
3efd2b67-8bad-44d5-bb62-d37ecb91f432,Civics and Government (Starting 2023-2024),528d30fa1d1aa37a0efa54dc14e7fb8493a0dc1ef629665fe22bc9b74ee9cdd5,1195
3f002b67-8bad-44d5-bb62-d37ecb91f432,Civics and Government (Starting 2023-2024),eac2a70bf6face283edda23179f84c621870b81a19ec262464053e7b5e9a72d7,1251
3e9d2b67-8bad-44d5-bb62-d37ecb91f432,Civics and Government (Starting 2023-2024),afc7f4844838fda1dffa48eb6deb5ac7a97d4ed484362bcfc41778a056b173e4,1261
3ec92b67-8bad-44d5-bb62-d37ecb91f432,Civics and Government (Starting 2023-2024),37cf91171d3402272ba2a5b3fe62afa317d2fa6763ffcfe4d582b8433329ff86,1355
3ea02b67-8bad-44d5-bb62-d37ecb91f432,Civics and Government (Starting 2023-2024),858632333c3cfbd98f3f7d5416ca903048c9154bad8e45c0afc99b05d6432889,1453
3eb92b67-8bad-44d5-bb62-d37ecb91f432,Civics and Government (Starting 2023-2024),911cf43554c64e845eb56b95368561337336a06061a94f880d4a6d184ccbd68e,1473
3ebd2b67-8bad-44d5-bb62-d37ecb91f432,Civics and Government (Starting 2023-2024),2c251ab9eedc691964110202bdd1ead282f1a1c3e257cdd5d0b0dc015b4ecd78,1490
3eb42b67-8bad-44d5-bb62-d37ecb91f432,Civics and Government (Starting 2023-2024),582b1dcd9dc0e0b3cfbb9ba6a253ed7dbf70174c0b5538f50191e66d256d2f47,1569
3eaf2b67-8bad-44d5-bb62-d37ecb91f432,Civics and Government (Starting 2023-2024),417050d863fed34ebbc09162f8a0f71d9a15a0c516333f84beab2682201f056e,1581
3ec02b67-8bad-44d5-bb62-d37ecb91f432,Civics and Government (Starting 2023-2024),7fffb9ee94f1caa62548de57799922f659b1293c8d687ed477acacff0452e2ad,1592
3f172b67-8bad-44d5-bb62-d37ecb91f432,Civics and Government (Starting 2023-2024),2bc0749d72ee4ec1553cec05ee32a4cc9f52d205baffaa34cf451c8aac716b9e,1650
3ee42b67-8bad-44d5-bb62-d37ecb91f432,Civics and Government (Starting 2023-2024),3eeb83bc981a3cc21958e740339528dceb33040c274f5b05d6f4501801797ce0,1723
3f0a2b67-8bad-44d5-bb62-d37ecb91f432,Civics and Government (Starting 2023-2024),f2d028ba4082c1e6377c27ffe8860e8002845d8ca282c1549a266d3a528976ac,1724
3f092b67-8bad-44d5-bb62-d37ecb91f432,Civics and Government (Starting 2023-2024),3b98bc3a1fff5ef83cbf7245e64162667cbce614b1fa3eba9524063bbb00c0c2,1756
3f162b67-8bad-44d5-bb62-d37ecb91f432,Civics and Government (Starting 2023-2024),6c96d5346a59d118b1175e75a2eec9e015351042516d83d42214e7601abd9b85,1757
3f1e2b67-8bad-44d5-bb62-d37ecb91f432,Civics and Government (Starting 2023-2024),2f5ea6f2801695590d0ebee1e7579dd4634692af52e6f16a639134eb41b3ad72,1823
3eb62b67-8bad-44d5-bb62-d37ecb91f432,Civics and Government (Starting 2023-2024),bb72b23f0b11d10c70a0f7acf3a07af22ec01e3195848dbfe84b96584c02fdaf,1894
3eb02b67-8bad-44d5-bb62-d37ecb91f432,Civics and Government (Starting 2023-2024),4ed7fd4f9364c56b97dfcd482471f4d0c493bb141d0db90d5564230632146df5,2001
3f132b67-8bad-44d5-bb62-d37ecb91f432,Civics and Government (Starting 2023-2024),c1d606b9061473b17285d93fb3cf8a095a6303681919d92d83141be9f03f8c9c,2041
3ed92b67-8bad-44d5-bb62-d37ecb91f432,Civics and Government (Starting 2023-2024),9ac755df3a2208c7a171307735aac8781cf4b45d242f279ad49068605fe80eca,2060
3ea32b67-8bad-44d5-bb62-d37ecb91f432,Civics and Government (Starting 2023-2024),9883a96bac47f34de3b9abc8590d428d25729f4f8770fcaad228621884db359b,2145
3f062b67-8bad-44d5-bb62-d37ecb91f432,Civics and Government (Starting 2023-2024),e65c52ad3c8ea5d3cfbe9b5e46157e0d3bcc80a7eeb1f85ffc309ad22e348ef6,2169
3ec62b67-8bad-44d5-bb62-d37ecb91f432,Civics and Government (Starting 2023-2024),2c3b5b25204609d5f26340ae473f98281919e7eb197a39e6114c7fbf85a8348c,2226
3ecc2b67-8bad-44d5-bb62-d37ecb91f432,Civics and Government (Starting 2023-2024),b1768e97932602c69073806f2955c79c73c4ffadb4c0d0365beb51d90087f54a,2248
3ef12b67-8bad-44d5-bb62-d37ecb91f432,Civics and Government (Starting 2023-2024),f07bf501dabf23dc9ec8b37823cf6e35dd9e10331cc1bfea6aaf2ef171c3ca04,2365
3f1c2b67-8bad-44d5-bb62-d37ecb91f432,Civics and Government (Starting 2023-2024),a8347096af4bd43eef6142bb581a27bc2ed59fbfb0f3393e25ed55914ef6fecc,2374
3ecf2b67-8bad-44d5-bb62-d37ecb91f432,Civics and Government (Starting 2023-2024),faba3f37d62814444adba829f81146cc3687aaddcb9ea52c10e10c2a413fcb8a,2424
3eb22b67-8bad-44d5-bb62-d37ecb91f432,Civics and Government (Starting 2023-2024),98aea227cc82cee94bbc3f4ac04282b81589bdaffd8f66982f09ebba58f04087,2434
3eed2b67-8bad-44d5-bb62-d37ecb91f432,Civics and Government (Starting 2023-2024),792e3a6bd02df99bd58cf2fb8bf2acf05ba14c4cca711608f3ad6330c9536d3c,2442
3f1f2b67-8bad-44d5-bb62-d37ecb91f432,Civics and Government (Starting 2023-2024),7c915dbead6a3bba4af8fed98f736492f344191be5fc8941145ed1b5dbf7243c,2467
3f252b67-8bad-44d5-bb62-d37ecb91f432,Civics and Government (Starting 2023-2024),b921831aec7d29e9f103c8b3d7a156006cc552b2fbd0af852b191beafd2507a0,2486
3ee22b67-8bad-44d5-bb62-d37ecb91f432,Civics and Government (Starting 2023-2024),03fb8589a5ec85cb0516e982e2904912903639adf71cf1f921ee74a82ee033bf,2491
3f0d2b67-8bad-44d5-bb62-d37ecb91f432,Civics and Government (Starting 2023-2024),cb05917a3bb800703fd1894205fb54416bd5424aa5cc70d09b3f40afeed2695c,2502
3edb2b67-8bad-44d5-bb62-d37ecb91f432,Civics and Government (Starting 2023-2024),c089402c07ff77a67914faeca26c4f5f8b617ea2cfe5dd696396a8110f87e667,2571
3edc2b67-8bad-44d5-bb62-d37ecb91f432,Civics and Government (Starting 2023-2024),01b13098a9b22b6c64d3f4b523f085348ca4270a7248fba42194fc5c335f2f4f,2598
3f2a2b67-8bad-44d5-bb62-d37ecb91f432,Civics and Government (Starting 2023-2024),b7d5044409b7d956f1dee4719ee93eca370ea30b143000445f2c10ceb613987c,2599
3f192b67-8bad-44d5-bb62-d37ecb91f432,Civics and Government (Starting 2023-2024),14222bdf2758a668d75d49cde345f5ccd24a07b4f67806fb8d6d85639e09602d,2638
3ebb2b67-8bad-44d5-bb62-d37ecb91f432,Civics and Government (Starting 2023-2024),6c9d1cbdd47fa2a86f2ef0bae30e8d69b519c0eb2283df2cd94bacd1f691c270,2768
3e9f2b67-8bad-44d5-bb62-d37ecb91f432,Civics and Government (Starting 2023-2024),39fef49d6fd2ad8aed10b1bc1d94f179dff1f284146d7bbc9ecce847b39a83d3,2798
3f082b67-8bad-44d5-bb62-d37ecb91f432,Civics and Government (Starting 2023-2024),831e3e408d1b5693886ea930d0f888c7ce071416fd19a149470ae97771379614,2815
3eeb2b67-8bad-44d5-bb62-d37ecb91f432,Civics and Government (Starting 2023-2024),8302615ec19c39218544fad7ac2925b512dd05793847432a576747d8ce6b63fc,2821
3f142b67-8bad-44d5-bb62-d37ecb91f432,Civics and Government (Starting 2023-2024),f0bc35bce53cfc06b1baef445db4f3a2528d6c81e339ee0adc50bb972bbbcf37,2838
3f2c2b67-8bad-44d5-bb62-d37ecb91f432,Civics and Government (Starting 2023-2024),3b58287b2ecc3b4e503c6236dd0ebc53a5b9c660eaf63104e2ea0464987a0098,2844
3eef2b67-8bad-44d5-bb62-d37ecb91f432,Civics and Government (Starting 2023-2024),a579a804c3ff9570fe3428e8305b96c3a7394cdadcc21aac7ea2c30503d366c3,2901
3ed02b67-8bad-44d5-bb62-d37ecb91f432,Civics and Government (Starting 2023-2024),33929ca98cd921c764a3664e0b0ac8d498e80ad52d8595197285b5af1c093bff,2974
3ed32b67-8bad-44d5-bb62-d37ecb91f432,Civics and Government (Starting 2023-2024),eebad4e7856c6c5cfa72fc4320b3ab4f1bbd775d0e6dd829d107ec6970e782cb,2982
3eb32b67-8bad-44d5-bb62-d37ecb91f432,Civics and Government (Starting 2023-2024),45277a5db7c3002737ced48fd033c3c950f24245e5111e4a926e3e0804ffe3fd,3118
3ead2b67-8bad-44d5-bb62-d37ecb91f432,Civics and Government (Starting 2023-2024),157d0074e53e01ffb6ca6104dac3d88679e803da0277bd83f9e05ea8a9dacecc,3132
3ea82b67-8bad-44d5-bb62-d37ecb91f432,Civics and Government (Starting 2023-2024),a194bd1ddb7991c62e5b363bcf5353865f524843df320081e94650217baa12da,3139
3ed72b67-8bad-44d5-bb62-d37ecb91f432,Civics and Government (Starting 2023-2024),7c15b0429fb092f574a33fce97b77715122614649223b9ed9bf6b1bf08983839,3231
3f282b67-8bad-44d5-bb62-d37ecb91f432,Civics and Government (Starting 2023-2024),dc9cc80a347babb1654d42b0d99b1f632a9edaf26c114a4c99489e21af93dafd,3268
3ef42b67-8bad-44d5-bb62-d37ecb91f432,Civics and Government (Starting 2023-2024),80c8e796c264e2280e6b6778a86ad3a1a064bc5cc697ff70a379b2d4624d2dc0,3279
3f102b67-8bad-44d5-bb62-d37ecb91f432,Civics and Government (Starting 2023-2024),864eb0fd37c42a7e0d112180eeb60f05540afe54c0fe19068505bf3d0fb083e0,3296
3ed52b67-8bad-44d5-bb62-d37ecb91f432,Civics and Government (Starting 2023-2024),b75264824b8dfb6665f01046f2d35eff96ba5f830411d4aa4cce289623931126,3315
3f152b67-8bad-44d5-bb62-d37ecb91f432,Civics and Government (Starting 2023-2024),8564d6b936e8106b3cd0087fbbdcc16aad1328d585165d4f49850926e6cccae1,3316
3f032b67-8bad-44d5-bb62-d37ecb91f432,Civics and Government (Starting 2023-2024),938dfeaf2961ae07402e8963b6fcd044864dfbd8dff1e684a5b5ed4b0f906fb1,3344
3f0b2b67-8bad-44d5-bb62-d37ecb91f432,Civics and Government (Starting 2023-2024),6eae06fd765234ff66a43a30d53a67da1a9d339201d6bf696bad08f7418a67af,3345
3eae2b67-8bad-44d5-bb62-d37ecb91f432,Civics and Government (Starting 2023-2024),3af954d98c6a885e6c37371b38982633fa902315ddf9cd5dea800c10f0928efe,3433
3ec22b67-8bad-44d5-bb62-d37ecb91f432,Civics and Government (Starting 2023-2024),9485c1a1ef3bf9ccd73fd9b5c105b86c8bfc9f1b7a23633f9024dc2f3d8732bc,3434
3ed42b67-8bad-44d5-bb62-d37ecb91f432,Civics and Government (Starting 2023-2024),c775bb5aa135a9d3961b531375a1ed44630f23ee16ae8871f172a9c478eb03f5,3597
3ee02b67-8bad-44d5-bb62-d37ecb91f432,Civics and Government (Starting 2023-2024),84556df60289b716e46501528264080ac9db6aa609f25914515210ad72043e40,3644
3edf2b67-8bad-44d5-bb62-d37ecb91f432,Civics and Government (Starting 2023-2024),adef0e612d53a2a5ab7ef7eff93c8fd10ae2058984e34b7abf0ca68bdc21dc2e,3705
3f232b67-8bad-44d5-bb62-d37ecb91f432,Civics and Government (Starting 2023-2024),e221d6e52fa57471830b5d0528245ffe7239712d7756de44a4ad5da9a0281919,3759
3ee92b67-8bad-44d5-bb62-d37ecb91f432,Civics and Government (Starting 2023-2024),bb0b7fc7d2fa450525a892e0fac9c7ccb604a9e1da01646b65963b017eb4e2f2,3778
3ef02b67-8bad-44d5-bb62-d37ecb91f432,Civics and Government (Starting 2023-2024),b726ba1e1676e558d15d291c018e704377457c989a81f8a4291d9e1ee1e09bcd,3820
3ea42b67-8bad-44d5-bb62-d37ecb91f432,Civics and Government (Starting 2023-2024),c8e5e69b713f20614396a6aecedaa4776818db31318e7eca6ce1ef8318c07d00,4047
3eff2b67-8bad-44d5-bb62-d37ecb91f432,Civics and Government (Starting 2023-2024),52d4267e4e34cfd198c1ceb9e2ee2771fd68e3e53c002290878367b13ce56a33,4054
3ede2b67-8bad-44d5-bb62-d37ecb91f432,Civics and Government (Starting 2023-2024),1bc4439dedf8fe0ddc2f721e7e2570b982df196f03e019dab7261dacdf3174bd,4143
3f262b67-8bad-44d5-bb62-d37ecb91f432,Civics and Government (Starting 2023-2024),2fc5a831a977d4cacd466ea792e9916384f18761f5cb1250a171edd53d18b802,4291
3eda2b67-8bad-44d5-bb62-d37ecb91f432,Civics and Government (Starting 2023-2024),343938e9390b2c06210ba947f9260bf2633eb8f28c3a135ce7a7a854f203c4bd,4375
3ee72b67-8bad-44d5-bb62-d37ecb91f432,Civics and Government (Starting 2023-2024),df6b4263ae65c5863a4598980057d2a5fed23e05c026d83349656554c35320ca,4401
3eea2b67-8bad-44d5-bb62-d37ecb91f432,Civics and Government (Starting 2023-2024),021695c55698030665033acc8158ddb877a4b5ccc104e7bc1ffe695d6427044b,4414
3efe2b67-8bad-44d5-bb62-d37ecb91f432,Civics and Government (Starting 2023-2024),cabe2b8526c478b6181124de4e4ccafc3a0406f797e3f83245f8c8b27806e56e,4420
3eca2b67-8bad-44d5-bb62-d37ecb91f432,Civics and Government (Starting 2023-2024),9043bfe629ca0375caf0922eacc58dcd8edc8f443d1573a5df222ee24af0b9a1,4466
3ec32b67-8bad-44d5-bb62-d37ecb91f432,Civics and Government (Starting 2023-2024),c52e89df27eee8c15c49c9e20e45353ec35b9a53c2293813726d66b9eee443ed,4618
3f022b67-8bad-44d5-bb62-d37ecb91f432,Civics and Government (Starting 2023-2024),82333a58618487061ec9a1eaf79d3d277b781ecd450d0b2e829b0e89271d1696,4675
3ebf2b67-8bad-44d5-bb62-d37ecb91f432,Civics and Government (Starting 2023-2024),5047694d1857e3cdf59e52dbd96406c068d46000e24a57e7f30a433688097a55,4704
3ece2b67-8bad-44d5-bb62-d37ecb91f432,Civics and Government (Starting 2023-2024),dc81c35e660e75ad7e84821edf87a485b66b8002bfa2847dd26526fcfc402925,4722
3f182b67-8bad-44d5-bb62-d37ecb91f432,Civics and Government (Starting 2023-2024),2c9ea56370b39baf6633e20aa20b56413577e59fdc7e2e9a192fff35011a6b3f,4795
3ea22b67-8bad-44d5-bb62-d37ecb91f432,Civics and Government (Starting 2023-2024),501f7ff461f9a49c58112809f4341bfc7892a3e24faf49b813561df29a41d0c6,4854
3f0e2b67-8bad-44d5-bb62-d37ecb91f432,Civics and Government (Starting 2023-2024),43290b8145dc3dfa1608fe0bc51e782946ff6ebc00fb99089a1fd5e8b44a894f,4878
3eaa2b67-8bad-44d5-bb62-d37ecb91f432,Civics and Government (Starting 2023-2024),4a61ebd300a59289a8268598907072fc41adadc61381f1e23ad1ada5ec2b4104,4902
3ebc2b67-8bad-44d5-bb62-d37ecb91f432,Civics and Government (Starting 2023-2024),9be2667a31aa6041f85d0ceae21ff5cbad5a07437bc63578c63c3897da034aef,4912
3ed22b67-8bad-44d5-bb62-d37ecb91f432,Civics and Government (Starting 2023-2024),65d6a56bc61d760ab2ab28fc89b797b50ac7679daea1c50381e09bf709ad0374,4918
3f0c2b67-8bad-44d5-bb62-d37ecb91f432,Civics and Government (Starting 2023-2024),51e2483fe2ae6b2a83faf709d83b29fab88345b9be5ad675693caa27ddcd7588,5015
3f122b67-8bad-44d5-bb62-d37ecb91f432,Civics and Government (Starting 2023-2024),0657457c11f7dbfd28eb619df8346281b05c755656cc6cb20c38a027fcf55559,5042
3ebe2b67-8bad-44d5-bb62-d37ecb91f432,Civics and Government (Starting 2023-2024),34d17ec52b225f914a3271a1be5e67f01dd0a69d36f7483c0292b2c6e967a908,5228
3ecd2b67-8bad-44d5-bb62-d37ecb91f432,Civics and Government (Starting 2023-2024),fdae67738bd61aceeb5997a8acd4e4b6544ea61e793ab5e0944b252843f2c2b3,5270
3ec82b67-8bad-44d5-bb62-d37ecb91f432,Civics and Government (Starting 2023-2024),6aca08f42515a6744f9d83d10e75c7ea622bc892802bd3c54cd563a3806b5b0a,5395
3f072b67-8bad-44d5-bb62-d37ecb91f432,Civics and Government (Starting 2023-2024),a995fb80cf9c9ec0d3883710804964b078c6a6f22543339eadcb07a0bcebc17d,5431
3eb12b67-8bad-44d5-bb62-d37ecb91f432,Civics and Government (Starting 2023-2024),440247a8ddee13e4d878cf5d170bf614c9a18bbec7d9dbf3207e48405397ed33,5494
3ee82b67-8bad-44d5-bb62-d37ecb91f432,Civics and Government (Starting 2023-2024),9d9d0b65d3fff9fd028f943e454f87dc25ca7677d5aecdc5799a9b56beb0e703,5532
3ed62b67-8bad-44d5-bb62-d37ecb91f432,Civics and Government (Starting 2023-2024),499bb226e67968f1393ce6bf9a19f74619603f47828adde5e722a70da599ee1e,5549
3ec72b67-8bad-44d5-bb62-d37ecb91f432,Civics and Government (Starting 2023-2024),060bc1ff11e721177cf30607637df94966744c994d011508940bd71be54adc12,5560
3edd2b67-8bad-44d5-bb62-d37ecb91f432,Civics and Government (Starting 2023-2024),58866af5dd46f37dc696246fa7ccdcf78f60f1332364731388f6214b42484a57,5631
3f2b2b67-8bad-44d5-bb62-d37ecb91f432,Civics and Government (Starting 2023-2024),004e23a88a7ebc13d7c0009a187d55cf03ad0b7eccb33118cb509834a32cc769,5674
3f1d2b67-8bad-44d5-bb62-d37ecb91f432,Civics and Government (Starting 2023-2024),7d31e0b3e26d8747b799a364341d5a4a2fd59815a929d7a143a16fdfc4be610c,5811
3ea62b67-8bad-44d5-bb62-d37ecb91f432,Civics and Government (Starting 2023-2024),a31a77e4facb16153c0f9d1f8961d5bb4c306a3cca886889365053a37c52a206,5819
3f012b67-8bad-44d5-bb62-d37ecb91f432,Civics and Government (Starting 2023-2024),bdc7ffb3915479dd349b86832ac0205ccc8ea8a3a7b658d0018b7274733ea24c,5858
3f242b67-8bad-44d5-bb62-d37ecb91f432,Civics and Government (Starting 2023-2024),81adecee5fecb413607b2149e105289aa76e150a32853593b9e18db7509fe663,5859
3ee32b67-8bad-44d5-bb62-d37ecb91f432,Civics and Government (Starting 2023-2024),591b7c6edc9171dd59b0db89165ab9463a22fc29d31ee2ab95bb3bd63031d4cf,5864
3ef32b67-8bad-44d5-bb62-d37ecb91f432,Civics and Government (Starting 2023-2024),44228cac4af0b39ae859d90ee2af2cfb10f0362b48f02d0426f8aa7e01a5efea,5923
3f0f2b67-8bad-44d5-bb62-d37ecb91f432,Civics and Government (Starting 2023-2024),73ea65e2f7233deb443d00802653e02e48d47ea1f59f404510752c4e10424153,6045
3ec42b67-8bad-44d5-bb62-d37ecb91f432,Civics and Government (Starting 2023-2024),61b3ba84574ea01cd22a89ef64a7bfd587db1b3295a3ba77bc6c4737eae4acd7,6071
3ecb2b67-8bad-44d5-bb62-d37ecb91f432,Civics and Government (Starting 2023-2024),035bc40ffcaf52fb7ebe4d6ad81c7d94c06b9e3fb0c04ad274f5b16f20ec4b2e,6095
3efa2b67-8bad-44d5-bb62-d37ecb91f432,Civics and Government (Starting 2023-2024),fc6f8dc143d21ab39fddb24fb7b7bcda6cbe770ad212f745fa9fa53320e27fd6,6113
3ee12b67-8bad-44d5-bb62-d37ecb91f432,Civics and Government (Starting 2023-2024),433136e855b53e81c2ad1066b40e41f54b266c0abbf06847204a2d130301f4c3,6175
3eab2b67-8bad-44d5-bb62-d37ecb91f432,Civics and Government (Starting 2023-2024),27078dbbc0256369fd87b59e95a1599a56a1df5b42b7265a8f1540965f3e496a,6219
3ef82b67-8bad-44d5-bb62-d37ecb91f432,Civics and Government (Starting 2023-2024),8855294d03a82ad089042d872c158e3f0877d8007329e50da1693ae6c98f7a41,6220
3ee52b67-8bad-44d5-bb62-d37ecb91f432,Civics and Government (Starting 2023-2024),e89b1e5943b4ddf1201c37c7362c4d5df0bda2d582731baa42f6abf0cdad73f5,6234
3ef62b67-8bad-44d5-bb62-d37ecb91f432,Civics and Government (Starting 2023-2024),196dc8a02c1019acf57877fb2e4953bf51bc5e100fbaf6ce47c1a595cac56c82,6299
3f052b67-8bad-44d5-bb62-d37ecb91f432,Civics and Government (Starting 2023-2024),21df7d0b18db54538abbdf528a3b90ff2990a6b02ec28f66e2920eae40bd3682,6368
3f212b67-8bad-44d5-bb62-d37ecb91f432,Civics and Government (Starting 2023-2024),76af3c25cfee8c192e18d40b534a9d2acd2054ac1e06fb9967d3a07ebeda9a23,6423
3eac2b67-8bad-44d5-bb62-d37ecb91f432,Civics and Government (Starting 2023-2024),71aa0ea2e6cd46c4126c078a16a0ac155fedb89ab4c5ef9c18a5f2b739f8becd,6471
3f1b2b67-8bad-44d5-bb62-d37ecb91f432,Civics and Government (Starting 2023-2024),c4c3e2b6a0bd9247a25db1fbe4cb93a66b6267c47563679c4f308c23ebc4b0a4,6516
3eb72b67-8bad-44d5-bb62-d37ecb91f432,Civics and Government (Starting 2023-2024),8cff90df214ed89433e6c7b53a18f29a2da44cf5af975dcd0eaf0eb065129fe1,6545
3f292b67-8bad-44d5-bb62-d37ecb91f432,Civics and Government (Starting 2023-2024),6bc08dfc55baea61b225d8b35956716a3204d35cd4829b11be2b82bc90292466,6599
3f1a2b67-8bad-44d5-bb62-d37ecb91f432,Civics and Government (Starting 2023-2024),01fd21510a5c06b145d631f689669cdc06b14c7607cefcd9de09c74bf28dbd57,6606
3ef72b67-8bad-44d5-bb62-d37ecb91f432,Civics and Government (Starting 2023-2024),9fde35161c06ba2273d164d5f8ec3e20c88e616178db6f39df2f5987f1ec1198,6637
3e9e2b67-8bad-44d5-bb62-d37ecb91f432,Civics and Government (Starting 2023-2024),48f10d2263fbf15383c82c8e505e625786e5e38037ccc364a336364b0a4155fd,6658
3ea72b67-8bad-44d5-bb62-d37ecb91f432,Civics and Government (Starting 2023-2024),dcf063c34286b42d250b24ff215de5ca35f3ae133ce4399670048c5928844861,6669
3ea52b67-8bad-44d5-bb62-d37ecb91f432,Civics and Government (Starting 2023-2024),57feae8afb6d166f1c4856b082d02d989513bb46e44e4e32b03e6b7c9e846af4,6674
3eba2b67-8bad-44d5-bb62-d37ecb91f432,Civics and Government (Starting 2023-2024),f54f3ca89e20ab20c746b6039c6dd250c080842889a14169c6ba0d59a3743583,6677
3ec12b67-8bad-44d5-bb62-d37ecb91f432,Civics and Government (Starting 2023-2024),3a3da6e9169f0a0622b11cc621eb3680ffba81e19e3365971268d575da946936,6727
3ef22b67-8bad-44d5-bb62-d37ecb91f432,Civics and Government (Starting 2023-2024),7d3e5649637224d128e4da664a5e8efbf9a1377b9f572e58b633e9d1f9e40180,6794
3ed82b67-8bad-44d5-bb62-d37ecb91f432,Civics and Government (Starting 2023-2024),2e7025c799705672b9fedb372ae29f868dc7f047adc51b4c9caadad4b9eb05a4,6903
3eec2b67-8bad-44d5-bb62-d37ecb91f432,Civics and Government (Starting 2023-2024),acf059d7ce86770da9b0b4983b203b417c5f99a50c7f03ed5d39e4c00729c80d,7022
3efb2b67-8bad-44d5-bb62-d37ecb91f432,Civics and Government (Starting 2023-2024),9632635c26c7ae03d5c602f8fc31b021cf2f5c6b101e23731848c42804126310,7023
1f5b2b67-8bad-44d4-bb62-d37ecb91f432,Movement Competency,8922275692617b5ad6003167f11fe3f4f5946fbd07cfab0f388abad5c7f7b5a9,39
1f652b67-8bad-44d4-bb62-d37ecb91f432,Movement Competency,587a1edebd9fbb6a4a40894f19bdc5b9f972d0261d7ac5182c05eee4212ca089,86
1f5f2b67-8bad-44d4-bb62-d37ecb91f432,Movement Competency,ef250ae4bdbd398d1949cbc5c28e15111850f9a8f1b6216bfabde4e9e339f6ee,125
1f282b67-8bad-44d4-bb62-d37ecb91f432,Movement Competency,577e293975f5e16f40b3de48e46e347c2219acbfc45e44864f235abfee576826,331
1e552b67-8bad-44d4-bb62-d37ecb91f432,Movement Competency,254b9c82ac65e4641e001bf31c210e399116057b4d3f3c186fb4f5e88bc06cb4,387
1e922b67-8bad-44d4-bb62-d37ecb91f432,Movement Competency,12ba91d8cad4e31d0ed505823c4cbf0bb5a43b992a7dabba0a0f3175914b1558,448
1f292b67-8bad-44d4-bb62-d37ecb91f432,Movement Competency,7736e76009c6707405006a8a9e2a4006883cf9f999eac3143d8e8e5d6498cffb,490
1e642b67-8bad-44d4-bb62-d37ecb91f432,Movement Competency,a0fb79454b9170ad73efe8ff29ad94e8fef34125c441512c9f793939c9d8e59a,508
1f512b67-8bad-44d4-bb62-d37ecb91f432,Movement Competency,ec8d7ba64e3ddf3d0b741d900dbe85c597cd0be6b50e99f3277dc6e8b43bad7f,586
1e982b67-8bad-44d4-bb62-d37ecb91f432,Movement Competency,b255b142de711fb94210da6167a6b1439b0258ab5b60292eafcba573f82c7570,774
1f352b67-8bad-44d4-bb62-d37ecb91f432,Movement Competency,e38f72ae095588602435e1c9369b6bf90b125aaf5edb4a8007243d31860a9253,775
1e952b67-8bad-44d4-bb62-d37ecb91f432,Movement Competency,59844a77579733319d058290bfbce112c07a2e8cce40107948a0d41cf7d08d13,788
1e5e2b67-8bad-44d4-bb62-d37ecb91f432,Movement Competency,57e9ee34316442c87ede6540b36b6dce0627e488dcd9ece8211f6010553cb551,900
1e9d2b67-8bad-44d4-bb62-d37ecb91f432,Movement Competency,8a167eb645ba6b524cebdde8b5090f222c738a2d549d94d57391b69c7a88e035,961
1e972b67-8bad-44d4-bb62-d37ecb91f432,Movement Competency,32b8fe3312ccba15fa0d9797a24badce69faefc314df20166b50e65d554744a9,970
1e5a2b67-8bad-44d4-bb62-d37ecb91f432,Movement Competency,56dc92f9fc1e611517bbbf0cff38e177da60b5ff6a7cd0b75c956e78a51731bf,1125
1f272b67-8bad-44d4-bb62-d37ecb91f432,Movement Competency,12f482f750b08e3eea333fdbb9d8d4cf42b52ddb5da741a04c728cd5fbe6db4b,1145
1f502b67-8bad-44d4-bb62-d37ecb91f432,Movement Competency,b017d56526c7978d7971d92e4547db5305abd06109b91bb17d0ae8f6fd1a3890,1276
1e792b67-8bad-44d4-bb62-d37ecb91f432,Movement Competency,00b2fea25ed0129b75702586306ca440dbe5fcc1d4d9f1a266a24b8bbf4cd232,1312
1f4d2b67-8bad-44d4-bb62-d37ecb91f432,Movement Competency,8d1cf36e42c4edf18fb297b4b2b74598f17ae5a68c88d20357cabe7089e6550a,1384
1e992b67-8bad-44d4-bb62-d37ecb91f432,Movement Competency,d7b9f6adb51f19322476892a201987533d44f7759620b4e9018456e6d2211d8b,1398
1e962b67-8bad-44d4-bb62-d37ecb91f432,Movement Competency,6f21466d49f49fcede7cbe728a34db582259b8a1c7683306c611b7c75f554b6f,1487
1f632b67-8bad-44d4-bb62-d37ecb91f432,Movement Competency,531c3d39f97b2a209aee074808befcf9381e291ff5bad29fa1d772bd14381b7e,1515
1e702b67-8bad-44d4-bb62-d37ecb91f432,Movement Competency,58557705a15da66a8151ac3e86426441f8953be7258ce3dc0e8cc6fc4f278829,1564
1f5d2b67-8bad-44d4-bb62-d37ecb91f432,Movement Competency,b6f0c7c7c6635d6f077647e708467d63fd5efe4598db3e1b84a6cf6278e5c3f5,1565
1f642b67-8bad-44d4-bb62-d37ecb91f432,Movement Competency,c9df6fff9da8b6c26266b01226aa9af03a8e92a9fe436497b3d48d742dc5f42e,1577
1f2d2b67-8bad-44d4-bb62-d37ecb91f432,Movement Competency,89345ef5edc685593c1141192f044b7f012ddf8d882dee35a65fd329838c9f91,1620
1ed22b67-8bad-44d4-bb62-d37ecb91f432,Movement Competency,b2f8f51d2e00de9d5a816943458e8996941b7a877f3a355d3df52f7e5b3d7188,1644
1e6a2b67-8bad-44d4-bb62-d37ecb91f432,Movement Competency,212ece4d965840a392cd08e07f4e317c7916be12b4ac8f7c7de3a1e8c6b217a0,1677
1e612b67-8bad-44d4-bb62-d37ecb91f432,Movement Competency,244c782b5e60ef18918e5f57d36da8fefc672d1b6c36d90f0dfe1cf6b61e19cf,1695
1ddc2b67-8bad-44d4-bb62-d37ecb91f432,Movement Competency,c7e3192b447de38aa16435d1f09f531730edee420929cb7201d12c24226bf2aa,1774
1f582b67-8bad-44d4-bb62-d37ecb91f432,Movement Competency,a11b4c8561d00429c3c773dcb8e7644ad667e757f7edaf6bdcf7edfe72b1874c,1786
1f5e2b67-8bad-44d4-bb62-d37ecb91f432,Movement Competency,b24ffcc0811632898aeb74002f730d974350c717a91f9e4f14b836683d826222,1802
1e692b67-8bad-44d4-bb62-d37ecb91f432,Movement Competency,18fa068c94d4c8bcfa3cf04d6ef40646944cb9da049bfef7d292dc0ae724b2f3,1870
1de92b67-8bad-44d4-bb62-d37ecb91f432,Movement Competency,802b86e199e9890cf05e0375b5051e0fef1b7e9bc3e1ce84f63f49fa63eac529,1880
1f3d2b67-8bad-44d4-bb62-d37ecb91f432,Movement Competency,eff7f77724260b890cd6458d87f540a41adc9e848edc2df810e74624f2902e20,1881
1dd62b67-8bad-44d4-bb62-d37ecb91f432,Movement Competency,0563a75b778d0c074d0b33f4bda4bd9e90651d9ad58a89ead8e05bd4236c8f78,1923
1f522b67-8bad-44d4-bb62-d37ecb91f432,Movement Competency,b08ad875f562c9576b4df7da979c54ae8c768fb3706a7710ef9d5f8df907919b,1925
1f462b67-8bad-44d4-bb62-d37ecb91f432,Movement Competency,19e62782339f70352b3923ec61982b1e655a53217e55d13163f89b94e503dcd6,1977
1e9b2b67-8bad-44d4-bb62-d37ecb91f432,Movement Competency,1f205633a1b5b619ce3df26fb95cc9710422683033b2ebbcfe6168ad2261d672,2015
1e7b2b67-8bad-44d4-bb62-d37ecb91f432,Movement Competency,e22ed4425acbf4073ced14ced781af9782798af8d14c96fce62052763b514389,2056
1f572b67-8bad-44d4-bb62-d37ecb91f432,Movement Competency,2f16be12fd6250960e9b9de954083540e64df84c611a949cdc2fc6ae33ffc458,2068
1e4e2b67-8bad-44d4-bb62-d37ecb91f432,Movement Competency,2c6739611f5bd23587e177b8254833f7c3dc1a12f0db7fc02e5f4bb4ef4714eb,2383
1f302b67-8bad-44d4-bb62-d37ecb91f432,Movement Competency,c271e615482008f57187482308af9fce8def9617feb4b8d0ddbdb9a6db66b3d7,2384
1e562b67-8bad-44d4-bb62-d37ecb91f432,Movement Competency,27c30da9134b1be9ee680bc17fc7059f97c0aaae2dddf53b3852d6803a76eb62,2412
1f2c2b67-8bad-44d4-bb62-d37ecb91f432,Movement Competency,36f5d9bfa6eb94f3e2e82c3470424f39fb41465781ec0345128f44a0a43ecae2,2452
1f402b67-8bad-44d4-bb62-d37ecb91f432,Movement Competency,7a14292f797d4f095a34560be45bea05de57233bd17425b65340764b7d38bee5,2453
1e7e2b67-8bad-44d4-bb62-d37ecb91f432,Movement Competency,58c068c6e9fe6901b93e394000d7bdc3a3e83c64749de293e7052d1ae90f5712,2483
1f3a2b67-8bad-44d4-bb62-d37ecb91f432,Movement Competency,ecb36074064da9e715f15002ecdf83232f61935f784d1d0ca7967475624f520c,2489
1f342b67-8bad-44d4-bb62-d37ecb91f432,Movement Competency,10c487ffd805ccba6e1e36c7afd5ba323369c094a698fe83574c90dde1bf9737,2535
1f3c2b67-8bad-44d4-bb62-d37ecb91f432,Movement Competency,c660c861562a9648915edea7367d779c06ca0252c48bf04912b623d7abace35c,2635
1eca2b67-8bad-44d4-bb62-d37ecb91f432,Movement Competency,a28a1d4a90c3ad8f58c0400baaa9525617e05cc9cd7734491a9383c622016e5c,2726
1ea62b67-8bad-44d4-bb62-d37ecb91f432,Movement Competency,773fd29015183321efabf2f386e73c7fd4182fb7a7242119bdb2182906d9659d,2746
1f4e2b67-8bad-44d4-bb62-d37ecb91f432,Movement Competency,b4e3e16764e7eb49a7ed48d47168e1f0aa7690c0b59ebc6d09268f5e37097cd2,2835
1e6e2b67-8bad-44d4-bb62-d37ecb91f432,Movement Competency,2e64cf53e61c2db2824fc4a13eb53fc9238d511ffe9732d47e48e176e45bce00,2947
1ec82b67-8bad-44d4-bb62-d37ecb91f432,Movement Competency,5428e2931da89754d8c44bf633758e23a6ab499149abf9fd573d2b9d1b6c83f5,2964
1f2a2b67-8bad-44d4-bb62-d37ecb91f432,Movement Competency,5247361f7417588d4c5c734c92ef5e0e48b6ac42ebbad7cf152bde57602dd93c,3008
1f2e2b67-8bad-44d4-bb62-d37ecb91f432,Movement Competency,7fc3530d9f72ec4b5fd6af3d99bd4417e70fd8e7fa3e3ad548ab784ce4f0bf8b,3009
1e502b67-8bad-44d4-bb62-d37ecb91f432,Movement Competency,750261edc28d1ebd63d790639af2efc5069426124fb1c78b43e395a6f5ffb173,3043
1e912b67-8bad-44d4-bb62-d37ecb91f432,Movement Competency,cd6cdf89ed9c7925886f36d6bcbef52dca5fe0b869c915e340e9a57ec094ea28,3072
1dc82b67-8bad-44d4-bb62-d37ecb91f432,Movement Competency,f0888676e9d35f9d42329e6de9f140057dc2574813eee298954363d183bc1f71,3079
1f382b67-8bad-44d4-bb62-d37ecb91f432,Movement Competency,4aa122a2c2ad7f33bbc30ea380a678b87791a1550442231570fef571e6087821,3097
1ea02b67-8bad-44d4-bb62-d37ecb91f432,Movement Competency,3c0d266f871ac042f6d275e19a39bf1399b78d1c0a7e0458674991af8154406d,3126
1f332b67-8bad-44d4-bb62-d37ecb91f432,Movement Competency,36523f2e8e77b39634e03dcc01a0e00efbaa24b83c4ded74f60412ee1b0a7ee4,3134
1dcc2b67-8bad-44d4-bb62-d37ecb91f432,Movement Competency,b86d69583db2b652b56f3135e5e1000b51e6b8d1c6da0b249be35b502646d31f,3187
1f5a2b67-8bad-44d4-bb62-d37ecb91f432,Movement Competency,e48dee8b373f78d32e3c54b927d3dbe5ee45a812dfa3fa65100041c0eedd6a3b,3196
1e5c2b67-8bad-44d4-bb62-d37ecb91f432,Movement Competency,bc63707f81a352f67e4cd42c23fd3ad139f2be88bc2bbfb7ef25a3d5a115ff74,3214
1f682b67-8bad-44d4-bb62-d37ecb91f432,Movement Competency,58155170c282f80003403c6222b31f25ee359f025bfd3be7e840e7194e4754d3,3218
1f4f2b67-8bad-44d4-bb62-d37ecb91f432,Movement Competency,d1e49e122b53d93acfd78fe0865194255d624bdef1dde545a76a71cffd6a684c,3227
1e742b67-8bad-44d4-bb62-d37ecb91f432,Movement Competency,f14398c43fb3b03de092a51a06a2a2bea10911fb64f8ea0707465cf1438ef22a,3277
1ed62b67-8bad-44d4-bb62-d37ecb91f432,Movement Competency,529be402d7fbe24f78565f6e40b2817f36f229e28e1ef8e53b449ea4d8588798,3313
1e9e2b67-8bad-44d4-bb62-d37ecb91f432,Movement Competency,9314aeaebf40fa0d787a675b5ebec92e2b8f5cbbb830a5a4756073ca08e8000c,3371
1f432b67-8bad-44d4-bb62-d37ecb91f432,Movement Competency,373f1fcf3f7e6c5a030e7f5502ecfd1e6b504287b8cbed9a188c02915b7627c4,3372
1ea92b67-8bad-44d4-bb62-d37ecb91f432,Movement Competency,519dfad73615f2d38bb70e674686e3ea449df4a42023e1e47d2e0fe20c23291b,3378
1e4d2b67-8bad-44d4-bb62-d37ecb91f432,Movement Competency,fe3c64bf7e571457324f1c101d8dc6ad321cec2cf93ada2a60c06e3d15fbdfd3,3415
1f322b67-8bad-44d4-bb62-d37ecb91f432,Movement Competency,b00f32d7c7eb35a6f671c096c83209de97f53cb512441b278e607b15f1b52916,3582
1f532b67-8bad-44d4-bb62-d37ecb91f432,Movement Competency,f817b047db3adcf1d9b60229fd5d817071f3221412cacad97d8b05b7093dd614,3583
1dce2b67-8bad-44d4-bb62-d37ecb91f432,Movement Competency,2e053bb298329ee6ac816fb98d91e29d1d8d4ead3bd5b3854db17c141ecdebf7,3711
1e772b67-8bad-44d4-bb62-d37ecb91f432,Movement Competency,71d638ce5379916b09a8cde9989257ad61328b9338821940c90f6c7a76baf03a,3732
1f3e2b67-8bad-44d4-bb62-d37ecb91f432,Movement Competency,4014a167d1a0601f653654925ca0c8b8bd9b1091348bb0c7aa5cc6c89fadfdcd,3769
1e4f2b67-8bad-44d4-bb62-d37ecb91f432,Movement Competency,0e4a646aa34564f6381b9619fb8c9db84d60306cd8981d4a6bf675d89a14f1c8,3791
1f5c2b67-8bad-44d4-bb62-d37ecb91f432,Movement Competency,b2b77a66e1f8d583df53b37e98ecdf53013cf8a8ff7a93d090f5351dc6d90496,3803
1f392b67-8bad-44d4-bb62-d37ecb91f432,Movement Competency,df87126bcf42e94d8e5b065ecd376262ef91c1fe16ce5c40f3d0632048f105d4,3857
1ea22b67-8bad-44d4-bb62-d37ecb91f432,Movement Competency,4e45b5f3ac54cdf2a6abab355653a961c8d9ee59208158c78e433e574f0b9e0b,3898
1de12b67-8bad-44d4-bb62-d37ecb91f432,Movement Competency,cff7ed192e14dbd5ca341de973ad6fafd0e2ffad40482e1d6d959cce1c2af7c2,3920
1e662b67-8bad-44d4-bb62-d37ecb91f432,Movement Competency,a5166c4eb58c8bac7111ae9ca44f0255d7277ee23463b78dbaff780bad5b4faf,3953
1de22b67-8bad-44d4-bb62-d37ecb91f432,Movement Competency,fdddaee3a2a53308d25800954209cce1f6da9409cc1bca33d13b12286df54ded,4135
1f662b67-8bad-44d4-bb62-d37ecb91f432,Movement Competency,bf7f7f773845a1bc65c8346957047d8dc74946ec26d886caa9c1e5c1cb7f76b3,4155
1ec72b67-8bad-44d4-bb62-d37ecb91f432,Movement Competency,9e230df013c0ef1abaa4bc4de079bee6481ddcbbc0ca35131933b3f38a8f54e3,4217
1ea12b67-8bad-44d4-bb62-d37ecb91f432,Movement Competency,25eaab57ff4292315079d2eb20e89cc6dc778b1d3303feeaaf9e31ce989a92d3,4327
1ecd2b67-8bad-44d4-bb62-d37ecb91f432,Movement Competency,a40c7c00754c6d3f7a343d0b630db5cfa0e3d7c4373aaade0be04df005dded63,4347
1e9f2b67-8bad-44d4-bb62-d37ecb91f432,Movement Competency,4eccfb45d245ee307dcc2d181d6ffa92ad521db20d633979dd4f6f1bd5ccede9,4395
1f362b67-8bad-44d4-bb62-d37ecb91f432,Movement Competency,ab790c018acc3dfb81fdcf4f85cc5a5252f3b735239e4222be162614be5be81e,4428
1f612b67-8bad-44d4-bb62-d37ecb91f432,Movement Competency,486a216ea5617fa8bbbb8d183976f05e3c045ca34b1a9484ba19c4ea05e62c3e,4429
1e6c2b67-8bad-44d4-bb62-d37ecb91f432,Movement Competency,cabbbca4f1c32fd1d165fa7e8b4a3ab167d3e9b9bb5f73af9c9fea9fc77d4c20,4435
1f412b67-8bad-44d4-bb62-d37ecb91f432,Movement Competency,a9b6212ae0c29b602abd1f01991c559a18255ccb348e48c7e18152ae53e0e286,4459
1f3b2b67-8bad-44d4-bb62-d37ecb91f432,Movement Competency,718ada970f59a23bdc6f4d853b3e0c706636ed924661df7cc64c08417f69d246,4473
1f602b67-8bad-44d4-bb62-d37ecb91f432,Movement Competency,603957224108a2615f99a8a441ecbd3a42a87bdf1125eb94016033ff085c0bb4,4593
1f2b2b67-8bad-44d4-bb62-d37ecb91f432,Movement Competency,8126fdb028e60ff18d665057b6c1c664a59d6ad68cabf47a181e4c263dbc4741,4753
1f562b67-8bad-44d4-bb62-d37ecb91f432,Movement Competency,4e7d7c55f4420a71f67aceca47b5222908bfc919e160964b2e25fa2f304650f1,4778
1dd42b67-8bad-44d4-bb62-d37ecb91f432,Movement Competency,1da4cd453ee0e475bdc0b584b794c55a1729003e1c17a28bc4f78231b6a36199,4862
1f442b67-8bad-44d4-bb62-d37ecb91f432,Movement Competency,7644c9ec89e941231725bf22adf1d366a446cc161f4f13b5ebb23021c4e2bef1,4875
1e9a2b67-8bad-44d4-bb62-d37ecb91f432,Movement Competency,30b278145ab4c794dc1031f0c34ec05d8b6761ec98369ea1c02b8941ff7d7629,4884
1e942b67-8bad-44d4-bb62-d37ecb91f432,Movement Competency,91aafb911e76347026fc6ba6560e82ced410c686a33e6b2aaed19f014dac065c,4930
1f3f2b67-8bad-44d4-bb62-d37ecb91f432,Movement Competency,1b263329bbd51d3cc1e05f105c1b82b79d77aab4b509031e62ac857a90d2d852,4949
1e532b67-8bad-44d4-bb62-d37ecb91f432,Movement Competency,876ad41c5dfb0729967fe1d1e2d3c0f0fe417a38e18d0291dbeea1f3fa911272,5038
1f482b67-8bad-44d4-bb62-d37ecb91f432,Movement Competency,6c32fb98aaaec491f33662932fe3b11f1600ba4d280f0047117d5d5e0c2ad439,5040
1f312b67-8bad-44d4-bb62-d37ecb91f432,Movement Competency,f22888057f82ebc2378ecca91ae4d39f814d2c73f661a536992c502f688f0225,5092
1f4b2b67-8bad-44d4-bb62-d37ecb91f432,Movement Competency,9906ef7c8fee3d5799e089ea7e6c58a9c8c635e8eef9dc4085b5f367905e7437,5216
1f472b67-8bad-44d4-bb62-d37ecb91f432,Movement Competency,628f90cd3ac86935105dbb184e6966f3492b67b8f062a9e8d2bef91013be494d,5241
1f2f2b67-8bad-44d4-bb62-d37ecb91f432,Movement Competency,d6468357877a200917904be9a757f0691de427d372fdbef243d9fb5de99bf25d,5252
1e9c2b67-8bad-44d4-bb62-d37ecb91f432,Movement Competency,ff806fd203d3209dbb571b728ba181eba24bf0a216a63a0c2b364ffa7c4237f8,5361
1ddf2b67-8bad-44d4-bb62-d37ecb91f432,Movement Competency,7905c3d10b984adb4dae86d37e86bb53f6e092192881ef6db2d435bf13691935,5436
1e682b67-8bad-44d4-bb62-d37ecb91f432,Movement Competency,40feef3067c9ce8d30cf9dce6cb983f603086485ab530abb189daae49f07fbcc,5642
1f422b67-8bad-44d4-bb62-d37ecb91f432,Movement Competency,5d2144f36b60d6757c4c477d76b8a80b83cc6f2947b8ee53d12a618cd75d5f77,5663
1dd92b67-8bad-44d4-bb62-d37ecb91f432,Movement Competency,89281f1707a2cdbf035b844a31b2abab577e0bd021e07ddaa3edae9d378d50b7,5667
1ec52b67-8bad-44d4-bb62-d37ecb91f432,Movement Competency,de0ba9a773c1abd3cbe61a4a7eb392b890d6af6c42c355129703c4e470f33025,5685
1ec62b67-8bad-44d4-bb62-d37ecb91f432,Movement Competency,ed36f81f30d5ae8d95b75c6865ff23e7c8789ea0bd23770cc79f5ff6fbe4944e,5686
1e902b67-8bad-44d4-bb62-d37ecb91f432,Movement Competency,4681246a316d7a6204fa665b362d945694381b00b84eb34e5d9c21c0436052d9,5805
1f542b67-8bad-44d4-bb62-d37ecb91f432,Movement Competency,278763fc5053944a53b52b4cfc9f9ea8525c03d7dd88941d4b3254d7c1b6b507,5806
1dd22b67-8bad-44d4-bb62-d37ecb91f432,Movement Competency,9183c7936c99c6b3f476de8d440bd7eb80c7fc5d9ea9bfdd26c89877043e4f93,5893
1e932b67-8bad-44d4-bb62-d37ecb91f432,Movement Competency,1e864d8c365b4cba28a3d19b70736b0734e6facf4d4749a39960bd4bd62d6947,5969
1f4c2b67-8bad-44d4-bb62-d37ecb91f432,Movement Competency,9732c3edbc4e025cf23cc5663706978304933e0021af9a16079eaceb75c69c85,5972
1eac2b67-8bad-44d4-bb62-d37ecb91f432,Movement Competency,9240dde0a9e55ddf273bc24b5c9f56cdcd50f1b50e8fed91c4434b6dd09314da,5985
1ec92b67-8bad-44d4-bb62-d37ecb91f432,Movement Competency,c8dfd8336227aecf950512244cf3851cc01c8fc543ab6f69489b60b12afbbe12,5998
1f672b67-8bad-44d4-bb62-d37ecb91f432,Movement Competency,9c4cc9898b0e3a1aa1b4b707755547cedccce9d22c132a3eeaf7e56920ed489c,6044
1f492b67-8bad-44d4-bb62-d37ecb91f432,Movement Competency,13cf99d42ef86b3fb1dfd7b26f12f0502ab76f6dc56fa10f26ac4f482c859e8f,6165
1f4a2b67-8bad-44d4-bb62-d37ecb91f432,Movement Competency,78b8d58d9ff0e17f18f5cf8d9b48686e120cf7b36ead4e432b443c187b5d7e05,6225
1ecb2b67-8bad-44d4-bb62-d37ecb91f432,Movement Competency,bc9d0eb16c473f573b93440bc850c3c97f849ac9aa7a2b5d316c3a2e9dbf7dc3,6338
1f552b67-8bad-44d4-bb62-d37ecb91f432,Movement Competency,c71b2556bf4b823c6718fc35bd6b3a7673a4f4d3ac1c1494772a1040cb1ee612,6339
1f622b67-8bad-44d4-bb62-d37ecb91f432,Movement Competency,e51377b8ba9e47b5b5ec156dd287b6850ad83b63c89a6361ec06500cbda1bdec,6349
1e722b67-8bad-44d4-bb62-d37ecb91f432,Movement Competency,e4b84dc32305952020a39246dbe96676feccc3c62021a750633a5cd8c120086c,6366
1f592b67-8bad-44d4-bb62-d37ecb91f432,Movement Competency,e766864f5f37732e4e962c22fef33a67688e3487250b2fac817ab5ce42ac11fa,6461
1ecc2b67-8bad-44d4-bb62-d37ecb91f432,Movement Competency,2968d9640934855149cea7e3c0990e2e0dba7bb5eb1d6c99d1c57f3dbd4205f7,6542
1f372b67-8bad-44d4-bb62-d37ecb91f432,Movement Competency,5c64b7af2563bee20c7382c6d482c679ceea98e5f3e5e7503e0b71b675c50fc2,6549
1eb02b67-8bad-44d4-bb62-d37ecb91f432,Movement Competency,35bd084dda60076b7cf1da4d9dee4a02074431e0813fc114208cbe1f48586675,6572
1e5f2b67-8bad-44d4-bb62-d37ecb91f432,Movement Competency,5eaf83a54e92490d67d49d2a7a2ebd9708a49f72823b2e2c7cb07e5d1480ee11,6820
1ec42b67-8bad-44d4-bb62-d37ecb91f432,Movement Competency,0c1eca352823b5688bb001cc8eb0999be6c6c7f05eeb935df6cb2122baf051d1,6841
1f452b67-8bad-44d4-bb62-d37ecb91f432,Movement Competency,da3f1ab0ab2ca30d1cd76402c856be1b33883f540ca2fbb055839a09e3b52be8,6902
1deb2b67-8bad-44d4-bb62-d37ecb91f432,Movement Competency,303485bb8a59181d1cf306f9f99877afaf59988bb1e1c94e32df1c73ece4c83d,6919
1ebb2b67-8bad-44d4-bb62-d37ecb91f432,Lifetime Fitness,b11603425cedeceb2c933c4061c42c2e3548a0413596d66d4ccd5853686b0433,17
1f722b67-8bad-44d4-bb62-d37ecb91f432,Lifetime Fitness,f667e1587e9bd570d6e3babc361a2c9f47785bab931896b4b57686bf26afd72f,40
1fc02b67-8bad-44d4-bb62-d37ecb91f432,Lifetime Fitness,33ad3ee31887266c8301b8f8be0772711a391dfe7628ce4de6698fbfba85d598,64
1f882b67-8bad-44d4-bb62-d37ecb91f432,Lifetime Fitness,5c7ea3b6bb8aa568b101063995d394556a741555d0d58ae77bd2e0f2e4afce48,87
1f7c2b67-8bad-44d4-bb62-d37ecb91f432,Lifetime Fitness,d24efb6e8f681e7fa0db271ce037dfa7a8a23bdfb7f95129d03502c95b644ba4,289
1fc12b67-8bad-44d4-bb62-d37ecb91f432,Lifetime Fitness,e8bbdaca8d926b829112d0c3792d48cefa5c65dff264c40315729038e4cf293a,356
1f892b67-8bad-44d4-bb62-d37ecb91f432,Lifetime Fitness,c47d22c05f43f772d16f31d79a10fb26f6965fec507cfa8294e262de066a8d91,402
1f762b67-8bad-44d4-bb62-d37ecb91f432,Lifetime Fitness,0e28d12598157fdddb45be391b7383d867fdebb82cafdb9b35a335387ecf9329,479
1f9d2b67-8bad-44d4-bb62-d37ecb91f432,Lifetime Fitness,9b5cf6cc11a360cdd9c6a4230b3e056220445730fbe346ae1cf8cae0ae590424,536
1fa22b67-8bad-44d4-bb62-d37ecb91f432,Lifetime Fitness,23e7e885d5abda1ff2af568d8cf4aae573f77c42bf7a93760e8b616b1a9ff8dd,537
1f752b67-8bad-44d4-bb62-d37ecb91f432,Lifetime Fitness,7bfc7aeba3d8c76f8eb5df1d145f5cae343fab644095b864637085fdde75ce53,587
1ea32b67-8bad-44d4-bb62-d37ecb91f432,Lifetime Fitness,1f2f7eedc7f379d4b598607eb1d65b05809febbd17c953a26a76fbc6d8f26a6e,610
1ece2b67-8bad-44d4-bb62-d37ecb91f432,Lifetime Fitness,aba7bd26831fba863475b8a049d67b94fcc5cb017c817e15ce3231aeaf161aad,646
1fc42b67-8bad-44d4-bb62-d37ecb91f432,Lifetime Fitness,c6d6c98a85e36fcbb1c614b350a9efec77c976317402bc5ac8c58e1747f815e8,686
1e8b2b67-8bad-44d4-bb62-d37ecb91f432,Lifetime Fitness,cc989cd1b6ea3536e2307f4582d027f184a0f4d43049eb52863a777a79849d9c,722
1fba2b67-8bad-44d4-bb62-d37ecb91f432,Lifetime Fitness,c3aa1de989f0b48f06b9f8911461ae9beeaa1842284eedce7390c78da9f78623,759
1f8c2b67-8bad-44d4-bb62-d37ecb91f432,Lifetime Fitness,8adf57923b1c4e573da0926b2780b5c2c11d0899ef2d276d6ba71138ad6f42ec,831
1e862b67-8bad-44d4-bb62-d37ecb91f432,Lifetime Fitness,21cab676aad666f9828feb0e970003816d668d71437da47b2346367027a65e22,926
1eb12b67-8bad-44d4-bb62-d37ecb91f432,Lifetime Fitness,77e4f68908fe96e58dc005fa0e30fb042bfc8dbe6a5b05f0f1d127a1af85c250,953
1fa62b67-8bad-44d4-bb62-d37ecb91f432,Lifetime Fitness,ba27a0337043d1fe50fc31b55eca4a9bf8075319fc673b897bc94a8ec0c2dd3b,999
1fb82b67-8bad-44d4-bb62-d37ecb91f432,Lifetime Fitness,896bf3bd8cae75ba426f4f1b008a539b9a62a32f028a6923fbde9421e9454b57,1053
1ea52b67-8bad-44d4-bb62-d37ecb91f432,Lifetime Fitness,6a4d1f4f56107f40e636c99fe5024aaa5b4fc9684298516eab4885b471680477,1081
1f962b67-8bad-44d4-bb62-d37ecb91f432,Lifetime Fitness,725c0ecfdb0d5bc1a8e1ab414f1048afd2db0394be8e19b9e9dc718f956807c2,1110
1f9b2b67-8bad-44d4-bb62-d37ecb91f432,Lifetime Fitness,8f044933bf400a38ca56b344fc7e5387b77d13562c0d711c1b06553319246b11,1165
1f842b67-8bad-44d4-bb62-d37ecb91f432,Lifetime Fitness,40fa1f2f8a51aa8abe66bc0409fb0591bbda433c87b9efa21b7a1e6340fe0f27,1234
1e8e2b67-8bad-44d4-bb62-d37ecb91f432,Lifetime Fitness,f03551b2fa82a93f5d76db86b5ad1aa8b45d8fdfe6618a83cfa99e2226da56a2,1327
1fb02b67-8bad-44d4-bb62-d37ecb91f432,Lifetime Fitness,e48a6a8c6bea28f847b6722dbb96852e4c0de2fce7d7ac3bad144b725d1dd338,1328
1fb92b67-8bad-44d4-bb62-d37ecb91f432,Lifetime Fitness,bfa6fa45cfc9b6cea51652c50962d74ff44641ee2ed469440eab6d690e3a30fb,1341
1fa72b67-8bad-44d4-bb62-d37ecb91f432,Lifetime Fitness,077a97e7bf5c3d8c811cb55596cd865b4b871af9710d43a6d8ace61fd4b0bb27,1462
1f8b2b67-8bad-44d4-bb62-d37ecb91f432,Lifetime Fitness,f0ff8c7103224d2c33cf61efcd066e644d898fb32dcbe2c7240c4d44a27f2547,1510
1f8d2b67-8bad-44d4-bb62-d37ecb91f432,Lifetime Fitness,d5270d630fca18c5343be7faad236a97fa6fdda979281c8dcb0f1093eb08043f,1528
1e782b67-8bad-44d4-bb62-d37ecb91f432,Lifetime Fitness,06c350cc64bed98a298773cc690f171d6c16edf1344a0131de2c7d3417d18572,1585
1f782b67-8bad-44d4-bb62-d37ecb91f432,Lifetime Fitness,a5d913b62990b9aa69162a047669bd464934fe1f943ae3a15bc297ec7089c655,1709
1fad2b67-8bad-44d4-bb62-d37ecb91f432,Lifetime Fitness,b2ef6e3d6d8320bcbff3a0c7bfa91d8f6d27b7298d997de1491af5661a8bfb4f,1763
1e852b67-8bad-44d4-bb62-d37ecb91f432,Lifetime Fitness,be00e69f3ff9c9286822d09f5b2417683dd130a8b33b0362e54071e5ce493daf,1784
1e872b67-8bad-44d4-bb62-d37ecb91f432,Lifetime Fitness,83b66b79abe9ee97abefd1a461246457611acb755a1a28d93969c4b5a52f17b8,1785
1e7d2b67-8bad-44d4-bb62-d37ecb91f432,Lifetime Fitness,04b5f871457e697d8600206bde907fd031a080294242398ff6ab82a14a2141ad,1794
1f942b67-8bad-44d4-bb62-d37ecb91f432,Lifetime Fitness,a69f32a30b4b445837640c68a87a65aeed541939d92fe8c9a2be41f5ad50959a,1871
1f982b67-8bad-44d4-bb62-d37ecb91f432,Lifetime Fitness,f31448eb33051482a937d15796a19c1da14c1d6b8cbd4ebc09f8c8481fd87ec0,1951
1fb62b67-8bad-44d4-bb62-d37ecb91f432,Lifetime Fitness,8ea0c056cf0ce053b4ef184bc7f6e952fbfd06a321005a3d72ff0b9ce2e7cfa0,1994
1f852b67-8bad-44d4-bb62-d37ecb91f432,Lifetime Fitness,fc98b2df1901162f8b8ec6182569532881b3b76a23ae8516440425b3fcbdffeb,2128
1ec22b67-8bad-44d4-bb62-d37ecb91f432,Lifetime Fitness,667c6893510e44b107c4f85754f88728e4c2c5f6a6137e136968796c4ce004bb,2133
1f862b67-8bad-44d4-bb62-d37ecb91f432,Lifetime Fitness,96fef1d689f088ea76d0af9c324b0985f2caa3b8191637e0b7ad5411afb3db0e,2275
1fa42b67-8bad-44d4-bb62-d37ecb91f432,Lifetime Fitness,fe066c288be6104357901b7bf04b100d5f458855191e72eac3c3b19d99d9d6e3,2285
1fa52b67-8bad-44d4-bb62-d37ecb91f432,Lifetime Fitness,5cf5945c072d0615027b64dd036796a7ad802890163b99e411e992dce0b1829e,2286
1fac2b67-8bad-44d4-bb62-d37ecb91f432,Lifetime Fitness,ba38dc593e02a21122e98890928d34c6d0ed5233f1c1db00bdb1b6da6abba6b4,2320
1f932b67-8bad-44d4-bb62-d37ecb91f432,Lifetime Fitness,9d0bbf87b8c33851de4cb0d5f9ece9a2c15891048a15008ceb4e5fc68cac71aa,2413
1e7f2b67-8bad-44d4-bb62-d37ecb91f432,Lifetime Fitness,65d42f1cc8526fd19af59f9f9b650bad2fa0f5cf0c8a08c179bf1040ca54c0df,2484
1e7c2b67-8bad-44d4-bb62-d37ecb91f432,Lifetime Fitness,67578d96461e28e5d1e037519cc938110c664e096f778262dbaefe24fd9a1c82,2518
1eb62b67-8bad-44d4-bb62-d37ecb91f432,Lifetime Fitness,6f53e86dc8d0a4e2ca505fe9d08a6b8c9c3708ea8b3bae5364f7c530443a1b5e,2519
1eb82b67-8bad-44d4-bb62-d37ecb91f432,Lifetime Fitness,1f2f7a860218ed122fa7e1c8b76f31c3ef3d47f6cc1a1c0f81dfabd569f08f65,2543
1f6f2b67-8bad-44d4-bb62-d37ecb91f432,Lifetime Fitness,2e082e4cb6c6952fe5aec5966c2754509d2a6ef06f5060fe50c92e249a771ca7,2590
1f992b67-8bad-44d4-bb62-d37ecb91f432,Lifetime Fitness,96555f9046066ae694851409215b1bc473764b0bd5deebf4e410a11b5580a3e5,2597
1eb72b67-8bad-44d4-bb62-d37ecb91f432,Lifetime Fitness,35ea319a5df46edf20d33a4e61103216e115fee058eb8495ed6299c530f48648,2612
1ed02b67-8bad-44d4-bb62-d37ecb91f432,Lifetime Fitness,0df5228c7acfa40c6f0f9001e3c1bd7e78de3444b7936daecc095587e632fa7f,2689
1e8c2b67-8bad-44d4-bb62-d37ecb91f432,Lifetime Fitness,a381b9a2248d385e633ac7bb8591dd89e69f5799f3982de4f768e0043acbf716,2713
1f742b67-8bad-44d4-bb62-d37ecb91f432,Lifetime Fitness,ac7bc854842eb1212b982d16c6adf4f70b03624373da62e0801c3a72ceb3a3b8,2738
1fab2b67-8bad-44d4-bb62-d37ecb91f432,Lifetime Fitness,eba33593e9a9694c672e8b601db419e8f3f6491edd1202be4f158c78ecc3c232,2766
1fb22b67-8bad-44d4-bb62-d37ecb91f432,Lifetime Fitness,6ab1f3a63cee1173b8848595a88108c48675099022068bc4d930b3d55aaccd54,2780
1fc32b67-8bad-44d4-bb62-d37ecb91f432,Lifetime Fitness,f6a0882f45497f8f47c0463f9910a1057b92311b5b7612a84f6ce050ae9d2fbc,2781
1f952b67-8bad-44d4-bb62-d37ecb91f432,Lifetime Fitness,f7ff427c45ac29f89206de5bec74a6e6c7f2f60a7e92bde03647e2bc352b0e04,2861
1fb52b67-8bad-44d4-bb62-d37ecb91f432,Lifetime Fitness,1f0380df9425b9d368cda566ec339ed1e08296a72cf1923e0274e8e27cd62407,2883
1e842b67-8bad-44d4-bb62-d37ecb91f432,Lifetime Fitness,fb8cef6fc01ad821caff9de1e3d27a20eeded3e81e36967921246b3febdb3e62,2971
1e7a2b67-8bad-44d4-bb62-d37ecb91f432,Lifetime Fitness,0567938ee118301fcdc7481ab64e8b6177c7a02ca70c42bedb284515eb28de9c,3047
1f822b67-8bad-44d4-bb62-d37ecb91f432,Lifetime Fitness,ad38b97f08aac72349418dd1a07207d1f2f335ed778c81dcc4144e538cc2240c,3098
1ebf2b67-8bad-44d4-bb62-d37ecb91f432,Lifetime Fitness,97fb27fdea9cc3b1763877b421a48014c08b742d8503fa1754e8775416940916,3179
1fa92b67-8bad-44d4-bb62-d37ecb91f432,Lifetime Fitness,9459c5286b60df027edb3700c1c64cbff43aaa73cc9e30d01d42cf9161e26828,3215
1faa2b67-8bad-44d4-bb62-d37ecb91f432,Lifetime Fitness,5fe586950fb91eef759e06877aec04967a3b43c15348a1dcea1dc6cf2f8d427f,3219
1eba2b67-8bad-44d4-bb62-d37ecb91f432,Lifetime Fitness,8cb790e3d8b0325ded59d07b0c915743064f3ec3281f8ae9f77bfd4a90fb8487,3293
1f712b67-8bad-44d4-bb62-d37ecb91f432,Lifetime Fitness,0100d281d7476bb241617f20ce5c470877d870852ebbb99b3f7b96b8ebbec3b6,3294
1f7e2b67-8bad-44d4-bb62-d37ecb91f432,Lifetime Fitness,41a5cb538a7df827ca0f09781f953beaf4b710081c885a7d5b172d1f4931d16f,3305
1ecf2b67-8bad-44d4-bb62-d37ecb91f432,Lifetime Fitness,5f440b3a1c48b8365abcfb6b5f7b69f307d16fc9f8c2ce85c0bdc644314e9f5a,3581
1e822b67-8bad-44d4-bb62-d37ecb91f432,Lifetime Fitness,222b4339d83928e8b60418e5629e0de76a331de5bc8d6c7ef65a4e8b1dd35b12,3628
1eb92b67-8bad-44d4-bb62-d37ecb91f432,Lifetime Fitness,aac08e169b814c1f9e2cef1a64d1df02c52b723fed5f2bcdcc3cecec33b4a880,3629
1f7d2b67-8bad-44d4-bb62-d37ecb91f432,Lifetime Fitness,7777bdebec7f3d218eafe7cc6d8784fd151704820de97cead54199443b8c0040,3650
1fbc2b67-8bad-44d4-bb62-d37ecb91f432,Lifetime Fitness,d69c152f23e4daf247f9be8fa87eba90990345c6a7f20535f2eec2abc770294a,3678
1fae2b67-8bad-44d4-bb62-d37ecb91f432,Lifetime Fitness,43fe9fa676901e2101323aebfab23c7f2a0815f12d479de36ac68fbcd0720727,3703
1f832b67-8bad-44d4-bb62-d37ecb91f432,Lifetime Fitness,d57766d0f2b2a4d89cab627ca95c38e2e3fb60528792504353daf879fd33dffc,3804
1ebd2b67-8bad-44d4-bb62-d37ecb91f432,Lifetime Fitness,f00b02c33bea8027826c21316952da3ff867bfe5d5a07380a97ecf59510c405e,3823
1f922b67-8bad-44d4-bb62-d37ecb91f432,Lifetime Fitness,012380f80b01cd542cbd847a326bac9d8cf1b1258699ecbd2679c6bad820123f,3929
1fb12b67-8bad-44d4-bb62-d37ecb91f432,Lifetime Fitness,72221d77d8a32f4f6897d444a44e2becaf58931ffb9b962d2a76eb1fa9d3b3e3,3930
1f6d2b67-8bad-44d4-bb62-d37ecb91f432,Lifetime Fitness,8e35a50267478b0a1f92a6a9479a509b2240f1a5f4ace2bb365279c4dabd9e9a,3949
1f772b67-8bad-44d4-bb62-d37ecb91f432,Lifetime Fitness,a91618803d3ed8ac07313dc8f7899a90798e70b508fb59a22380e809d3288ac6,4053
1f7a2b67-8bad-44d4-bb62-d37ecb91f432,Lifetime Fitness,206da2ad95e380cb741838ab45a44c220816381fedaaa4b3bc1a1a597fdeb129,4080
1f9a2b67-8bad-44d4-bb62-d37ecb91f432,Lifetime Fitness,655cd18a806584ea56aeb6584ed5a1437380426f0980a8be776347e38dc5d72a,4081
1fc22b67-8bad-44d4-bb62-d37ecb91f432,Lifetime Fitness,5a20c7b26d7824c18044596477bc5100b2e026bba5a41b71a491735c6d191359,4191
1fc52b67-8bad-44d4-bb62-d37ecb91f432,Lifetime Fitness,7f71df58a3bc70f21fe6a0dd130dc9c97517c87fff8077129be3e201127873ab,4192
1eb42b67-8bad-44d4-bb62-d37ecb91f432,Lifetime Fitness,bb19f58103ca3ca90b7be4218d8291584794a49c8c3c457e3ef6f169769583ef,4248
1f902b67-8bad-44d4-bb62-d37ecb91f432,Lifetime Fitness,13d8b15761f86c5163bd21f98b48af3b8fcd6f4ea033fe444438558bab995589,4448
1e802b67-8bad-44d4-bb62-d37ecb91f432,Lifetime Fitness,84e7300a12722bd914c2305492eb96afbc25a9b6b2be3d99f6d25024d9526752,4458
1ec12b67-8bad-44d4-bb62-d37ecb91f432,Lifetime Fitness,acea217048618f0af20fdefff08f0c5b8a7308b2c4266c83a6474e1a1c5ed6c8,4487
1fa82b67-8bad-44d4-bb62-d37ecb91f432,Lifetime Fitness,8f47b106e9ad37098791b71189dd8ba1ed228aad8d4d56b61fdbf117e2ac9a7c,4488
1e8f2b67-8bad-44d4-bb62-d37ecb91f432,Lifetime Fitness,075d0d94a4f4ab75188bce258bf6e16ebd1ab70be787e69bbf1d9c0d3f51979f,4521
1e892b67-8bad-44d4-bb62-d37ecb91f432,Lifetime Fitness,b86227acb932e1d8993d49efd2ec65ffb7fbb07e3c1c70273b6156ce935ea9be,4586
1fa02b67-8bad-44d4-bb62-d37ecb91f432,Lifetime Fitness,11f357afd74e16f9509399c0b4d3d75b86a89a5ffc89de12294a759f8f97a8b1,4627
1e8a2b67-8bad-44d4-bb62-d37ecb91f432,Lifetime Fitness,81bf3a1979e7826f166387170cecee3dafcf46c06566692952c6b5be91ef234f,4639
1f802b67-8bad-44d4-bb62-d37ecb91f432,Lifetime Fitness,3666f43b782fbe35f07e1891991f57cd7767de2a20f62ad6f48f0a7ea27c50fb,4791
1f8e2b67-8bad-44d4-bb62-d37ecb91f432,Lifetime Fitness,01ee95ad7dd6507fcf2eae92f5cc84787f71881e2d8886817a5599d99e971a85,4792
1f7b2b67-8bad-44d4-bb62-d37ecb91f432,Lifetime Fitness,d819ec893e99feef0ad605b6de7b94d1865b0c03e2b6587d4d41847fee08d71a,4842
1fa12b67-8bad-44d4-bb62-d37ecb91f432,Lifetime Fitness,17b50b7602bfcd89083983c7933323c4779b10aa9f3fcd3c384496e46f312e93,4864
1fbd2b67-8bad-44d4-bb62-d37ecb91f432,Lifetime Fitness,b0e0fb8e330e07892cae86bf2baff231a0f35f29245943062e9e58a1be1dea6e,4900
1e882b67-8bad-44d4-bb62-d37ecb91f432,Lifetime Fitness,9f10bdb6c2af53bec7d11825080097498e6a6e811a95c4ffdba0157c9634b3f7,4929
1fbf2b67-8bad-44d4-bb62-d37ecb91f432,Lifetime Fitness,3456cb446f1dc42503d741bf995313430562e5a724b264012a20aa0b455c4b72,4950
1e832b67-8bad-44d4-bb62-d37ecb91f432,Lifetime Fitness,51bf3a27505c9531e1ee9be7fdf78c6c979ede3e19efdc2fd6737c450dd08845,4962
1ebe2b67-8bad-44d4-bb62-d37ecb91f432,Lifetime Fitness,0066e8409b5ca5023fa70fa1d7cd3025f7076d8c5429c467002d9aff2436ea9b,4999
1f872b67-8bad-44d4-bb62-d37ecb91f432,Lifetime Fitness,9bbb2ddb69f2451e35810aabfa9152eeaf3314a052a2816ec71fe062435fe74e,5071
1f912b67-8bad-44d4-bb62-d37ecb91f432,Lifetime Fitness,4a5a17d5cd0b66db6db21c605a8ceebc11e0bf6c7722d49499d8dc239b12e690,5072
1fa32b67-8bad-44d4-bb62-d37ecb91f432,Lifetime Fitness,c12bdb306d551a823b6aefd0b8c56fb834ee119f6a33821882d35d2381953989,5083
1f732b67-8bad-44d4-bb62-d37ecb91f432,Lifetime Fitness,2f3c42b4ecae643cdb524ed652707edd54dea38a836f36206dba2923b58a2301,5093
1f6a2b67-8bad-44d4-bb62-d37ecb91f432,Lifetime Fitness,64b2cfb15dab5f4d1c2aa272f8359348fa77c191f6801371ddcc88a94df8221d,5121
1ec32b67-8bad-44d4-bb62-d37ecb91f432,Lifetime Fitness,af0e555672b9781933a2c1ff7056d08137b9feadce5984e58cd175c051c6c738,5189
1fb72b67-8bad-44d4-bb62-d37ecb91f432,Lifetime Fitness,9529e086b8102aacc7b3b37cdba32a2bc42e0a3b5fa296e167c91fa4f3a28b4b,5222
1fb32b67-8bad-44d4-bb62-d37ecb91f432,Lifetime Fitness,1804edf8cf0d8f43149fed2162813d681805d03f0a864a8f1386acc77c9c496c,5266
1ed12b67-8bad-44d4-bb62-d37ecb91f432,Lifetime Fitness,b2237b979773bb65a88aee5418a99926a7a1f59869f0f2183de676233c8e58fd,5338
1f8f2b67-8bad-44d4-bb62-d37ecb91f432,Lifetime Fitness,fe7f8c291dbeac71cf1da818e634c74df6d5f282b78818c8c8caf0e1e22a18ea,5339
1fbe2b67-8bad-44d4-bb62-d37ecb91f432,Lifetime Fitness,f94c3e0d3db7bae93b0df48d17bcd8415c79f7d04f506bef97e82a773ded7aa0,5378
1f9c2b67-8bad-44d4-bb62-d37ecb91f432,Lifetime Fitness,f9fffc4a7896476ace934f8d5b6160f218b7bb0a17dade7dded1b882abcaa80b,5390
1f6c2b67-8bad-44d4-bb62-d37ecb91f432,Lifetime Fitness,7fdb4760d7e2d5f4965f1fb21aadad30f97e99a53777f11e899f61d385eec903,5437
1eb52b67-8bad-44d4-bb62-d37ecb91f432,Lifetime Fitness,7124c0d51717b549360519284c2e76dcfa4ec867614faf45f2799be6f2cfbbf1,5483
1e8d2b67-8bad-44d4-bb62-d37ecb91f432,Lifetime Fitness,8b92b9076100929a3e2151966acc9ee5a7ba5e065bb206103d82fcf3cebce078,5547
1f692b67-8bad-44d4-bb62-d37ecb91f432,Lifetime Fitness,57ad8f5b08969d42fb1d1c119a5d2ba6d55d4ff47c22fc84df319369ab9bb080,5556
1f812b67-8bad-44d4-bb62-d37ecb91f432,Lifetime Fitness,0f0d2c5b2e0f953d8a264826c3e702f0b5de448fd9bfe00d42f5992cba21ce48,5591
1fbb2b67-8bad-44d4-bb62-d37ecb91f432,Lifetime Fitness,6a469267f7f8ca48e9747d3464175e636e78d421c7d40a683958bb476921ee19,5627
1fb42b67-8bad-44d4-bb62-d37ecb91f432,Lifetime Fitness,3071f4e7ed99f44c43af049d8bde61034668d39636a79ccce44e21ee1e348bd6,5738
1ea72b67-8bad-44d4-bb62-d37ecb91f432,Lifetime Fitness,25aac550830e1c98bbea0dc7cc50b6c2a584438b8be397c647497fec968bf371,5760
1ec02b67-8bad-44d4-bb62-d37ecb91f432,Lifetime Fitness,be0eefbe15fd7a9769863468e76f5141c6b87573b26051b710f30d5c6d9a0188,5827
1f7f2b67-8bad-44d4-bb62-d37ecb91f432,Lifetime Fitness,0a36b09f21769ea7f58d545ddb86f24875a38c2602fd783385f2fbb281643ab6,5904
1ea42b67-8bad-44d4-bb62-d37ecb91f432,Lifetime Fitness,193d6e15ad80263e80fbc829e52060a2249a9401572aa8f2d323b2b32777a783,5970
1eb22b67-8bad-44d4-bb62-d37ecb91f432,Lifetime Fitness,a27c0339eb579af4a2e82e00c040a1fb05c501ae99aa8bd7d4e6571104a5ca0c,5971
1ebc2b67-8bad-44d4-bb62-d37ecb91f432,Lifetime Fitness,27060aa03ab0a36150e07beac8cc8cb9fcf819651d27455ee99b1534e64abd37,6004
1f8a2b67-8bad-44d4-bb62-d37ecb91f432,Lifetime Fitness,06e531832667c5a6d24dc47d04ae47bb6142a07522300c479fba77a0e3ae07b5,6103
1f6b2b67-8bad-44d4-bb62-d37ecb91f432,Lifetime Fitness,67970016182dc76a1d0bad82b3f6dd5e4426f999e60bef372442eb5fd57acbeb,6136
1faf2b67-8bad-44d4-bb62-d37ecb91f432,Lifetime Fitness,bbc6eedeb737ae41975400baa3bd979ce818fe8d0df43601117275f973c65d9b,6244
1f972b67-8bad-44d4-bb62-d37ecb91f432,Lifetime Fitness,3e62646749a7cbb66c07e1cc3cd304c663491980c7560ab5a47d2c17f602ec5c,6284
1f6e2b67-8bad-44d4-bb62-d37ecb91f432,Lifetime Fitness,fb422b9920a2744d739a758c91ccd370f11a542aa0f5a2dbe7ee1948e28054c2,6422
1f702b67-8bad-44d4-bb62-d37ecb91f432,Lifetime Fitness,efc959a88f18c592923e072ab770264ddc81c5f877278381e60b7117ee1fe310,6732
1f792b67-8bad-44d4-bb62-d37ecb91f432,Lifetime Fitness,08e4c58892c5338f84773451d3a3591294d476daf33cfc43627da45f579e13db,6746
1eb32b67-8bad-44d4-bb62-d37ecb91f432,Lifetime Fitness,e28b3f62b4d37cee2c4de5bf0e1dbcd9a2fc196523839e87c6568db361342d21,6811
1f9e2b67-8bad-44d4-bb62-d37ecb91f432,Lifetime Fitness,69cf67d8995ba43fcaa6fe1accd5e257c96a11998863aca012737fa261b5cec5,6875
1f9f2b67-8bad-44d4-bb62-d37ecb91f432,Lifetime Fitness,9b8b2c15df02521b1c90887f9d8081936815a3cf8e288f6015afb03ad68a25e7,6964
c611b207-8bad-43d4-bb62-d37ecb91f432,Geography,778759461452da5ff975f6987a3d54fd5cdf1b084d0ac7fac47c5b3db7631ccb,23
e1f1b207-8bad-43d4-bb62-d37ecb91f432,Geography,26a005b67812eb9300c731fbd5a03c17537a90b6eadcf9a96cfd9258c94d3dbe,36
b801b207-8bad-43d4-bb62-d37ecb91f432,Geography,e9bd0ce1b6c1bf5230116d3ab9418d0322f86c045b59c152267328f5f889aff5,103
cf81b207-8bad-43d4-bb62-d37ecb91f432,Geography,4b3fafc7a2191416033178f29d1448d136e0c3d610074052846d9d3b9272ef9a,211
b631b207-8bad-43d4-bb62-d37ecb91f432,Geography,85a41a25e2c53c8816e25ecc714bb8aeb7bf7e9bdbf682a1fce7c4257e2d6e6a,343
d031b207-8bad-43d4-bb62-d37ecb91f432,Geography,e6e91e322746098a8a6f75a31f6df7090c436b1f90a227a49e407b1930d14155,384
e1a1b207-8bad-43d4-bb62-d37ecb91f432,Geography,228419fa75172716e0add6c28cf4bbb5a194fab8861bebe476fd17e60fbf5463,385
bce1b207-8bad-43d4-bb62-d37ecb91f432,Geography,0bfed25ac88d31ed82e4d6672f3f4eae8bc2d5cd0bae791c20d226d7d86b77ec,427
d021b207-8bad-43d4-bb62-d37ecb91f432,Geography,4eb92b1df2be81782fe378f92491f980e16830319ba0227d98b4ec732a602407,439
caa1b207-8bad-43d4-bb62-d37ecb91f432,Geography,dc0e10b5660b00560ad3fcd7acf77ae0d0f70ecea3fa9bc80ea53ef578a6c006,543
cad1b207-8bad-43d4-bb62-d37ecb91f432,Geography,c0392a06145e6a385e0fe7a032a3c24fefcb0993fe900219d1455d3c844cd26b,581
b4c1b207-8bad-43d4-bb62-d37ecb91f432,Geography,577408ebc335b0d1c0fd8b8aba40af39231b85be111b172c7ad6eaeb90934136,603
b491b207-8bad-43d4-bb62-d37ecb91f432,Geography,9f3129c8a5694e4269bb65d610b9553225ac15a6490eb2e985859a333634c950,634
c001b207-8bad-43d4-bb62-d37ecb91f432,Geography,169ffb08fb39f0882b5dde3fcc1df37ce722c6936782c9f60ac68300ccf859d7,650
b471b207-8bad-43d4-bb62-d37ecb91f432,Geography,8d13d99424f3259e04a53679c89d00f437799f025d0e6539857dc6117a05bf6b,680
e261b207-8bad-43d4-bb62-d37ecb91f432,Geography,d5351bea15bb608bb20d87403c468be2a8c43794204429041790fa50fa7b8ccd,700
ca81b207-8bad-43d4-bb62-d37ecb91f432,Geography,37ed7442c5d6f7b36a5277b527338c4f830eb54652358de0d1b8176c10962fc4,746
e1e1b207-8bad-43d4-bb62-d37ecb91f432,Geography,04f7dab00ea7354dc552e88c83468d6d4740491896f63209ec42a5e66311b6d0,756
cf31b207-8bad-43d4-bb62-d37ecb91f432,Geography,2923f3b138046045c93b40712814fc076e7f088f0b9b424f7d5e4eafcf799e0e,763
c541b207-8bad-43d4-bb62-d37ecb91f432,Geography,96fecfe63d7395e4514e5a17b8beea23664a0ab33e89f11afbc8204cfa4656be,844
c671b207-8bad-43d4-bb62-d37ecb91f432,Geography,16800af11f2f075bc892e69918d03311549e9365f1cd0155cdf50ccb98e6d5f3,845
bff1b207-8bad-43d4-bb62-d37ecb91f432,Geography,4c5a6cf4c530e54ac8a3004465f3471e7cc1fc928bdafff131843600c8c124f1,935
d001b207-8bad-43d4-bb62-d37ecb91f432,Geography,77cf1155682ef64c9dfbb5ef239c7b62be9903fd7aa0f323db91d1726bdbd793,949
ba51b207-8bad-43d4-bb62-d37ecb91f432,Geography,1455ee9b0675cf3512123b76c392a995559416b53ba57b1d869d2ebe8459485f,1093
e0f1b207-8bad-43d4-bb62-d37ecb91f432,Geography,73d3ccab8c3899c2b7e751fe9e577112d8aa28a0b8d23b40f656060434c2f50a,1131
cf91b207-8bad-43d4-bb62-d37ecb91f432,Geography,a4d5d430397e11bbce68d180b59f88797957bd9ee024deb5ec542a69a7f22d1c,1181
c5d1b207-8bad-43d4-bb62-d37ecb91f432,Geography,e59e68ba5b52fb6971b7fb8a740aefdce12a95a982d4689892ce543d00f0d1b8,1253
cf61b207-8bad-43d4-bb62-d37ecb91f432,Geography,52c8c81f9d7c1260a6bd2a1fc18a9a425d541d27817b46694c9199cd14f6b18b,1336
cab1b207-8bad-43d4-bb62-d37ecb91f432,Geography,54e8f58a412bac3a7ed6b89d789ebc8d494b1753a8cf4d7df09704e3e16a25c9,1356
b9b1b207-8bad-43d4-bb62-d37ecb91f432,Geography,a42f5a7141a61049ea51f2e0a03cfc09cb5fbcfee8f5f98a9a6386f167b707af,1466
e1b1b207-8bad-43d4-bb62-d37ecb91f432,Geography,46c4349af5d4556023ae984c5f5135904e8a95596cc481103a2f84c871cebdcc,1533
c6a1b207-8bad-43d4-bb62-d37ecb91f432,Geography,860c2e1fe64d3db10943bc8ce51d4b1fc3291347ba261cac5bc8e6451e518b10,1587
c041b207-8bad-43d4-bb62-d37ecb91f432,Geography,0c8611c9648ed4f075859a6b6d1274b6997f24197bd0292a532d69b3812828be,1621
b651b207-8bad-43d4-bb62-d37ecb91f432,Geography,c3d5ec0621e55d2bcc1f65905a2c55263005785a70e747e9087bb700905a9f6a,1652
b941b207-8bad-43d4-bb62-d37ecb91f432,Geography,1823a7a0657f293b87745a5ab582c84407e798d26c240b76556e4a3abfaa6e24,1736
e271b207-8bad-43d4-bb62-d37ecb91f432,Geography,8494070f3dc626a621f2788714c7f8011b907c67bb8bc2e084f6516962aded17,1746
c5c1b207-8bad-43d4-bb62-d37ecb91f432,Geography,2fac0a211d520c87b8c0a9cf52d78f890c247460a64df7fb8a9b4ee94dac3fdc,1797
bfe1b207-8bad-43d4-bb62-d37ecb91f432,Geography,48bfa9f160c69b13c599684e3967913f4306f519ba4c1a99d3d5dbec4181ef6b,1825
e211b207-8bad-43d4-bb62-d37ecb91f432,Geography,09ad8eee232d9fd73b1c8253efd2e30bf0fbd6426ce34eef493dea4916866bcd,1839
c661b207-8bad-43d4-bb62-d37ecb91f432,Geography,bdf7d226b87a9d2380852c59c1fea49b0d8c24c9d8f12cec41c16b32d515a8b2,1846
d011b207-8bad-43d4-bb62-d37ecb91f432,Geography,be1fbe8039465f23ebff5c5f3ab562e73689c241309d77a41fb698eea18f6765,1915
e221b207-8bad-43d4-bb62-d37ecb91f432,Geography,aa163b47cf854a6ad8c3c6ff968bd50bccef7893908b8884ef4df9d3bf3c87cf,1963
e291b207-8bad-43d4-bb62-d37ecb91f432,Geography,bce95771c62dc010df4a827e45601cc8d7e3da3c3c50d010727c4d2946a8a2ea,1972
ba11b207-8bad-43d4-bb62-d37ecb91f432,Geography,036e112edc54905fae052c20bccaf1438379bb8d90577e5a03bb738f7b2adb17,2044
b641b207-8bad-43d4-bb62-d37ecb91f432,Geography,4e224df605b4efe87971b8d015837713df3611836031038674149a5df51dba41,2186
e141b207-8bad-43d4-bb62-d37ecb91f432,Geography,550e1bf6c3f1e40e2bf5221ee1b8d787faaa809a0666721bac63dbe8330a0e44,2335
e151b207-8bad-43d4-bb62-d37ecb91f432,Geography,9e9e9d25eafb7bb419e9d7861c85d683dbfa563f3ee6552c388c186191d9d08a,2350
c021b207-8bad-43d4-bb62-d37ecb91f432,Geography,65b46634637391d6fc6d592f8061b0aa4268d00108bb4ea621e7d3429ee87219,2357
c6b1b207-8bad-43d4-bb62-d37ecb91f432,Geography,e85642d7eee062041f33c6a682b11e1994c144987af053e49ad47d1159128c3a,2358
cfb1b207-8bad-43d4-bb62-d37ecb91f432,Geography,5fc26e4ac5f59b643fb5afde8c0c58697042e29ed34775311081a0bfcb3d7af3,2376
bd01b207-8bad-43d4-bb62-d37ecb91f432,Geography,fd6925d43334f51e061b05c69d3baf9a7e8627f04799bdcd7886fdeab0b5e0e0,2398
e201b207-8bad-43d4-bb62-d37ecb91f432,Geography,9e2e19a9e948b86ac8b3888e14e27a4aae471a340cbb507142c54f705fde6afe,2407
ca31b207-8bad-43d4-bb62-d37ecb91f432,Geography,eb0e5d540be30013c85d63b9f6499f64d17212edf5cd9d46373c26d9881a5743,2417
b9d1b207-8bad-43d4-bb62-d37ecb91f432,Geography,94947b18af54d9092afd6cd787abbf1c4aab285e8eefb506e6454df5c04aa325,2456
e251b207-8bad-43d4-bb62-d37ecb91f432,Geography,24ee5c1075a3f6cde93842cd2ab903986cf1d5c602eb311dca5c6d878ba39ed7,2469
e161b207-8bad-43d4-bb62-d37ecb91f432,Geography,001da9ab86a6467f99451483ee0f70fd6e5b9b12cf2106d95d5e7cd0eb638b3b,2786
cf71b207-8bad-43d4-bb62-d37ecb91f432,Geography,e48d7638db282b8c46e1d128e288e6975858fe7b1321ad6af688ac7e8e6ed43f,2816
b461b207-8bad-43d4-bb62-d37ecb91f432,Geography,dcc583a18533d8654caeca21fb8e7e90b92154413a67692e63c78b28d7a80735,2887
cac1b207-8bad-43d4-bb62-d37ecb91f432,Geography,a487e15a46d6821b2dcb934877f71acaaedbeed990859ab679467e02cb6b67b7,2888
e281b207-8bad-43d4-bb62-d37ecb91f432,Geography,8f2535ff8dd7d3b37983660da375ea08be97b9ec4106ddb578f61e6658aa095e,2889
b481b207-8bad-43d4-bb62-d37ecb91f432,Geography,4f687c29a72e94fb92b8f433ed4569217d9b78016c26af71766202371623a7d8,2919
e101b207-8bad-43d4-bb62-d37ecb91f432,Geography,000fa6c94a4ea4213159478efb494d9828271af73a6d05148d3a93c57185d14b,2921
e1d1b207-8bad-43d4-bb62-d37ecb91f432,Geography,52337a5dc34caac88d4c0285bff3da9deeaba54e81db6dfffba8e9b9d83b6655,2984
bfc1b207-8bad-43d4-bb62-d37ecb91f432,Geography,5eabfda6bfb06046cb9317acddbe96d66d4ea20af742fa503d8d81ded19f29eb,3055
ca91b207-8bad-43d4-bb62-d37ecb91f432,Geography,748331b79ae8f0e199a93105648495595e20a065346587ca38fd9663e0418b70,3067
b621b207-8bad-43d4-bb62-d37ecb91f432,Geography,f2ae26f2d15b7fba39ee4f782b198c52be98b7003edf369ad1c488c881fce2ee,3084
c561b207-8bad-43d4-bb62-d37ecb91f432,Geography,11df33cb0730b3ef6b3b74722a1c1ccf50cd723e13fb486252335b28bfe40ebc,3090
cf51b207-8bad-43d4-bb62-d37ecb91f432,Geography,127bb1345d1d1db8a0fd260fd1f5c00e0c99a36af469c855b128426772bcc6cb,3099
b4e1b207-8bad-43d4-bb62-d37ecb91f432,Geography,82b55837a3aa03a7f7da0c6e392dd8ca33444b69e7413c44cb05e3d6f6300e62,3120
b821b207-8bad-43d4-bb62-d37ecb91f432,Geography,338c32784a39a7803f1c790eddf40236f7b90a927f497dc54c4d2033da4e52e6,3200
c591b207-8bad-43d4-bb62-d37ecb91f432,Geography,7bdfbd9cbca745696e0535ba5df0144e25e4805d830e6df733f47a7630abd882,3201
bfb1b207-8bad-43d4-bb62-d37ecb91f432,Geography,23648c5f3b0e9bda0fa28564d9f6b20bbc30585cd9d00ad3c954d06e93da5cc3,3240
c571b207-8bad-43d4-bb62-d37ecb91f432,Geography,d5297135b91a2f48d47af0c04d613847839fb258540de6a167bcafe27b0c6c07,3251
c641b207-8bad-43d4-bb62-d37ecb91f432,Geography,93b81b02d201f3bcfc7277fda02c049241bd7ed6f63e09e0ebd0b5010c573fb1,3336
e1c1b207-8bad-43d4-bb62-d37ecb91f432,Geography,eaa45cfe9a9c9f4dc1d8883736cda507f1b6a026bc3cb1662fd5b2a1c3885b81,3354
ba41b207-8bad-43d4-bb62-d37ecb91f432,Geography,82c915936f26da2595e2431a59b71af726e0951d28255769c08694d7ee7c32af,3396
e091b207-8bad-43d4-bb62-d37ecb91f432,Geography,fceae39e617a896a0c6de5a85b793f583bc376fcdb38f2b74a35595ee7698c16,3398
b951b207-8bad-43d4-bb62-d37ecb91f432,Geography,80df6c0c06fdda85378d8b26531f322f1b99839b1cf8ee732ea189a41dd292f9,3537
e121b207-8bad-43d4-bb62-d37ecb91f432,Geography,8c0354f4f1f08ef67a489ce5a3c38badc5930840d47579eef3b09d7074aee9a8,3609
e181b207-8bad-43d4-bb62-d37ecb91f432,Geography,fb432c2d7c43df3101054e8d5c4c156cab6f6e66ffddd5cb232552464828d107,3610
e0a1b207-8bad-43d4-bb62-d37ecb91f432,Geography,8f02d907b28fd8709f1dceb0ab8b7529890a04acc4f42d866d9f752c1040863d,3648
b9a1b207-8bad-43d4-bb62-d37ecb91f432,Geography,fa0ec600f0764d00bf2f073c70c71773cd071140e8802e1d034b090d92c20f20,3666
b661b207-8bad-43d4-bb62-d37ecb91f432,Geography,0d9203e7a578e84c019a21ec271aa014f2033b9ff3a07caf5184a8edad26bb39,3707
cfa1b207-8bad-43d4-bb62-d37ecb91f432,Geography,0de52e0c6795fc3feafd7eb8771b582fc12c978ec06ec1d8b7e93ebbab968356,3760
cf41b207-8bad-43d4-bb62-d37ecb91f432,Geography,2cfe2955d9ebd3d4e5faa99ce8fe22952d6927b4b2d1df82c1d38aeb514027a7,3859
b831b207-8bad-43d4-bb62-d37ecb91f432,Geography,c3cede6fbc5e3e4f0d4dfc26eae8f305c5367e62a2c2f8820d451d2105ad0224,3951
ba31b207-8bad-43d4-bb62-d37ecb91f432,Geography,683893add62c01d008e5996b212aac0fb984872b4b813c8052ac82846cfac632,4219
c651b207-8bad-43d4-bb62-d37ecb91f432,Geography,17cd38a61605ffde4135116b254615213e54be064c3207d02db7037c8bf682d4,4228
ba01b207-8bad-43d4-bb62-d37ecb91f432,Geography,0cb71ab23dcfb8732ee6ebc17fa92ab5ab47f213321db41561c65f383fc4e722,4282
ca41b207-8bad-43d4-bb62-d37ecb91f432,Geography,49de28fe5bfd7768dd58a02cb1f6187c3a541a03af595ef9f2b07be30263e2d1,4292
c5b1b207-8bad-43d4-bb62-d37ecb91f432,Geography,236b05fa2f30719fb54d617e020efaee60f32c49122dec0afbd77d102f8965f0,4350
b971b207-8bad-43d4-bb62-d37ecb91f432,Geography,1447692ce5ea47695ba6c654f93b0357b299a24aae14115e0fca183541e61c37,4433
cfd1b207-8bad-43d4-bb62-d37ecb91f432,Geography,d08ef330eca8cee4b1f8651310913eda5e5101f6da26527f0e37298efbb41e08,4468
b4b1b207-8bad-43d4-bb62-d37ecb91f432,Geography,cf5a259ecdd9e76a280986216f27ca98b9018b2f7755395a6b98abb80719cdcb,4570
e111b207-8bad-43d4-bb62-d37ecb91f432,Geography,450ab69753ed0e09e7eab3a5e70f924c937b72a64b8854c575c83136128ffabb,4633
e241b207-8bad-43d4-bb62-d37ecb91f432,Geography,00dbbdbba49c707c9822b2c0c427803bc910685f113371d88a29645dc96a50dc,4634
cfe1b207-8bad-43d4-bb62-d37ecb91f432,Geography,a78bb756c484ad5fc8eca8c94c276415fd2e9f46687cd3b49950e851b7ebce3c,4695
b9f1b207-8bad-43d4-bb62-d37ecb91f432,Geography,74aaebb628b489400a09478b0ee4b46dcaffb67451974910461847ff2d711f0f,4724
cae1b207-8bad-43d4-bb62-d37ecb91f432,Geography,a0d26bb85ee83309a7dca9c507a43edd65caf49b1f04a042260ec9df2208105f,4757
cfc1b207-8bad-43d4-bb62-d37ecb91f432,Geography,82658e144ab8d5360fce8efa1cbb2be0f908ddb6cc1cd55f40451f03bdd5ded9,4758
e191b207-8bad-43d4-bb62-d37ecb91f432,Geography,c48862626a44114287b9948f8ceae8d74409b9c81087bd33c555cd1bd42269da,4798
ca51b207-8bad-43d4-bb62-d37ecb91f432,Geography,d46a2ab49bd3c9e610c2a8c95bce2880c47984a81a3b2a8acbf84beee0bd4876,4968
b611b207-8bad-43d4-bb62-d37ecb91f432,Geography,7e9bc27949118252e48fb2c2ca9f269349193cb93f268ea24126f556bde8fc1c,4984
b991b207-8bad-43d4-bb62-d37ecb91f432,Geography,a8ec8f2b0e121d801d9351085ce3e70aa22d9ffdd0d5ea648429ef27f7d40f6f,5043
c631b207-8bad-43d4-bb62-d37ecb91f432,Geography,74e9fd40a24d6ca395984192befff27a92970681f84ba1c10c383ce911bbb8ab,5084
b811b207-8bad-43d4-bb62-d37ecb91f432,Geography,97a378128edeafdcc0f64a30e8d960de4af44cc739d4f5558f27f843082df867,5098
e0b1b207-8bad-43d4-bb62-d37ecb91f432,Geography,edb055e21d08d69f6d7d82db1f3abc3fa6d18889c609db8816ae235916740e7b,5182
b4a1b207-8bad-43d4-bb62-d37ecb91f432,Geography,5ea28adcf6599b321d0765f3b91d7b2e0c6336c68b6451214a1421884f503154,5244
c531b207-8bad-43d4-bb62-d37ecb91f432,Geography,569f602242198856fc224c8d7b87070fdcd7460f1ca6ced5a43f45851ebb5690,5278
e0e1b207-8bad-43d4-bb62-d37ecb91f432,Geography,883d2582d55107d4d817884098cac9f2772eb189c584462dd577faf98c49ceed,5397
ca61b207-8bad-43d4-bb62-d37ecb91f432,Geography,6c2d5c75a19b9d82ee7dc6b8bdd2a47eabb37726a28402a496db212369c163f9,5481
c031b207-8bad-43d4-bb62-d37ecb91f432,Geography,777e4d13b7718fdd1e248ea369f654be44be1d79c62cbc8ddad1c6432533f716,5509
e081b207-8bad-43d4-bb62-d37ecb91f432,Geography,6383dc114268fa312b9bdb2ee49830a9e7834e39262fd12f0d0e0831cef2854a,5523
c011b207-8bad-43d4-bb62-d37ecb91f432,Geography,da56a014fc690dedb5dad68320a2528906ad082729e76ffacf9de32f8cbde621,5602
c691b207-8bad-43d4-bb62-d37ecb91f432,Geography,530e75f53072834b4fab583cffeecd4639dd3a1c4f2213215c78b0a45cbce57c,5707
e131b207-8bad-43d4-bb62-d37ecb91f432,Geography,e8ee6f0c24c31c6e2a28bebf4a5da25496d11ac07ae6182b839ae7412af12374,5814
bd11b207-8bad-43d4-bb62-d37ecb91f432,Geography,6dadd8c8b4faa8d9049b249537015a3dfe8d3b7dddc13fbf1707f0e8c16a81ff,5847
e231b207-8bad-43d4-bb62-d37ecb91f432,Geography,1d6b5750afae151b165fe404f2268b3ea449fa3e6b0bcf40dd2169fa052b2935,5865
c551b207-8bad-43d4-bb62-d37ecb91f432,Geography,d9347a7cd1c86b2fe067720f3645a05a001f779c54e499b4482bba60c353822d,5908
cff1b207-8bad-43d4-bb62-d37ecb91f432,Geography,2ec7b2196412da0a79ebf580536531de3153cd5e6168fca199829d9d6370434b,5943
b9c1b207-8bad-43d4-bb62-d37ecb91f432,Geography,ad5b432246fc1c1c5c7b61c3f54f930a226edff5f869e889c844917de8e3beea,5964
ba21b207-8bad-43d4-bb62-d37ecb91f432,Geography,a35b62a18e35d5f1bb0c4d6edb28ee58f0fec2adfc5e08ac0002059f104b24e1,6037
b4d1b207-8bad-43d4-bb62-d37ecb91f432,Geography,4586fb6fec5f092814300a765eb22434001643ef162a1ba5d448c2f15479707c,6087
bcf1b207-8bad-43d4-bb62-d37ecb91f432,Geography,90fe0720799c479a99d1843401bee3be71dfde3f09f28889d55939cdb04b592c,6121
b9e1b207-8bad-43d4-bb62-d37ecb91f432,Geography,c11051be25fb97059b30f33427862eb8d78392dd25df43394fd5f82e316dec5e,6128
c601b207-8bad-43d4-bb62-d37ecb91f432,Geography,fdd7406e6abc8ef3ad27f05a424d72f6f15dade35af6d549f9819af2180bdfa1,6205
e0c1b207-8bad-43d4-bb62-d37ecb91f432,Geography,b891dc5050d2ddb6545965294fec3a696cde2ce6feb073fadf42cc37bfc31477,6265
c5f1b207-8bad-43d4-bb62-d37ecb91f432,Geography,cfa0e6ecfe6d34b97fea7d60c2d7a62dcb315a298f20c09d87ce81027539af6d,6414
ca71b207-8bad-43d4-bb62-d37ecb91f432,Geography,74eaec656f9e09af86e04c6ecb25f23f479489b16165a3994983c7f8398afcbb,6493
c621b207-8bad-43d4-bb62-d37ecb91f432,Geography,d5a129b5e6c17f79e231cd16dbba2abcac83b9d8774108c224c5500d97a5b050,6577
bfd1b207-8bad-43d4-bb62-d37ecb91f432,Geography,49a34c52131a8266ae6b4d3a5dd34b8737c744290a19c506d1759713a2e39a16,6632
c581b207-8bad-43d4-bb62-d37ecb91f432,Geography,6d94ff2a3c04e21abb26b9f770f00a079abac37e29d7f7e02c848e26b49b7ffb,6651
c5e1b207-8bad-43d4-bb62-d37ecb91f432,Geography,739801f38c10b6e5e8c16de6559bae4878314310229d99d5d2c658dbe8b622c9,6683
c681b207-8bad-43d4-bb62-d37ecb91f432,Geography,845eac5e4268eed4ba7aab16a6fe78eeca88ce0694bd32b0efd065f476c3218d,6734
e0d1b207-8bad-43d4-bb62-d37ecb91f432,Geography,0172ddf61110de9dd6a0d58b49374d7f9716a8cba852a800bc1e4349800b4c7b,6756
b961b207-8bad-43d4-bb62-d37ecb91f432,Geography,f452cc08c001d5f6e7adb0d4d29517fcf89d335c117f279ce04fb4e69836ff17,6803
c5a1b207-8bad-43d4-bb62-d37ecb91f432,Geography,859c17a69e86755d0cbfb5ca7f89006319bf171a29738420fbbf6ec805e5118d,6823
b981b207-8bad-43d4-bb62-d37ecb91f432,Geography,011ff6d0b1e27eda1772f1f8569462c5f0e0518da2d30ff4b9d777c9b09b159b,6855
e171b207-8bad-43d4-bb62-d37ecb91f432,Geography,5c8e8ea19eeae2bd3c76b2dc98abee1a4613750a54ff379973306d45d76bdd1f,6857
SS.6.C.2.1,Geography,c5999ce8f32d4fca8f8488e8bff13cc5df0a1604a7174d59a11933f10fb2db3d,6984
11362b67-8bad-44d4-bb62-d37ecb91f432,Organizational Structure,b899946ed45d49743a10ffd70eaca9bad49f3ab7ca26ffde1324ea69d184dd2b,0
11c62b67-8bad-44d4-bb62-d37ecb91f432,Organizational Structure,19c49f61fd0ade57b3a61ad304981bebcb4d1ff281df608d029637b46d15ccaf,8
fe41b207-8bad-43d4-bb62-d37ecb91f432,Organizational Structure,f9b50dd8ff32ca023bccf6b2e5c473a1dedf3a28590e09eaa7af83b57433c90f,24
11912b67-8bad-44d4-bb62-d37ecb91f432,Organizational Structure,218b48717754c6e1290d8265f389a38a64fd7bb9204feffd50ccd90890b6e476,93
f821b207-8bad-43d4-bb62-d37ecb91f432,Organizational Structure,89b7b87bd1b7c570ce2553f5ed493f331666c7946d9e7026580fecbf39a34d05,180
fca1b207-8bad-43d4-bb62-d37ecb91f432,Organizational Structure,1785210feee4ff102caad0b978ee2eb33dabe1352148efb8de5a0063c13bf9be,213
118d2b67-8bad-44d4-bb62-d37ecb91f432,Organizational Structure,146161fb0edfcb98193dbcaf8ce010f1c3baaf7107b9d36a9328c5149af1659b,234
12732b67-8bad-44d4-bb62-d37ecb91f432,Organizational Structure,76db0989f7a236a563502174941f5a1ebc21eb4e89948810d6e0c30c44659ec5,235
faf1b207-8bad-43d4-bb62-d37ecb91f432,Organizational Structure,dbb64c0d7fa9721ca48a31342532d873dc54e6ef27300327d6ddd6cfbd0c54c2,313
11002b67-8bad-44d4-bb62-d37ecb91f432,Organizational Structure,01c94931cd9a0a1603a28da5a9da8c54ce15e4eccf4eb2cc26fe0fbe83959bbb,361
12f92b67-8bad-44d4-bb62-d37ecb91f432,Organizational Structure,ac05ecefb0f88d6eeb213fe3228a688a7decf41c9bcfa8dd00d003f5af74f9a0,613
12712b67-8bad-44d4-bb62-d37ecb91f432,Organizational Structure,f173adf2fd4af836bdbfa3cfc70e9a0688b0f7c710c0654b965faf8a67f0bdd0,703
10592b67-8bad-44d4-bb62-d37ecb91f432,Organizational Structure,5b840630663eeb1e3714cbb839cf32a099ac48957e8588684cf9b63228847c54,729
10c12b67-8bad-44d4-bb62-d37ecb91f432,Organizational Structure,75152c2453248bb8aafdb19af1b318295b8e5501e0a056d1793897e01be6592b,803
11962b67-8bad-44d4-bb62-d37ecb91f432,Organizational Structure,127de5920fe547f29baf914e7e19ad80aa4e4e76818fdc14f417e279349a28db,882
10de2b67-8bad-44d4-bb62-d37ecb91f432,Organizational Structure,91ae12c456591ab9e745ec6c8ecc3921f50246d444371f089c1fca003e0e388e,1013
fc91b207-8bad-43d4-bb62-d37ecb91f432,Organizational Structure,0ff70a42ab3b64c1ab107abc1fbf0de7c3e21093eb2cdcf803ca2da5a959f2fa,1022
11e52b67-8bad-44d4-bb62-d37ecb91f432,Organizational Structure,59d789620c955405a57e604ba977bffd30274a1e316cdb9a014be1130925b911,1049
11c82b67-8bad-44d4-bb62-d37ecb91f432,Organizational Structure,5dd22073f778325f47aea2b38e1c8220f6f996e06184f7e73e3a92b2adda167d,1069
12a72b67-8bad-44d4-bb62-d37ecb91f432,Organizational Structure,ec207cbaf31f21ae715feaa80bd02cfdc8e3403c0bb413ae96c540fecc286f30,1203
11862b67-8bad-44d4-bb62-d37ecb91f432,Organizational Structure,2342dbe355a800d4967d46c21c9964c01b90b5aca56c70aebab54ad871e4b48b,1215
12a22b67-8bad-44d4-bb62-d37ecb91f432,Organizational Structure,aa48498557c5e81fddd29503ae33e43ac71f2fb102c97fe4561b042235ea90f5,1264
10bd2b67-8bad-44d4-bb62-d37ecb91f432,Organizational Structure,4e37520dbc1795ee983286526039a3baa67348c80e49692b40f447143356b50a,1295
11342b67-8bad-44d4-bb62-d37ecb91f432,Organizational Structure,c3c48f8a57461d9bc4e4db3a9fd04fa8bfed4572bb1b8270684ad6f4707984f1,1337
118a2b67-8bad-44d4-bb62-d37ecb91f432,Organizational Structure,5afcf1e2e253b0d65edcc00faa9d674aafad12da11a0762ad17138ec2597ece1,1365
12f52b67-8bad-44d4-bb62-d37ecb91f432,Organizational Structure,2f1a59cdec9be16ce189124afb28fc5d1f3d70586a139c9208d21ddb968f80ce,1373
f991b207-8bad-43d4-bb62-d37ecb91f432,Organizational Structure,3ba6e7ba271ee2a0f5ad9439bcb2f2c73bc40377d52c184b32a7b2b185348690,1382
126f2b67-8bad-44d4-bb62-d37ecb91f432,Organizational Structure,cd3563cdf87f0edbe4247e2ddd0a290d5466eb7cf3deb6aaba2f32fc6d9cf3e6,1438
105b2b67-8bad-44d4-bb62-d37ecb91f432,Organizational Structure,5d4c2314628116f8b4fb4a4663196d49b191aa83fc095a66ec23e44fd5785fb4,1446
12a42b67-8bad-44d4-bb62-d37ecb91f432,Organizational Structure,d7d815aee7fb642f7bf6a73bbe285ec792a976625b641cd0384953ca9238b4b5,1469
fb11b207-8bad-43d4-bb62-d37ecb91f432,Organizational Structure,6fbed9441bd399a0ecbd90f73653c6013c93c804a5450bf10065ee106c9e147e,1494
11332b67-8bad-44d4-bb62-d37ecb91f432,Organizational Structure,a45fa7995afd09d493d3f9918a521d954940051165a5b19f9b7d388e5d68d49f,1549
11932b67-8bad-44d4-bb62-d37ecb91f432,Organizational Structure,5e84254b2c9d2482888f4119754355f2cb163d766d2edcd8595b48aee601feef,1654
10e12b67-8bad-44d4-bb62-d37ecb91f432,Organizational Structure,0173f3c4aa71662b99fb0574aeabaeefa899fc43e44c3f9258cfcccb861ca6bf,1715
11012b67-8bad-44d4-bb62-d37ecb91f432,Organizational Structure,12b4e7bde89c1564f309b87f02f721d5958e6369d11b705aa021adcd0d341633,1716
11052b67-8bad-44d4-bb62-d37ecb91f432,Organizational Structure,ae1b5dd56879ca8c25ab2f9e806463f81eab16c38ab07bb45ffe440d93e5ac52,1725
12a62b67-8bad-44d4-bb62-d37ecb91f432,Organizational Structure,cdd4f597c455ed5dd81fef97d4c7e2ca391cd1b7f5b470ff3b6de334a106c854,1748
fc81b207-8bad-43d4-bb62-d37ecb91f432,Organizational Structure,4541ce0a02f8b600394eb3debabe83b976ff5b01b5afb64ce9cb7ac4e8f53017,1819
10a82b67-8bad-44d4-bb62-d37ecb91f432,Organizational Structure,5cb0700ca1680be6de67d12abf58bdae295ae90429bb838d91a229102948678b,1847
f971b207-8bad-43d4-bb62-d37ecb91f432,Organizational Structure,0bdb1c8acae9a52e4494bfd3c095bb24062266b73b85fc88d11d68f6556c9538,1956
11032b67-8bad-44d4-bb62-d37ecb91f432,Organizational Structure,b688a8dc905632645ccacb2733e9b18f20a84b6004996c4a053b0bfe9a716865,2011
105a2b67-8bad-44d4-bb62-d37ecb91f432,Organizational Structure,ec54ea03f34c404589243f823c5766dcb06c349f9334f1daf7a10ca38612d9fe,2034
11952b67-8bad-44d4-bb62-d37ecb91f432,Organizational Structure,a01fb60cfedda8b59a80b8dc934fa29bfa25949217effc8f4c8f7c945647c609,2037
107e2b67-8bad-44d4-bb62-d37ecb91f432,Organizational Structure,0c4e94eed342e84d7c42dcffb003b3e5e3e9dc2f7c8d905768370f641a4559d1,2063
118f2b67-8bad-44d4-bb62-d37ecb91f432,Organizational Structure,47794bbe098c10f2da720be9803e11fcdea711cc5fc48d92b47a1294e212020b,2137
10072b67-8bad-44d4-bb62-d37ecb91f432,Organizational Structure,c26884d2d9556826db105d43caf4922e5d089e35d0267eecec478d73d4a2fbcd,2209
107d2b67-8bad-44d4-bb62-d37ecb91f432,Organizational Structure,c5130b7c887816b79a6b118bb84b391d8267a5dd36bd6d6849e60f3f4819f7e7,2278
12722b67-8bad-44d4-bb62-d37ecb91f432,Organizational Structure,08cc8ad771daa467bf9814b61cff6bee17fba223dbece2cc44bc4255dcd815c2,2361
129f2b67-8bad-44d4-bb62-d37ecb91f432,Organizational Structure,b8381fc4a6fc76e2b0c3604b9567ff07e631140d143ec4f2d0430d909415c9fe,2458
102c2b67-8bad-44d4-bb62-d37ecb91f432,Organizational Structure,cbdff178f64172f3d52e5054a290ae5ddbbe5f3ef052b398e79a8d61ad7a0dd8,2470
10302b67-8bad-44d4-bb62-d37ecb91f432,Organizational Structure,d4ebb1fb9e3627eb50c4c0770ae28953f98234d0fb05860050daba233dc462a7,2476
11382b67-8bad-44d4-bb62-d37ecb91f432,Organizational Structure,9f8bab621d2ab4ee9f7d69661ffdb2169dd9a02c6f7c6ad3f8b8889fbcc8f849,2506
113a2b67-8bad-44d4-bb62-d37ecb91f432,Organizational Structure,d98210753cc5055e016ad55db0abb54af508220cca9c6c8b3994693349a4917d,2560
10052b67-8bad-44d4-bb62-d37ecb91f432,Organizational Structure,ad78c21b686c72c5b7789695eb04fa3eba970a9033a2edad2a16cccbce6e867c,2603
fc71b207-8bad-43d4-bb62-d37ecb91f432,Organizational Structure,df139694edd342aea1c618f995d2f07f7df7942277b2c139fe3c512e13d4092b,2698
12742b67-8bad-44d4-bb62-d37ecb91f432,Organizational Structure,55d848e518e3216830d6b0258662609940d699196cacc9d4baaba60bef23dd8c,2776
11942b67-8bad-44d4-bb62-d37ecb91f432,Organizational Structure,9e42a3e45d9827b0cf63e079833b5e2527643e6f4cdcab9f807c18d24053b915,2840
105d2b67-8bad-44d4-bb62-d37ecb91f432,Organizational Structure,8dc3e971602d3f9969c965ec568b160ad2f6e836b99eded3ef632bc25d9574a6,2896
fe71b207-8bad-43d4-bb62-d37ecb91f432,Organizational Structure,9202d13ea835efab0276681467e51b41aa81234f68e2e1b4550de82d818bfac8,2928
10df2b67-8bad-44d4-bb62-d37ecb91f432,Organizational Structure,3e4980974970ac9aa821433d9220110aef2253bcc8853282a3fc91af09e5038f,2959
12f72b67-8bad-44d4-bb62-d37ecb91f432,Organizational Structure,a75bb06abef2ea4ddd3d031d8f578b229fdac1fd79a80f0979974afc1a8738b3,3036
fe61b207-8bad-43d4-bb62-d37ecb91f432,Organizational Structure,d2a4fb1f2b7cf96e8eddbc6d7f58cc04e4c431c391b24bd04dba7c6de0157668,3056
11072b67-8bad-44d4-bb62-d37ecb91f432,Organizational Structure,a68d64280118c1cec8b3e1271fa5703e653a8e8a9293e8cd9fbf70a12879bd99,3058
12f62b67-8bad-44d4-bb62-d37ecb91f432,Organizational Structure,18f5742d4e056c18547dfe2738a7820f72af2ae995a62064cda7ba88f3ec01f7,3077
12a52b67-8bad-44d4-bb62-d37ecb91f432,Organizational Structure,4a2cdcd8405af039bd459fcb17fd3a8c4f90b60861f457aea8dfbb5fad8f3afc,3100
11022b67-8bad-44d4-bb62-d37ecb91f432,Organizational Structure,a81ccff2a052ef7c42695a3d769a7ae4fd5e689dedbb558e08e31483004544b7,3121
12fa2b67-8bad-44d4-bb62-d37ecb91f432,Organizational Structure,4de2dd999dc58904310441b6af160e2a4de1d1091848d2aeccfe3fa35dfc4a32,3133
10a72b67-8bad-44d4-bb62-d37ecb91f432,Organizational Structure,4577be9d1b3d4972028eaa2dbaf6ab34aff7d4640e18d6c2ae168360e1035dce,3140
12f42b67-8bad-44d4-bb62-d37ecb91f432,Organizational Structure,56b160d9976652f98551792c02bf68ac826d332439f0d36b771ac1cbf7b89095,3156
102f2b67-8bad-44d4-bb62-d37ecb91f432,Organizational Structure,75eae80e6fa8b1a90e34622784943df3cfd20de113f851be672ace76572e126f,3182
f811b207-8bad-43d4-bb62-d37ecb91f432,Organizational Structure,604679b1390a8d80f396fc2fd5da66476149eec5c59970f491cb5c6d1d915821,3374
11872b67-8bad-44d4-bb62-d37ecb91f432,Organizational Structure,17b2597fbcd3eae5541267b18f8e30d981434db6a018eab277283666b28faf6e,3405
124a2b67-8bad-44d4-bb62-d37ecb91f432,Organizational Structure,1446d4aa45a84c72b5cc80a8719dc9b81c239d54028c6d8d7391930206422515,3439
11302b67-8bad-44d4-bb62-d37ecb91f432,Organizational Structure,4c7ea7250ce79b257175b70fdc6f7cbee1436840b8cfded00ff0cc6146f0cd37,3539
12052b67-8bad-44d4-bb62-d37ecb91f432,Organizational Structure,057f8ea7b67f05c8703155ea41105001af7b842800fe1a109155b7a454b49780,3578
12f22b67-8bad-44d4-bb62-d37ecb91f432,Organizational Structure,51c11697fc46fb88323a4d5ffc6b065e0adabe2c4e214d88739a0456a4a8a1d8,3699
12f82b67-8bad-44d4-bb62-d37ecb91f432,Organizational Structure,f269e0dd247e086d03e31bafb8f8dd8947a86568d273100227a1b6c7e7dd96c6,3700
12272b67-8bad-44d4-bb62-d37ecb91f432,Organizational Structure,ebd4e15ac348665e0d29aca4a271e697808e01769e7daa2a4865a30ca3821ecf,3715
11352b67-8bad-44d4-bb62-d37ecb91f432,Organizational Structure,45ae985e7da107b0e6d714e9253f331081c7f99790df342eec3a41935ab38fee,3763
f831b207-8bad-43d4-bb62-d37ecb91f432,Organizational Structure,e3936092bd431df6bffe9cf111a44db6b563ab97952db9f1c4c62d83f5dc86a6,3780
11322b67-8bad-44d4-bb62-d37ecb91f432,Organizational Structure,fe51ac486e13757563bebd78809506366eac66103bee47eba30f8e93c3feb0cb,3815
10bf2b67-8bad-44d4-bb62-d37ecb91f432,Organizational Structure,dae43252d1850a862394cf0c4e30b6fc20b7778f7f024a2d6d1a1953647abedf,3841
11042b67-8bad-44d4-bb62-d37ecb91f432,Organizational Structure,5ca1a40e4a26e5a38f28d7a4d2740aaebfda3a74f4ef30111ae69c4545e79a17,3879
11372b67-8bad-44d4-bb62-d37ecb91f432,Organizational Structure,f3ad5d56192add425ec626933ccb64f70a062f7bdfaeff795a70a300fe1646a4,3892
12a12b67-8bad-44d4-bb62-d37ecb91f432,Organizational Structure,2db216afc5ee9afb4567efcfd9b688e03da56120b121138654a40807c13ab51b,3938
102e2b67-8bad-44d4-bb62-d37ecb91f432,Organizational Structure,dae9539d2b9c0025a639d005ab3d73eb7551d04b2eb9c116da459f4a9c7129fe,3994
11e62b67-8bad-44d4-bb62-d37ecb91f432,Organizational Structure,92c14f18ad2f773aca8ac89b25bbe0fa7f3ac994f8816ac1d6a3e10b77bf49d9,3995
fe51b207-8bad-43d4-bb62-d37ecb91f432,Organizational Structure,ac968f49c9e14f28aad2002c8ef7e80ef02dce56975b3b49a30f23e50e72c50b,4048
11972b67-8bad-44d4-bb62-d37ecb91f432,Organizational Structure,8ae5a88d340d2904689c6666ed9c92ce14e6ee8665d34995b362e4bb71674864,4262
10902b67-8bad-44d4-bb62-d37ecb91f432,Organizational Structure,ec784c9d4e69afcc5c8da6220efb397c1a37bfc85a1c6cf741368e209d21d45e,4265
12252b67-8bad-44d4-bb62-d37ecb91f432,Organizational Structure,34b24c42b5876cf8f946a41193cf66d0d0f3c977e083c77a66b71420d564f9b1,4545
12482b67-8bad-44d4-bb62-d37ecb91f432,Organizational Structure,2faa6a371b3e99c4c6f0e335794cb77be041cd2d567e7873980a1b5caebdfcb8,4546
12492b67-8bad-44d4-bb62-d37ecb91f432,Organizational Structure,42b339b2bd4289ac49c61129492fb8232de47681f61ab4d6ff08811fa5764e78,4547
fb01b207-8bad-43d4-bb62-d37ecb91f432,Organizational Structure,eb587cecaea0d78c04ff7230799bc12736d1eb60dd4f71974c1433a2a566554f,4697
11902b67-8bad-44d4-bb62-d37ecb91f432,Organizational Structure,a1b3b157c1e75285d60436f59ca973bccb19eff21f167923db33d9764c24cf21,4706
10be2b67-8bad-44d4-bb62-d37ecb91f432,Organizational Structure,080280fb4b197439d6d93346287bedc13aedaf32981a33c7da4a26d8214e311c,4766
12702b67-8bad-44d4-bb62-d37ecb91f432,Organizational Structure,0fcb13bba380b3ed81d9de8cb689196f591b0e466c1538a0568e8849d496975b,5045
11392b67-8bad-44d4-bb62-d37ecb91f432,Organizational Structure,b1203b5865f15832ba8dc95a90404933aaa6cec97f392915851abf9214af9018,5086
10922b67-8bad-44d4-bb62-d37ecb91f432,Organizational Structure,52c19ab5b77d7a63cdf03ac57807e20902e2ea7d3557a2313f1d193ed5c72b50,5100
10e02b67-8bad-44d4-bb62-d37ecb91f432,Organizational Structure,01be92e9340979d7f2883716b0aac264771af2c219de022988578055bdfcd6a9,5207
118b2b67-8bad-44d4-bb62-d37ecb91f432,Organizational Structure,9f9270e92f7eae9b4190e3b2efa911e919ad27185bd7c47a8a83213115ea16b2,5209
118e2b67-8bad-44d4-bb62-d37ecb91f432,Organizational Structure,45aa4456f96a525a05d8effa6da3d2e2204b21408c6bd73f30326e58a1d4aa05,5285
10e22b67-8bad-44d4-bb62-d37ecb91f432,Organizational Structure,6dbc4f1da3e4d763b5a419fd1d993e91b7956ea561eec4e9737974388221ce22,5323
12472b67-8bad-44d4-bb62-d37ecb91f432,Organizational Structure,e0b9c686b8df855868a520c1f35618cd01b998c8f9c6adbfb9dddb4bb2039a6b,5346
f981b207-8bad-43d4-bb62-d37ecb91f432,Organizational Structure,c0077cdc148a5c500282d8e6f3b1546f18a5d4cdd264f545f3eb4cde45ce9340,5371
112f2b67-8bad-44d4-bb62-d37ecb91f432,Organizational Structure,d962afd2c13ce6d1b6855edcadb91428cfe0d71fa1bd9e3dad98fdcdac8815fe,5441
11082b67-8bad-44d4-bb62-d37ecb91f432,Organizational Structure,fb1ebc0331091b6b0a89a1eebe2ec279c59cdc72a8fe2ed66d3118e1fbe7807c,5500
10062b67-8bad-44d4-bb62-d37ecb91f432,Organizational Structure,4c945d428003a7383a404c908ea1d44befe0b5ef3e62d1d8347cdff51c6284cd,5741
12a02b67-8bad-44d4-bb62-d37ecb91f432,Organizational Structure,28194f4217942874187d982140b8ac9d6f79b59ba62f186c00201ac01c8fc39b,5747
118c2b67-8bad-44d4-bb62-d37ecb91f432,Organizational Structure,5eed957447233dcdad5217c70de18014c88490a02e590df27486320acbee8e8d,5778
12062b67-8bad-44d4-bb62-d37ecb91f432,Organizational Structure,55d75126415e0b8a1348020c1ba05cbefa5b8d7cd7d58f9a327b4fc0f1be5db0,5866
11892b67-8bad-44d4-bb62-d37ecb91f432,Organizational Structure,5df2b637fed58b797b252c42530ade3e9926e39a07bca40d299d2884aa7e62d8,6048
10042b67-8bad-44d4-bb62-d37ecb91f432,Organizational Structure,bdd439e00d91a89db2c37caea8042d1bd4bd42dbabe5a8b78e44c059738a5c04,6076
11882b67-8bad-44d4-bb62-d37ecb91f432,Organizational Structure,8f68272b83e99a531be790d2ad521d515c2b9c7b4738753e3918f4d2ef916e79,6097
12262b67-8bad-44d4-bb62-d37ecb91f432,Organizational Structure,a731d38c05f865e0006341eabaf6190730296e6d7d90a52cc7e2f12ecf8c863a,6108
12fc2b67-8bad-44d4-bb62-d37ecb91f432,Organizational Structure,959ed2f5886c35a4706edca6f695dc8294888b9bab27557a4419d27b990d2eba,6131
11922b67-8bad-44d4-bb62-d37ecb91f432,Organizational Structure,c4ec7db74a998593b1c23c8862d33d95a41411cb8560ad9aeda408b0ccca83cd,6169
12042b67-8bad-44d4-bb62-d37ecb91f432,Organizational Structure,da358493deb14d18180f5dbe358c07f6cd65977c2d756346038e11b498264ae1,6178
10a62b67-8bad-44d4-bb62-d37ecb91f432,Organizational Structure,718eddce6c74b1eb02ef4ff7ea730086cb2587a56752f88c13e5a1c043b4ed2d,6236
11c72b67-8bad-44d4-bb62-d37ecb91f432,Organizational Structure,66279a6a7e323d06ffcaa89ed5f3a72c34049fad450415b9158ba81e7e25a08e,6334
10dd2b67-8bad-44d4-bb62-d37ecb91f432,Organizational Structure,a3ca23b33adea7760b3b061880ebbd0c228b643e299955079989afbf2945fd98,6373
102d2b67-8bad-44d4-bb62-d37ecb91f432,Organizational Structure,e48fabd1db18bef643805e0dddf9028d94c0c35636208e9f65567addd66034b9,6384
107f2b67-8bad-44d4-bb62-d37ecb91f432,Organizational Structure,dcb568df56e63c7091d80e7d7c8651c6f2629d224a93290b4545535f155600c4,6407
105c2b67-8bad-44d4-bb62-d37ecb91f432,Organizational Structure,4b6afedfc8a2e23552e5484f6d14a2714e60b56517574f762287fee152fd55e3,6494
129e2b67-8bad-44d4-bb62-d37ecb91f432,Organizational Structure,c7e6356f88da82d09be0f55c75274c3fb9a8d6973c96db8d1064565fd8934fea,6504
12f32b67-8bad-44d4-bb62-d37ecb91f432,Organizational Structure,f469145721dc94eeb9209166fd0bcfb378702ae81e22a072f6258b60b0ce85e7,6505
11062b67-8bad-44d4-bb62-d37ecb91f432,Organizational Structure,13818fcd0af6ec505ee348c39905fc3c83080146ea150b1baa2dfbfc0dd85266,6558
11852b67-8bad-44d4-bb62-d37ecb91f432,Organizational Structure,07b4d9cf95c9235c8430eb51f13059868f8445e6e37de0b4c19cbbf045f3d562,6569
10a52b67-8bad-44d4-bb62-d37ecb91f432,Organizational Structure,6156261d338f2bd8871289b063158bd02d4fc4b0dec4ab45e915038b71e10fe5,6661
12a32b67-8bad-44d4-bb62-d37ecb91f432,Organizational Structure,755d4e75491f14fa2eb9a3ce1b6c0d87e8cfd510dbc1e9768371b82ef11d3381,6685
11e42b67-8bad-44d4-bb62-d37ecb91f432,Organizational Structure,7d5796e777f7c78835e2bc27ff77d8d2f1d194989f8d6c5be9db8e4137b88877,6693
10912b67-8bad-44d4-bb62-d37ecb91f432,Organizational Structure,db943e74bf525a19267c5bb99d98a66ac12be1723df1da0439d250afcd1c14c9,6836
10c02b67-8bad-44d4-bb62-d37ecb91f432,Organizational Structure,d260ade2e747ea91b01d07daae2df93d6e6f47189321041a1e482d64e71df718,6837
11312b67-8bad-44d4-bb62-d37ecb91f432,Organizational Structure,bb2db9615bc93af6feb9664089d57f8a1d784b5558fdddf25cf2fb7ea980c4d3,6848
12fb2b67-8bad-44d4-bb62-d37ecb91f432,Organizational Structure,e4815243b8daab94e214b54447884bf47515c44086c5c03b5480b8424a55f4f3,6860
76e1b207-8bad-43d4-bb62-d37ecb91f432,Physical Science,21fafe07d52b2eb2d368720306447d8a8e3a5d4eb961277a02fdb96202e9b8ca,54
6521b207-8bad-43d4-bb62-d37ecb91f432,Physical Science,ae923cd48e94e9d9f1dd18d982eddc3722fa3a18eada0dd0022104bcd7002554,68
6cc1b207-8bad-43d4-bb62-d37ecb91f432,Physical Science,2f51085f67aa50846409e2a2d01b43aa24b62c02c1d84e63b0229e525670ab17,74
6b31b207-8bad-43d4-bb62-d37ecb91f432,Physical Science,1ffb8e62f8d18aec9a4c930489271a3becb69e12bd4447b234077ac1fcad3c73,156
7351b207-8bad-43d4-bb62-d37ecb91f432,Physical Science,65b8566d7eba7603af48345d51e46d79be2bd9146efc41ce69ce7b74922e2665,176
7701b207-8bad-43d4-bb62-d37ecb91f432,Physical Science,e79724b6c6d3a87c614521ec9292d1e69c7dcd7b351b11e4ce024d05f4cf16c7,177
6a31b207-8bad-43d4-bb62-d37ecb91f432,Physical Science,eda094a8608efbd556e81642563371235fd0ddca9e47f1be7ca7314b1c0c0f1d,208
78d1b207-8bad-43d4-bb62-d37ecb91f432,Physical Science,aca093ea9cd279ce5fc390298bd34e39dcce8ec8dfdb1435d2446ac3307fe00b,209
7811b207-8bad-43d4-bb62-d37ecb91f432,Physical Science,aa2463fe720dc19617d64f688174ae10367b7c92bef747883cc5ae0fcc47c3ac,230
6c11b207-8bad-43d4-bb62-d37ecb91f432,Physical Science,03526b88d7f886b602e313e7660b9cf9fc9cbbfb75a2f1b88f7ddb586217116c,251
78a1b207-8bad-43d4-bb62-d37ecb91f432,Physical Science,46891a397b4cd7cddf37f45734c3bce36d626975796c32ed00c60d49802f9d11,252
7971b207-8bad-43d4-bb62-d37ecb91f432,Physical Science,f712897ec727dbb85c1e718442921656305b4cb6faca5b0f96805b77212c3b83,292
7831b207-8bad-43d4-bb62-d37ecb91f432,Physical Science,c285b7b26d2aa67bce7931070f41b49fe34e7aa07038f8d6a52081d9b2c72316,335
6171b207-8bad-43d4-bb62-d37ecb91f432,Physical Science,f5d38282d13d46bad5762177a8a0ed0f71dfe11a7efac26faee3832703b2cef5,358
7491b207-8bad-43d4-bb62-d37ecb91f432,Physical Science,3f25378f6043f8f25aacf10c451b8d71d04193bb2daca613e4f9fc1bf72b7425,592
6181b207-8bad-43d4-bb62-d37ecb91f432,Physical Science,2876d8aec845b841fb2f7968cc4154890efcaff9ba2d8678121c7d3281d6aef1,632
66f1b207-8bad-43d4-bb62-d37ecb91f432,Physical Science,b3b0237995391540b25da965d6fd32be4161f803314cbb2f67d67178c550cdb4,659
6741b207-8bad-43d4-bb62-d37ecb91f432,Physical Science,a250b96ae65cacedc3284cb7a0ea6d62e00553bb60aacd8d8869455a35ee491b,754
7081b207-8bad-43d4-bb62-d37ecb91f432,Physical Science,411dda7a05213f67b6fb4b0db2603b8df70eee486b7abff82e4007945d2bf8e0,790
7841b207-8bad-43d4-bb62-d37ecb91f432,Physical Science,b3122fa2b79f74234fefa48d1f00919ad69dddd1396d081f267a0cde276e3712,823
6981b207-8bad-43d4-bb62-d37ecb91f432,Physical Science,ee29526656480e33372ea8a0ee623c3f1aa5779408ba649d8e74b65e48771e7b,866
6c21b207-8bad-43d4-bb62-d37ecb91f432,Physical Science,b737cb1ddf0bfccafb4802f8656f0332c234f4ccc5aa35938d5bbdb90354f9d7,879
7941b207-8bad-43d4-bb62-d37ecb91f432,Physical Science,d096833101034454e548382f6a871b4c30d4bc074d1ecc81d1040680b1e694c2,956
77b1b207-8bad-43d4-bb62-d37ecb91f432,Physical Science,6157510a2f02c22815f82ca26dae6baa7bb9635c2467501bcaf64907b6062ebd,1371
66e1b207-8bad-43d4-bb62-d37ecb91f432,Physical Science,c443b930c610541a490b1a1810ae8501a8fb437a24ef1a9c8c902146593b5df6,1411
70c1b207-8bad-43d4-bb62-d37ecb91f432,Physical Science,736c5d5bb6e7143895d9ea1e46e3cde3578f92bbc3d2d4b90288ca9ea9b7ae43,1436
6c61b207-8bad-43d4-bb62-d37ecb91f432,Physical Science,8c593bc3a69c04d4d194100d6829b9350bc50c24e03ac52754109634250260b9,1444
78e1b207-8bad-43d4-bb62-d37ecb91f432,Physical Science,62c4c2893026cd487762323e3b3411d203021a609b73aee28ef970b74dc6e5ca,1478
64d1b207-8bad-43d4-bb62-d37ecb91f432,Physical Science,132f6566af56b6fc53b6a8441e775d85e03604edb24f355794ec0be640e35277,1614
70a1b207-8bad-43d4-bb62-d37ecb91f432,Physical Science,42297a74867fedf7392989a7cf299376f82abeee1a04a49ee2b1092128300bb0,1679
77c1b207-8bad-43d4-bb62-d37ecb91f432,Physical Science,a1fb91fdd3d1e9484f8e00a72a6650dce312e494bd59a25d7ab12762a2e7609c,1713
73a1b207-8bad-43d4-bb62-d37ecb91f432,Physical Science,871b2e1f4f178a9b5b011e5b529891d143cf058950071f2ce88f2e238c64e36a,1979
6761b207-8bad-43d4-bb62-d37ecb91f432,Physical Science,fdc340830ef8c86b14cf548be7bee5a06efbcfe13a567ae65cd8130203836611,2042
6c71b207-8bad-43d4-bb62-d37ecb91f432,Physical Science,a9820fcedf5fbef68497abca186198bb3e16cee30d5031e21eb36440f16c818b,2110
6e71b207-8bad-43d4-bb62-d37ecb91f432,Physical Science,902f87f4397acdbc3e9ab6ad43d3434e4001f47fedf79a3b3558157a946912dd,2111
7711b207-8bad-43d4-bb62-d37ecb91f432,Physical Science,822cb2a6356e982dd05e93388ab5534a3aa7123fe4c6fb9d073e68f909770f2c,2310
7801b207-8bad-43d4-bb62-d37ecb91f432,Physical Science,408041922e43f2ca67aa079ef9e039461746607ac0331bb574cc8280599a357e,2366
77f1b207-8bad-43d4-bb62-d37ecb91f432,Physical Science,0a98d9140e6ac45b8cc160a44d5771bcb3ac7494638514b379a0c1821ea01cd1,2449
7771b207-8bad-43d4-bb62-d37ecb91f432,Physical Science,d38676e39c8f2262b98bea60c646b42da2606064085df54a5a1019b29cb8de3d,2586
6831b207-8bad-43d4-bb62-d37ecb91f432,Physical Science,6168dd27938961fb2f3922e17a2c6e2b81239cb4aed954d4d30475b01f294f6e,2730
70b1b207-8bad-43d4-bb62-d37ecb91f432,Physical Science,a83108377e97a5a0db7463ce1990cbc36b2ac72e268abc0a8a51199bb53f0ea1,2774
76f1b207-8bad-43d4-bb62-d37ecb91f432,Physical Science,4316dc42b9b8a7eb5b89e8cd197d9bc46b83b4a2462fce8b4ba7b35e65eb6801,2775
66d1b207-8bad-43d4-bb62-d37ecb91f432,Physical Science,9c4a469521026331ca3372e8b0792eab5bfb5807a4e9ac9860be821f34d41384,2822
77e1b207-8bad-43d4-bb62-d37ecb91f432,Physical Science,31207639fe1e02117b88a5fbe538265c1b5823a1bcf83f302b2837fbda6e7ea0,2983
7361b207-8bad-43d4-bb62-d37ecb91f432,Physical Science,2efba2a5b42de8f3307c2447b8d422d974d6ebe340c9efc7bec176fda86d8ada,3054
6191b207-8bad-43d4-bb62-d37ecb91f432,Physical Science,72e3238b46f3ad698fff8977ebaa5d81d80185b8b6b565f03c62a679ac7c5b78,3112
64f1b207-8bad-43d4-bb62-d37ecb91f432,Physical Science,859ed6178345d07707a3b8a82dcbe892091c22d9b54fbcc1ce18e0e1f28308c9,3113
6c81b207-8bad-43d4-bb62-d37ecb91f432,Physical Science,6ba22262ba4fe1ea41f11588abc21693d316aa46d4b755968ca340b1f578f2b8,3161
6931b207-8bad-43d4-bb62-d37ecb91f432,Physical Science,32217a0ecfdaefb0ce3fb33c00843333472d05920b97cd9adf734a7497b496c8,3209
7851b207-8bad-43d4-bb62-d37ecb91f432,Physical Science,81d89635aeeacd7f7d7634aba21b30bb29c32f065785ced818173b9fa6c54ec4,3250
7911b207-8bad-43d4-bb62-d37ecb91f432,Physical Science,c34a18843596618f53b9412b619dcfec9ce4880c075d42c6e69f43ded51e2121,3258
64b1b207-8bad-43d4-bb62-d37ecb91f432,Physical Science,a44e757a0593528b2cbd962d2f8981d1e9f9dbdce0ba431acb1dc3e4157fb28e,3269
6751b207-8bad-43d4-bb62-d37ecb91f432,Physical Science,27c04675dea199453bf1775a97b12d848bc57f0d339a3b660151eaa912a5ee3a,3307
7331b207-8bad-43d4-bb62-d37ecb91f432,Physical Science,22e30c7f9f06e7d7cb19e67b817ad836034be58ab5a9e3c8aac899d64ab9a208,3308
7741b207-8bad-43d4-bb62-d37ecb91f432,Physical Science,5eb0cae2f9f64138774df26cb1b89dec0beab0e67f04bf4fd97502e106d3c2dc,3353
69d1b207-8bad-43d4-bb62-d37ecb91f432,Physical Science,4f7a19bb86368de6a54b262c52ca70ad747fbd49b05d4d30c7c4130166049c9d,3358
7881b207-8bad-43d4-bb62-d37ecb91f432,Physical Science,71f469de271c713a5c6139231a8f63616581e27f43270d732a4f12917a448dce,3363
7871b207-8bad-43d4-bb62-d37ecb91f432,Physical Science,699d04092134532943b1bbca0fd9a222871a183df5059019e0b3cfb4ba6b80bf,3468
7921b207-8bad-43d4-bb62-d37ecb91f432,Physical Science,681d0c37cbaf0967d1e1262d54af66484ff7b9a2c6ce5edae9a8c9d2afea82fa,3482
6e91b207-8bad-43d4-bb62-d37ecb91f432,Physical Science,8b0825d2de2170ddac21fd847e5aeab923ad7fe306a7b9057c5da173bd79b640,3495
6351b207-8bad-43d4-bb62-d37ecb91f432,Physical Science,0f8c44b1ceb385b3121d9f24e21a37acfc62950fa41647e9dc6df2e82ad11842,3645
7381b207-8bad-43d4-bb62-d37ecb91f432,Physical Science,a2402744754bd02730a44fa7566e80e789ea1e33c60b211beff7c5cef1e8680d,3665
6bf1b207-8bad-43d4-bb62-d37ecb91f432,Physical Science,1f9201cb5ed78e6f0ba27624186d8aebd643a3d35ed6a9698d7ce208e033b30b,3706
6361b207-8bad-43d4-bb62-d37ecb91f432,Physical Science,7b67b07a1a9b56ab0d79d77902641456ac4d0da5e09670df48a562cdf38ee6fe,3786
6601b207-8bad-43d4-bb62-d37ecb91f432,Physical Science,eb2a8e4b379247ab8fef9f5305dad2f64c6e3b46efb6c233e6f6d33453e26887,3826
6b41b207-8bad-43d4-bb62-d37ecb91f432,Physical Science,2dd5d370b43b0b7d8297b663ba809e8803b4326a6c435c5c13e2fa4e1d14fec3,3851
69c1b207-8bad-43d4-bb62-d37ecb91f432,Physical Science,27ea0227ced5d8ad2e14ffb5796a426c85602bed9813b761aba66ee2d0849d28,3872
7021b207-8bad-43d4-bb62-d37ecb91f432,Physical Science,957aa0398e3329e9fd0a2ae6f153e55c76410e7bdae7e194dc34a6f522f45a71,3890
64a1b207-8bad-43d4-bb62-d37ecb91f432,Physical Science,727e526aec2f9d9ffb7499c6866b3b18834d5df2890ea7f2383ef86968f85015,4022
6fd1b207-8bad-43d4-bb62-d37ecb91f432,Physical Science,1006e8e9cd56176b7dbdf4689f2df748e74cdc0011b9c06391d587c13a5eebcc,4041
7721b207-8bad-43d4-bb62-d37ecb91f432,Physical Science,bbadc4f7a3c033cc50499f7917735ba3b8ae83891910a03d3b9475d3598e0da4,4042
7311b207-8bad-43d4-bb62-d37ecb91f432,Physical Science,438ac9b71f40cc8e40d9361d53e5ef62bc742e455c01e2cf5ed8bf0ee4c4bbe9,4100
7731b207-8bad-43d4-bb62-d37ecb91f432,Physical Science,f7e4d18658ba7f4a8736dfb3093e72b4e165e4294ff2c52e8a91219e6a3165b8,4132
6551b207-8bad-43d4-bb62-d37ecb91f432,Physical Science,32ef73c765bbac72dec63055efc3de5db0ed93832e4e55bbb4fb0632a725eeef,4158
7371b207-8bad-43d4-bb62-d37ecb91f432,Physical Science,f180baa31a6713584479e7b4f3fc94931b838a22dd2df07feb867d7a83834ac4,4159
69a1b207-8bad-43d4-bb62-d37ecb91f432,Physical Science,34c183d4f87b2960358d4c4eaee774b1a5c92099f9895ee09cdcb4ec407e0168,4249
6511b207-8bad-43d4-bb62-d37ecb91f432,Physical Science,273b05763256fbbe980568cc4f1ca4c4be951e9f0808e0acbca5ad3badbcc559,4330
7761b207-8bad-43d4-bb62-d37ecb91f432,Physical Science,b0df8d5a1880c9c024419a45275f8e3013b83855a4fe26425e65e7fb679e00ef,4331
7901b207-8bad-43d4-bb62-d37ecb91f432,Physical Science,94b2de8efeacfba6a9ee31e872593b0b6abfce0c641c1969784bc567d89c9400,4342
77a1b207-8bad-43d4-bb62-d37ecb91f432,Physical Science,9529ca92d92c910b2640f6d8404eeb7ffe4d22291a30b932e0a9e9daa660f4a5,4452
6701b207-8bad-43d4-bb62-d37ecb91f432,Physical Science,9aa2372788e556339294d8a26317120d5d21e8034a6ea921a72fe1a50514d3b0,4541
6531b207-8bad-43d4-bb62-d37ecb91f432,Physical Science,8e014e75e4adde0d41881687802a27a8fa5de5988a3d55297e8d47b5da53551c,4580
6781b207-8bad-43d4-bb62-d37ecb91f432,Physical Science,f107117c270c65454c5f5cf2d847e2d67d1a58f0e5b845f1ea7954adb5abd7ba,4597
7391b207-8bad-43d4-bb62-d37ecb91f432,Physical Science,68b8203143649e7842873a8e287cb9e78be6f29ba41cfabe35cc96ea86e49c33,4604
7301b207-8bad-43d4-bb62-d37ecb91f432,Physical Science,5e77b3373e7c42eb0391bad3a5a6fa0e185603843c2687f085cf3035a76ab68b,4619
6eb1b207-8bad-43d4-bb62-d37ecb91f432,Physical Science,3bd60691396ce25d555f939d637104fdb7d21627ba49b78bd059e6a70a04f079,4771
6be1b207-8bad-43d4-bb62-d37ecb91f432,Physical Science,ec40c4d14f489dfa7c7d054514c6f1ee5140333bd65ec630271c9d15ed063866,4822
78c1b207-8bad-43d4-bb62-d37ecb91f432,Physical Science,32637eebb6be5af0d90987f16f8552c0773d958b6c8a340d2916752b463d29ea,4823
7961b207-8bad-43d4-bb62-d37ecb91f432,Physical Science,fe31f798df2dd504d733836b465bf409c9311e1849df0b04529b45ca7c108fbf,4832
6811b207-8bad-43d4-bb62-d37ecb91f432,Physical Science,78b6ab83b4061a4a168db2d2a4d48dc73a7edcbcd5b030c2f08ea51aaef291b7,4856
6ca1b207-8bad-43d4-bb62-d37ecb91f432,Physical Science,fb7d9202ba3393de333fc8454466ee3e29a0f57346fdfbab646d43eebd51dfe3,4904
6ea1b207-8bad-43d4-bb62-d37ecb91f432,Physical Science,cf112f44fc34172bc88ac1c1d7a9b68e63450445e9699a844e7e2d415daa1e1e,4919
7931b207-8bad-43d4-bb62-d37ecb91f432,Physical Science,a194d3090807d9af858a78d9a07af4212db10d3c9f21357c66f3f4cca14ce074,4932
6cb1b207-8bad-43d4-bb62-d37ecb91f432,Physical Science,ea3de021f1f8212d310ed23e451572bd2c1618961eb850750e57b2649c48a961,4945
6971b207-8bad-43d4-bb62-d37ecb91f432,Physical Science,de0568f64f972f8daf0bd63826e5d2562bc28909bd487eca96f0f0b30633b99b,4983
69e1b207-8bad-43d4-bb62-d37ecb91f432,Physical Science,22d9eb38f196b12f6a37ee584616cc0b7a94701444c91c3148c9c2c02229e096,5113
6921b207-8bad-43d4-bb62-d37ecb91f432,Physical Science,7937a9c2420ff5cef3fd430df287f4913da027fdb75da3b1787778e7c6684efc,5150
6cd1b207-8bad-43d4-bb62-d37ecb91f432,Physical Science,5129c2d0596ecdf6a5db3325a1f294edf218c670e618496e1cb162e3d43f1f1e,5162
7891b207-8bad-43d4-bb62-d37ecb91f432,Physical Science,4d723fd6e92dd3728037ea8ff301a27fdf229976cb69d1dfbe976601c925997b,5194
7821b207-8bad-43d4-bb62-d37ecb91f432,Physical Science,661eed946256f246b82e7bdd53461f23fd8de549a0d8e796c28446b7284c52d7,5203
7341b207-8bad-43d4-bb62-d37ecb91f432,Physical Science,1e49ba6ceed55d9d35905092ef45a96b86559ae1d8427f2827f655430cc6e15e,5215
7791b207-8bad-43d4-bb62-d37ecb91f432,Physical Science,ec7fcf4a0197a1b9fb125ef9dfeb2cf1eb785726075477b6d4cdfffccafb7354,5272
6941b207-8bad-43d4-bb62-d37ecb91f432,Physical Science,3300e2243d4236461642511efe7543fe293505c6bea137fc8f8da2a98af6737b,5364
78b1b207-8bad-43d4-bb62-d37ecb91f432,Physical Science,afa51ff4bb4d21ac699528769f46c374c2678b6a265e8ccb07ddf1de147a4578,5365
6501b207-8bad-43d4-bb62-d37ecb91f432,Physical Science,d99ba6dc20889abae6066cd13bc147758b0035416740c27f7b25154a2898e114,5382
7781b207-8bad-43d4-bb62-d37ecb91f432,Physical Science,33c908da5dfe0890b5c5e314b2b402a185bb256e201f9522b3fb5e3dde7feff2,5432
7751b207-8bad-43d4-bb62-d37ecb91f432,Physical Science,a9f279031ab2c2cc83d4e68d0379dbacefdc79f8a764748b8ad7aa2fe6f569f2,5446
7321b207-8bad-43d4-bb62-d37ecb91f432,Physical Science,a2cfd45e8a0d58ee211cb343920f59843e9008dba96d65b39c57ac804ddb691a,5497
6fc1b207-8bad-43d4-bb62-d37ecb91f432,Physical Science,2e115b5998eafddd02b588681f2f9d4385a3f2181f871da878f1f8dfc0a06334,5561
72f1b207-8bad-43d4-bb62-d37ecb91f432,Physical Science,63c565575eb7e969d6b1d817a82234a1cdfbf18f2dee32b7d94285c7b535286e,5717
6e81b207-8bad-43d4-bb62-d37ecb91f432,Physical Science,b7caa25b4cbe545cc86c0281fc018df10a97a9bf780f9b01c9f6b9cc86a42952,5754
6991b207-8bad-43d4-bb62-d37ecb91f432,Physical Science,3f87b2d315470881e30306330e481f9a6354338f228ec556570268be98b3a397,5775
69f1b207-8bad-43d4-bb62-d37ecb91f432,Physical Science,b1c0f81db13b2e453359400f33e8686b50e567b85e792332bd24b60fed75b037,5830
64c1b207-8bad-43d4-bb62-d37ecb91f432,Physical Science,0a926e56a9b24c10884dd7599bc738922ced3f5e867e3609a83580321ed1437f,5872
61a1b207-8bad-43d4-bb62-d37ecb91f432,Physical Science,5eb6a68b9dd96952a52e2448d4da5e0c187bf0db29a48987115ed06dea92d290,5897
78f1b207-8bad-43d4-bb62-d37ecb91f432,Physical Science,29d3efc7eaeb9d0b619d5fdb93b0a511059c55329f51c8b761be8febc64ae5ab,5925
69b1b207-8bad-43d4-bb62-d37ecb91f432,Physical Science,f7557443711180b19edfa26bc68991843d84b5ceadb8379565ad158cdff50a73,5941
7861b207-8bad-43d4-bb62-d37ecb91f432,Physical Science,8a2409a5ce21a575e9fb3f444b9f26588b2c40c0c654193e70c368fdb98095aa,6195
6711b207-8bad-43d4-bb62-d37ecb91f432,Physical Science,12b42717e4b46818fb12203813d7c22a0b0c25ef317c6e161eb9079b11adecc6,6202
7091b207-8bad-43d4-bb62-d37ecb91f432,Physical Science,099288ec3a3b078cd3afed94db6f665f8f94df3db0d07283925f9a2bfa97199b,6226
64e1b207-8bad-43d4-bb62-d37ecb91f432,Physical Science,7a09d80673c17c8b517fc3a9253dde441d86e88685a790fce5e5eaf693afe23e,6356
6c91b207-8bad-43d4-bb62-d37ecb91f432,Physical Science,0b62f9209f2a8b40072a793193276e5dffa4156a6a59a8261f7c3f7f4d1b0804,6404
6a41b207-8bad-43d4-bb62-d37ecb91f432,Physical Science,fc3748efc6d3d6a26bb5e3c0d0fdb699181e6c8b73667db0653657bc6374d39a,6517
6341b207-8bad-43d4-bb62-d37ecb91f432,Physical Science,6a9fbfe044f27a9044291685e76083b2abeb93abaa9203369a212715998cac39,6538
6541b207-8bad-43d4-bb62-d37ecb91f432,Physical Science,fcc0c6eff885d1bcb6d6ac01775ad7fbf255825d3373f0094a075aef87971ef9,6707
6c01b207-8bad-43d4-bb62-d37ecb91f432,Physical Science,735393b453e97b929d3b70400b2a6ce271d0a5f3c4afe242104148f701738004,6740
6771b207-8bad-43d4-bb62-d37ecb91f432,Physical Science,8f9f5a508ec7ffd8ba502ea459d50501ee01567e9a31c21d95dfb278f7ba1a71,6750
6821b207-8bad-43d4-bb62-d37ecb91f432,Physical Science,a0e64a748eddfcff271d5b411a839ca2607c6d2f05d9693862b277567c8bd8a4,6775
6161b207-8bad-43d4-bb62-d37ecb91f432,Physical Science,73f65f462736a7cf25f544f0fae255b881f97bbdb51c0b8966b171ac22eeee39,6847
77d1b207-8bad-43d4-bb62-d37ecb91f432,Physical Science,a1bf2e384a351f7c121233abacac9d8743c17f0c06c886e50b3706ba8016dca6,6959
1aea2b67-8bad-44d4-bb62-d37ecb91f432,Unique Skills,acd1e91f91eff4e32fb8fcd5f59ce3f9a872104b5bd58a6c1017c4a1df3ecb88,150
1af52b67-8bad-44d4-bb62-d37ecb91f432,Unique Skills,2beac64544708ced9939ecf7606d6db82e57270ce2e933303cd6f72a1be529a6,283
1ae72b67-8bad-44d4-bb62-d37ecb91f432,Unique Skills,39e75080392517b6bbfd7e2f98a4851ee4c9c198c368a6606fc133a3338cb73c,340
1a752b67-8bad-44d4-bb62-d37ecb91f432,Unique Skills,d24e5b38891fcb68eb5c6bf629017c700fac374b84fe6cb3bdc3d9584fb7cb63,411
1afb2b67-8bad-44d4-bb62-d37ecb91f432,Unique Skills,cdb171e3886b485631c0200cb02d1eaec5a716cebc32a0955cdf17838d98f69e,422
1a552b67-8bad-44d4-bb62-d37ecb91f432,Unique Skills,e86ab80b44abf8ed6da34d68ffacf576c777c7f2027140bcbf17a8179f91f32f,430
1af62b67-8bad-44d4-bb62-d37ecb91f432,Unique Skills,574b9c7a5c05c24c842bf7a85dc59b42bbfcfe353b37b55658bdd125e4edc9ae,487
1aa42b67-8bad-44d4-bb62-d37ecb91f432,Unique Skills,d4ca7eb12e4762375eefe83c20e89089bddf263568636e596ee0eddaeffc6c7c,566
1b122b67-8bad-44d4-bb62-d37ecb91f432,Unique Skills,d4939aaef2e10d22faa076a8ffd9d524afbe1d56d39741df8cf1badcecf02e24,619
1adf2b67-8bad-44d4-bb62-d37ecb91f432,Unique Skills,365982c24c6ee7850b857c12addf1adbdda0d35c5585cc0e4f8383eeafc6f394,676
1b112b67-8bad-44d4-bb62-d37ecb91f432,Unique Skills,0148ebec9a93f8c6ae39cc9fa2ddc7c5fad5826554a8ed276b3794d968474daf,677
1b142b67-8bad-44d4-bb62-d37ecb91f432,Unique Skills,78106fcdf8ef8c7fb46e6551bbe9be784c7263e77646cc3ed8f261870c0db4f8,684
1aeb2b67-8bad-44d4-bb62-d37ecb91f432,Unique Skills,ff6cfa14d5769ee2dde4d82724011e8f7ab3e030b2f4aa723c3592d3a9386fa7,689
1a4d2b67-8bad-44d4-bb62-d37ecb91f432,Unique Skills,eadf1f0278754d482d95404ddee884d0dc99b41216faf7a386b2b6504a058d67,706
1b072b67-8bad-44d4-bb62-d37ecb91f432,Unique Skills,233a9b9db62422fb1746fb25c1b96baebd491cae157c51c405026cb8894232a1,733
1aee2b67-8bad-44d4-bb62-d37ecb91f432,Unique Skills,f860da96fbbda0567e9cc7c3a2474b612a05327386599bd6b2b1b1812e0c0725,874
1b182b67-8bad-44d4-bb62-d37ecb91f432,Unique Skills,722acea05969e4501704b66aeb6fbd1ed713c94f3bd19236fbeb8edc4e83ec29,969
1af12b67-8bad-44d4-bb62-d37ecb91f432,Unique Skills,06957815cbee318fd72d184b0d2816acd488b2ee44a0f45eb482a1ee2e9efc12,1077
1af22b67-8bad-44d4-bb62-d37ecb91f432,Unique Skills,2387f49b7589b094061e7f7a8c25fbd70734488284839f33a977b3d519c2cd86,1220
1a562b67-8bad-44d4-bb62-d37ecb91f432,Unique Skills,19053515128fb8ee1f4b6f0fedb05b47be0bc5f1c6678d0c680dafee3b439d8b,1326
1b082b67-8bad-44d4-bb62-d37ecb91f432,Unique Skills,8002c59db92a93f02f2e6164aa2b86631e354b91596a4a76de7c56ccf91d07a4,1383
1aef2b67-8bad-44d4-bb62-d37ecb91f432,Unique Skills,8a26e257df65b9cf49be3e767041d7e5700de5f24ae487f6de41814afed5a694,1449
1b032b67-8bad-44d4-bb62-d37ecb91f432,Unique Skills,837635538616d4d8d8848b851528e6bcc4c77820f82557be88a0fa28a2d926a2,1460
1b0c2b67-8bad-44d4-bb62-d37ecb91f432,Unique Skills,1fa3da6765a26053503925f635ec69b8efdff7985698a1c48709719d9e8a4c31,1470
1b022b67-8bad-44d4-bb62-d37ecb91f432,Unique Skills,1a66c4524502950cac5d72e557be6a8fcfc6fd8c8aa95388fcacbcb3ebd33087,1486
1ab02b67-8bad-44d4-bb62-d37ecb91f432,Unique Skills,a219a91e68ad8c641cc16f923465503bb76928a52411d755bafe62c9582d051a,1496
1ab32b67-8bad-44d4-bb62-d37ecb91f432,Unique Skills,ad1916b0e0ec6fe8828b83c1258e5eba3f994a7334031aa798ebd54ef6e0770f,1536
1afd2b67-8bad-44d4-bb62-d37ecb91f432,Unique Skills,6cea886176089d0ed48c375a1ab2453ff67277a56cd5c2eda6c148931d2b2131,1683
1acd2b67-8bad-44d4-bb62-d37ecb91f432,Unique Skills,edd9e0ad9e59402b556785211466757cbb7e20be05fd2ea0ee4aaa0f9727aa3b,1751
1a522b67-8bad-44d4-bb62-d37ecb91f432,Unique Skills,e33b56e28f93d5a8c171b2f6e020d8dcbd9cf53de1d3418f95fe2556bf5c5c61,1879
1a9e2b67-8bad-44d4-bb62-d37ecb91f432,Unique Skills,58aa6c6cc8b34de3299d3191646d4800eb51f76138494e2bca2cfee1e3132e19,1983
1add2b67-8bad-44d4-bb62-d37ecb91f432,Unique Skills,630d2c00474d932dcc60d563d1ad52669f7d666f43621f8457d2a3fdfd8fe807,1984
1b132b67-8bad-44d4-bb62-d37ecb91f432,Unique Skills,a652988aeaa46797fd57c1ee335e6996abf4bad011dbd8f689d79fbf63c151f4,1992
1a382b67-8bad-44d4-bb62-d37ecb91f432,Unique Skills,edc3818ba5609cd4b0220dd6f0bfb29a2ee0f3838f351984c4076da94c1fccda,2007
1a942b67-8bad-44d4-bb62-d37ecb91f432,Unique Skills,2fcfd763c94d3197627bb308afcdf7342f7348f9b9fe26365f1819d5745c29e9,2075
1a662b67-8bad-44d4-bb62-d37ecb91f432,Unique Skills,ccaa4542181022fe2054af8f8490067386f91db19c7ed31ffe04895b79babadb,2163
1b0e2b67-8bad-44d4-bb62-d37ecb91f432,Unique Skills,564cd80f6d2f7076d13e1b1c87156567e3a29f82ff0400dd87e12fa6f3eca451,2180
1a1b2b67-8bad-44d4-bb62-d37ecb91f432,Unique Skills,7523aa244393acc47f2463b23bde61f005b6294141769a18ca3371693800b5c0,2193
1ae02b67-8bad-44d4-bb62-d37ecb91f432,Unique Skills,5afde000ea04d6c3d9a04da3d83429efcf04d3bd7a7729dbaf855a08f523395b,2284
1a8f2b67-8bad-44d4-bb62-d37ecb91f432,Unique Skills,80c8ed0ed19346c789df28142e97e6ae921ddbe96b5dd0a83c309bea58475dcc,2347
1a192b67-8bad-44d4-bb62-d37ecb91f432,Unique Skills,9de0964befb86b8a0344d140a58823541f713dcdef660775b65539a27f5bf7b1,2381
1a6c2b67-8bad-44d4-bb62-d37ecb91f432,Unique Skills,c13c22bfcf758f7b32f7e90b47ec870fe1fade193bdc97a970e00c31f7a6b510,2391
1a972b67-8bad-44d4-bb62-d37ecb91f432,Unique Skills,01e1f6222d114b9be7663c17b417aae8b5cd0fc2a2c64a6cf4a71c4d94ed2861,2481
1a672b67-8bad-44d4-bb62-d37ecb91f432,Unique Skills,fc0c566ba566ca7b0c346867d93696738727525018e4df38586dc32c6c9c8527,2497
1a9a2b67-8bad-44d4-bb62-d37ecb91f432,Unique Skills,9333dd7032c3ae0fef00dbfe2bc81bd7155c461a0f966a25f554abc3d5c1ce8f,2527
1a2c2b67-8bad-44d4-bb62-d37ecb91f432,Unique Skills,b50f6d4997c65c275023c5eb5b50ed8b43a390757f32f1fed2857617089ec95d,2610
1b0f2b67-8bad-44d4-bb62-d37ecb91f432,Unique Skills,40d93857e7b2ffbce3c792850dab23a7fccd698a236eb923273f0634d46fc878,2688
1a6b2b67-8bad-44d4-bb62-d37ecb91f432,Unique Skills,ee31c266256367bd4940ccf7ef55600e36f488867ddef0de92afc3ac9ac64d3d,2724
1ab22b67-8bad-44d4-bb62-d37ecb91f432,Unique Skills,538b6e31f8cb35b13ac212501b181294edd54807eab35120eebb50258e3d32f5,2737
1afc2b67-8bad-44d4-bb62-d37ecb91f432,Unique Skills,cad53ca41f23ff3dfe946e40d358e4894bc549818b98a2091b630b5042a4276c,2778
1adb2b67-8bad-44d4-bb62-d37ecb91f432,Unique Skills,4aeab881c054d7b26e375c298c3b5b7fd6d3bb131693037feca41373eaaa3f07,2791
1aec2b67-8bad-44d4-bb62-d37ecb91f432,Unique Skills,9ec48c25d2b04f72a87e5732fa7e41baa805522eba544515ddc998c7db5263f5,2931
1ad12b67-8bad-44d4-bb62-d37ecb91f432,Unique Skills,9ea7c333bfdb69c6ad93837362838a85838d13689fa43eeaf6e3b23fae1c8a53,2969
1a9f2b67-8bad-44d4-bb62-d37ecb91f432,Unique Skills,5efec92ee529244179f27e10a7353bf05fa3b23542b5396f22b5f59df05f3c93,3000
1af82b67-8bad-44d4-bb62-d37ecb91f432,Unique Skills,c4f3bb5c3b269e22e992cb194800e6c08d435b50e44f1f3fe2e0263a1e002f0c,3006
1a882b67-8bad-44d4-bb62-d37ecb91f432,Unique Skills,1789aaf84804b04f85527f266ba863c107a92a8a49348902bbe4c71aa43fc049,3040
1af72b67-8bad-44d4-bb62-d37ecb91f432,Unique Skills,5a23d594576be801293a01d86e6ed88ee0b5ab791da9d33845313a6ee71988f2,3185
1af42b67-8bad-44d4-bb62-d37ecb91f432,Unique Skills,e94635148dc2570a72b20c8a673554cba4009e4c427eae01914ed9d4e03e5d35,3285
1ada2b67-8bad-44d4-bb62-d37ecb91f432,Unique Skills,9eed32a510e2ca0b3f594cded21a787832d20f1b3caf161f6f0dd67d907dbd27,3455
1a6e2b67-8bad-44d4-bb62-d37ecb91f432,Unique Skills,5be61cba508870cba3802fd9af2224ac3b7ae545b1feb7d3d2d305166330d5c1,3502
1aaf2b67-8bad-44d4-bb62-d37ecb91f432,Unique Skills,e60f5fd97bc67df7e401e41b1acb8c57e41626ec85ece44ea2b924d777c5bfdb,3503
1a4a2b67-8bad-44d4-bb62-d37ecb91f432,Unique Skills,d9f6b3e25907665b633943717af3391ee33b6702b4ed56f7f5d0abae5f5183f6,3604
1a952b67-8bad-44d4-bb62-d37ecb91f432,Unique Skills,2019c90302ec80da4c22e21ca02c5b4364e151c4f3fa358f90268a7d03800aed,3661
1aae2b67-8bad-44d4-bb62-d37ecb91f432,Unique Skills,7e77707517d2350b46347f4ce937c4e8ecf87e60aae87a8a035459169c246df3,3736
1a5a2b67-8bad-44d4-bb62-d37ecb91f432,Unique Skills,63fd209ff1506f59f04a3c43dcd30fe0a9970117d3868dbc6449960463f05783,3843
1a392b67-8bad-44d4-bb62-d37ecb91f432,Unique Skills,d5c0d33406bd362f8a5033cdda153058429ff1e22a936a5b9e0f35f6985f3809,3867
1a2e2b67-8bad-44d4-bb62-d37ecb91f432,Unique Skills,e15a4e0dd3879fa0806a0a9a14011bd013ecaca7b7c3930150fdebb409a746cd,3906
1adc2b67-8bad-44d4-bb62-d37ecb91f432,Unique Skills,cfd2f9df6e4470d6aa2bf98c2960b3669ec2248dcae687187e6e0d5aef031ec5,4063
1ade2b67-8bad-44d4-bb62-d37ecb91f432,Unique Skills,4568cfd1b8dc14c803883e33c13328420e7118a806a7ed5798f257b924b7b4b4,4130
1ae12b67-8bad-44d4-bb62-d37ecb91f432,Unique Skills,6d455e38bb31cfbc02ec452db74b568b7e42976674a226dd86fcab5cc890ec0b,4165
1ae42b67-8bad-44d4-bb62-d37ecb91f432,Unique Skills,b3e9840206c8b3c205220dacdf7783603dda11ecb973273f81b666ca7f4d10cb,4178
1b042b67-8bad-44d4-bb62-d37ecb91f432,Unique Skills,aace5d73320cfae1190c58ae366bb41f5dc5a318de9e7277d7f039889add6e84,4190
1a9c2b67-8bad-44d4-bb62-d37ecb91f432,Unique Skills,9622bca870cbd5d88a883a34ce59a79a2c6466e381ebae3184c1ab762d80c931,4392
1b012b67-8bad-44d4-bb62-d37ecb91f432,Unique Skills,8463cd134051f19368d34d5053c4159baf2511a1ff09bc8309410c7e8165c63f,4441
1a792b67-8bad-44d4-bb62-d37ecb91f432,Unique Skills,476aab69ca063299ee42dc6a2c46368ddbd1d044678ba443236828eebc4dae6a,4612
1a712b67-8bad-44d4-bb62-d37ecb91f432,Unique Skills,45be685605bd1ff364619a3396a0e063d760d3df91dcbfb792bddff767c09517,4788
1aaa2b67-8bad-44d4-bb62-d37ecb91f432,Unique Skills,abb417c973d0377133e5d3b12783e97b9fd7d6b74c33813870eb2b39050f97d3,4839
1aad2b67-8bad-44d4-bb62-d37ecb91f432,Unique Skills,c78301950a7ed159c548712bed9bdc237304f51b3c41000fdb8441d7593fc458,4915
1a762b67-8bad-44d4-bb62-d37ecb91f432,Unique Skills,f3877b70663a469c6944ad164d18649c080792c238496340c362331a8d187d48,5010
1b0d2b67-8bad-44d4-bb62-d37ecb91f432,Unique Skills,d3040a2f2cfa7931a829ce3a593516ee99aa0b485e6f17d50e038f8c9c3b44f5,5011
1a872b67-8bad-44d4-bb62-d37ecb91f432,Unique Skills,6e44cbddd22fc3a78d173522ac50e34ceb2f8ef0e34be957abfd5ee55e8bd823,5026
1a3f2b67-8bad-44d4-bb62-d37ecb91f432,Unique Skills,6e665bfc1b60dd5affd206d9f622a5a9c6ad810ee3e001b21730dd8a3aeae3a5,5037
1ad22b67-8bad-44d4-bb62-d37ecb91f432,Unique Skills,b1c65bbea6cf2ada1be48bd39698df85c0f482e67fa6c708a6225925323076de,5052
1af92b67-8bad-44d4-bb62-d37ecb91f432,Unique Skills,f052c194381a49cf4c8960c5b35ccd1f6c9d4e4e82ece3dadd825e5d9af6983b,5089
1b062b67-8bad-44d4-bb62-d37ecb91f432,Unique Skills,1efdfaedd33f21ad5860719a9eb9c2d4f59415cc04006a9655458cf199b1b9db,5240
1a682b67-8bad-44d4-bb62-d37ecb91f432,Unique Skills,31d6295a9285319f8dc2c50d5e998a0c3905db47bf5ed7084f28910cc35bd483,5308
1ad92b67-8bad-44d4-bb62-d37ecb91f432,Unique Skills,11d8c984de72634328e9c5f1f5718d8a30590ba7ddad7baf8f71bc5732ed9b90,5320
1a8d2b67-8bad-44d4-bb62-d37ecb91f432,Unique Skills,ad7e5bb69827a43038c3b3195599ca7a61ab894c75fde5a7afe8016ee098198e,5576
1aac2b67-8bad-44d4-bb62-d37ecb91f432,Unique Skills,1ee6294212cd797695947655ebe28031f50a0f947052169102a5773caf674b66,5577
1a472b67-8bad-44d4-bb62-d37ecb91f432,Unique Skills,49e0f5fd73060391844b22cf20835f927ac83f99565d09b7a3aab676613508c2,5583
1ae82b67-8bad-44d4-bb62-d37ecb91f432,Unique Skills,83613d0da93d32a165da2b14ac0e05e5374efe0818ed4a5f02e36aa4e964bc92,5640
1ad62b67-8bad-44d4-bb62-d37ecb91f432,Unique Skills,2affbe5afd8d49bc907538d72c59de5e80fd0979d88abd9bbb4596e3317bc370,5648
1a4c2b67-8bad-44d4-bb62-d37ecb91f432,Unique Skills,16f0bd5d3899f82a06f657de61c9c104ab95f0139b5f9bdd33e81b359cd6c86e,5661
1a6f2b67-8bad-44d4-bb62-d37ecb91f432,Unique Skills,794af0b9b479e7fa53f8b6e2c444fd15f621fe11b32817efb1b1cf4683042640,5695
1afe2b67-8bad-44d4-bb62-d37ecb91f432,Unique Skills,a3a12a7f2c3f44e0757e7cd40dfef52cbb20d379fe6e3527e02c62352a5925a4,5726
1b052b67-8bad-44d4-bb62-d37ecb91f432,Unique Skills,4dd130c9b7ab764430f837e1b84b17da85ddc4c6b33ffe556188426c5bcffdf9,5727
1ab12b67-8bad-44d4-bb62-d37ecb91f432,Unique Skills,4ad04027974422dd4f4bcb8c1e9aeec65b359bc36c637079dbd16ad8329d9132,5825
1b192b67-8bad-44d4-bb62-d37ecb91f432,Unique Skills,3d22f79d949b9e424839dffa3a89c4bfaf1014fcb0d3121905cadf9f9abca123,5844
1b102b67-8bad-44d4-bb62-d37ecb91f432,Unique Skills,55979a7eaf6d0313a42a35d378df9507caa85c7510ef9d5b6676ebb7ecf9fba1,5870
1b002b67-8bad-44d4-bb62-d37ecb91f432,Unique Skills,228a10bbfc49e64f43238bf5df76f220d4be324791b776960b7b01510293783e,5878
1af32b67-8bad-44d4-bb62-d37ecb91f432,Unique Skills,dd6f900c807c388942fcbeaaf71958a45f03b19b1859bec635d3f108a9fc7cf9,5948
1ae92b67-8bad-44d4-bb62-d37ecb91f432,Unique Skills,4733cb644474da5516da072a181efe91a7057d5a69207d33c7f552c0a9aa5dbf,5984
1ad72b67-8bad-44d4-bb62-d37ecb91f432,Unique Skills,bf33a720db4eaebfca6a029362f832e04e3865d0a028b246f1dbc0e75f009f3d,6023
1b1a2b67-8bad-44d4-bb62-d37ecb91f432,Unique Skills,ec846282be55937797a885ab28ddee0be359ddf9b2579866a5debac1f08fd2d5,6133
1a6a2b67-8bad-44d4-bb62-d37ecb91f432,Unique Skills,99c79a5aac21cb12e38504e15f374ba2bff9912fc3fa88a7280ae4105cafeea5,6215
1ae32b67-8bad-44d4-bb62-d37ecb91f432,Unique Skills,30cc7dc8c93053381089cf55fc2f0e50da97fdc5e3d7399b59f235d1c08a4c5b,6231
1b092b67-8bad-44d4-bb62-d37ecb91f432,Unique Skills,b84f027065886fd8a22911c16d419dc1c521a10379043e4f0613e4571d986e58,6240
1b172b67-8bad-44d4-bb62-d37ecb91f432,Unique Skills,a6648110415926912606d49b2d12ed08ee9c56f5cdc3a94b292ff2137c43db51,6281
1afa2b67-8bad-44d4-bb62-d37ecb91f432,Unique Skills,4757e0acfb36a87faffc0babbecd15da1f456fd7ba5a7dab8cfad232155f3ce5,6294
1a7c2b67-8bad-44d4-bb62-d37ecb91f432,Unique Skills,a88b04b32860fd3e6c1d2281e9c70ddcd5b8e2a3e1a8ee46a6ad7f6e809083bf,6347
1a692b67-8bad-44d4-bb62-d37ecb91f432,Unique Skills,3d7665ff7d42ee03fcb5939ad0f2d862a951db650efa2f3b4147d43218158916,6378
1aff2b67-8bad-44d4-bb62-d37ecb91f432,Unique Skills,4c6f1b50320de32b400f212593de3779631708fd0d198ce7322868af34c40ddc,6521
1b0b2b67-8bad-44d4-bb62-d37ecb91f432,Unique Skills,6dc783605678774021387354ddac1e99676159a61b623486c3edf0b43f0650ba,6530
1ae22b67-8bad-44d4-bb62-d37ecb91f432,Unique Skills,e52320881eadc47441f78f3e0fe9007d65f717d0b2b5c2d2e7839015ecdb7e77,6594
1b0a2b67-8bad-44d4-bb62-d37ecb91f432,Unique Skills,e3b28b6767ab805d8aceedc71a00c2be48d0599252185d0fc5e61c1d06720e53,6609
1a772b67-8bad-44d4-bb62-d37ecb91f432,Unique Skills,d255288502c8065ff49299b72bdb9d4885100fa84b79fe1d9d73c77ee1eb486b,6625
1aa12b67-8bad-44d4-bb62-d37ecb91f432,Unique Skills,d365a293289fe95f0f78fe0ad01cf64662595100b95b05da39d10acdf154eb24,6743
1aed2b67-8bad-44d4-bb62-d37ecb91f432,Unique Skills,3bc02fb0eb185df2bf8c7c332902cfa9311b2f0ecfa46ca4bcdfd7f482ee611e,6828
1af02b67-8bad-44d4-bb62-d37ecb91f432,Unique Skills,292b9309fa3962daf3dd05edbe296786fb98172d3cfdc6d8b3c6d35b2009a699,6829
1ae52b67-8bad-44d4-bb62-d37ecb91f432,Unique Skills,010cd6ea50e7aefce40cadd9e31e9a0ad09cc5da69f65106231fe5619be227af,6840
1a502b67-8bad-44d4-bb62-d37ecb91f432,Unique Skills,f90ccfff8a880a4aaf6aaa7fbd8b3ee2299b07f810ec0bdbad8654ea2f791a8a,6863
1b162b67-8bad-44d4-bb62-d37ecb91f432,Unique Skills,68a59c7117f41dec49989579be4171b8acd0742d80ad3a4c29eb1103cb280a64,6880
1ae62b67-8bad-44d4-bb62-d37ecb91f432,Unique Skills,1ec0225dbb406719c522109570c7ab1f00f018e48f62d548f2dd5f1e1157a136,6918
3b242b67-8bad-44d5-bb62-d37ecb91f432,Communication,828027a5acd469ae0b1d219d0d139640f94729dffd97453429d5e9c0b242fda8,115
3b292b67-8bad-44d5-bb62-d37ecb91f432,Communication,fbf1f46276bdfa9f6b42c3e6aa5723694f2d6fe4f46a38456172e6d5acaa1c1b,200
3a612b67-8bad-44d5-bb62-d37ecb91f432,Communication,3d0be4320493bcf6e97fd27e7fbd5a0e3f9d8090524ea12f5416464e0a065d3f,226
3adc2b67-8bad-44d5-bb62-d37ecb91f432,Communication,ca85c57917867cda99adb266933958b8eccdc37361dddf89d6b130f8c3066f5c,240
3ac92b67-8bad-44d5-bb62-d37ecb91f432,Communication,34808f8322ad6495598afe531daf72c182f9b31e5450d37497de851394981ede,298
3b252b67-8bad-44d5-bb62-d37ecb91f432,Communication,60667ad4f5c5d5065994d4306c0e1b110a90ad0ff55757a9377587058fb0e058,341
3a602b67-8bad-44d5-bb62-d37ecb91f432,Communication,43fb01f9eed0c82c2b2f1e29d7bd2c59939e7f695d19210de9cc22401b8469f5,451
3b102b67-8bad-44d5-bb62-d37ecb91f432,Communication,f2b87e9b44cc4de25157b7ff9ce8f0997a8633ee5d9ad3386420e00eb9ac520d,452
3ae12b67-8bad-44d5-bb62-d37ecb91f432,Communication,4f8f3b4f2f549b8c7c138e8eba8a55623d6c9af099adc97c057fd1eb5c6cb327,473
3a942b67-8bad-44d5-bb62-d37ecb91f432,Communication,cd440cb2ca2f9ccca7ead6f0ae9d1a407d9487c4c710407028a0911446437eec,502
3b0d2b67-8bad-44d5-bb62-d37ecb91f432,Communication,7af04750d3f3f06e76498b43bd198037918f1a2e5004756ba269c20222165cae,589
3aaf2b67-8bad-44d5-bb62-d37ecb91f432,Communication,6d5c230215317f8db1865666f7be8b145d08661d258961562df6bff789a60b53,760
3b3b2b67-8bad-44d5-bb62-d37ecb91f432,Communication,3e1816d7db11391d1c147b1b668864f188572eab7159bae39044b4ebe0b00712,787
3b392b67-8bad-44d5-bb62-d37ecb91f432,Communication,9ccc81af57d70b5533bad0850b271530134e7dcd6f21c857ca9535ef07270ceb,815
3aa92b67-8bad-44d5-bb62-d37ecb91f432,Communication,046d211724ab62a02d63f6f1e83428e62e171bd46b08ed51168212899ead444b,817
3b3d2b67-8bad-44d5-bb62-d37ecb91f432,Communication,48bad5448c006836cc5ab7ec8f5aaa0f77ebd24c9b9afdae4853be924af70e9a,819
3b782b67-8bad-44d5-bb62-d37ecb91f432,Communication,660dc5ebd73c743a8e25de73e587670f7545aa9b796810b2e1d2c7e9bc951391,971
3a922b67-8bad-44d5-bb62-d37ecb91f432,Communication,068456a428f24b1d72347cb7e431ed51dc5bed3f780a2c647bdb17d0c2a8371b,1021
3b282b67-8bad-44d5-bb62-d37ecb91f432,Communication,efbcbc724287a3f4695286b8c98b81c8beb178088c53fc029491c7f1620f524e,1148
3a8d2b67-8bad-44d5-bb62-d37ecb91f432,Communication,963ee99ef756d11afd92c4e0073a90f87a7aae87689c7da6964f86ac1c507cfc,1184
3a912b67-8bad-44d5-bb62-d37ecb91f432,Communication,b27101d14e9563c264c5df1a99707ac4a6d1e8e57eb852783e3bb98aa0510a6b,1192
3a7f2b67-8bad-44d5-bb62-d37ecb91f432,Communication,476eda0c7eefb98b7cc896224681f30cc62115d22e0d2bd1b20bcfeb70c5cb83,1223
3a5a2b67-8bad-44d5-bb62-d37ecb91f432,Communication,019936e3f1e3c9b3b9434199261ccc0e7bc1a7185d6054131419b706f4ded7a6,1291
3a5d2b67-8bad-44d5-bb62-d37ecb91f432,Communication,67b348e6bc0c0d4f471ba24913bfc4399fb701e4a36f0a8c05ce0a45bf75a0d6,1292
3b3a2b67-8bad-44d5-bb62-d37ecb91f432,Communication,9093d3ebcd48ac05fb20da0b3bf357b5c0675766c904af3ccf0780ec9097df1c,1334
3af72b67-8bad-44d5-bb62-d37ecb91f432,Communication,3e54c0eb6b76e4f8cca376289fca926789ef3bea2bfafd5960283b220db7e260,1343
3ae02b67-8bad-44d5-bb62-d37ecb91f432,Communication,9af05185813dbacfdc86b02d8e1909e2d116b8d4d84aba3e24f3db284340d0fe,1362
3a622b67-8bad-44d5-bb62-d37ecb91f432,Communication,4335564af3ed581c4fb3645b488823939123153cb1c7cb31fcee23ecc6bd01f0,1556
3ab02b67-8bad-44d5-bb62-d37ecb91f432,Communication,60dd89030eaf23c55da1afbfcea582da062e2a326b53961dd2ad25ec2ef592c7,1578
3b402b67-8bad-44d5-bb62-d37ecb91f432,Communication,fb2345c44bd1edb91adc193e3f292713d9ad377d2f0a6b1e0edf751a04d4bd39,1579
3b0a2b67-8bad-44d5-bb62-d37ecb91f432,Communication,b00bf203cf0f5b4127ddea9b74d175625d0a451ede060a7c9b045b3ef7b06b33,1627
3a7d2b67-8bad-44d5-bb62-d37ecb91f432,Communication,043e784942a93daab8d63ca5bf9378c34a986f43dd1404f6a96811687eb44730,1712
3a962b67-8bad-44d5-bb62-d37ecb91f432,Communication,03c797153b1ccd44325c0aea672d60ad0c9eebfbb6569e7b6c966932e4be0243,1796
3a412b67-8bad-44d5-bb62-d37ecb91f432,Communication,8f727ef721153dffb21ade1851c541591e75bcdb6255412f2ece78a737297f31,1833
3b0c2b67-8bad-44d5-bb62-d37ecb91f432,Communication,050adf908271d827e7bbbb27849787ca73afde3ae5493ceceab5e3d498431156,1935
3a3d2b67-8bad-44d5-bb62-d37ecb91f432,Communication,1ba579b163cb91f51da1b9b34bc170d0779d5e68f1ecda3946d8742007f01547,1952
3a7a2b67-8bad-44d5-bb62-d37ecb91f432,Communication,657bf3fc90d5b80f9cae1a2e4faa6142ebc92c34f66d9e015f48bb96afdf6c3c,1960
3b3e2b67-8bad-44d5-bb62-d37ecb91f432,Communication,913c45f3cae93d115f8dc7348475b1841fa813387e04081692a72ef53f0c3fda,1998
3af52b67-8bad-44d5-bb62-d37ecb91f432,Communication,c53cad1bb00af6f3cc0c0e21df8decd9d846cb4a67811e17eca0f30b086c45bd,2026
3af32b67-8bad-44d5-bb62-d37ecb91f432,Communication,80e619651e5443d5099c98716d4250179bd01173b52ba460dfaa66d618f2036d,2134
3b0e2b67-8bad-44d5-bb62-d37ecb91f432,Communication,943531ed3e450421983eb3c7a3fda5fe4f43026465a4d8fdf87830dad692c1ee,2221
3add2b67-8bad-44d5-bb62-d37ecb91f432,Communication,96fa1cadaf0052a58d1f03e6681d5b65a15155c62e5326d45e9f6f6d2de575ec,2287
3b562b67-8bad-44d5-bb62-d37ecb91f432,Communication,cc872fb8b6a48c0015f4e39f8e6abcbf8157c580429a5126ef55c069763a449a,2344
3b592b67-8bad-44d5-bb62-d37ecb91f432,Communication,979d94b748f67af78202e4afbf7d3e397bdc59ccc1a17d33150fc41e79a93205,2403
3a402b67-8bad-44d5-bb62-d37ecb91f432,Communication,05ec3adee0331193c2285aaba75538a98ffb524159b206cc2ddac39e5d64b1ea,2500
3a782b67-8bad-44d5-bb62-d37ecb91f432,Communication,6fa5f825892595a3587ed9780300d5feb747cf28f8cd1fa6fc46371e8bbf331b,2501
3b232b67-8bad-44d5-bb62-d37ecb91f432,Communication,ed6b09c95bb96341f686a0bf48386ba6fe99b8a929780e6f9156ed7eb0019e6d,2576
3b122b67-8bad-44d5-bb62-d37ecb91f432,Communication,d812201e5c5d8de56573af2bfd788d8e65aaf577c9432a7f25486fed2b9419fd,2618
3a5c2b67-8bad-44d5-bb62-d37ecb91f432,Communication,1f67fc0217109ea4db34424a5c180aa351a8ef9b300e201b89c497f2417fd8a6,2715
3b752b67-8bad-44d5-bb62-d37ecb91f432,Communication,bf2698441cdc88aeef5537881b2ac377bf7075acb178de8681cfbd1943e4f9b1,2748
3aae2b67-8bad-44d5-bb62-d37ecb91f432,Communication,afea46379c5bf693e5b8d5ac7dfbdd08e780cbf3a49ed682fee5616cf7dd63a0,2850
3b112b67-8bad-44d5-bb62-d37ecb91f432,Communication,827ff7602d82a9448a24a639a27d9be2cba89480659d067ea0af6ec153a3b86e,2908
3a7b2b67-8bad-44d5-bb62-d37ecb91f432,Communication,3ac5cbf2e8c5894a1ab89ea2649c8b84271fa6eba43cd40f2aad3cbab1c342da,2952
3b552b67-8bad-44d5-bb62-d37ecb91f432,Communication,2bea275c89dc872ba42cb043a36c2b0485ec0e4b74a162101d549c1753ffd125,2993
3b742b67-8bad-44d5-bb62-d37ecb91f432,Communication,bf4b1671a441a5c716c4f195ca370588b53ea7d78d312aebdfe0d4e0b2afe784,3019
3b732b67-8bad-44d5-bb62-d37ecb91f432,Communication,a96dfabf521c213ecedd3e9608bc128a7177d26c68f64461733c14176340e4fd,3128
3adb2b67-8bad-44d5-bb62-d37ecb91f432,Communication,abe6a2570275b58b4b68fb07c6b3951a9ff795cd2161b9caef0526e14d1e7b3e,3136
3af62b67-8bad-44d5-bb62-d37ecb91f432,Communication,5d9c508457545224cf5042f0e5476c883ed6eb828ba791e5dc68441dddfd43e6,3197
3b3c2b67-8bad-44d5-bb62-d37ecb91f432,Communication,84e07ec5c0c9d17407a3865f018af6bb08e5fecafcf9ee8ab7e60f67e4359a78,3207
3aca2b67-8bad-44d5-bb62-d37ecb91f432,Communication,f8e9eae46d3648f0e63129c2a5b0b776fddc5d430f27857f1eb4f32406d24ad4,3220
3b772b67-8bad-44d5-bb62-d37ecb91f432,Communication,d50013ee690506974c36ce101b0ae8e356550462c2055e3ad41e29a6e2fd473d,3229
3afa2b67-8bad-44d5-bb62-d37ecb91f432,Communication,8791ef685ecfaa986d33ae7b26bda75b937b9d890e3c9aec8bad937b6e0f9b72,3325
3a8e2b67-8bad-44d5-bb62-d37ecb91f432,Communication,bbdb6d27e4fb291c709e2e95ff4c2edf76f4147642801d7ef78bb3697b4a1c43,3331
3b582b67-8bad-44d5-bb62-d37ecb91f432,Communication,5ab14f4588950f8245244ee1532c6ea7daed48edd9446631598752aa4092ad0b,3332
3b7a2b67-8bad-44d5-bb62-d37ecb91f432,Communication,27a11402f5a798787f1f2cdca91815078a3aad67e9c354e46855ec2daef80b28,3343
3a5f2b67-8bad-44d5-bb62-d37ecb91f432,Communication,f17238ea4d2395b261977cd042e334f380090bd9e04a56085ae4c92669edbd90,3350
3ab12b67-8bad-44d5-bb62-d37ecb91f432,Communication,a336a81ea30bdcde5c2f69679e28cff64fd409f84058e41cafec34b604ce4f7b,3384
3b792b67-8bad-44d5-bb62-d37ecb91f432,Communication,649ca3fdb9674cc80fd1d83b97bcbd0f51bf7952288ee34fbed0ac87cbec3929,3403
3b212b67-8bad-44d5-bb62-d37ecb91f432,Communication,031ce89fe58b6ad21a3d99d06f7c762cc3a12a82abcedbb82da6693fea858d26,3535
3a812b67-8bad-44d5-bb62-d37ecb91f432,Communication,695d75c6724b24a181f18bddd1c59d46a70b3b05635809ca92bafe4ce94550cd,3573
3ac32b67-8bad-44d5-bb62-d37ecb91f432,Communication,918edf01ef89638631a9851ee0b0a05b430494cb9e2d00a69741359a6e274c05,3595
3a592b67-8bad-44d5-bb62-d37ecb91f432,Communication,fa6bca2352f9da9ea370c81ec0b606aa6c1a8b833d41b5fd48ab8ed95ad8ab74,3607
3b762b67-8bad-44d5-bb62-d37ecb91f432,Communication,8c74574c084675b7a89370231e35ba676268158fe3fd01398cc063143011c9ec,3625
3af22b67-8bad-44d5-bb62-d37ecb91f432,Communication,78c51b3e976911fe0e213e1474d5e446be86c44a45842ed71fa8b21d5767d29b,3806
3ada2b67-8bad-44d5-bb62-d37ecb91f432,Communication,65abfc323ebd720ff106a52aca8652758bd6fea7c523cafd159951e164142df8,3812
3ab22b67-8bad-44d5-bb62-d37ecb91f432,Communication,6f6b9966df00cd6dedf3b7b28191576c851b62545900c8517c367cbc49231752,3900
3ac62b67-8bad-44d5-bb62-d37ecb91f432,Communication,9b906eb7d75a524bb6e2f5673ae47a8cca8fdd51c6dab158c60218f9952dc025,4180
3adf2b67-8bad-44d5-bb62-d37ecb91f432,Communication,0d3c9899b11b9ad49875db3a6f85145ff2ea4ee9f984d82457c5721e61a10cc9,4264
3a7e2b67-8bad-44d5-bb62-d37ecb91f432,Communication,ffa748e0ebab1965b0a1bb8c19319fd9ce512abd9be39089b154d17e292121c5,4306
3a3e2b67-8bad-44d5-bb62-d37ecb91f432,Communication,ed63535e83e1234147c58b8d12784ea9103fe0f1ae39d2180fb3ee22efbd3a12,4398
3ae22b67-8bad-44d5-bb62-d37ecb91f432,Communication,b125f7afde1c2580b31cc077c65c2768443a8688c68d700e10fa857629a5612f,4461
3a3f2b67-8bad-44d5-bb62-d37ecb91f432,Communication,5ea767ded0696d03e3012bf3e1316e36f4893fcc5a7e854b2019d044c51cda29,4567
3a442b67-8bad-44d5-bb62-d37ecb91f432,Communication,687e33b48f97af89b91f0f9b7872fc07173e5d783500ef3f5967cdecfac548d6,4568
3a7c2b67-8bad-44d5-bb62-d37ecb91f432,Communication,97ffb5175901f3fe6e44018b586eca40057971e5114b74228e2af1526b7060ac,4574
3a802b67-8bad-44d5-bb62-d37ecb91f432,Communication,2e852b6320290e61296fafed8cb61fd271ae6b75e37f836d643583b52eddf491,4615
3b222b67-8bad-44d5-bb62-d37ecb91f432,Communication,e9e2ee2a31e64dbb210276fa62ec53896c69c262e034a14d536bc94be5ab2bfb,4616
3ac42b67-8bad-44d5-bb62-d37ecb91f432,Communication,9097da4e2af77f557dacb0be617b1c45202fe1dd5fb9be1750b978935873f9ae,4642
3ac72b67-8bad-44d5-bb62-d37ecb91f432,Communication,7f5cb4c701d96b133c86ff14ad6d3d7e9482bbe4ca139b8c9103c1d11e0211ca,4685
3aaa2b67-8bad-44d5-bb62-d37ecb91f432,Communication,9c7a38555c33ccf797f35665b4f0a5710938927ff0e239130750b63feb7d146c,4909
3af42b67-8bad-44d5-bb62-d37ecb91f432,Communication,a8433208b09eba06c54f6104724f8f137faad9ad841128c47f005c30947e0886,4910
3a452b67-8bad-44d5-bb62-d37ecb91f432,Communication,012bb6e56e725410e8f4c4cd0674fa15f4c73fafbbb9304184e0a2440373e88d,4952
3b7b2b67-8bad-44d5-bb62-d37ecb91f432,Communication,1978585453eaf983c348601181627e03027150a9c8523fd02e1a88b2401eba0b,5005
3aab2b67-8bad-44d5-bb62-d37ecb91f432,Communication,2422f95cd9bbe0a43ed47ed7bf6ffcbec312cc5b40f55de89594465674490cdb,5056
3a902b67-8bad-44d5-bb62-d37ecb91f432,Communication,0d8832cabe20ba1db9f050a55c54d1e644245685ffca2fe02586782c1f887b25,5074
3a5e2b67-8bad-44d5-bb62-d37ecb91f432,Communication,2000e1cfe4e2079cfbcbf6281ef19cad27156bde0ea951ee6cfaeb9fe1a5733b,5254
3aac2b67-8bad-44d5-bb62-d37ecb91f432,Communication,f26922157c73a751201c2afdc4a74805f560c6416ceb100606c5c2fead26c503,5313
3a792b67-8bad-44d5-bb62-d37ecb91f432,Communication,3c75a3514fa527a819cd0abe3e7ce524d99ae064b618c18a9561f228c8c87951,5327
3ac52b67-8bad-44d5-bb62-d37ecb91f432,Communication,f2a74054c8f14c9ce68174639fe4187b9d1c2954e8ff0fb1f0d2182f01349f0f,5328
3b3f2b67-8bad-44d5-bb62-d37ecb91f432,Communication,c71eea6ffa7077e03c83287c6d606e8196366c0ad9687171f84de3e70bb48ff2,5480
3a952b67-8bad-44d5-bb62-d37ecb91f432,Communication,9243af7904ff6e9349f9c140ce3c20624ad5e30f61f46e4920136868a79d5b1b,5484
3b272b67-8bad-44d5-bb62-d37ecb91f432,Communication,09c9b9ea3df05f934b65956ae6088d160aa29c4ebbd2283f01a74ff79058643a,5516
3af82b67-8bad-44d5-bb62-d37ecb91f432,Communication,bc0beeb4c9c1e1e028ead936f10fddb046b1d1d7147ce369487582cb7007b561,5628
3a932b67-8bad-44d5-bb62-d37ecb91f432,Communication,afdd1e1dcfb6445cf1fc3a2548527b5395ad56c462f27cd6c5bd5304f008a8c4,5665
3b412b67-8bad-44d5-bb62-d37ecb91f432,Communication,30692769b87e90dff685bc87dda33a7f7d33dd8c439dfb3261ba455ec67f8d9c,5670
3b512b67-8bad-44d5-bb62-d37ecb91f432,Communication,af59a1eb761b567acaa3108dcaa081b6116a2c30bb6c3ac5acd8c366ab5386c9,5672
3b572b67-8bad-44d5-bb62-d37ecb91f432,Communication,29717d1011cdb32c65fbb725722c80b225e3aa573bfb22f8a048cddcf7c1e8b6,5764
3b522b67-8bad-44d5-bb62-d37ecb91f432,Communication,079f97f40edab861fdf8867b8d2c4dc01b5bbf8fcf387be23adcc87d3160c92d,5798
3b262b67-8bad-44d5-bb62-d37ecb91f432,Communication,dc2b8f0852a07e5db2f522259f2fa5b90a54fa77b8f8db35cab69cb035804259,5896
3a422b67-8bad-44d5-bb62-d37ecb91f432,Communication,495d41436d26353ab3183b5e9e257cd9d700ba55b4c2a0f8123160e5c9f77adf,5920
3b0f2b67-8bad-44d5-bb62-d37ecb91f432,Communication,a444ac7490d522d736addc738571b8078b5696fe794f29e9adf160d15cedc7cb,5974
3a432b67-8bad-44d5-bb62-d37ecb91f432,Communication,19ad3d3ea1eff71b7cce385192a7513511da22ded97e69ed8a1aac04f4d15d63,5978
3af92b67-8bad-44d5-bb62-d37ecb91f432,Communication,cb3827378662d11067690e938a2510dce94c3293002b92a7bad709ace965f3d7,6006
3ade2b67-8bad-44d5-bb62-d37ecb91f432,Communication,1dd69b8b2adc5156a6dddfa11c40d1fa2786009094747b70cd96b416183a03bd,6059
3aad2b67-8bad-44d5-bb62-d37ecb91f432,Communication,1a6b975b2bbe4d26d16eca1bed6027390f09ebb024f8988246ef48af0481986c,6146
3b722b67-8bad-44d5-bb62-d37ecb91f432,Communication,c7bb527cbb8d91486b74c9d3de7182d5e1787307db9724d89f5a65c82c547d3c,6173
3a8f2b67-8bad-44d5-bb62-d37ecb91f432,Communication,00f0da133bc9787ceb2352d9b423920fef6667af2bb1d2e2bb1dfeb1fe9f9e06,6351
3ac22b67-8bad-44d5-bb62-d37ecb91f432,Communication,d52773e5ad9bdce256a1d72ed9c6eb19c1c33ea97d2d9f875aad327ac37c9b92,6355
3a5b2b67-8bad-44d5-bb62-d37ecb91f432,Communication,a5f576767f2fa749f31356b2f8a56373b040d3d63e1b3944153d7bb849859588,6380
3ac82b67-8bad-44d5-bb62-d37ecb91f432,Communication,6a98f3bacf8249372bc10419b8ccb2c5898ec31160d25dc2e3e4e1b89ad4beba,6381
3b542b67-8bad-44d5-bb62-d37ecb91f432,Communication,0decd89990735dde67fb5309a47c8e70942bc3ff32122dbd5ccc32090c2575f0,6618
3b0b2b67-8bad-44d5-bb62-d37ecb91f432,Communication,d6dc43a182af4ed76b9f266766b597bd2a7de080bcc57df2b31d02e9bd8daef4,6821
3b532b67-8bad-44d5-bb62-d37ecb91f432,Communication,62fbc3b9516f8cf86f1b9f9728feea2dbdef9fe75b833821db107c9fee0d061c,6822
22092b67-8bad-44d4-bb62-d37ecb91f432,Computer Science - Communication Systems and Computing,aab952d9e11154f883aa2b5b22bcc64b20cac71a26e1e231b39a4e3a62906127,19
22112b67-8bad-44d4-bb62-d37ecb91f432,Computer Science - Communication Systems and Computing,1ab80b4652c1eca1a4687771d36b6ff2d127063e3c9cdbd3afd131e6f6458996,34
21e22b67-8bad-44d4-bb62-d37ecb91f432,Computer Science - Communication Systems and Computing,b825f5c3d4de554cb93e56288c36561d94b91cae85c67a765572420bf6ae883e,72
22192b67-8bad-44d4-bb62-d37ecb91f432,Computer Science - Communication Systems and Computing,533f663a31ea329930858fc5719ae0a9eae4e5d1b56d3155ff6c670c8b580406,89
21de2b67-8bad-44d4-bb62-d37ecb91f432,Computer Science - Communication Systems and Computing,8175b03179c641ab46e10fad75637d28d873e72d353468543d8bd5e6fbb0bdb8,113
22142b67-8bad-44d4-bb62-d37ecb91f432,Computer Science - Communication Systems and Computing,5464105013800999ef7f1d5e5fec25a838a40a1a32764690214e95b7eff4e361,269
22102b67-8bad-44d4-bb62-d37ecb91f432,Computer Science - Communication Systems and Computing,9574b65398d3262c7246453ebb3907babcd14730dee2ef7749f4ee48573b2b77,322
22a82b67-8bad-44d4-bb62-d37ecb91f432,Computer Science - Communication Systems and Computing,4c1b3a1a2c52469e12d8aec772882f002a3d781a9a4856bbe79fab05d8ca1cbe,472
22b02b67-8bad-44d4-bb62-d37ecb91f432,Computer Science - Communication Systems and Computing,95f6a389f233836cf11125406374d8e52cf61e513eab88efe7311c67297f7618,559
22b92b67-8bad-44d4-bb62-d37ecb91f432,Computer Science - Communication Systems and Computing,d7097efc2ea85e5d6a7296571b4540e594b2a8443ea4f30496f42453ddd25ff7,588
22442b67-8bad-44d4-bb62-d37ecb91f432,Computer Science - Communication Systems and Computing,8f33209a0f52daec7caeaa41c1d3857b212293c8deffc48bc6a32605a91d9d83,736
22622b67-8bad-44d4-bb62-d37ecb91f432,Computer Science - Communication Systems and Computing,eee048da34fa2ef08caecab4be886033877e5caeda4d9cc72498ec1903c106cb,777
22122b67-8bad-44d4-bb62-d37ecb91f432,Computer Science - Communication Systems and Computing,a8b9058c59ae24ba47113ff79c3f41a923cd3c721a589ee05090c924bc9a31cf,988
22562b67-8bad-44d4-bb62-d37ecb91f432,Computer Science - Communication Systems and Computing,adb142c64dda9f2074efa9cb4272b32cfa4cd0cb26ca385fa0f7d0ae20e73f66,989
22572b67-8bad-44d4-bb62-d37ecb91f432,Computer Science - Communication Systems and Computing,120fb76485500d09f140ffc1d9b8520343996468bf61c189e5d3bd4a2c3ea965,990
229a2b67-8bad-44d4-bb62-d37ecb91f432,Computer Science - Communication Systems and Computing,d3a783a80c727dadccfc601415508acc1dae016c981164ca83dcdb7c45790869,1019
22b12b67-8bad-44d4-bb62-d37ecb91f432,Computer Science - Communication Systems and Computing,33afa011488c159e5a3c3d4a593ee580b2b96e60701ebf5272fd206e2a87cdb9,1020
22152b67-8bad-44d4-bb62-d37ecb91f432,Computer Science - Communication Systems and Computing,acd2aa7b21d15defcb1d841b01c860e1aa60b40a2c19f048ccce1c77745e1d55,1084
229e2b67-8bad-44d4-bb62-d37ecb91f432,Computer Science - Communication Systems and Computing,fe0958148eb7cec673d8a1e992ba1f906a45fb039dd8ff1d470fd709083ec2e7,1106
21e12b67-8bad-44d4-bb62-d37ecb91f432,Computer Science - Communication Systems and Computing,9eb7f0bfc42d6a43eef4599ae33f563b2ede78ceea347338461e4e4de9f43c30,1166
224c2b67-8bad-44d4-bb62-d37ecb91f432,Computer Science - Communication Systems and Computing,ffba36f59aff73b641f13c73558c9428dfa97e6563f5ffdc15a6a3d2e621778f,1167
221a2b67-8bad-44d4-bb62-d37ecb91f432,Computer Science - Communication Systems and Computing,66dcc7e565e666a10e94fff9284da6c3439bba16f81a20695014af34cf0a97e0,1190
22ae2b67-8bad-44d4-bb62-d37ecb91f432,Computer Science - Communication Systems and Computing,8f3e419da02065bd2b5f5b677c67a165453d670c70bac97b0ad9261ca0bb67af,1191
22ad2b67-8bad-44d4-bb62-d37ecb91f432,Computer Science - Communication Systems and Computing,6a353beedc36fe220ac0ce70fa5907f6b8d8d45e99ca73a6f2371545b2a8f78e,1212
21df2b67-8bad-44d4-bb62-d37ecb91f432,Computer Science - Communication Systems and Computing,a07f03f497cf0c404e84d268b9763caafffcf11a802054511dd7dd3fc6653015,1235
22bd2b67-8bad-44d4-bb62-d37ecb91f432,Computer Science - Communication Systems and Computing,fc5544d9f6b430eefbff3d0516c315591a636f5c956e28d3a873999ca78354a4,1249
22b82b67-8bad-44d4-bb62-d37ecb91f432,Computer Science - Communication Systems and Computing,b7256012fbada9f0b354e86283f271c96b83c663f5df8ca5b22a93154224f869,1277
22612b67-8bad-44d4-bb62-d37ecb91f432,Computer Science - Communication Systems and Computing,57e23e3fdfc9c991521b69bd6466d8a12302a2c2591eb3c0ec7f253899dc3a0a,1290
22b62b67-8bad-44d4-bb62-d37ecb91f432,Computer Science - Communication Systems and Computing,b369dadcc4ac3e113d8675fdcbc5a4544e8c4957b2d0f6b94f27d1aaefd0333f,1333
22552b67-8bad-44d4-bb62-d37ecb91f432,Computer Science - Communication Systems and Computing,a5fd7852f2956f42526f9c9855a36f47aff708d31591c039551c0475ef263dbb,1409
22be2b67-8bad-44d4-bb62-d37ecb91f432,Computer Science - Communication Systems and Computing,dab803ce5beb212d7cf0bb9e97772676bbfea92cf86ee1e3cf9d25eb271e9d36,1419
221c2b67-8bad-44d4-bb62-d37ecb91f432,Computer Science - Communication Systems and Computing,cf8ec0dc4447f04c2abcd735946f39fd1f1253a7f02b82d33189e3e26b5b51a7,1452
21d52b67-8bad-44d4-bb62-d37ecb91f432,Computer Science - Communication Systems and Computing,b17afba4c0e4c07852a8c4e91df224d87c4559a8509a06951c816fe7855d9bfd,1471
225f2b67-8bad-44d4-bb62-d37ecb91f432,Computer Science - Communication Systems and Computing,5f7009f2a518bf90492f390daeed54ca47e9b74017a146717a109e35c3ba58ad,1711
21d42b67-8bad-44d4-bb62-d37ecb91f432,Computer Science - Communication Systems and Computing,63462d3a2ab565d3721150315db3b99ed304e38113675f715fa1fc25021fa274,1744
224e2b67-8bad-44d4-bb62-d37ecb91f432,Computer Science - Communication Systems and Computing,1832e63c4ed050eee2351567ec0c22b3206fc5aa851ef1a2ceda978ff48a58d7,1854
21e42b67-8bad-44d4-bb62-d37ecb91f432,Computer Science - Communication Systems and Computing,6a917084fb5f51e015378338520b2168bb655e151acf7c97c295948224c333ba,1968
22a12b67-8bad-44d4-bb62-d37ecb91f432,Computer Science - Communication Systems and Computing,75424a5073fc4eca7d1d00ef46b3850c0bab3a450b2592e3566fe0592024bf66,1996
22bc2b67-8bad-44d4-bb62-d37ecb91f432,Computer Science - Communication Systems and Computing,e86ce7b3316004329ffbe4b04c2b6ed4356d3c234248f1f0b699de9afc7c2701,2258
21da2b67-8bad-44d4-bb62-d37ecb91f432,Computer Science - Communication Systems and Computing,102bdba5ae2cb52d80c96df61e3e7e8f1f7d078b2f8bab3e947f7482f0aad34b,2414
22592b67-8bad-44d4-bb62-d37ecb91f432,Computer Science - Communication Systems and Computing,91da6fb77336e8ce6a90749a034a235241d5cf92c25e04b49a97e8ad31da847a,2423
22b32b67-8bad-44d4-bb62-d37ecb91f432,Computer Science - Communication Systems and Computing,abb163b1c0a10143e2bfa41b038e6993b879ef665a682fd076cda7c297c53919,2439
229b2b67-8bad-44d4-bb62-d37ecb91f432,Computer Science - Communication Systems and Computing,8d082c45cc0b76184761d7b2a2eac714ce838d9c194c84c22bf74041877bc0d9,2485
22a32b67-8bad-44d4-bb62-d37ecb91f432,Computer Science - Communication Systems and Computing,ce556c173ba04a68a3b47b994c334adcda72ec5e923dacc203d04af9d7d268ea,2592
224d2b67-8bad-44d4-bb62-d37ecb91f432,Computer Science - Communication Systems and Computing,537c5744b1aa94553aa8bd4448e32e1de3f06e35d58e04748897df51b1f9a789,2614
224a2b67-8bad-44d4-bb62-d37ecb91f432,Computer Science - Communication Systems and Computing,936abb1baab0d8df7dcbaf83e7cc3704b067879f67e50f4d39a6aa76fb116c35,2621
21d72b67-8bad-44d4-bb62-d37ecb91f432,Computer Science - Communication Systems and Computing,864674464ff8a2707baed5097d2b944a3edfbd289613a21171a7aa117ffedee4,2629
22522b67-8bad-44d4-bb62-d37ecb91f432,Computer Science - Communication Systems and Computing,4753827037c704aadf217bcb3b33c679cda549084d0ae6da961d9c04f2c11a2f,2636
22972b67-8bad-44d4-bb62-d37ecb91f432,Computer Science - Communication Systems and Computing,edda1cb61f52f586d4fdcab100230961ad778f36db18b7e375198af45e2a1d4f,2669
22482b67-8bad-44d4-bb62-d37ecb91f432,Computer Science - Communication Systems and Computing,d0032dbd7adbace99b5d8a1c5422207895103ae12886356cf1bca4cfe0dc7f1d,2691
22542b67-8bad-44d4-bb62-d37ecb91f432,Computer Science - Communication Systems and Computing,70498584cfe8fefb75fd0622a9a7173551b197890e9d533b2ca721c63115494d,2758
22452b67-8bad-44d4-bb62-d37ecb91f432,Computer Science - Communication Systems and Computing,3404b24e2b1d2c8142f34bb739705c9d4df7b3a1f6767253754fb57e094bd11c,2783
22ba2b67-8bad-44d4-bb62-d37ecb91f432,Computer Science - Communication Systems and Computing,b16f172791ddc5a6c899f885c2d0e36b0d385940795abac60b12df784865c99b,2795
22a72b67-8bad-44d4-bb62-d37ecb91f432,Computer Science - Communication Systems and Computing,2c9bad0e33df5ec1cc349375c06f4b3539cb3742d5a6d1e08001d02ccb8733fc,2836
220c2b67-8bad-44d4-bb62-d37ecb91f432,Computer Science - Communication Systems and Computing,fb5790b11f8604452f7db23c2e102b7cb88cfb7a36a82b099f32b2fb22b8fb1e,2855
220e2b67-8bad-44d4-bb62-d37ecb91f432,Computer Science - Communication Systems and Computing,8852a8ab192d1fd32a70628edba7eb27a3d4d9ea4a38ad991e5f7e6628465d24,2900
21dc2b67-8bad-44d4-bb62-d37ecb91f432,Computer Science - Communication Systems and Computing,6cab8fd63c9ac9b0828840d45f865e0ce5fa705d86d22453d01254f7166c51a4,3031
224b2b67-8bad-44d4-bb62-d37ecb91f432,Computer Science - Communication Systems and Computing,0cefc711b43340acc734011bba5d0b7595913462cf2504efb6b0b4ce6fd760ef,3064
22652b67-8bad-44d4-bb62-d37ecb91f432,Computer Science - Communication Systems and Computing,5db7266509b7d138f6f78756995520092267b6b859664ff55c611637426c4293,3127
22a92b67-8bad-44d4-bb62-d37ecb91f432,Computer Science - Communication Systems and Computing,d7d664f8bed2fcf3db9438353034226b330302a9da988535d488066fbaadec20,3165
22a62b67-8bad-44d4-bb62-d37ecb91f432,Computer Science - Communication Systems and Computing,558912db490d87c975e150f63fa5cd286993fd502aab44c8eff957416482ca02,3383
21e32b67-8bad-44d4-bb62-d37ecb91f432,Computer Science - Communication Systems and Computing,a28dc5813b515407a870954d1674a7b6b3b3118ca83fd6176916670545e0d078,3447
220d2b67-8bad-44d4-bb62-d37ecb91f432,Computer Science - Communication Systems and Computing,e66f86b4b9b90db51874743cc0d36a2b3b1b119d20b798a0b665d537fc4eb0fe,3448
22172b67-8bad-44d4-bb62-d37ecb91f432,Computer Science - Communication Systems and Computing,527a8801e9f3811db24845f8266811905784cf87e71db23eb473bccd0e62e700,3506
22a22b67-8bad-44d4-bb62-d37ecb91f432,Computer Science - Communication Systems and Computing,9ea221b726468a8049e54a073f41a9415ca83f6a133517a86a121561074c9cb4,3522
220f2b67-8bad-44d4-bb62-d37ecb91f432,Computer Science - Communication Systems and Computing,cefa7e3e97bb9b5434a7fbc14be8b817fa69fa01efba14d7ab8aeb81fe2315a8,3526
22602b67-8bad-44d4-bb62-d37ecb91f432,Computer Science - Communication Systems and Computing,c79184a2014356b58d7debb91170b177b6718a2a8886e8ae474c013e1b567aa4,3572
21db2b67-8bad-44d4-bb62-d37ecb91f432,Computer Science - Communication Systems and Computing,1198c226f7478f834111c1ac99a0f6b1802a6100ec65fb1fdef90084f9068f3d,3673
22672b67-8bad-44d4-bb62-d37ecb91f432,Computer Science - Communication Systems and Computing,a9b0550cda3e24905d6c698e6d221cda57f33a7cd6f13a297d81d2c6111f0baf,3757
22582b67-8bad-44d4-bb62-d37ecb91f432,Computer Science - Communication Systems and Computing,5e21560bd53fb31e1af2977a9a33220eb32abe341d15dbb7f8a5d41284e14cb7,3783
220b2b67-8bad-44d4-bb62-d37ecb91f432,Computer Science - Communication Systems and Computing,ef8151ee91735d498ae92d29348346812e851435da26c5598e597a838faca530,3848
225c2b67-8bad-44d4-bb62-d37ecb91f432,Computer Science - Communication Systems and Computing,9660094d6b2fbdd61f976a1764420e5648924d6bdfa75216975e15cb8c7718b1,3957
225e2b67-8bad-44d4-bb62-d37ecb91f432,Computer Science - Communication Systems and Computing,c55b1034ee52eaa6d155a4f748dbca2c5ffa65cf58f85932588adf9942989f96,3982
221b2b67-8bad-44d4-bb62-d37ecb91f432,Computer Science - Communication Systems and Computing,2ebd6bd8df6ec97dab0dddf264a7ca912e95a8eaff5771afbc93995d2a966b16,4142
21d82b67-8bad-44d4-bb62-d37ecb91f432,Computer Science - Communication Systems and Computing,24fc3867cd560a3eac3cb551e928136c7c427815449dc5a3b7d4022e245bc029,4288
229d2b67-8bad-44d4-bb62-d37ecb91f432,Computer Science - Communication Systems and Computing,979095f7d6c587a71d00976029422405c2034393356b3beeffa63c8e97a13403,4290
22a02b67-8bad-44d4-bb62-d37ecb91f432,Computer Science - Communication Systems and Computing,ff150867e061f1b4c85a8c19dfecddee1681cbc4c915a2c514441b8dd673d967,4305
224f2b67-8bad-44d4-bb62-d37ecb91f432,Computer Science - Communication Systems and Computing,f24c9672e582ef199cc177ab03d7ba2a46169430a9ea7556b6175fd236897c60,4431
21dd2b67-8bad-44d4-bb62-d37ecb91f432,Computer Science - Communication Systems and Computing,1994d76e6044385f175c4381e8f8e5c4c42387d797be6b87570d3919f15f3280,4481
22b72b67-8bad-44d4-bb62-d37ecb91f432,Computer Science - Communication Systems and Computing,c4da0224c676d0cf9bed20315574512bec1165e8a52edc4987f7f61701c620cd,4650
22a52b67-8bad-44d4-bb62-d37ecb91f432,Computer Science - Communication Systems and Computing,a1eee904e8cfed16a1df33ccf3ca5a5b15d95f48fca70ca00b4540a88aaf7e7e,4668
225b2b67-8bad-44d4-bb62-d37ecb91f432,Computer Science - Communication Systems and Computing,4b02a3ed51cee9fcf0b7ebd94f501a1e7ba52c75762b6392d26adc14f6424bd4,4674
22a42b67-8bad-44d4-bb62-d37ecb91f432,Computer Science - Communication Systems and Computing,b034e30127daf1e70f1fda9b6ec7acea247dd3b64874eaa8e5cb0c9a070689d7,4869
225a2b67-8bad-44d4-bb62-d37ecb91f432,Computer Science - Communication Systems and Computing,bf2cf9b7677d5d7d260d520d2937495f55ffe6b5ec40d603fd3748b909f934d2,5095
22982b67-8bad-44d4-bb62-d37ecb91f432,Computer Science - Communication Systems and Computing,abeffd66e3333b2d211b92683e04035fa76671269c1aa9507e762c770b2ab87c,5142
22af2b67-8bad-44d4-bb62-d37ecb91f432,Computer Science - Communication Systems and Computing,fe492f36871e8e9a86c9d2f59ec44f3cf6c25e535147baf931a7b914a5766975,5213
22992b67-8bad-44d4-bb62-d37ecb91f432,Computer Science - Communication Systems and Computing,6a0274f500bad668dc0238286b99af58ee945af9240ba8fdcdafd395da206cb2,5217
22aa2b67-8bad-44d4-bb62-d37ecb91f432,Computer Science - Communication Systems and Computing,10246cc53e68eb18df58d8fc0341c5971479a440c82077bae25f578a722f5fde,5234
22532b67-8bad-44d4-bb62-d37ecb91f432,Computer Science - Communication Systems and Computing,560912e87f83c581aefdb4afc56e527d9273438c7eadbea2a3be6325fe4284a6,5268
22422b67-8bad-44d4-bb62-d37ecb91f432,Computer Science - Communication Systems and Computing,ecff39c2ec375a85933c9a7f56100cd153727163ce983a99fef2abc8547b794d,5283
22162b67-8bad-44d4-bb62-d37ecb91f432,Computer Science - Communication Systems and Computing,2b6c7417cd3b53091f15bed242c9dfbb9e4616afd9526c727f1002bdf4252e76,5340
22082b67-8bad-44d4-bb62-d37ecb91f432,Computer Science - Communication Systems and Computing,b7cb3f9541e726b0b7ece483262566845d1943095821ff1461beed152ced0965,5430
22462b67-8bad-44d4-bb62-d37ecb91f432,Computer Science - Communication Systems and Computing,1d7060260b709248b4e6742c2b659c6df0a93f07161f319233cd2e43ef0fc40b,5491
22b22b67-8bad-44d4-bb62-d37ecb91f432,Computer Science - Communication Systems and Computing,c339fc20a71c34e0e06885052a11b1fc8caa963467e51225e33a7391c5e3dc23,5548
22472b67-8bad-44d4-bb62-d37ecb91f432,Computer Science - Communication Systems and Computing,645df45cee8645dbeacf0894f15810feafb6616d023bb46675f8d8db5de91850,5669
225d2b67-8bad-44d4-bb62-d37ecb91f432,Computer Science - Communication Systems and Computing,40f7b1c4921e106812e70fdc4e18beebd3c5d04f6598593b7c0af6a89cd1b6a2,5688
22512b67-8bad-44d4-bb62-d37ecb91f432,Computer Science - Communication Systems and Computing,6cc8de31750d6118cfd824596a907247cf62d71899ce1daa98db6489fbb8a074,5708
21d92b67-8bad-44d4-bb62-d37ecb91f432,Computer Science - Communication Systems and Computing,31fdba7179776f9caf44f500f3a2c303cbeb6fca7da467116f87a75b8b4a213c,5797
22632b67-8bad-44d4-bb62-d37ecb91f432,Computer Science - Communication Systems and Computing,b048db7bc4fd8f38093d4eef34fbe93614256279239df0c42874dc99b99f7622,5808
22ab2b67-8bad-44d4-bb62-d37ecb91f432,Computer Science - Communication Systems and Computing,7d1e2554e6c35e42ab482d612e427fcdb468511c5828a2d11a07ff95834f9efa,5895
22642b67-8bad-44d4-bb62-d37ecb91f432,Computer Science - Communication Systems and Computing,ebd4cc98bde09e4e54893bfc5e0ffe804d64bffd1bb23f7e44dee490a4ba7c18,5987
21e02b67-8bad-44d4-bb62-d37ecb91f432,Computer Science - Communication Systems and Computing,3a35049623badfcb80027fccd7081091e40f35e9bdae2810c4effca42e35fb35,5999
22502b67-8bad-44d4-bb62-d37ecb91f432,Computer Science - Communication Systems and Computing,2b26127ea4106c2a2fad730a08c930ac481e23bbdcc92dfb725f806dcfdaed95,6005
21d62b67-8bad-44d4-bb62-d37ecb91f432,Computer Science - Communication Systems and Computing,b83ae63e74080a9865b2040fa9ea408f8d2c179482ad41cb3acc2b4f2feda026,6030
22ac2b67-8bad-44d4-bb62-d37ecb91f432,Computer Science - Communication Systems and Computing,60d71ad013225efbb90deffc672a37a30c23922c3f69748ec3a5c6ae6baf1cc2,6081
22432b67-8bad-44d4-bb62-d37ecb91f432,Computer Science - Communication Systems and Computing,c196b9754b62ed7ec831b97c282f284d79b073b13228cf3a5b18f0ace6629564,6118
22182b67-8bad-44d4-bb62-d37ecb91f432,Computer Science - Communication Systems and Computing,bde75538b2f8f255e6dd56daa07e49f716b60eac83074de2be7c37e9500f797c,6190
229c2b67-8bad-44d4-bb62-d37ecb91f432,Computer Science - Communication Systems and Computing,67129d673e8ccb91e7708f00f830a20e36df3e48d7a4c0f23bb85217bcec2b65,6199
22492b67-8bad-44d4-bb62-d37ecb91f432,Computer Science - Communication Systems and Computing,75664fb2240ad01ea4fc5a2db189ce5c3ae7650ceb5904f16796a31dcac7173a,6252
22bb2b67-8bad-44d4-bb62-d37ecb91f432,Computer Science - Communication Systems and Computing,7485d92d9e288462d087fd1d802d70d9992be92e594ebf54c85b531e8c7cbeaa,6327
22132b67-8bad-44d4-bb62-d37ecb91f432,Computer Science - Communication Systems and Computing,fbed468f7ba089782e52ed5dc9c70d952f52ad8eecf9e01f909cd5fb7fe895b1,6533
229f2b67-8bad-44d4-bb62-d37ecb91f432,Computer Science - Communication Systems and Computing,850c8f9cf3f4a5ce5d18e42e02ff4f61d95c61bed34c57774a902c1751aa27fd,6564
22b52b67-8bad-44d4-bb62-d37ecb91f432,Computer Science - Communication Systems and Computing,2f82a153e32a2a7639ff3fdda40b8d601e1d1d416ad5764df8f8265c099b291e,6597
22072b67-8bad-44d4-bb62-d37ecb91f432,Computer Science - Communication Systems and Computing,2f4a72114a0d6faa68cd2dda2060aa31f73df3563c50762ba45c261d73e5b2b6,6628
220a2b67-8bad-44d4-bb62-d37ecb91f432,Computer Science - Communication Systems and Computing,ba561898af53b354ea3d679cf66011e24b3ebceae522496608101efd4fea3999,6629
22b42b67-8bad-44d4-bb62-d37ecb91f432,Computer Science - Communication Systems and Computing,3d05b0c7114ed506ab10227bd156dc5595557d9ec738dd1fd563ce7c2ce6c618,6705
22662b67-8bad-44d4-bb62-d37ecb91f432,Computer Science - Communication Systems and Computing,384bef47a4607beff27053b9da3100cbf9d8222e0b938cc6127ebf2c47b31b89,6724
21e52b67-8bad-44d4-bb62-d37ecb91f432,Computer Science - Communication Systems and Computing,8e900ae643b93be195ec12ef2cf5c24dc313799f93ea4b3b927a05aa2532f5f4,6739
1dec2b67-8bad-44d4-bb62-d37ecb91f432,Cognitive Abilities,a4964fb5082a9c95b73f96d6dfb7156e2f4a0eb79852f2b992e260ae1c5c1c4d,57
1e062b67-8bad-44d4-bb62-d37ecb91f432,Cognitive Abilities,f45de701e58e10fcb22a044eb344c753f612598ccba193839cc52d79eb548b54,109
1f052b67-8bad-44d4-bb62-d37ecb91f432,Cognitive Abilities,2f965851a85c8942e235c59b792aa219feae22275c1716e41c2041cccfcc61ff,110
1dcf2b67-8bad-44d4-bb62-d37ecb91f432,Cognitive Abilities,b3656583d2c25bf5e35ef52945b1f2fb5e5d95e211ec422db2c20c7fcff750ff,124
1ef72b67-8bad-44d4-bb62-d37ecb91f432,Cognitive Abilities,d632256c11222f47ec950ce797634e38f9b30b3acebaba21f937b64616847d2a,199
1e572b67-8bad-44d4-bb62-d37ecb91f432,Cognitive Abilities,0a9605ced9ec7e28103a522305f6fa70bf0c63fdce7f88a20bcb07d79f7520a1,247
1f032b67-8bad-44d4-bb62-d37ecb91f432,Cognitive Abilities,7736a47e82d8ed46a807f09f0fc6400e6f73717d048b50c76d0511374f4ec8f5,320
1ef82b67-8bad-44d4-bb62-d37ecb91f432,Cognitive Abilities,99a243e27a14f1b5d40ede96419d5f5eaaec5467e9d316bcbb745b0efb52e253,388
1f1a2b67-8bad-44d4-bb62-d37ecb91f432,Cognitive Abilities,2e2e418281c4f5bff684b90170a4ca0fa33494075b2f7272cbc1c572067e2e18,400
1f1b2b67-8bad-44d4-bb62-d37ecb91f432,Cognitive Abilities,417b4268bef524ff0537b642a4a1018e693b2903b9f0452e4e8907de6df8b849,401
1e472b67-8bad-44d4-bb62-d37ecb91f432,Cognitive Abilities,8b37b1ed0f142ace50333f68ab89050698855ecdc15402838833d917969d1115,458
1dde2b67-8bad-44d4-bb62-d37ecb91f432,Cognitive Abilities,eb430348e4bfd66e109c203bd147d446c8be436585163540b1d3c9b0dc99e1ef,489
1f222b67-8bad-44d4-bb62-d37ecb91f432,Cognitive Abilities,b81b6ca55cb99430f3e09f8309a77d124bca657d88d22d9b494e640713274aa0,535
1e2a2b67-8bad-44d4-bb62-d37ecb91f432,Cognitive Abilities,e33e1b2a69fd2387f7e60eca7b3b63e40574e67301f43bcaf13488ece17b9d62,575
1e652b67-8bad-44d4-bb62-d37ecb91f432,Cognitive Abilities,480ad7dc9b7f490baf4df0425c5e92fa7be51ab782b202c36fe67810484ad76f,609
1f242b67-8bad-44d4-bb62-d37ecb91f432,Cognitive Abilities,2ba824eef07696e5e9de40f33a15229b660be74ca65afd99dcc5925a0b96a824,623
1e2c2b67-8bad-44d4-bb62-d37ecb91f432,Cognitive Abilities,693dce3a78c69c2d822706418c2c8cac6e2e39d78f0a3b34e051367aefa1ca98,629
1f152b67-8bad-44d4-bb62-d37ecb91f432,Cognitive Abilities,d5dfa18d8c05c9997736a373ccdb97d1c7565308535718bc6962b8a304eac089,630
1f0f2b67-8bad-44d4-bb62-d37ecb91f432,Cognitive Abilities,2915745e25a9901cddd8b07e55b6f1486c0ae90020e761eff2f1314a158de9fe,734
1f122b67-8bad-44d4-bb62-d37ecb91f432,Cognitive Abilities,40356d924ae73fe621b517fd97260379161d98c86277b7cecf5a6e99e2a68efc,735
1ddd2b67-8bad-44d4-bb62-d37ecb91f432,Cognitive Abilities,dd45a6e667a4ebef4532f4c1a8fc4d12864b1e6429ca1d9f1ece738c2ffaf5b3,786
1ef52b67-8bad-44d4-bb62-d37ecb91f432,Cognitive Abilities,d3e0869da6141bacd271aee88af6f292d4ce17adbaf0986e400100da6b617c51,798
1dcd2b67-8bad-44d4-bb62-d37ecb91f432,Cognitive Abilities,2cab6fd928f11f0df0b2214969b94686726968c50cd99f70fc9f6cf75f195e78,1198
1f262b67-8bad-44d4-bb62-d37ecb91f432,Cognitive Abilities,bd991eeecac02ba1cd65becade1c88830fe8d6219731d0a749c8981da89b150b,1199
1e5b2b67-8bad-44d4-bb62-d37ecb91f432,Cognitive Abilities,6dfb8358ac26a3d15fcd70e7f088b5dc053ab16d82000f6b427fa79326657623,1233
1dfc2b67-8bad-44d4-bb62-d37ecb91f432,Cognitive Abilities,6a3edb91b7434d059a4ca39390f37e5fff220387d4f5ced87648ba5d5e94baf6,1305
1dd72b67-8bad-44d4-bb62-d37ecb91f432,Cognitive Abilities,5f65e1da962006d3cf2a34c207757aaf70545d540f7c7816f2336655628c1d2e,1375
1e302b67-8bad-44d4-bb62-d37ecb91f432,Cognitive Abilities,12aae53a3ad12f6a99e8ef0c3b380562ef1206f79969346dd5ab7e60071199b4,1407
1f132b67-8bad-44d4-bb62-d37ecb91f432,Cognitive Abilities,0b62c769b9d16aa4a301fb372dff0b74989bf8e9777cac33ca79dce100e366e1,1544
1df82b67-8bad-44d4-bb62-d37ecb91f432,Cognitive Abilities,bb6b258a63ce14b3db32a856dcc09c7131a03af8729fe616ad1ab147eb33aceb,1684
1ef92b67-8bad-44d4-bb62-d37ecb91f432,Cognitive Abilities,549dff0bffcf5e85aa73c4a02bb4170e3655f75818e32f8aefa12172980555cd,1696
1f252b67-8bad-44d4-bb62-d37ecb91f432,Cognitive Abilities,8eed632d5044f994b083cfc87ed8b426243d23629f5eabbe0fbc947b05a9c3d2,1720
1dd02b67-8bad-44d4-bb62-d37ecb91f432,Cognitive Abilities,9bb538dd5ba6db95b65afc993bd03bc1a9043f2a83319bd85e7abef424d7eeac,1733
1de62b67-8bad-44d4-bb62-d37ecb91f432,Cognitive Abilities,2803acd6986d8bb20693038eb0e0613bfd37e8ba0681d0eaf1fad49a4970da93,1924
1e5d2b67-8bad-44d4-bb62-d37ecb91f432,Cognitive Abilities,913724761408c03ca481e6a73261ec1b999d5b3ad1c4b0e88cdfee67e330203a,1943
1de52b67-8bad-44d4-bb62-d37ecb91f432,Cognitive Abilities,a068b2961ba8b6454c6f917ef290755f6504150a74f66cb7b04f60d42ec88e0f,2055
1dca2b67-8bad-44d4-bb62-d37ecb91f432,Cognitive Abilities,d10e1e2ac9cf2ed0b3449a068c3ef3818da4a92cb443861560cff7ddf729d589,2108
1f022b67-8bad-44d4-bb62-d37ecb91f432,Cognitive Abilities,59192812d4a6df824120b8bd47a20a80130e615325eb441846a765c2b056aaf8,2141
1e232b67-8bad-44d4-bb62-d37ecb91f432,Cognitive Abilities,ba45130be76e873cddde4c0d0d461be820aa7643dd0ed75fb59a3bf0d72ab7b4,2201
1f1d2b67-8bad-44d4-bb62-d37ecb91f432,Cognitive Abilities,6e6322fdefcc3955933b645d36acafd7a43e126941d3498aca83ce83f7304462,2243
1e252b67-8bad-44d4-bb62-d37ecb91f432,Cognitive Abilities,63426ddb1a841d2203a221a71ad8da80914ff1eeeefc89ece7dfddde6f47055c,2411
1e282b67-8bad-44d4-bb62-d37ecb91f432,Cognitive Abilities,4b9f4e0271db12e0c18afb6eb980a652930c7c574b850a33176dfbb5abb595b0,2432
1f142b67-8bad-44d4-bb62-d37ecb91f432,Cognitive Abilities,920e9e7637cc2018136007b7a05de9f4bbce01e2a24a9c048900d9aab2e85930,2628
1f092b67-8bad-44d4-bb62-d37ecb91f432,Cognitive Abilities,ef456aed72acf447ae6d7408f45a53de494b1e2f3f0d61ca9095ef508d5bbf0f,2650
1e6b2b67-8bad-44d4-bb62-d37ecb91f432,Cognitive Abilities,a8f795b24cbd01df8376298a6f72e45f5fe7ad314f3034417465c164ebb3a614,2668
1dd82b67-8bad-44d4-bb62-d37ecb91f432,Cognitive Abilities,47d266ac9136d382591ac402a9e33f9d7a88b403d0b5c269c05be51161d0ada4,2672
1f072b67-8bad-44d4-bb62-d37ecb91f432,Cognitive Abilities,c1a1bf4cba486e8a9f9ac4f17ab918a97c9bdcdc4b39f6143f03e24a916d26e9,2705
1eff2b67-8bad-44d4-bb62-d37ecb91f432,Cognitive Abilities,dec941046754b0ff52c837c686b42c254b6467e348ab11c90116f4df2d11a3d6,2756
1ed92b67-8bad-44d4-bb62-d37ecb91f432,Cognitive Abilities,269e258cb38ee96eb461594a43d4d17938a0f4656d61fdce82d618e2906f9907,2869
1dd12b67-8bad-44d4-bb62-d37ecb91f432,Cognitive Abilities,42a126c3d1f1045fb2fedde6b208190e6bc336f966add5f55484eb29fc6c6149,2970
1df12b67-8bad-44d4-bb62-d37ecb91f432,Cognitive Abilities,3be89fb3d3eec75458631fe9c888366c4a24c3f060a943053af25a7081b4f851,3018
1f082b67-8bad-44d4-bb62-d37ecb91f432,Cognitive Abilities,114f15375884cc8c07784a280a64afccf6eb755ac8b318e102b2bfa4429b7db1,3048
1f1c2b67-8bad-44d4-bb62-d37ecb91f432,Cognitive Abilities,53a081fb1a4f80e23bb6a39191b38c7ca111afec652d4bcff019286109b5af29,3080
1e592b67-8bad-44d4-bb62-d37ecb91f432,Cognitive Abilities,25ff069bcd5966dac89d0f81ed0f0385c908fe1b50b90dc504047f304fea1a15,3096
1dea2b67-8bad-44d4-bb62-d37ecb91f432,Cognitive Abilities,75e42381bb24233967014832575b7ee7835f978ff85babdd06bf0e19c086c33a,3359
1dcb2b67-8bad-44d4-bb62-d37ecb91f432,Cognitive Abilities,ef3a2cbb1cbe4b6bfadc256e7175c990e8f9d31d90e2c1a2a70c037dfd4a6e18,3382
1dd52b67-8bad-44d4-bb62-d37ecb91f432,Cognitive Abilities,51766132594ac69caf41a97ed7d56e94db2e77bf8e5377c592699801ba23934b,3389
1de72b67-8bad-44d4-bb62-d37ecb91f432,Cognitive Abilities,bd07a0bb26656ac45ac22c476019ae0370ac6a7cdc6ba0594e3e0e58c024fc49,3570
1e0b2b67-8bad-44d4-bb62-d37ecb91f432,Cognitive Abilities,9cf52efb4252153684b2213eec15d057679d96674eb8aadc055900e8e9ff6eb8,3606
1ef62b67-8bad-44d4-bb62-d37ecb91f432,Cognitive Abilities,7df11d22c5ad6979ed846e299d243217542525e7dd869c7c97b9877a64bb38d2,3641
1dee2b67-8bad-44d4-bb62-d37ecb91f432,Cognitive Abilities,e81ec1088112a176f40fb27d87d855aae7a04cfddf5a8573e986fce81c1a42f3,3790
1de02b67-8bad-44d4-bb62-d37ecb91f432,Cognitive Abilities,f95825863033756851b0826d9bb25face619c1ff0c6644fd1d13ba8efa1151e5,3802
1ddb2b67-8bad-44d4-bb62-d37ecb91f432,Cognitive Abilities,89b5a285a81b3bf73d8ec39196c66b28f56fbe198c47edc79d7c59ea227e5b2c,3847
1f042b67-8bad-44d4-bb62-d37ecb91f432,Cognitive Abilities,0020bf422f72a262701f6fe9b3e7b3815a4e2251d4d95ca4f58705bf4ea89be8,3927
1f0a2b67-8bad-44d4-bb62-d37ecb91f432,Cognitive Abilities,42aa5d17f24b4e464918728dbbbe9d5e8f0d04e27687d96cbae7e48102c24c8e,3928
1f162b67-8bad-44d4-bb62-d37ecb91f432,Cognitive Abilities,419aae1ad4b0a00633172340cbbe8347ab8694526503676b308d76f6cff5fa4b,3946
1f1e2b67-8bad-44d4-bb62-d37ecb91f432,Cognitive Abilities,32169b308bea35cadd7db977bb25651739d756e7dac23be9c7330a09ef7b1f0a,3954
1de42b67-8bad-44d4-bb62-d37ecb91f432,Cognitive Abilities,6df684afd0ebc8c758a732537e33c3dfe1e23c1846a54e0a28d6d14f37e71051,4036
1f0c2b67-8bad-44d4-bb62-d37ecb91f432,Cognitive Abilities,791ae89e479062840d39fe8b74dc3f3d242d6d7b4b772c6a59fd9b151d0573b6,4046
1e632b67-8bad-44d4-bb62-d37ecb91f432,Cognitive Abilities,d1db3a35ca3760dbccc9b0f2013b25078817492bb837c961b9c2fdaf94f6138e,4167
1e522b67-8bad-44d4-bb62-d37ecb91f432,Cognitive Abilities,aefe53fbeb403b9e76969ec7bfd6b9ca2a8a6d8c2694a64fd7378a53f7a3f534,4382
1efb2b67-8bad-44d4-bb62-d37ecb91f432,Cognitive Abilities,9208cee3ea8a7a356fda5acbb534a3f8071400b908982c53871d2eab9a7c3670,4383
1e002b67-8bad-44d4-bb62-d37ecb91f432,Cognitive Abilities,3a4bb82998c72262e41bb4360dbd8457630f8040e2e12253371cf7ca87cd5d57,4427
1f112b67-8bad-44d4-bb62-d37ecb91f432,Cognitive Abilities,8b98154e6794722c21fdba3dbd9ae11ff1f6157195b13dfe5aaa7542e2b089df,4538
1dfa2b67-8bad-44d4-bb62-d37ecb91f432,Cognitive Abilities,30e7ab962fa7f029e20178cb529c4f3ac7413be5d2ceb85204b8a3619e1fd6db,4614
1e512b67-8bad-44d4-bb62-d37ecb91f432,Cognitive Abilities,7bb2b6a8ddacbe86c7357a4afc8cc590b198db2115808e3703a1ead5ff46c453,4638
1e012b67-8bad-44d4-bb62-d37ecb91f432,Cognitive Abilities,cad4868d4a2b397f328d16ee9ac61fba4be1bdecb56289fe390901a994f1f290,4714
1e2d2b67-8bad-44d4-bb62-d37ecb91f432,Cognitive Abilities,62617461fb58284884cf3be63f8989cc26a79e812993400c41b955a3018fe22f,4732
1e092b67-8bad-44d4-bb62-d37ecb91f432,Cognitive Abilities,b31d33015b57b5ded19565c067f6e8b4bba235d0ab29c2bc59d27bef16b2b647,4883
1efc2b67-8bad-44d4-bb62-d37ecb91f432,Cognitive Abilities,1a5a6656599515999e8b41e2ee1d67c6be1109eaa2ffb9149af1c391ec26d5e5,4942
1f212b67-8bad-44d4-bb62-d37ecb91f432,Cognitive Abilities,f9e8c628043091c65f9306118309b82bed065536722d0f16498609f0138cc7cc,4943
1efd2b67-8bad-44d4-bb62-d37ecb91f432,Cognitive Abilities,359cf620392e53446ff6e665095c40224edcc0c52a7df6aa28c913b1fa83e861,4990
1dd32b67-8bad-44d4-bb62-d37ecb91f432,Cognitive Abilities,7401ae479cd673807199adbee707f8b9e9279ddd39b40624900ac22c24837e5a,5013
1df32b67-8bad-44d4-bb62-d37ecb91f432,Cognitive Abilities,c1322f2315098fbcdcac3e84a00b06bf316e499fa1fbc9f5332dc93abc9607ca,5014
1f192b67-8bad-44d4-bb62-d37ecb91f432,Cognitive Abilities,9b78036a5aca7bb784cc9056d72438755901ea97a117869a1235b44538bba274,5039
1f232b67-8bad-44d4-bb62-d37ecb91f432,Cognitive Abilities,046d6a68fa08389b6fa59f04c359d04cf87d507a0c7c0d7ad9f1d7779ba85c39,5055
1dfd2b67-8bad-44d4-bb62-d37ecb91f432,Cognitive Abilities,5f6321cbe50b504bbf143a97138ed0463c7a59080af8ff7b3da0d55750a498ea,5065
1e272b67-8bad-44d4-bb62-d37ecb91f432,Cognitive Abilities,d6095558a8e3504209fc9bbdc467bceb3c27fd2ff5878126cd3de3d074a1871c,5082
1e582b67-8bad-44d4-bb62-d37ecb91f432,Cognitive Abilities,93416c1d6f9e6513ba835549bee01b51e231399fedd834716e181840e2852212,5109
1e542b67-8bad-44d4-bb62-d37ecb91f432,Cognitive Abilities,efb196281ad2a32b11d25064593f3434f4c0a91436b8c2de9dcd63cd974d8fdc,5141
1f002b67-8bad-44d4-bb62-d37ecb91f432,Cognitive Abilities,430bd269111b0fa3541567e58468943838cf8ea0388df06732cbb59accd66bff,5170
1f0d2b67-8bad-44d4-bb62-d37ecb91f432,Cognitive Abilities,b87f16f1a1ae0bab4c61f2773affa0b51c061406e3c94220e2196d909a3656fa,5178
1e602b67-8bad-44d4-bb62-d37ecb91f432,Cognitive Abilities,06f22606a8bf4e262f54b43fbd0f6835a5104fff636187ba03331d1caf5b14ea,5389
1e052b67-8bad-44d4-bb62-d37ecb91f432,Cognitive Abilities,11f31b9c0f0be37791014b8fbfa55a0c2d3857cc71fadb6dade49f74930aaa06,5470
1efe2b67-8bad-44d4-bb62-d37ecb91f432,Cognitive Abilities,2f3a452e541621accef78c6da9fc4b1006d628743e3ae2dc439e30e7ad7c7226,5541
1f0e2b67-8bad-44d4-bb62-d37ecb91f432,Cognitive Abilities,47b98fb14bce20beb1dc23747a5bb72ba930aec741689062fd1b587f604f6202,5555
1df72b67-8bad-44d4-bb62-d37ecb91f432,Cognitive Abilities,d0d6ee34a9409698992405a443f3e12597c31ad05774eb9c01666a5835341e6d,5579
1f172b67-8bad-44d4-bb62-d37ecb91f432,Cognitive Abilities,ea590644b13dec005357d6096a8535a1b08113acd3dab73edbf766d5a8c832e0,5650
1e672b67-8bad-44d4-bb62-d37ecb91f432,Cognitive Abilities,376dfb3b6d6c89ee729beb8d8511bb817a11dc67ce0beee39298b3b579da072f,5668
1de82b67-8bad-44d4-bb62-d37ecb91f432,Cognitive Abilities,be876cf55842320cf9d0f668fa3b4a0d885d123abc1141a67f16eb5634fced9b,5696
1f0b2b67-8bad-44d4-bb62-d37ecb91f432,Cognitive Abilities,57a7fd53c8b19189d6b77095d32f077952cf1ffca5556133d1e2103018c2604a,5933
1def2b67-8bad-44d4-bb62-d37ecb91f432,Cognitive Abilities,8ad2e0c986d5293108c1dc06031cfbc8463d411edc9f4e9a4ed1b3690a40f89e,5968
1f182b67-8bad-44d4-bb62-d37ecb91f432,Cognitive Abilities,1f7c81b76d0317659a047c1367d7d5e0bae20f63b6769155170145d394260f59,6043
1f202b67-8bad-44d4-bb62-d37ecb91f432,Cognitive Abilities,13c0421b31156c526e90b04ff779e686442e9617081848567864466c9fee3f15,6092
1f012b67-8bad-44d4-bb62-d37ecb91f432,Cognitive Abilities,73dc0c84c305cf38c11f20bfe541995ae623a53f33bb1a04761237dd8e96e2fe,6243
1f1f2b67-8bad-44d4-bb62-d37ecb91f432,Cognitive Abilities,4b9a192465f0268d320a63b74f916e3ed4487d5ff7f2fc33223b5e9ab3302f43,6259
1e622b67-8bad-44d4-bb62-d37ecb91f432,Cognitive Abilities,9bb764f27b8f4d94fa79d46843e6dce472f59e7471e1e0dc0c4d53a813cc622c,6283
1f102b67-8bad-44d4-bb62-d37ecb91f432,Cognitive Abilities,12f12519cbdc01c219287739352b5dc35ce39b30ecf006ac7f38754e2468065c,6444
1e492b67-8bad-44d4-bb62-d37ecb91f432,Cognitive Abilities,047898e99cdb00148838d06a8d40ba64d00697ecfa48cd2dfd148dfa5e6c70d2,6488
1f062b67-8bad-44d4-bb62-d37ecb91f432,Cognitive Abilities,97799e265108e386a2297bd3e9cf40e6bf7700aa84f3a4b70fe9ee1caec2c1e3,6617
1df52b67-8bad-44d4-bb62-d37ecb91f432,Cognitive Abilities,d338dc605e8a3bf1c3e2ab954746f5a943185066446207f488c0a92bb2e24614,6626
1dda2b67-8bad-44d4-bb62-d37ecb91f432,Cognitive Abilities,0281d81f2461f1a099036913260712e95ff590d75749c7072aef9f56e20d934f,6704
1ded2b67-8bad-44d4-bb62-d37ecb91f432,Cognitive Abilities,72978f15681050c81aa29c035d7de7d013826e5e50696881695e05b5176b097d,6773
1dff2b67-8bad-44d4-bb62-d37ecb91f432,Cognitive Abilities,c16ba40dd386ef2fed6bcc53e0bd9752e35fc84a46b6c127372979ce0c85d7b5,6774
1efa2b67-8bad-44d4-bb62-d37ecb91f432,Cognitive Abilities,00a5d8302be8e51ea41c05dc780690a36a2a6326c70ef9d9593e1af7dc498f87,6791
1e322b67-8bad-44d4-bb62-d37ecb91f432,Cognitive Abilities,20f4627b0bef3c9183e4fa83722ec507f7f88afc53bab6a6715a58077fd54f5b,6830
1de32b67-8bad-44d4-bb62-d37ecb91f432,Cognitive Abilities,0e519da6db9216f799c16004281dedea6014c2582f0ef674dfcae26801469fed,6929
1e032b67-8bad-44d4-bb62-d37ecb91f432,Cognitive Abilities,3b5541c2e185157b46c9ec591ef26a9055d02b10f85561824e371d2fd5e78b2d,6963
416a2b67-8bad-44d5-bb62-d37ecb91f432,Resiliency (starting 2024-2025),3065384a627daaecab69ff5baa69c8e874811eccf426cf9bd53f605bcd1f3c9e,29
418b2b67-8bad-44d5-bb62-d37ecb91f432,Resiliency (starting 2024-2025),84811211e08cc6e7ecd4c20e2f2fc18a9feafcea70c9bc9c6a88be6949393e69,141
417a2b67-8bad-44d5-bb62-d37ecb91f432,Resiliency (starting 2024-2025),4edcbd653efe4067de300671fd49f487df741255ff37c020d2057fa07cfcb774,201
41872b67-8bad-44d5-bb62-d37ecb91f432,Resiliency (starting 2024-2025),52e9c742a31b699afb18785aa63ddf6bab8046a03a8d0ac8681065daf5d79c76,219
41992b67-8bad-44d5-bb62-d37ecb91f432,Resiliency (starting 2024-2025),2478b6f6cfc75b980dfc83bb0ece2aace855ec80e6dfe944c70cbf4368a40b45,220
41c52b67-8bad-44d5-bb62-d37ecb91f432,Resiliency (starting 2024-2025),edd9c3cf63bdeb2fcf99c37c3c8e77082262db5e846e2e0610989c6a572f9bb1,418
418d2b67-8bad-44d5-bb62-d37ecb91f432,Resiliency (starting 2024-2025),b99c9d9149a7bdcde9c538cf5fd5a62505520d22d59e5856c7912fd10232b9c4,483
416c2b67-8bad-44d5-bb62-d37ecb91f432,Resiliency (starting 2024-2025),444181906d65f7c85e2a43c1cb52bda67afdf63d2069d67f23bb73ccda8df5c9,550
416f2b67-8bad-44d5-bb62-d37ecb91f432,Resiliency (starting 2024-2025),af245830afac8d583b8f11331a7e24c37c7ddb94ae8404305f0b35d9677e9876,562
416e2b67-8bad-44d5-bb62-d37ecb91f432,Resiliency (starting 2024-2025),f17974c2bd574ab6c99c525f70adb0946b37c87d8b404057c80cd4fa3d1bc1ae,590
41892b67-8bad-44d5-bb62-d37ecb91f432,Resiliency (starting 2024-2025),a9c0e68c95e3b232633ec1a0ae89544894bc5418040965590e2d63ae25b1f5b7,723
41c42b67-8bad-44d5-bb62-d37ecb91f432,Resiliency (starting 2024-2025),cd6c3bfb8fc0af0d98843e9fca47deb6c7c584098955ee2b8c6dc0207b5f6f76,944
419c2b67-8bad-44d5-bb62-d37ecb91f432,Resiliency (starting 2024-2025),96543621a6f418c9da0b20dc0775a6f5b91cddf6cc33b99c2d659dfad1c6c73a,980
41a82b67-8bad-44d5-bb62-d37ecb91f432,Resiliency (starting 2024-2025),a97a5fba6bd9bce24a2421d6473d7905e3d9ca6087862489e5c346f8c521639b,1000
418f2b67-8bad-44d5-bb62-d37ecb91f432,Resiliency (starting 2024-2025),ef3dc64926e7ad5dd937e84e2509ac67b98aca787e1e6ee87025e89f7a3b40f6,1179
41602b67-8bad-44d5-bb62-d37ecb91f432,Resiliency (starting 2024-2025),d184391a98c9762882d19d67add0f749e3d5a07c9bbd675b9ef1be686256a5fe,1225
41c82b67-8bad-44d5-bb62-d37ecb91f432,Resiliency (starting 2024-2025),816f1853611abb137686f856daec2f8139c4577210b12fd766f28e456872bebf,1226
41c02b67-8bad-44d5-bb62-d37ecb91f432,Resiliency (starting 2024-2025),2059b8040fb5440069bc0bae55b6bb1995170520011133a58df47b279afdf060,1240
41c62b67-8bad-44d5-bb62-d37ecb91f432,Resiliency (starting 2024-2025),a807edf0622e797b91edb8c3efd372357173add7cb4ef55ec8ff37bd904e647b,1315
417c2b67-8bad-44d5-bb62-d37ecb91f432,Resiliency (starting 2024-2025),39f867567cb0f5c6f6fbdac0dd58bc951c036b870bfd9527a2021e5e883fb6c3,1335
41b82b67-8bad-44d5-bb62-d37ecb91f432,Resiliency (starting 2024-2025),0091970505c7be2ed9f1bcd1cbbc6b38f6c2b6a2a2e032b00bca64a4e40c13ae,1346
41ad2b67-8bad-44d5-bb62-d37ecb91f432,Resiliency (starting 2024-2025),65015fa6feaaff7e6047416dd79c9487f5aabf430be80bcc16007e5c4a44749e,1377
41b22b67-8bad-44d5-bb62-d37ecb91f432,Resiliency (starting 2024-2025),b56000d56729b1b89ff373249c197b801c386ff9c201400e6c89990c1f59fff6,1390
41682b67-8bad-44d5-bb62-d37ecb91f432,Resiliency (starting 2024-2025),5b16a4d47c39ba26da3ccba09af8df44dc1729210633764402b977ced037ff42,1429
415b2b67-8bad-44d5-bb62-d37ecb91f432,Resiliency (starting 2024-2025),362910fa99b7d818333fe1de6782ed209cfca5f6a6fd50704c0585242154932f,1465
41672b67-8bad-44d5-bb62-d37ecb91f432,Resiliency (starting 2024-2025),ea4bf2fc37eaaa4abcf5e8f5cce6609998688c40b77ec43fcc93fb212c688c05,1491
417d2b67-8bad-44d5-bb62-d37ecb91f432,Resiliency (starting 2024-2025),4c7f953b3a2cef7416faa4864b52d872b57188f1be0c15071dbf0f15e7066764,1609
41632b67-8bad-44d5-bb62-d37ecb91f432,Resiliency (starting 2024-2025),577ec957bf9a97750c9d0f48350a4ed1d9dd9680187b0820d11b824363d7cc66,1639
41be2b67-8bad-44d5-bb62-d37ecb91f432,Resiliency (starting 2024-2025),ce01c02cf950fe79e970445b4cc3b20f769221262b104a76f07cde04c32c12d5,1651
41a52b67-8bad-44d5-bb62-d37ecb91f432,Resiliency (starting 2024-2025),eff16f9f86381a58b14b41f9fd31c5339d782241dc301fe4a88e303a0f5af78f,1688
41aa2b67-8bad-44d5-bb62-d37ecb91f432,Resiliency (starting 2024-2025),7d6e2efce5147c943b0ea47c4e0988d1a4a4bda408aa9430810aac19db9fe1f9,1758
41a12b67-8bad-44d5-bb62-d37ecb91f432,Resiliency (starting 2024-2025),d8e627af214f47c49d153b00d66db277c5b37ed37e4f365b79383a5374dd6212,1791
41c22b67-8bad-44d5-bb62-d37ecb91f432,Resiliency (starting 2024-2025),3c5eae7f87b1ff3d4b436474e45402b4392ce4f91f2446261332b5249c616d03,1937
41932b67-8bad-44d5-bb62-d37ecb91f432,Resiliency (starting 2024-2025),2ec0ada1a89b3c6b8e1506bbffd144e849cb0192eb9c729aace14ae43773e30c,1990
41612b67-8bad-44d5-bb62-d37ecb91f432,Resiliency (starting 2024-2025),87ba90dc6749585bfaac9a09bc329a5f02d5ea3ffa533608336bb6857c66e509,2031
41b12b67-8bad-44d5-bb62-d37ecb91f432,Resiliency (starting 2024-2025),740d40a41a9dcc5793ddb11012e0f68c342b918e24cb1206add6b11d49d2d9c3,2032
41882b67-8bad-44d5-bb62-d37ecb91f432,Resiliency (starting 2024-2025),a09d617ebef955615837968a57893d33a24ca4ad0ecca40c9dbc3fff33ccf100,2071
41ca2b67-8bad-44d5-bb62-d37ecb91f432,Resiliency (starting 2024-2025),e4b677d27ae9f77b86af765fc77fc909a916bd5f48d9a06e6c61e96165ffdc92,2104
417f2b67-8bad-44d5-bb62-d37ecb91f432,Resiliency (starting 2024-2025),5eb407864646d33513789e3910b35b90adb904e9bd5193baf31fab846b9007c2,2116
41a32b67-8bad-44d5-bb62-d37ecb91f432,Resiliency (starting 2024-2025),bdb938cd2b7a96605eda02427076f9b3cfc3f004233fc67a8204a83744e36fc5,2170
41982b67-8bad-44d5-bb62-d37ecb91f432,Resiliency (starting 2024-2025),2ce3132af6327bc53cc57c862d61c40bdde168b538a1c1b7fa199a52d858a947,2227
415f2b67-8bad-44d5-bb62-d37ecb91f432,Resiliency (starting 2024-2025),87dc824129a000de22da0aaad942559a6f0a33af74ef85c0762c5ca7ad0fc233,2269
418e2b67-8bad-44d5-bb62-d37ecb91f432,Resiliency (starting 2024-2025),a387bf6bf4943db8281bb774ca338355c5beaa12bb2c37ece7e9db5c38c8489a,2375
41922b67-8bad-44d5-bb62-d37ecb91f432,Resiliency (starting 2024-2025),00e4b569514f5f1edb0e821c13f133a648bc43b8e4fa2f64302b73648e3cc5d1,2395
41b52b67-8bad-44d5-bb62-d37ecb91f432,Resiliency (starting 2024-2025),1b62af9133d56f1e6ebbb7cd0db2ea8ed9a35c4b8c2759eb87e0bf7b362d109d,2443
41852b67-8bad-44d5-bb62-d37ecb91f432,Resiliency (starting 2024-2025),1be0c9b858a4ee93956f611bf1e0b696f72902cbea009215334cd7d0bf8f4eef,2455
41cc2b67-8bad-44d5-bb62-d37ecb91f432,Resiliency (starting 2024-2025),29b4be11ebdfa371cca385a037bc3b2448e60c9d89f4c27befc5c947c5d353ca,2572
41b42b67-8bad-44d5-bb62-d37ecb91f432,Resiliency (starting 2024-2025),7e0f2d66a64c670d638e5fadf29d91e6613711714de1b025bfd06dcef35e7dc4,2600
41952b67-8bad-44d5-bb62-d37ecb91f432,Resiliency (starting 2024-2025),b1ce9176fe1e7279a836d51d17d12d842598a23320ea4db19f27926354fe5083,2706
419a2b67-8bad-44d5-bb62-d37ecb91f432,Resiliency (starting 2024-2025),0c899f2ef18613ab2f858e30e88c7468c1ff4a96411f349cffdaf361ce01730e,2769
41a92b67-8bad-44d5-bb62-d37ecb91f432,Resiliency (starting 2024-2025),fdc493d01d165c0e178318661436c896c95b4b7a99f28a84dc5545708ea952f4,2784
41662b67-8bad-44d5-bb62-d37ecb91f432,Resiliency (starting 2024-2025),a4062c63d35448b8cfd2f9977911772892f2a2174e6fc227ee684b6e9a8da071,2829
41a22b67-8bad-44d5-bb62-d37ecb91f432,Resiliency (starting 2024-2025),dccebdf5ce3ad8d9ab390eca00431b5cf3c51bdcef8f79808e940d6f6311182d,2894
41af2b67-8bad-44d5-bb62-d37ecb91f432,Resiliency (starting 2024-2025),a1b4812a4bb2c07e7e6cd38d2afab39328a182dac61be1f6321effa6260b90ab,2975
41742b67-8bad-44d5-bb62-d37ecb91f432,Resiliency (starting 2024-2025),ab72f6b5eb532cb95f0b48189ed73da5497525eefc31d3b1758ad5b67f499198,2998
415c2b67-8bad-44d5-bb62-d37ecb91f432,Resiliency (starting 2024-2025),a4655c37c256c80aa08b128d68da36a3b29ebb48e2f309d3955549f1ffe200ec,3151
41ae2b67-8bad-44d5-bb62-d37ecb91f432,Resiliency (starting 2024-2025),aae8c345437fc7dd182cdbf43dbdd2692098f48b80682e46374d41c9bbb4b762,3173
41802b67-8bad-44d5-bb62-d37ecb91f432,Resiliency (starting 2024-2025),ca32fc50e2465c2f41b5260c57d8a23ff38298ef4372b4a3e3adeb3a686e45c3,3239
419f2b67-8bad-44d5-bb62-d37ecb91f432,Resiliency (starting 2024-2025),f4111ef3486f4bd4b2788721d53fe5658c06d7ca2fc4a9de17b70f92433374ca,3280
41832b67-8bad-44d5-bb62-d37ecb91f432,Resiliency (starting 2024-2025),e1f24e4335310c9aa3736dfed7cfea421fb4ab0e2a6376f26b1e2eade382db35,3326
41642b67-8bad-44d5-bb62-d37ecb91f432,Resiliency (starting 2024-2025),543c2dac9eb9045eb747755416de8df85984df798cd474922abd84ef5861a8ea,3395
41792b67-8bad-44d5-bb62-d37ecb91f432,Resiliency (starting 2024-2025),b7c72fc5f15bd84f2ba33a1a5eb2b2a58f313dca4b389df20024e64a6c728e58,3449
41712b67-8bad-44d5-bb62-d37ecb91f432,Resiliency (starting 2024-2025),fe529c506145f87dc97acbbd7533e0d82e960dd0082e0f900e44d01e3405dbcc,3467
41c12b67-8bad-44d5-bb62-d37ecb91f432,Resiliency (starting 2024-2025),15946a87fd8803c7049e44e856862ffa6c5dfec71b161bdc8e2479bc7a282176,3657
419d2b67-8bad-44d5-bb62-d37ecb91f432,Resiliency (starting 2024-2025),553020a6a2cb794871b01c052bfa843e9dc4b447bdc52bab0ee397ef1787a5d5,3680
41942b67-8bad-44d5-bb62-d37ecb91f432,Resiliency (starting 2024-2025),b098918c735a0c6905d585285cc43b191a50705f10fa6a46350a6cca4b4c3b26,3713
419b2b67-8bad-44d5-bb62-d37ecb91f432,Resiliency (starting 2024-2025),66105832105a9b42393196a6490c0e73e301bc45b32142944c79694bb879cf71,3714
41732b67-8bad-44d5-bb62-d37ecb91f432,Resiliency (starting 2024-2025),72987137ff4fe846180c649e3f94d97393ff168dc4e75ac00a19e363e6343685,3784
41cb2b67-8bad-44d5-bb62-d37ecb91f432,Resiliency (starting 2024-2025),88461db0c3df26ab6d6f0564299c0d5054a5b896aa4e4796cad60f2e39f8d631,3785
41b02b67-8bad-44d5-bb62-d37ecb91f432,Resiliency (starting 2024-2025),144f02f1dd96431e537a411fd08e6ee752afa6f5c15b6720b4320fdd9129adc5,3807
41762b67-8bad-44d5-bb62-d37ecb91f432,Resiliency (starting 2024-2025),460b41e5d0515327dccc5f93334e5cb4fc40a6ed09dfd00076f0926e847c8b80,3933
41822b67-8bad-44d5-bb62-d37ecb91f432,Resiliency (starting 2024-2025),438cc0579f816ff6a3a7612c8948d5ccbc28e36bf0148c6bf158f8bb19f2e204,3934
41a42b67-8bad-44d5-bb62-d37ecb91f432,Resiliency (starting 2024-2025),522ae248189007517e55c8d72da9e301298aed109415c19c53ecac6c9d883e8e,4055
41752b67-8bad-44d5-bb62-d37ecb91f432,Resiliency (starting 2024-2025),f73ad13bcb5478fdcc094b82c50003bddb66778ed657b7954edbf654c5ab849f,4065
1d270457-8bad-45d6-bb62-d37ecb91f432,Resiliency (starting 2024-2025),7dae7e8a2c5fe23e984c74bd9e3882361634eaed69dcc14fe133cfd370d3ba33,4095
419e2b67-8bad-44d5-bb62-d37ecb91f432,Resiliency (starting 2024-2025),41edec57fdd79c298e775c5a56df79186b7267c9312e91c30e876e8ed5b2858c,4150
41ac2b67-8bad-44d5-bb62-d37ecb91f432,Resiliency (starting 2024-2025),a9caa2acdcc05c8faad0bc6c1c2cb7104f54efeaa6126ac9d12d363d2ed249f3,4259
41972b67-8bad-44d5-bb62-d37ecb91f432,Resiliency (starting 2024-2025),9f9ebaad88af324a911361f80001e1163734e0ec4319f922bba0fbe536537c33,4308
41bf2b67-8bad-44d5-bb62-d37ecb91f432,Resiliency (starting 2024-2025),ee0ff7d59d437b85650d3fabeabeaa3300785fb6623f02a42f074d8b8016ad48,4359
41912b67-8bad-44d5-bb62-d37ecb91f432,Resiliency (starting 2024-2025),e40ecb7189d0be5a2e16b7142782a72da081ef9f8bf96211044be7642fca0035,4444
41bb2b67-8bad-44d5-bb62-d37ecb91f432,Resiliency (starting 2024-2025),66b94b278f0cb083adf846bcfc9ef1bbe1c32a6f924a6d60a4d164f99c3dd0fb,4445
41bd2b67-8bad-44d5-bb62-d37ecb91f432,Resiliency (starting 2024-2025),44ab831dfaf579cfccdb43757797f293ef36058ee911a3d2a16b8e64171028a8,4467
418c2b67-8bad-44d5-bb62-d37ecb91f432,Resiliency (starting 2024-2025),ec46efedf36215a9d5fa3742e9af4e5b01e5753735435047e5d7e34015443bbf,4658
41a72b67-8bad-44d5-bb62-d37ecb91f432,Resiliency (starting 2024-2025),a3657b26adb50d1257f366f247813a08303f7a3c18bc2d097cac5d7d973dcffb,4735
41cd2b67-8bad-44d5-bb62-d37ecb91f432,Resiliency (starting 2024-2025),c0796c4b82c9c35940b8e37124d01586404533bdafd20f0280dffcedac8583c5,4764
416d2b67-8bad-44d5-bb62-d37ecb91f432,Resiliency (starting 2024-2025),2c5ddab31e982b8afc222426b1ae2190169d51b801550ba2eff9ae3fc7b63ce5,4903
41962b67-8bad-44d5-bb62-d37ecb91f432,Resiliency (starting 2024-2025),1cb678e4093fb1bf7dfda7e889d4bc1d6a249a538a42e8f3556b382de372a61e,4967
41702b67-8bad-44d5-bb62-d37ecb91f432,Resiliency (starting 2024-2025),5e9404c2ffc265ed2d022f8766c7999c7c585b0a55731352354020c25cc9d895,4993
41722b67-8bad-44d5-bb62-d37ecb91f432,Resiliency (starting 2024-2025),c78d58eebcbb64fd7a21c1a6c2a51737da667dcf6d19a670f749d62b8ed33ec9,5077
41902b67-8bad-44d5-bb62-d37ecb91f432,Resiliency (starting 2024-2025),430665537dfd57146d365f193416f3c9b20c0156cc14ad09bc27a3f1661d49c2,5112
415e2b67-8bad-44d5-bb62-d37ecb91f432,Resiliency (starting 2024-2025),5f561b4aae738be3597720989ff6553f6dd152b1e74f6b7bd1fc3a2d7b436842,5131
41b32b67-8bad-44d5-bb62-d37ecb91f432,Resiliency (starting 2024-2025),0d6413374acb2a3137c49feb1a3c20296c6a4cb77240eb10834aa7247e08df36,5132
41b62b67-8bad-44d5-bb62-d37ecb91f432,Resiliency (starting 2024-2025),77ebeb571d924eb09576bba1228454c0771dd9a6c51581bf4f536c21d0517d2f,5271
41782b67-8bad-44d5-bb62-d37ecb91f432,Resiliency (starting 2024-2025),830081a32d116f1a6902de747d7d5d97ff61262b9d464c1e620b217850eedca1,5342
41b72b67-8bad-44d5-bb62-d37ecb91f432,Resiliency (starting 2024-2025),cf1d51c4f1e555ca67cea9b650d6eef702f6a9c9cff81a485a63b70f7dd52c5a,5445
41622b67-8bad-44d5-bb62-d37ecb91f432,Resiliency (starting 2024-2025),b19c23ea6edaea7924f16fd80bc0d5ad84e11df4a06b48597def30112aed29b6,5608
41772b67-8bad-44d5-bb62-d37ecb91f432,Resiliency (starting 2024-2025),8572afb9bd4aa41882cfbe8b69967e438e2b7db8b4cc10d3186fe61f0ddc66bb,5715
418a2b67-8bad-44d5-bb62-d37ecb91f432,Resiliency (starting 2024-2025),75494a46548f3ae7913e87779c8efbb87ddd8e6d586c214742c94d84d2e8e643,5860
41ba2b67-8bad-44d5-bb62-d37ecb91f432,Resiliency (starting 2024-2025),e47f6f0616802831fb386da132923296ecedb41823323e49259ed89a1b8e17ac,5924
417e2b67-8bad-44d5-bb62-d37ecb91f432,Resiliency (starting 2024-2025),95a169f60fa55510f79c38dc1269a2e555061182dc627dfcb42826432aceac3e,5940
41c92b67-8bad-44d5-bb62-d37ecb91f432,Resiliency (starting 2024-2025),eb0ea587a3a5c97e4f44b5194c4cdfbb60ad4ab541e7efd2734071de42c583b8,5962
41c32b67-8bad-44d5-bb62-d37ecb91f432,Resiliency (starting 2024-2025),46a7e4900c84f6158e0184b5fa4e25a30ff63fd7c5aa8779a438fc18d0fb76e9,6034
416b2b67-8bad-44d5-bb62-d37ecb91f432,Resiliency (starting 2024-2025),b71a42318a2c3178815a0c51af745ef929f6c567bfc60d14d7d13ff8402a6504,6105
415d2b67-8bad-44d5-bb62-d37ecb91f432,Resiliency (starting 2024-2025),def7e25540d54aee3c5355473d19aa80dbf6a7c9ea32c301506be2099e04c5fb,6138
41692b67-8bad-44d5-bb62-d37ecb91f432,Resiliency (starting 2024-2025),7170d1a211f80c11119879fa274070bacd48e5ea6a19b653c8736443c9d31807,6154
41c72b67-8bad-44d5-bb62-d37ecb91f432,Resiliency (starting 2024-2025),843dafde58f9ef26263a510dfd205b634288e7c3b05dfa50c7fc428b42eb3736,6214
41a62b67-8bad-44d5-bb62-d37ecb91f432,Resiliency (starting 2024-2025),6b04eb3c9b3857a97855b4cf9095e86eec2a65b28e225f769ccbb0a2102bc6d5,6235
41b92b67-8bad-44d5-bb62-d37ecb91f432,Resiliency (starting 2024-2025),ce3f9f6f9566a74496f6b8bdc49854224e40024777a84b299b3db87a189ffcc2,6393
417b2b67-8bad-44d5-bb62-d37ecb91f432,Resiliency (starting 2024-2025),ad4a81b1b78a6b30a134ee8caa025723a7f94e5550e4da80542fdb61610485f9,6512
41a02b67-8bad-44d5-bb62-d37ecb91f432,Resiliency (starting 2024-2025),968aaa87f9ba6487f70f670ee97d654ac010a04959cfc5ec1aad76374dfaba13,6537
41812b67-8bad-44d5-bb62-d37ecb91f432,Resiliency (starting 2024-2025),58a9bafc2e1442807c3d3bd8437bb1aed8aad9ab4df659585d630f6828196a63,6567
41bc2b67-8bad-44d5-bb62-d37ecb91f432,Resiliency (starting 2024-2025),ba213b58af90ad3ff71cf056a3af8c6f5a98202e58efd23d5a5685de4d8cca71,6631
41862b67-8bad-44d5-bb62-d37ecb91f432,Resiliency (starting 2024-2025),6addf60d2e982545c57bfd34d4898602f3fe1891ea86976f782a9c61de03c55f,6647
41652b67-8bad-44d5-bb62-d37ecb91f432,Resiliency (starting 2024-2025),49f541a765a1396a7dff7c0e622c005745f5ca0fd705b8d700a17705b4f37715,6678
41842b67-8bad-44d5-bb62-d37ecb91f432,Resiliency (starting 2024-2025),390f63bb1af0fbf96061399cd9e3c508bd66f002d73d00ca8e228d11b013eb01,6716
41ab2b67-8bad-44d5-bb62-d37ecb91f432,Resiliency (starting 2024-2025),1a3d20f9818acd08dcc862b1792fa3c017adb650ff6bfdd39619fea699f6176f,6795
17a32b67-8bad-44d4-bb62-d37ecb91f432,Writing Standards,bde9a45b5dee63504b080e4158a4cae93eaa331a6570a5ea63e33d3cbb99879a,16
16d52b67-8bad-44d4-bb62-d37ecb91f432,Writing Standards,9b001f7f2bb70ff31cee7b1c6b7efe72008943325c4406b0e33da90931d26e35,81
17b32b67-8bad-44d4-bb62-d37ecb91f432,Writing Standards,018945b4c5b3cf780201d43276d926444f897f39b0ce324c972e4d3f321be7e7,82
16b02b67-8bad-44d4-bb62-d37ecb91f432,Writing Standards,376079b4237ec8dff0c68cb544571ea799d6024e11897e0f7b065560cf11c076,171
16d42b67-8bad-44d4-bb62-d37ecb91f432,Writing Standards,b149c6e004245ea35bf77c87f59a2d2711e47271fa1861a591d2b655c5146b93,197
16ce2b67-8bad-44d4-bb62-d37ecb91f432,Writing Standards,e2700b26d4f74154040df5b1167858dafbab09dd2990d5f7fbc74e6fa27e9f46,237
16bf2b67-8bad-44d4-bb62-d37ecb91f432,Writing Standards,267497f5c5d0b45b642fc301ed347fe0f289ad64b594ca2b513a1b1818c24729,280
16c92b67-8bad-44d4-bb62-d37ecb91f432,Writing Standards,6a5d4d829215a18cc4b94ae039d9051d7dbc827f5058f750cb9095d681d07ece,328
16b12b67-8bad-44d4-bb62-d37ecb91f432,Writing Standards,3c11905d9df660a440ec6294615f819362d9c113bce7fa353697c193e9ebabb5,545
16ac2b67-8bad-44d4-bb62-d37ecb91f432,Writing Standards,de60517b07d876ac329f97099e69c50a0f2fc7d7130bcf84ac4a5cda52ef5ead,555
16af2b67-8bad-44d4-bb62-d37ecb91f432,Writing Standards,ac86502edb05603fa4642ff9359e8087959cc88f08ec43abe26988b6d5c96755,596
18812b67-8bad-44d4-bb62-d37ecb91f432,Writing Standards,23c6ac690dc5d9feacc12354ad60d3f17888e46defa6e9e656d6cb62409396a3,617
16d22b67-8bad-44d4-bb62-d37ecb91f432,Writing Standards,42f1391fbadfbb86132e47742b1b153dbe29e2b1070978745696aefb9fc1f8dd,643
17c72b67-8bad-44d4-bb62-d37ecb91f432,Writing Standards,1d6fe0d968d8eb3356bf4ec4b8774dedcaac25e2053f4aac3002cd66c2fe0079,770
17982b67-8bad-44d4-bb62-d37ecb91f432,Writing Standards,4ddc95d021255b90ca1478cc3a84769e8c95f90093d10ac1a6f1949e4d16d37c,794
16cd2b67-8bad-44d4-bb62-d37ecb91f432,Writing Standards,37a2fedb7954b33091e284579de57a98db126ab2a665761468b17fea1c2d7547,826
16c82b67-8bad-44d4-bb62-d37ecb91f432,Writing Standards,17a4576ec58003f39c967e927161c2a0da12e1ce6a26458200a85d2e3338bee3,873
17b82b67-8bad-44d4-bb62-d37ecb91f432,Writing Standards,e6b61cfb2b2715898fa05a2235bfd42815700eb7e85692560a16cc0995ffd2e6,898
17bd2b67-8bad-44d4-bb62-d37ecb91f432,Writing Standards,91d21b433cc15cb67240ae47076c6b40c01528b9c35313f3c64ec360dd6225ff,952
16d92b67-8bad-44d4-bb62-d37ecb91f432,Writing Standards,279129b1fd834b9c17a5fc0e3fa4483d6a938865754eecb00a0d0dfb8df59efa,968
17b22b67-8bad-44d4-bb62-d37ecb91f432,Writing Standards,41bf5bbbd1774aa4f98190b0c49a716415fb97c495147f798d4a18a228fc43c9,997
16be2b67-8bad-44d4-bb62-d37ecb91f432,Writing Standards,cea764045810ebb26a81a825d5fbadbaef2406c18abf3dfa1c94c9494666d444,1074
17ae2b67-8bad-44d4-bb62-d37ecb91f432,Writing Standards,4cf7e9947849e0111167e80abe374dde9851e32111e54498045afeea33bd12fb,1116
17ab2b67-8bad-44d4-bb62-d37ecb91f432,Writing Standards,a69030562b5a8ad317ab79c2ac8338cbe024fdff375d4b4a1a910c036b42cc38,1176
16b62b67-8bad-44d4-bb62-d37ecb91f432,Writing Standards,7c756c59991273326913a7cbea090f2b29f9ddee9be40ffc36550f45b4590787,1219
17a62b67-8bad-44d4-bb62-d37ecb91f432,Writing Standards,3194d39ae07635d82e953811120277723ce98cfd997f442472e0c5cefb29a605,1246
16b52b67-8bad-44d4-bb62-d37ecb91f432,Writing Standards,4f94f22bc40999c8884ca7a647fe404175b32794f21aba365ff59359ba0e52c7,1266
18c12b67-8bad-44d4-bb62-d37ecb91f432,Writing Standards,bc4cef9639c06590cc293094b1cd35e628ffe598a7a8a46fe1f2cb8c2fac0e0e,1484
16ad2b67-8bad-44d4-bb62-d37ecb91f432,Writing Standards,67fa8e8deb5736e75dad5380b53bf5738c0ab00266dbf9cc65aa5b9ddedca32b,1676
16c62b67-8bad-44d4-bb62-d37ecb91f432,Writing Standards,a1b454a9c14fdb977ae18898d073e713163ebb710dd7ebb55b462a11626f5c3b,1857
17ba2b67-8bad-44d4-bb62-d37ecb91f432,Writing Standards,f7e2d5bb6e163676c33c11173e51752cf53da574fe456fb62a2063990833ba8e,1858
16c32b67-8bad-44d4-bb62-d37ecb91f432,Writing Standards,5911901cf9af6ddd491e79e58e391524e74bea5af78544434236a3c5ecf4fa6e,1867
16bb2b67-8bad-44d4-bb62-d37ecb91f432,Writing Standards,f94a8bafe60d6f5ddc1c74e833a829ef0119624d5461c264ab5d91d157308190,1878
17b72b67-8bad-44d4-bb62-d37ecb91f432,Writing Standards,c6b08cee4c3af7698e26175d5f50e6a210dc6dbc47b066a015c493837255d4fa,1888
17bb2b67-8bad-44d4-bb62-d37ecb91f432,Writing Standards,36255e703d7972274edea1388628bed4ff5bf8115f2ea84fe6ae8f1d91f86cea,1929
17a52b67-8bad-44d4-bb62-d37ecb91f432,Writing Standards,1a76f49d1780e76b6670ee49f810089b99016bf97f1de9d64f693eb73bf67f38,1958
18862b67-8bad-44d4-bb62-d37ecb91f432,Writing Standards,9ba15164b03043cd444209a2a406ec95a8841643cf934f9da0984d0e21ee02c4,2162
16d72b67-8bad-44d4-bb62-d37ecb91f432,Writing Standards,36667c04f14e3f9193e1500bd56e4e85cc52949bbfe1728f10e59173d12e2ccf,2211
179c2b67-8bad-44d4-bb62-d37ecb91f432,Writing Standards,e9bacfd1787653867e22d8fb44178595ef69c322c61b9a5213700db98c84f011,2230
17c52b67-8bad-44d4-bb62-d37ecb91f432,Writing Standards,5ef256927ec7c6ee85ea035d90710e25827b562730d31cf3898b77f1c68bbd0b,2231
17ad2b67-8bad-44d4-bb62-d37ecb91f432,Writing Standards,1e7cca288efa5edf25fbded407c91fd70d6508bfccbcf82a3c4de3f8f29dd7a8,2282
17a92b67-8bad-44d4-bb62-d37ecb91f432,Writing Standards,96e5c5ab1ec683a81580422671e58c4ddc6a6d3a91f88f8136fd3fa3ca5b777b,2496
16cf2b67-8bad-44d4-bb62-d37ecb91f432,Writing Standards,7dc8889e98dc1505ff474714299add2e7e68d6ec042601c364cb729d75c168df,2524
18802b67-8bad-44d4-bb62-d37ecb91f432,Writing Standards,e29eb7f9b72447fdd60f17f66541f0a0bff7c9873bf60081a93a10f07622b5c1,2574
16c42b67-8bad-44d4-bb62-d37ecb91f432,Writing Standards,d72a78c49e9efafbd0e8915e204d01c275821b65525c3ac1de266e0d4da1fe06,2619
17bf2b67-8bad-44d4-bb62-d37ecb91f432,Writing Standards,18d58d4173a70d3e59de34fe346ccf0c9a1540e816732ca554bf5abfb47f6f02,2734
17a72b67-8bad-44d4-bb62-d37ecb91f432,Writing Standards,70dec16a6b0f4e1d6919e566371acfc869892ce52a95bcbd265167063523aa1c,2764
179e2b67-8bad-44d4-bb62-d37ecb91f432,Writing Standards,eab816eab5f13811032f0e1fe6f7a25b0ae774a435ec6c4d1ee1faa61273e1aa,2854
17b92b67-8bad-44d4-bb62-d37ecb91f432,Writing Standards,8d0986a3a16314f2126161d9f5b64068b02986dce5d9bbc6edbe67dc40ac7fc7,3027
17992b67-8bad-44d4-bb62-d37ecb91f432,Writing Standards,0284322283b0518d3d6bc2c6cab79c6c6bd3cb704dfc07d43c8aa6346674c7ce,3235
17ac2b67-8bad-44d4-bb62-d37ecb91f432,Writing Standards,a03687d0c95969efe2e3d047f9acf5dc4805b1660844f5e445eb7bc9bf68277d,3243
17b62b67-8bad-44d4-bb62-d37ecb91f432,Writing Standards,6fe975c79714be4c474e603c47d7d65c27c13b79763f04f4771720d6e3e1ebfe,3485
16da2b67-8bad-44d4-bb62-d37ecb91f432,Writing Standards,d46a32b01b392d3126379ad3bc912fe2c95ae245f27b74a94ac1d5b8eec38432,3501
16ba2b67-8bad-44d4-bb62-d37ecb91f432,Writing Standards,a5bf70f894a44603cb1eb5cdec1770a7b0fdeaa228cf6ea8d263572a68f43e7f,3694
16b82b67-8bad-44d4-bb62-d37ecb91f432,Writing Standards,e3a1621914e85f830f835c0fa7c8dd72f1914a3b2bd95361b9d7237be1dcc274,3752
16b92b67-8bad-44d4-bb62-d37ecb91f432,Writing Standards,c3b157295e451fd9069d7fc1c846e47922109b83c9a6099a35dbf10595672cf2,3767
17b12b67-8bad-44d4-bb62-d37ecb91f432,Writing Standards,28c1f748f8849e0b7bca619d0e48ec230bf38f6461e9edfbd9537dda5024b96b,3831
17c12b67-8bad-44d4-bb62-d37ecb91f432,Writing Standards,a3af6441be3c2ca5b25cb80ee642c427758b98956b3dfca0aec859776dba1ef3,3912
17b42b67-8bad-44d4-bb62-d37ecb91f432,Writing Standards,2eea2bd969c01f96f2f5edc911d7ec2168af7bbf096d912ed579cf11170ca51e,3925
18c02b67-8bad-44d4-bb62-d37ecb91f432,Writing Standards,2d664b98d7cd2b91e2ea582b570d24fa1a41d2b8a8d5ff361db71833e345de6d,4017
17c02b67-8bad-44d4-bb62-d37ecb91f432,Writing Standards,2ba5643e1b05a387a2eeacb159355cc2646263ef35f38fcc925ced011b4cf3ce,4069
18832b67-8bad-44d4-bb62-d37ecb91f432,Writing Standards,a02eab7fe215d63b2dedbb99d3ad51f2e7e9ae58caac455e18767248a5768358,4086
16ae2b67-8bad-44d4-bb62-d37ecb91f432,Writing Standards,b6166d5cb22eb32a1e60e1853d261e12546dacaacc29f15d2c9cd4352c64b3c1,4116
17c22b67-8bad-44d4-bb62-d37ecb91f432,Writing Standards,068babe9d52dc743467f5f21fb7dfd686221d305645c2317075be23fcd5ffedc,4129
16b32b67-8bad-44d4-bb62-d37ecb91f432,Writing Standards,5b692c4191e2d1f34f866d2c5697f9ed926c2f5c0ffc1296dba07b5e32aa0360,4139
16ca2b67-8bad-44d4-bb62-d37ecb91f432,Writing Standards,df643b3e0b2c6b97ee2e338760d0ac43452b785fdb85f16807cd752b94cbaf26,4140
16c52b67-8bad-44d4-bb62-d37ecb91f432,Writing Standards,9ae6b602b100de72eb8658c59e9022a66bf85d93b4780c2b6d9d2b0fd800cdc9,4147
18882b67-8bad-44d4-bb62-d37ecb91f432,Writing Standards,b39a7f431d642b1a0b17fee8e1291d991ebb86100c8853901cbe5acfc144dd99,4148
16aa2b67-8bad-44d4-bb62-d37ecb91f432,Writing Standards,a53c33f7d1b4cac148219e687966b2a302d75ac59afdae4ebc640da57eb0ebb8,4164
16c12b67-8bad-44d4-bb62-d37ecb91f432,Writing Standards,b7370277b9723f7d3fd073929d3bcf7385fe4cd1e283028456eed5f6a606a2bb,4176
17bc2b67-8bad-44d4-bb62-d37ecb91f432,Writing Standards,7553cbd08d73ced62098c5f17453f8252210ef0ad062c5f23b52b45add1921c1,4255
17a12b67-8bad-44d4-bb62-d37ecb91f432,Writing Standards,dced7a593d8dcd3947ccb68bbad55d62674995a8acabb424a508e89791c176fa,4334
18852b67-8bad-44d4-bb62-d37ecb91f432,Writing Standards,b6ea92f329e425ebbf41d1b8e20c165d9266f907f3a1504a89ee51f0bd79a478,4379
16bd2b67-8bad-44d4-bb62-d37ecb91f432,Writing Standards,891a3baef1567ae7924126720c756657dcc3ab408fc6cf196febab4f1bffca4d,4519
17b02b67-8bad-44d4-bb62-d37ecb91f432,Writing Standards,eb8a89f7b7fb8d0d496a28471f2039ecbd91c763c01c05ce78df3184081a1764,4556
16ab2b67-8bad-44d4-bb62-d37ecb91f432,Writing Standards,cd8e7ec69f9d85c1a1f5060108e8fea1c63bcce2dec1851a4f7bcf82f70645b3,4636
16c22b67-8bad-44d4-bb62-d37ecb91f432,Writing Standards,de735df1af15c44f0ca83446f3926d3c70bf4aeb0ded0d08aaa2590c532dd9af,4683
17a82b67-8bad-44d4-bb62-d37ecb91f432,Writing Standards,61e9ebf055375f48ebf534471d69596ab1544c2784e26c9dc16535ec3608d141,4700
16b22b67-8bad-44d4-bb62-d37ecb91f432,Writing Standards,a7e184199fc98d3419c5509cde8c649816deb91301f4d4d0b653a33401022f4b,4712
18872b67-8bad-44d4-bb62-d37ecb91f432,Writing Standards,23f118779500f00a3f6abbcd26e4c6fbf3005ba939b7176e4c0d72a76a7d9f9b,4786
179d2b67-8bad-44d4-bb62-d37ecb91f432,Writing Standards,99330379825619b1f2f9ad6b6db48fd4a25871bf830e551d4d3ea4b3028bccfb,4960
17c92b67-8bad-44d4-bb62-d37ecb91f432,Writing Standards,fcbeaee3b0fecd7f736f363e1fbf84edc579813c9f77b7bde9abaeacadcc59d4,5139
18842b67-8bad-44d4-bb62-d37ecb91f432,Writing Standards,75a0fe993f6cc7782af8de6f9b315eeebcadee045694116fbf59277b7618a77b,5212
17b52b67-8bad-44d4-bb62-d37ecb91f432,Writing Standards,4a0d4422e5ed2bf81ef5f1719965f934e3370dec8b7582a08951d260637fd55e,5273
179b2b67-8bad-44d4-bb62-d37ecb91f432,Writing Standards,18b5b905e638a2c234f62e6b29af8f20a534f19713c7cd0b9ee712247bb4ede7,5281
17aa2b67-8bad-44d4-bb62-d37ecb91f432,Writing Standards,ee1964657fc6524f27a1532b8644a3a4cc5202c5e92406ed91860023d3cd4d30,5336
16d02b67-8bad-44d4-bb62-d37ecb91f432,Writing Standards,8208aad25621cfe13dfaca94da52ea3f1ad2f06c03e45381022ad185961d3687,5385
16db2b67-8bad-44d4-bb62-d37ecb91f432,Writing Standards,45b611d359a3740597568b4834c018d63fdc409c9f090ac4e8fc54f2cb4cd95d,5386
16bc2b67-8bad-44d4-bb62-d37ecb91f432,Writing Standards,246b356aaba8048c83d47ffd025f87faba0b53b763feb0d5c4d46ccb27db78c2,5476
16c72b67-8bad-44d4-bb62-d37ecb91f432,Writing Standards,a0831b124c17675947ba6d79e5646ff329326ad3c07fccf7883a306f9744047a,5526
16cc2b67-8bad-44d4-bb62-d37ecb91f432,Writing Standards,07d61e62f809e2177bc898ecbf0843f457c584dfb8d477a4452b0cfd3fe4a51b,5722
16cb2b67-8bad-44d4-bb62-d37ecb91f432,Writing Standards,3142b3a1459c89492d7056a1d5f4d257c8794bfb2d3aef63ed3ca44f429e6ce2,5780
17a02b67-8bad-44d4-bb62-d37ecb91f432,Writing Standards,956d46077458d8cc1b93d0a9af30d1adbff9d0cf56d710b2c969040d4502e445,5781
17c82b67-8bad-44d4-bb62-d37ecb91f432,Writing Standards,4fa8b407ac39b9ff3d27d7fd8938b562cf3166a64bf9ce561fa9de863a46b323,5795
17be2b67-8bad-44d4-bb62-d37ecb91f432,Writing Standards,bdcc71665ba729206903fa29fc386cfcc3bba3427f141a7507c1a7941d664a95,5843
179a2b67-8bad-44d4-bb62-d37ecb91f432,Writing Standards,21f5b56c7d362cc8fdaf3c32871c9d3c915b5af6fb2e7c8234c84d2df980a5c1,5931
16d32b67-8bad-44d4-bb62-d37ecb91f432,Writing Standards,90cc1b468d2d38aa4fd7c13f5dfd3b17b99e3dfbcdaae7cd4bd4a8f68118544c,5945
16d62b67-8bad-44d4-bb62-d37ecb91f432,Writing Standards,436f136e87904ca212794650769cb072a22558130e7ea708e4dc3ea8e6881516,5946
16b42b67-8bad-44d4-bb62-d37ecb91f432,Writing Standards,a20f38bcd4afed2a835e0065db123ac89b488e105dc731a91f010747f1a65c8a,6022
17a22b67-8bad-44d4-bb62-d37ecb91f432,Writing Standards,8c3ff0bdf720a655787c4259118912341f2113761e3564f14ee0908b67bad906,6309
17c42b67-8bad-44d4-bb62-d37ecb91f432,Writing Standards,9dde7e9f82752425d00ff7a47945fd18cd81566ee83744a2495ce5f528984c57,6486
16d12b67-8bad-44d4-bb62-d37ecb91f432,Writing Standards,3f8d1e8950f7ea80e7b5c123a378a88ddd24a93cb933d02af423fbd3be291657,6591
17c62b67-8bad-44d4-bb62-d37ecb91f432,Writing Standards,5c8e21588eae5c7546a868980d4dd751ca81d2a7022b82011cd1436f44ef4871,6593
17af2b67-8bad-44d4-bb62-d37ecb91f432,Writing Standards,8b096058152bc342dd274a312e89dd6204384c6acc891e9967246a7da15bd716,6602
16b72b67-8bad-44d4-bb62-d37ecb91f432,Writing Standards,813e3cd676bb5d9f1d83eeeb2f5a300b63c0c9a6dcd9f8b6c702283d294020ee,6614
16d82b67-8bad-44d4-bb62-d37ecb91f432,Writing Standards,31988ac79cdf14f9447b8df1094c5e90cbcd4034e3c9c546e3a8db3ab16b10b3,6711
17a42b67-8bad-44d4-bb62-d37ecb91f432,Writing Standards,5b78d0f6e53814104738eacdeada0a15ee16dad016e71df28219b1dc0eedb1d3,6762
179f2b67-8bad-44d4-bb62-d37ecb91f432,Writing Standards,3bfab0416902743f198eff6d1eec73ed1976715a38dbfdd2cebe7da0c9533419,6780
17c32b67-8bad-44d4-bb62-d37ecb91f432,Writing Standards,cd2bfc44ae908100b56919d7a93e045429ffe8fa4e58b40398d902a4d7ed232e,6807
16c02b67-8bad-44d4-bb62-d37ecb91f432,Writing Standards,e9a8358d65e840827b83c7d757c065be6236d9b37325b1fbe0cdf625b47f02f6,6839
167d2b67-8bad-44d4-bb62-d37ecb91f432,Reading Standards for Informational Text,b0239a9017c23659af00a22d3946abb7efdad50fae8a2334cd7119e97b4ac65a,80
17942b67-8bad-44d4-bb62-d37ecb91f432,Reading Standards for Informational Text,bae2f566aeeff05aa5a3ec9dde8dae02e294079084eb642f0f9e7eb166ee3d1f,274
17792b67-8bad-44d4-bb62-d37ecb91f432,Reading Standards for Informational Text,6b24b1495041921e02dbd43d43797d5c81ff1e5909cb9adc7db448add9cc1447,309
168e2b67-8bad-44d4-bb62-d37ecb91f432,Reading Standards for Informational Text,27c36b5551241f08b161589992514345c1e9e77b5de418b38e0f4ab955562eea,354
168d2b67-8bad-44d4-bb62-d37ecb91f432,Reading Standards for Informational Text,623c9966ed19df0999b87090b196d0deeb9603d39b9bd8af22ecc6eeb15e6664,533
17662b67-8bad-44d4-bb62-d37ecb91f432,Reading Standards for Informational Text,e1087649a162bfda4f57e9b0fd1c2f21b8d3514caefc205d7722f0a4d99fa625,615
17682b67-8bad-44d4-bb62-d37ecb91f432,Reading Standards for Informational Text,dcf4162cd5e68e358900ab5fd3f3cdcacf8fc297292f176eb45209c172d8f6f7,743
17782b67-8bad-44d4-bb62-d37ecb91f432,Reading Standards for Informational Text,7b772be8ee7d2e89048f9e2d9fa5cc3c82bdb879edf3605a682f44bd4e6fb086,758
17702b67-8bad-44d4-bb62-d37ecb91f432,Reading Standards for Informational Text,539d010484826531fa55af42913bcb01fd599674c0ffad00c3995ee9daa3bec5,853
16872b67-8bad-44d4-bb62-d37ecb91f432,Reading Standards for Informational Text,5262ddefb335c52b884487c6150a6adbdc588d2e66c2a4886a59331be9b97620,1059
16852b67-8bad-44d4-bb62-d37ecb91f432,Reading Standards for Informational Text,9ec9445e50af408658ef23899d9e1f26ecf509ec6c66b4d5901b80e0e8c220c4,1096
166b2b67-8bad-44d4-bb62-d37ecb91f432,Reading Standards for Informational Text,199f00c127ba5cdf653d378b9368778f1801ad3c969d5221b6e2495c805295ba,1139
178e2b67-8bad-44d4-bb62-d37ecb91f432,Reading Standards for Informational Text,6b531385cf0cdc9ea63c32f755c5368f0695b6133cad7dd626f906097532c023,1163
16762b67-8bad-44d4-bb62-d37ecb91f432,Reading Standards for Informational Text,e2ba81e811f1bd40967758606bb8ab5cdd5a72714a9cda9326a734c6773e6829,1171
16772b67-8bad-44d4-bb62-d37ecb91f432,Reading Standards for Informational Text,3cfdbe1560dadbbfb121e6a10f08dc635052d8090202d77425d5083e6272cece,1209
17652b67-8bad-44d4-bb62-d37ecb91f432,Reading Standards for Informational Text,37331c2f7b1471ec21b5c0d0fc0fb5b8ed52dfdaa547e960e7c22d6d7e465cd7,1210
17882b67-8bad-44d4-bb62-d37ecb91f432,Reading Standards for Informational Text,ca440c7d6e55afa76c095aa9643684482d2257a07edf1b70e084856e723a0e49,1231
17732b67-8bad-44d4-bb62-d37ecb91f432,Reading Standards for Informational Text,8522da8c9c311e5df885e2a301ed3b8a581c35fd2f5f4dfc6d6c944a1c227b2a,1257
17742b67-8bad-44d4-bb62-d37ecb91f432,Reading Standards for Informational Text,8d676efbdb023bfa51e1bd81ecfbb3c8fe946a08003b1b5175c04610cd627e98,1324
176b2b67-8bad-44d4-bb62-d37ecb91f432,Reading Standards for Informational Text,687050523074431f23b90dcff44f7ee3375bf7ee7c0a23c2c6f7cf36c8dcf3b4,1367
168c2b67-8bad-44d4-bb62-d37ecb91f432,Reading Standards for Informational Text,6733110aa4892929de10423966e1bbf88524a5a4a123581c5c1cae61c1b1467e,1374
16732b67-8bad-44d4-bb62-d37ecb91f432,Reading Standards for Informational Text,83b9383b08d70a9ed3454f6cb96df88cd782ad4fcccfe77afa63b8832a2260b8,1521
177c2b67-8bad-44d4-bb62-d37ecb91f432,Reading Standards for Informational Text,8fba0e1b2711c1c2935d8190a2bd18cbb1491b88f08a816169258e2d473a8afc,1602
16882b67-8bad-44d4-bb62-d37ecb91f432,Reading Standards for Informational Text,588fa113dd2c3a9b032af937582dfc5c7619e004bac46ae41760ed10ff34fc57,1612
166a2b67-8bad-44d4-bb62-d37ecb91f432,Reading Standards for Informational Text,fc5878fbe6ce472f93ceea2d998034c19cadfebb136fb07eeb5e215b3e407ec9,1671
17842b67-8bad-44d4-bb62-d37ecb91f432,Reading Standards for Informational Text,316a78cec191277dd0feec2e9abf886e810d9699953a59aa04c5dc184683f66d,1692
168a2b67-8bad-44d4-bb62-d37ecb91f432,Reading Standards for Informational Text,c7aa2853dd0e3fa42a7c1e59620fb2af570e690c249e9de7af9354cc19d10e5b,1772
176d2b67-8bad-44d4-bb62-d37ecb91f432,Reading Standards for Informational Text,759729931ce795b0462dc8d3d5fdb69d672dc8c7e2d9e6c1d69f0105c1240dc2,1982
16682b67-8bad-44d4-bb62-d37ecb91f432,Reading Standards for Informational Text,80b13f5cfea3a954b7b2a5c37cf5fe7a5cdca9eed5376ddc13d32e397914b931,2005
165e2b67-8bad-44d4-bb62-d37ecb91f432,Reading Standards for Informational Text,648649629ed03a7d1494156c0f509688fe602c6cb656ce3ef83b1bbea04523a7,2124
176a2b67-8bad-44d4-bb62-d37ecb91f432,Reading Standards for Informational Text,71281681f68893b34fb78995fcbe97b55ee860232a35e3b86bdd8542d9edf06b,2126
178a2b67-8bad-44d4-bb62-d37ecb91f432,Reading Standards for Informational Text,8c5b04d719812fc783f04df92dd189b08792547ba6cbc73d8b0731d4a4b8b43a,2175
16672b67-8bad-44d4-bb62-d37ecb91f432,Reading Standards for Informational Text,904c624595737c6c8c234b2967dfa3b9b79cf7bc6c5f07a385ce280dda6a9540,2191
178d2b67-8bad-44d4-bb62-d37ecb91f432,Reading Standards for Informational Text,15eaa4f6b0cf237ec9cbf42688ba5b27e35fae6b5140558753f12adce5d12c21,2205
16782b67-8bad-44d4-bb62-d37ecb91f432,Reading Standards for Informational Text,217770975ea200e22ca019db7bcfb8db3e604fc6a524f34e35d6eb38660ee1ee,2303
16712b67-8bad-44d4-bb62-d37ecb91f432,Reading Standards for Informational Text,9d9c680910e8ce063aebd127e21ca7187941197c582c7bafd3448513615309a6,2318
16742b67-8bad-44d4-bb62-d37ecb91f432,Reading Standards for Informational Text,2be89d43586042fa61efc6935937b99a22354d5bae3f9ca460e599366ec6db2f,2339
17752b67-8bad-44d4-bb62-d37ecb91f432,Reading Standards for Informational Text,e2fbe8a3207e2abf07950aaa4f7246edc4143fa841fcc97e325a33d1c712b31f,2340
16622b67-8bad-44d4-bb62-d37ecb91f432,Reading Standards for Informational Text,a2b9cf14e78200d29c007623055d426fc7c30af72cb3429d41971b766f9d67ad,2460
16982b67-8bad-44d4-bb62-d37ecb91f432,Reading Standards for Informational Text,5a77827d40d330c05c8c893897eb03c189680809fb597e56deb48af9e2e4532a,2479
177d2b67-8bad-44d4-bb62-d37ecb91f432,Reading Standards for Informational Text,e57e35e43bcda336c0091ee5e7ae4036d33556c15a42098c40145dcb66e85829,2526
16632b67-8bad-44d4-bb62-d37ecb91f432,Reading Standards for Informational Text,1e6d113cfe044264a046a5e6ec2ae0802f1a5822dc8a643f388c8ead77f35294,2581
167a2b67-8bad-44d4-bb62-d37ecb91f432,Reading Standards for Informational Text,ee8158a459b5cb215b4e3604c687cf67088dc775f5690df90d4379672b52f9ca,2924
16992b67-8bad-44d4-bb62-d37ecb91f432,Reading Standards for Informational Text,052236f48b6792edd83ff329b5cab02ad0ec67f3fe650e5550aa0fdf6b1bd0a3,2937
16942b67-8bad-44d4-bb62-d37ecb91f432,Reading Standards for Informational Text,fdd56daae6dd7f4df2bfa0d765ae5b16a4f96b4d89f53dd6410dbcdf09cafccd,2944
17762b67-8bad-44d4-bb62-d37ecb91f432,Reading Standards for Informational Text,2af8f3f6aa229c1d32664e880f2fe4bbcbcdf0022ac3eb981b42d7ec1bfb1ea8,2963
16972b67-8bad-44d4-bb62-d37ecb91f432,Reading Standards for Informational Text,17e2b59e55800f7144b4aa1a216b9542c793bb32bedc3e42915b69e2944d6be0,3005
16912b67-8bad-44d4-bb62-d37ecb91f432,Reading Standards for Informational Text,845bead9149285e2d4d9308ca8adfad2756afe3e8631515dcb1ebee695cd68a9,3103
17952b67-8bad-44d4-bb62-d37ecb91f432,Reading Standards for Informational Text,81e1c611cc84dacc4f8b375b166e5beb70eb23629f4d4f9fb910116e98fd1f63,3368
16862b67-8bad-44d4-bb62-d37ecb91f432,Reading Standards for Informational Text,aa7a79eb5bc84b4fbc1c732807791e9a26c95e1890de1631b8f63caed97b5ebf,3431
16822b67-8bad-44d4-bb62-d37ecb91f432,Reading Standards for Informational Text,6820ea280c4d42e0ffb02bbbe55b3c0345599d78f11e848f19b8ffef56734b80,3444
178b2b67-8bad-44d4-bb62-d37ecb91f432,Reading Standards for Informational Text,a6f772a89187cae51f87b6d607ec727a84a795eec90780fc6a018cbb0339eb52,3445
166d2b67-8bad-44d4-bb62-d37ecb91f432,Reading Standards for Informational Text,d18d5d58f23b5c48c5c73b6f50a20127edcbec44e771d4a61938c1d8028d7914,3453
17912b67-8bad-44d4-bb62-d37ecb91f432,Reading Standards for Informational Text,b9dca8a0541a03663e6979a61c05e168d6af41adddbf6d084d99be7200d27382,3490
17832b67-8bad-44d4-bb62-d37ecb91f432,Reading Standards for Informational Text,6ec3ef0d9dbc00a3431fbb26df52bb6cc682f92568cde1e89b81b330359249c1,3671
166f2b67-8bad-44d4-bb62-d37ecb91f432,Reading Standards for Informational Text,eee825c31d27c2a31e54427bebad657463657a29fb948c23d35e395e2b1dc488,3766
17712b67-8bad-44d4-bb62-d37ecb91f432,Reading Standards for Informational Text,33c9f36d8357a772994b817623e2624ecea0be17e94f50fa5136d234a8ae40a9,3866
17812b67-8bad-44d4-bb62-d37ecb91f432,Reading Standards for Informational Text,99d53e7b482e8be60fbfd564bb1a6dd5cd52b7fa92d8aab6156ed6b151e62519,3886
16952b67-8bad-44d4-bb62-d37ecb91f432,Reading Standards for Informational Text,1bc06f64ab4634619480e6f6a24d5e05c25a04b986e4f4f83839af5721febc1c,3924
168b2b67-8bad-44d4-bb62-d37ecb91f432,Reading Standards for Informational Text,3d61896116e370a5be7bc6e17d9d2afabdd1599af96297e94f033c43821b7bbd,3985
16932b67-8bad-44d4-bb62-d37ecb91f432,Reading Standards for Informational Text,94d93fc5f2f0e7b3de0c75fe90a32495378aa1eae27055ec657e8b637704854f,3986
16702b67-8bad-44d4-bb62-d37ecb91f432,Reading Standards for Informational Text,ac345a779272c72411d06e1547704e91d5e6b3da0a1fc042f561f434afb365ea,4067
16642b67-8bad-44d4-bb62-d37ecb91f432,Reading Standards for Informational Text,4c644580b9d506da87a9fa86b8d1ec917ce3c1db4a0ea82d2f4cc06dbcfb0220,4093
16802b67-8bad-44d4-bb62-d37ecb91f432,Reading Standards for Informational Text,b3a11022683b3802e1eee6c66a22cd04150321cf7d1336a0c217e5bc50a74b30,4146
17902b67-8bad-44d4-bb62-d37ecb91f432,Reading Standards for Informational Text,d24fd936a0eea03c41205c88e3059844c29770c6eeba4ee3609c7ceb59866ed6,4214
177f2b67-8bad-44d4-bb62-d37ecb91f432,Reading Standards for Informational Text,44274edba219fc04eada85f82b0ef5c4874c83164185cab3f39d677a24d9de87,4232
16602b67-8bad-44d4-bb62-d37ecb91f432,Reading Standards for Informational Text,ff7f3565048fc7aa15ac0fea502ad502e62f8ba792cafd7e90a5d7ece8eba95d,4316
16812b67-8bad-44d4-bb62-d37ecb91f432,Reading Standards for Informational Text,5d4f671675e4483973a9d25919d5fc96347b8b1282f619f27d05ff6b49b5a8ba,4354
17822b67-8bad-44d4-bb62-d37ecb91f432,Reading Standards for Informational Text,15393d0ba388636fc9f2a1c9bfa754316d66a737fd2ccb2fd177928b4c9efa38,4391
167c2b67-8bad-44d4-bb62-d37ecb91f432,Reading Standards for Informational Text,86588cf617e8d0a68ec938631fe7b4a4195550d81ae911dce6d5a0bc1a5b913a,4457
176f2b67-8bad-44d4-bb62-d37ecb91f432,Reading Standards for Informational Text,7eb171953b5ff964ed1872111d50feda879ed1d06535c5b602efc8f41b091fb0,4585
177b2b67-8bad-44d4-bb62-d37ecb91f432,Reading Standards for Informational Text,0223b45e6f79c4ee942f5aaa0d5794b62fbd74d440ba6a89d25ee337bf9c1e62,4719
16842b67-8bad-44d4-bb62-d37ecb91f432,Reading Standards for Informational Text,b78ffccc034c5e1e201b19456ae4314eafea696a907237b41598a93b899b83b7,4749
178f2b67-8bad-44d4-bb62-d37ecb91f432,Reading Standards for Informational Text,4fc3ca1b66250015f5d85b63a4c430d196aad96c318ec375268232dddec1b1ba,4801
166c2b67-8bad-44d4-bb62-d37ecb91f432,Reading Standards for Informational Text,41817a096d17208cbd3c214a5038799132fdd1a812db976414bea1d772d86b95,4925
16662b67-8bad-44d4-bb62-d37ecb91f432,Reading Standards for Informational Text,09c455383a88b1c0209176d0432ffa8765bb3b3884b636220429e7f74f88c461,4937
16722b67-8bad-44d4-bb62-d37ecb91f432,Reading Standards for Informational Text,3a541915729292181af1420570d3cef9172351b3651b0a9a0ce934384051fed8,4970
165f2b67-8bad-44d4-bb62-d37ecb91f432,Reading Standards for Informational Text,ffa3fb7941ba6cd264b4250ccfa7352b8226e3a0836a5399e2ff65e6202c5db4,5020
176e2b67-8bad-44d4-bb62-d37ecb91f432,Reading Standards for Informational Text,1df410c1a2c781175fc7ba3f040a3d7dc3b039d8d74e9c102d6ed136981155da,5036
16792b67-8bad-44d4-bb62-d37ecb91f432,Reading Standards for Informational Text,decc9b7c2d4b8a920fbbb2be9dced711600e76b29f152735f2df1a9ade94cd54,5050
17852b67-8bad-44d4-bb62-d37ecb91f432,Reading Standards for Informational Text,5ae2239a792f2d72aeb9564ee7134a9067bd9208d37b963c8095e3a0fce7685b,5051
177a2b67-8bad-44d4-bb62-d37ecb91f432,Reading Standards for Informational Text,29d1b399725d860ed4426c3562e9b4f2e1e35343807941caf74b52b55775dfe3,5168
17802b67-8bad-44d4-bb62-d37ecb91f432,Reading Standards for Informational Text,dc55767d59fe50dbd1d2b40b76f4a1794d51db06fb329768bb1b2e15a65eed6c,5318
16962b67-8bad-44d4-bb62-d37ecb91f432,Reading Standards for Informational Text,81d4b7b49b92a0fba68a8c80217456715d8e3e9cbefa78c342d97b644c132b98,5334
17892b67-8bad-44d4-bb62-d37ecb91f432,Reading Standards for Informational Text,93b5e05bcdb6929997cf83cb8724196e86817b18cfc0c94f3a741a47415270f0,5335
16892b67-8bad-44d4-bb62-d37ecb91f432,Reading Standards for Informational Text,2a95709aa060b6162b33bf306959b2d8d85cf1e9d66f7b1118e1589455065c9d,5350
16612b67-8bad-44d4-bb62-d37ecb91f432,Reading Standards for Informational Text,df8bdffac1a1fae87bc138b1281c8525eba008fbbc2aca37d3741571b4072cfd,5538
17962b67-8bad-44d4-bb62-d37ecb91f432,Reading Standards for Informational Text,6e150eca25a39cae7a9fcc5b092371571bd3976aa4d2b3b1789b5a02d6eb8db5,5539
176c2b67-8bad-44d4-bb62-d37ecb91f432,Reading Standards for Informational Text,85ac4495646ee69e996935a27cab877975f5d08b40809f411df19f1f75320689,5683
16692b67-8bad-44d4-bb62-d37ecb91f432,Reading Standards for Informational Text,e808a3bcce6e18a8c4933e9a382ead28a8409e083d0d55c3959da1bdf5b12407,5734
17922b67-8bad-44d4-bb62-d37ecb91f432,Reading Standards for Informational Text,c8364b1ab75941268bbf38892dee7746f73e0aefff126e53384f0460e6a60d9c,5735
178c2b67-8bad-44d4-bb62-d37ecb91f432,Reading Standards for Informational Text,977ec7e28cafa5f222b1aa0a7167494fd3ee299604c3401dbe9465f8a150f87b,5815
17862b67-8bad-44d4-bb62-d37ecb91f432,Reading Standards for Informational Text,283da344b909bcd011a5e904a4b4702996db56abd91210648a51c4889af63c79,5842
16752b67-8bad-44d4-bb62-d37ecb91f432,Reading Standards for Informational Text,c17c96311874886e43a4676c7753585424b791f1fc862f3f292467c74a8fc9de,5868
16902b67-8bad-44d4-bb62-d37ecb91f432,Reading Standards for Informational Text,fa72515d01c6d22886b856c03617668ded2297aa1cf904c0701e843fd664c047,5891
17872b67-8bad-44d4-bb62-d37ecb91f432,Reading Standards for Informational Text,f0cea95db54fc902ba83ca6e1fe12e95f1b8f3a66b41f9208a2d8725c327e7d9,5892
17772b67-8bad-44d4-bb62-d37ecb91f432,Reading Standards for Informational Text,52a884d9d4664fb7cdf488b70cc4723c88afe98d3f91516d93551bd0713d3fb8,5995
17672b67-8bad-44d4-bb62-d37ecb91f432,Reading Standards for Informational Text,ae1fe457009fbd8af823dee5281c0ea2a5e3c5e71d0e9e61c3c4005435c6f362,6064
167f2b67-8bad-44d4-bb62-d37ecb91f432,Reading Standards for Informational Text,e80e8e9ff40f9653a67b0cfc46ea1c91c140202c3f90a7b2f293c9bb45c88a08,6161
17932b67-8bad-44d4-bb62-d37ecb91f432,Reading Standards for Informational Text,26f9b0a6a1cc59db3866edc5f58656b2828c8a16f46d1b0d60112d2f13e8c10d,6336
17692b67-8bad-44d4-bb62-d37ecb91f432,Reading Standards for Informational Text,8aa2a6a28a719989fed89b193f997e682ac2a3772fb7da1f2427c06a7e321495,6401
167e2b67-8bad-44d4-bb62-d37ecb91f432,Reading Standards for Informational Text,08c02139cda94efa49a8be556dcf64d2ad9f2a85a3b9e2255ec9f267a32a7db5,6443
16922b67-8bad-44d4-bb62-d37ecb91f432,Reading Standards for Informational Text,15c777cdec8b0040cd5cb807f4e62a0ced4f43034b093e9c3f02a584fc8dee0b,6447
16652b67-8bad-44d4-bb62-d37ecb91f432,Reading Standards for Informational Text,4f39de123e5d0f047d3d08b5447ef96a5e54fa59bce6d47e2959e7a190a643ab,6457
168f2b67-8bad-44d4-bb62-d37ecb91f432,Reading Standards for Informational Text,dff7590ba62f2a99acca2930acad7e219fd67ecc6130d581bce0959bd119fe0a,6507
166e2b67-8bad-44d4-bb62-d37ecb91f432,Reading Standards for Informational Text,82d7e20e46c0255a3d2934986ebef00e3648b96011e65230cae5c88c959b525b,6665
177e2b67-8bad-44d4-bb62-d37ecb91f432,Reading Standards for Informational Text,54f068692b926e2c9217414bffee3a57dd342f1561af1420b3352619496ea9bd,6672
17722b67-8bad-44d4-bb62-d37ecb91f432,Reading Standards for Informational Text,daa86ada459a104ca14229d565210002bcf9ef662b0a165d44f2cecc13527a28,6771
16832b67-8bad-44d4-bb62-d37ecb91f432,Reading Standards for Informational Text,d768e6dd909e06ee115f75f56f77a833125eb6b75b7f1336ed7546dbde35650f,6870
167b2b67-8bad-44d4-bb62-d37ecb91f432,Reading Standards for Informational Text,384a3147cc62155c85b468dbff6f7720b2a30e3cefdda2b86b6354f95897ecd8,6898
3cae2b67-8bad-44d5-bb62-d37ecb91f432,Number Sense and Operations,68506bac93b649ea7db953b728c101ad31fb682e8bc6b7df5a4fd60dedd88882,21
3b962b67-8bad-44d5-bb62-d37ecb91f432,Number Sense and Operations,a970190a6291763c9ef0b0ea6ac2ef1c8b633c40d053c9f74bfba9bcd34a300b,90
3bb02b67-8bad-44d5-bb62-d37ecb91f432,Number Sense and Operations,13962eab0395e6e92eb7751fb1c82c4c5a8a7787fb5f4bee6319bb9862003a9e,154
3c152b67-8bad-44d5-bb62-d37ecb91f432,Number Sense and Operations,aafb3fefe991bb2e80ff9dc267b44d7361c681515445638ab757a2c6b97a51b8,227
3b872b67-8bad-44d5-bb62-d37ecb91f432,Number Sense and Operations,ae953db16025dbd0ad69af6745ca388b90a5a905ad22c7d13fdda8198988b181,276
3bf72b67-8bad-44d5-bb62-d37ecb91f432,Number Sense and Operations,6fac5ef48c21601ef885b1bc9c6753e08a524d2f22194f0920e0508e34f6cef7,380
3c3e2b67-8bad-44d5-bb62-d37ecb91f432,Number Sense and Operations,12d8643ce33632a8151b6debe32b6952b4056e125be6d7f00443fa9b331e8573,405
3b802b67-8bad-44d5-bb62-d37ecb91f432,Number Sense and Operations,cd8a66149f3b41abdd05de3922b3d1ea024072287d9655485860506a608423a7,438
3cbe2b67-8bad-44d5-bb62-d37ecb91f432,Number Sense and Operations,874259a726a1ec8803c49d92bf50afda244fcfe0d23421297759a77ed530d6ec,453
3c3d2b67-8bad-44d5-bb62-d37ecb91f432,Number Sense and Operations,d480b16de43cff56ec4ef1ec7b362bb5d03d49f14bda2076ef3039c6f5a205a0,600
3cb72b67-8bad-44d5-bb62-d37ecb91f432,Number Sense and Operations,e6c35987fc14dd4ff6f370bc5b7992458ff6508f6310764270943c617dfdbba1,611
3cb22b67-8bad-44d5-bb62-d37ecb91f432,Number Sense and Operations,0de38d19116a75ceb87886f54b0a020f7e7de80994230ff94181673411bb56f1,726
3bf52b67-8bad-44d5-bb62-d37ecb91f432,Number Sense and Operations,24ae558ade2e3c6a324fd3acc554550d9b9640eb5f6d61e91cd72dab7574a629,761
3cbf2b67-8bad-44d5-bb62-d37ecb91f432,Number Sense and Operations,6902d0dee60fe327204ab9593efb855e707205e571092a0e8a5d816a9ca22f50,832
3bf62b67-8bad-44d5-bb62-d37ecb91f432,Number Sense and Operations,9f180c9f7c0717f888ddb8547fd20f2f2cbae24171e03bec310cd0486395ad90,876
3bcb2b67-8bad-44d5-bb62-d37ecb91f432,Number Sense and Operations,74426a352045a3d95c6049f457fe1078651f2bc55dec1625c8ee4da0992de17e,905
3cb12b67-8bad-44d5-bb62-d37ecb91f432,Number Sense and Operations,db29268e321a22f4f752bf80e62abc170eea13c1595d51348f8f302882d1ee36,1030
3c862b67-8bad-44d5-bb62-d37ecb91f432,Number Sense and Operations,defcccc27d2f4bc159e5b6ba4df5e8daadc308b1d18648db02ee9e5e31523379,1092
3cab2b67-8bad-44d5-bb62-d37ecb91f432,Number Sense and Operations,762e4eb467d66941d1203f65d83fbe152d8f4535f7566cb9b8855f740b17872f,1102
3c632b67-8bad-44d5-bb62-d37ecb91f432,Number Sense and Operations,55659940bad446db91ffaf244234d41e3b3a17f0ee12d417fea7670c523234a1,1200
3c3a2b67-8bad-44d5-bb62-d37ecb91f432,Number Sense and Operations,b975b017028444f048c8c9e23ebc5df4f2e8b4a746b51c72c66a89661b0bd8d0,1250
3bb12b67-8bad-44d5-bb62-d37ecb91f432,Number Sense and Operations,89db9546704e8e98aa6ed203220936309e5c6e0fea8837349001e4054b1cf9f9,1272
3e142b67-8bad-44d5-bb62-d37ecb91f432,Number Sense and Operations,1086aac8b4c8590fce37e47085b1737783c93a20035185fcd55487f591affcd2,1363
3bd12b67-8bad-44d5-bb62-d37ecb91f432,Number Sense and Operations,210ecb5508bcb7feaf71ecce683e3aec38e5f900c73d73fb037688f9bc370968,1499
3cb92b67-8bad-44d5-bb62-d37ecb91f432,Number Sense and Operations,522fea5ec8b16831f3cc84e620ea09c10f2c0e49b7e83f63f59e6687cfc11d2e,1580
3cc02b67-8bad-44d5-bb62-d37ecb91f432,Number Sense and Operations,2ecc881ad226794b8f478cb5424e045da5d20177ea4887a2e25698200f72edfb,1586
3b9e2b67-8bad-44d5-bb62-d37ecb91f432,Number Sense and Operations,6cc53587e03cc938269fa673633095fc8008c17605ee4797a4fc5406dd2e1536,1607
3cc12b67-8bad-44d5-bb62-d37ecb91f432,Number Sense and Operations,4598a98a399abe24b63e75c297de8b6c24dd2845ed6945acda763da34f904cb3,1686
3cb52b67-8bad-44d5-bb62-d37ecb91f432,Number Sense and Operations,2e8a5c2affd2444a1f826c3166455af9047800f5a7d24b77819c736d7218e414,1722
3c612b67-8bad-44d5-bb62-d37ecb91f432,Number Sense and Operations,7d5319440ef8f45ca474b34a1c425673576835f04f00f9e143565fd9a8247b92,1765
3bb72b67-8bad-44d5-bb62-d37ecb91f432,Number Sense and Operations,ee0f202e44dbfe0179fde67d508881663d211d98f9868226de5d730bb605340a,1815
3c192b67-8bad-44d5-bb62-d37ecb91f432,Number Sense and Operations,e18333e4cbe8057ba7bfcf8c492a9242e93969f018a28ed74351808a0c6ee6ac,1835
3c142b67-8bad-44d5-bb62-d37ecb91f432,Number Sense and Operations,b120aefe9bfd0c1c6cf9f3cdc8463309455494a3ab3d6f182ad9cbd3781e86fc,2144
3c3c2b67-8bad-44d5-bb62-d37ecb91f432,Number Sense and Operations,4bb77d6ccaf78bd8551627030f50044466cfe81f1a09976de7d2dccd7c89978b,2167
3b842b67-8bad-44d5-bb62-d37ecb91f432,Number Sense and Operations,9cfb645225f4f9084ed6a2272322ae8884434c552f715df0355daff27127117a,2183
3cb02b67-8bad-44d5-bb62-d37ecb91f432,Number Sense and Operations,8a296f3fecd74817f0c0a40c37069d8302a4eaa7b124bc75614279725f80e482,2329
3bf42b67-8bad-44d5-bb62-d37ecb91f432,Number Sense and Operations,7c116a84b82e96e5040b4d2f2596039e8d6065780e440960615e36287d7d9db0,2345
3bd22b67-8bad-44d5-bb62-d37ecb91f432,Number Sense and Operations,08ee5c177b58675995fde3ca87b86836e8fd61413af503c318c3cac2598291e2,2466
3bcc2b67-8bad-44d5-bb62-d37ecb91f432,Number Sense and Operations,425cda484c12d247c799aa5761ceeaeef69fd19329e706431b6a0259555d39fc,2473
3b992b67-8bad-44d5-bb62-d37ecb91f432,Number Sense and Operations,8571c6e661c5b8518047840ddaeb40dbf95b63c95d6e3f00140c3ffeedd38caa,2661
3c1d2b67-8bad-44d5-bb62-d37ecb91f432,Number Sense and Operations,7b4244b9b77d341470cfae0fb42ac6eed401d3dcb1a62dedbd4cedec5c6b790d,2674
3cb62b67-8bad-44d5-bb62-d37ecb91f432,Number Sense and Operations,cc4d918d6fb6818cf3356e64a1ded7ea6b24f04b108a7e6cc559a6a811411fcd,2760
3c422b67-8bad-44d5-bb62-d37ecb91f432,Number Sense and Operations,7b785a8bfc33c0911593f40e6fa78dd6360d50e1d5f2196e87c339aa42fa30b7,2851
3c172b67-8bad-44d5-bb62-d37ecb91f432,Number Sense and Operations,8569e0aa09576e5483f6963b5fb62cfb59d6f5ac5ddefeaa965df3f1be0b5552,2870
3c3f2b67-8bad-44d5-bb62-d37ecb91f432,Number Sense and Operations,594e4654c4d742cac58bb3433f0b8f2ff42f870e8bce9cce6f80127ee8fa756a,2871
3b882b67-8bad-44d5-bb62-d37ecb91f432,Number Sense and Operations,ef95247d70f02f3b4c6f22545704fa50a11b26e12433f5bb8cbc69780c9ad967,2893
3bb22b67-8bad-44d5-bb62-d37ecb91f432,Number Sense and Operations,3752d31f0bfd355eeda6ee85a81db0fc4288c3cdc4a1ea2cb3f76626b8c37ab7,2909
3c412b67-8bad-44d5-bb62-d37ecb91f432,Number Sense and Operations,84425710f6f884357ec276cf85a118e9abed6e891500f524f97cc830af92f9b0,3021
3bf12b67-8bad-44d5-bb62-d37ecb91f432,Number Sense and Operations,ede5a414a377c7d452f6be4f93c59992bbeb731983b4483b3a237f5a010bf512,3032
3c872b67-8bad-44d5-bb62-d37ecb91f432,Number Sense and Operations,6c2b22fc73a340f8c603f8dd138145fef4dec057651c224ab80e9c0a3270440b,3051
3b982b67-8bad-44d5-bb62-d37ecb91f432,Number Sense and Operations,85af4f5206034558632566fc2f83005d71b16cc9ce3abc11846d62ba3861ad4a,3065
3c3b2b67-8bad-44d5-bb62-d37ecb91f432,Number Sense and Operations,29984441a026c8b67bfc732675119552e2aa3449d9b043ed738b8a5b87666d8f,3110
3c5f2b67-8bad-44d5-bb62-d37ecb91f432,Number Sense and Operations,3066a54f4f2f7874909e68a28196454e421775a9802911cc5a0477ea53384c05,3130
3bce2b67-8bad-44d5-bb62-d37ecb91f432,Number Sense and Operations,5017cea93d652ef6f68509ff2007011d40dada1140d89cde3fdbb83f2eec40ec,3160
3c402b67-8bad-44d5-bb62-d37ecb91f432,Number Sense and Operations,c8f528e7f115ec750ab5fd440191f82191daf2580d7e5db9b9ca7ad87c02ff6e,3256
3bed2b67-8bad-44d5-bb62-d37ecb91f432,Number Sense and Operations,7cc42a0e244439c7a7107019cc31847f446f23146b18b84e0cccbcea4070bf09,3267
3c442b67-8bad-44d5-bb62-d37ecb91f432,Number Sense and Operations,3af8de288c4c9910e458a66228b18d3a3c72417cf5a11119fa3084e36160e43d,3513
3cb32b67-8bad-44d5-bb62-d37ecb91f432,Number Sense and Operations,2642909303093fe3428d905598b182815b53e3bed34eb2b7734f8301a8439812,3544
3bee2b67-8bad-44d5-bb62-d37ecb91f432,Number Sense and Operations,400ebcf7c4dfd345cf5b51bdeb4f2d38c794faa130f526b2373aea1fb2844311,3596
3c832b67-8bad-44d5-bb62-d37ecb91f432,Number Sense and Operations,64aa37646ddd8f17f20102984d5fda5988ef487f06ca27b2b87570a33fcf52b0,3636
3c182b67-8bad-44d5-bb62-d37ecb91f432,Number Sense and Operations,b1aa83a8b446fe51cb79ab254d132e50583149f737b922961c884e01d3055d27,3664
3c1c2b67-8bad-44d5-bb62-d37ecb91f432,Number Sense and Operations,a6aba1bd50c928c0bf1ed75e57fe6876a943eef40b6b5a076fe726052dba1e88,3674
3b852b67-8bad-44d5-bb62-d37ecb91f432,Number Sense and Operations,223a26732bfe356dca7b70b6e8008331b669642d2e22551bd507d5de78ddc555,3793
3bf22b67-8bad-44d5-bb62-d37ecb91f432,Number Sense and Operations,3f56f1bc5df3277c8370b7408a0f832ec5089aaffe5a6b05012d4be0944809fb,3958
3cb82b67-8bad-44d5-bb62-d37ecb91f432,Number Sense and Operations,f29f6557dd80e6fbf0a85a0b4f7167c2e0c46c0f5dd998958bdf81c5157743c6,4007
3c162b67-8bad-44d5-bb62-d37ecb91f432,Number Sense and Operations,68cc0385174937627b301217aa2385fc76df15bdca25f80dfe9dbdefa4542547,4076
3b832b67-8bad-44d5-bb62-d37ecb91f432,Number Sense and Operations,3b54b5f29335deec559100c5dd7412e20895a6a0a7bab17143abd5eb6664c9b0,4125
3bcf2b67-8bad-44d5-bb62-d37ecb91f432,Number Sense and Operations,a47564e4b4ffc9a3cdb76732fe86a1c467078ad0c457fb896f8ba67f5ceb65d0,4227
3b9c2b67-8bad-44d5-bb62-d37ecb91f432,Number Sense and Operations,77bddfe659686405a22852feec81c61ba80638b9ddc887ea492d6a442c5fd3a4,4238
3bb32b67-8bad-44d5-bb62-d37ecb91f432,Number Sense and Operations,7cdbdedd921d23ebbac52cd67c229b77e60b7095367516805e73c66ff14e49c1,4341
3bb42b67-8bad-44d5-bb62-d37ecb91f432,Number Sense and Operations,64b947b7f79f5476d239b690c4a4f446039e467f7245914e135412f9af65b427,4365
3c822b67-8bad-44d5-bb62-d37ecb91f432,Number Sense and Operations,d09aec631fbbe8fa625b666657ede7f9ad4a65b8e03577a4d721c65e5828d446,4366
3bd02b67-8bad-44d5-bb62-d37ecb91f432,Number Sense and Operations,f39e47e3ed077397a84d819e31e1da45a8162aa3bef584b04b94745c63705f9f,4464
3b862b67-8bad-44d5-bb62-d37ecb91f432,Number Sense and Operations,d22744229455774680bbcf5b110c87fa886138ea071ae124561299056919f34b,4522
3caa2b67-8bad-44d5-bb62-d37ecb91f432,Number Sense and Operations,934fa6f9fc73f4cfd597b32622041a1a4eb066987738f05b740f14670139e265,4576
3b9d2b67-8bad-44d5-bb62-d37ecb91f432,Number Sense and Operations,a5174950c957a110995ae36d86852915023578c467a6cc07b714674d9ed256ae,4617
3cb42b67-8bad-44d5-bb62-d37ecb91f432,Number Sense and Operations,fea04a782f51b1cd9152aa98930c8c3c4993ced6fdca8a50c1e384e5d2ad0033,4793
3c842b67-8bad-44d5-bb62-d37ecb91f432,Number Sense and Operations,1f94d62907b9a001c5f94ae0472fe7060666ec5cde525313d508713732a492d9,4885
3cba2b67-8bad-44d5-bb62-d37ecb91f432,Number Sense and Operations,48764faaf598e27e0475704597d118946e99910ab07ee7364d3f57242994d45a,4886
3ca92b67-8bad-44d5-bb62-d37ecb91f432,Number Sense and Operations,91b3530fa45abcf186a5a8e169d5e1a1fe50cfabb9a85d285bfd0e4f3685e406,4965
3c452b67-8bad-44d5-bb62-d37ecb91f432,Number Sense and Operations,c9853c92a26b7ee5a968d657daa4a8ed3e5aec74a1e9f7f2ad7f6cafeee1c8ee,4982
3bb62b67-8bad-44d5-bb62-d37ecb91f432,Number Sense and Operations,5042c7f720b50809064c19fd4264d58305b442cbb439a8d3d23f52e48b304237,5006
3c852b67-8bad-44d5-bb62-d37ecb91f432,Number Sense and Operations,6677744046f2e37182da27d81d9dc47a8027dbb4d861dced29d86ad8b44b817a,5269
3c602b67-8bad-44d5-bb62-d37ecb91f432,Number Sense and Operations,f95b1264e0b0a628b5e189ac3c6198f3b8279e36f31c8c05de5edfbcc5979257,5394
3b812b67-8bad-44d5-bb62-d37ecb91f432,Number Sense and Operations,5b2005106963c92d9ad6974925edb8de48f1b45213ed9b911288deb31b2de47a,5438
3c432b67-8bad-44d5-bb62-d37ecb91f432,Number Sense and Operations,03061fc61dbfb41a8f4da50f05ad13f490882e1bc265005460bf1344b3712c7b,5464
3cbd2b67-8bad-44d5-bb62-d37ecb91f432,Number Sense and Operations,6489c73cd357815ec51b04e92ca253d52133a1d7cc6191c5bd74cbed69ae392d,5507
3bf02b67-8bad-44d5-bb62-d37ecb91f432,Number Sense and Operations,d6f80fb4317c75ce00b1039a7ea2b401451f9b49df4761940a3845275459edb5,5567
3cbc2b67-8bad-44d5-bb62-d37ecb91f432,Number Sense and Operations,b0d58f3b8b06a98c0112fb50602009a3bbe3f55a8964ca096c955d56720f8970,5607
3bf32b67-8bad-44d5-bb62-d37ecb91f432,Number Sense and Operations,ae770da710692e6c9dc891fd53ef3de66dd69bd56812d4ff8d29ebc390a05e7f,5629
3bf82b67-8bad-44d5-bb62-d37ecb91f432,Number Sense and Operations,4ca0a584d3b8b494d5518bed385b13aa4264f6728c7ee9404f3b61b71687e935,5630
3b9a2b67-8bad-44d5-bb62-d37ecb91f432,Number Sense and Operations,87dc081919d6292e005beaf557e4b179a7f791768bc7f95622b4d3384c163f9b,5690
3caf2b67-8bad-44d5-bb62-d37ecb91f432,Number Sense and Operations,178c24363a86f628561fe515a1a200b1e3acb2cb69275acdda28f0c3770957ce,5698
3b9b2b67-8bad-44d5-bb62-d37ecb91f432,Number Sense and Operations,72c1ebcd45bc3a5cdc702b86d95564b99c09d9af5b07280cb92685bc5476ffce,5799
3c812b67-8bad-44d5-bb62-d37ecb91f432,Number Sense and Operations,73221c2de9e9ca4ab71e122083dc16146b19941624e30bdf5d2735f53d7a945a,5979
3bcd2b67-8bad-44d5-bb62-d37ecb91f432,Number Sense and Operations,74b9f088d3817e19a7d24f36aa916016a3edc69748d2f5f6b26d95e4117718b9,6147
3c382b67-8bad-44d5-bb62-d37ecb91f432,Number Sense and Operations,94bf3690354058cab1467923911a228c201dcc48cf3781cc8b5773cba404d3cd,6183
3cad2b67-8bad-44d5-bb62-d37ecb91f432,Number Sense and Operations,1b3f43772f24e5f18a187090681c97f0e6894d33026a85c7f1b6454cf628fe8d,6200
3bb52b67-8bad-44d5-bb62-d37ecb91f432,Number Sense and Operations,ac120b7d7fc806f2981d065a62a279154bdbd14a719910a1ec5088793c312970,6254
3cac2b67-8bad-44d5-bb62-d37ecb91f432,Number Sense and Operations,3c346c42dacaebaf4ff2692a41a5c07428c3e18b4ac2b81f41e1c28cd8ff5549,6263
3b822b67-8bad-44d5-bb62-d37ecb91f432,Number Sense and Operations,d14d18ab7b4ab2b0bf5a3f6495ce7f34cd315af163bfc951c90ffd7c7a70a810,6342
3b972b67-8bad-44d5-bb62-d37ecb91f432,Number Sense and Operations,ca3d65a12aa77654033636abae86560b9725bf1b3ee4ada929f7dd0a6ef6b88d,6413
3cbb2b67-8bad-44d5-bb62-d37ecb91f432,Number Sense and Operations,7396993e8e28330c2f1b5bb045155acc526aed055517601f1c407d39c907a738,6544
3bef2b67-8bad-44d5-bb62-d37ecb91f432,Number Sense and Operations,c5aa6e170ce7c0e3ed047daa17c6545bb5cc5193a0deb582ede0cb37a71f250b,6574
3c1b2b67-8bad-44d5-bb62-d37ecb91f432,Number Sense and Operations,2f7a2002dd59aacebde0232a38cf8af776d157063cdb9f8b42a9093472b154b5,6714
3c622b67-8bad-44d5-bb62-d37ecb91f432,Number Sense and Operations,36b4bc894f14f14da661ae6c45893776a76a25e3575c771cc5244ada637cdb8a,6749
3c1a2b67-8bad-44d5-bb62-d37ecb91f432,Number Sense and Operations,916e19427f07c966ac566d0b3786361eb6d1f779ba66223dc5a2a9cff22f4ef7,6932
3c392b67-8bad-44d5-bb62-d37ecb91f432,Number Sense and Operations,7a6e2e357e07de5727dde4101078d7411facc41ba60b7fb54135387662b73b5f,6967
7061b207-8bad-43d4-bb62-d37ecb91f432,Earth and Space Science,d4dfe068d4f7d719cc5960214c77533d718b4425197c16eecc236cc19ed70154,4
6e21b207-8bad-43d4-bb62-d37ecb91f432,Earth and Space Science,4e7817d0f7129f5ea1328ce40c09b9f610147f24f2c2f976c508ca9af4012526,35
6311b207-8bad-43d4-bb62-d37ecb91f432,Earth and Space Science,0b69030345338108d5fd0d7c3b19534edead2865a1f301b27b5377b698e74767,102
6bb1b207-8bad-43d4-bb62-d37ecb91f432,Earth and Space Science,032aed40fcedc1f731e63c8a1c9f5b96495bfc6455dd76d2fcb823535dbc12b5,118
7601b207-8bad-43d4-bb62-d37ecb91f432,Earth and Space Science,77c182048c97c773a5de8d4311e8b1cfa456c0d7b528bcb0fe131d56a74f8a6b,194
66c1b207-8bad-43d4-bb62-d37ecb91f432,Earth and Space Science,d0d9a007723e040a2ff7b835eaecdd415b92540ca91b1966554abb12476e2e9e,370
6ba1b207-8bad-43d4-bb62-d37ecb91f432,Earth and Space Science,e124198bf885f941052021dc890377bf94375f0e8602fd3516c4b468eff09afc,382
7651b207-8bad-43d4-bb62-d37ecb91f432,Earth and Space Science,fe47155a1a4cf7e0e2327240af045e454ce15020653ae06ba053147596ec746f,434
6421b207-8bad-43d4-bb62-d37ecb91f432,Earth and Space Science,ed4227f83602a2d1406529134fae48a768a9d002feb4611dcd17096550ac98e7,541
6b91b207-8bad-43d4-bb62-d37ecb91f432,Earth and Space Science,9c7e450279cce9116a610d2cdf2d3ac779b8dbc164322a2aa0c3cfed3b1541db,607
6141b207-8bad-43d4-bb62-d37ecb91f432,Earth and Space Science,e878459496092baa50db0d6762d3936c08a984dd169eed40cbc111eefe24d410,649
6251b207-8bad-43d4-bb62-d37ecb91f432,Earth and Space Science,d6f9b15891798e33f05d18aecc68d3515ae2eb28eaecee52bfe621ac4bcf3230,697
7691b207-8bad-43d4-bb62-d37ecb91f432,Earth and Space Science,2406096530a21355ac51d5b0dbc647574dc30672e6069f0f22450c6022cc8662,698
6b61b207-8bad-43d4-bb62-d37ecb91f432,Earth and Space Science,2aad6be2fecfb987c278f37d7d88c4be2e8f6b4013e38cf5a287e7376660ddb7,789
6221b207-8bad-43d4-bb62-d37ecb91f432,Earth and Space Science,453c9ffc6bb5c173cb59718106fcd82258c5ae34bc47b5c5bdb19a37a9e0a133,822
6321b207-8bad-43d4-bb62-d37ecb91f432,Earth and Space Science,ebc77ffade2ef476558a17973f61de5dadc4209bda9bd122918d2cca2ba40c3e,834
6b81b207-8bad-43d4-bb62-d37ecb91f432,Earth and Space Science,6829f8b6f685a83dc77d0fe4589ce040fbdcebe074d5cd00dc43f260acdb7a03,878
7231b207-8bad-43d4-bb62-d37ecb91f432,Earth and Space Science,2f5c73ca8e7540a059cb7c3670735fde51ec16b497966f0c340328ec0e7e8316,973
68b1b207-8bad-43d4-bb62-d37ecb91f432,Earth and Space Science,1a044d679cc50d390b48474a0853753c851d26a554700d0b3fb6897ea2e1076a,1010
7001b207-8bad-43d4-bb62-d37ecb91f432,Earth and Space Science,73f79b2bffa903348a8193df6a397566572411bb9838057fb202162f3f6fbaae,1066
6961b207-8bad-43d4-bb62-d37ecb91f432,Earth and Space Science,369b3b0ded632ce7b470e751f7415a7b1ec873b83557e061917bbe475fccbdc6,1087
76c1b207-8bad-43d4-bb62-d37ecb91f432,Earth and Space Science,3dbaa79f53aa84533279332d985e9abde7edf2726cd66ce976a33ea47329da5e,1128
6331b207-8bad-43d4-bb62-d37ecb91f432,Earth and Space Science,f836ac31564ba17776e9450420ed95e7692f335c49f745ba35eecf6022c3e4e2,1135
6891b207-8bad-43d4-bb62-d37ecb91f432,Earth and Space Science,d8e06f0ce0a3cf19070d7503d2ca85ba984e82d8e543f28836d24ccafe5f17dd,1391
7671b207-8bad-43d4-bb62-d37ecb91f432,Earth and Space Science,46b25758c4e4c86989b8a7d754e96624a7628780fd45571ba465966bfc1900b3,1547
76d1b207-8bad-43d4-bb62-d37ecb91f432,Earth and Space Science,e6e0809fa6f77b08d226beb5e7efe919c64034cf253477e1560d9bb3761d267f,1560
66a1b207-8bad-43d4-bb62-d37ecb91f432,Earth and Space Science,b501dd7ce651fbc833c70cc0c2fadbf9ec5404873da2d811265f74a2a3762039,1593
6431b207-8bad-43d4-bb62-d37ecb91f432,Earth and Space Science,985534c3dfd742342a36f76d95ebf6b1d1f877a481a68433b6b496621ed9897a,1640
76b1b207-8bad-43d4-bb62-d37ecb91f432,Earth and Space Science,37ac39b4bbdf26efd0bbd7c5fd3784d2d9d07c2bd0736b3b596efc05d551d34b,1680
6951b207-8bad-43d4-bb62-d37ecb91f432,Earth and Space Science,c17e6dc27e9e7e2d1bd89231ee21b2c6294ef1a981793ddef033e29b614ebefe,1698
6bc1b207-8bad-43d4-bb62-d37ecb91f432,Earth and Space Science,46b75b582d93c66c1897354104391a7266fb1661bdb523544f8064162e9336ad,1703
6e31b207-8bad-43d4-bb62-d37ecb91f432,Earth and Space Science,3ad9de9fa118307d306d26422525a46cf4f94651674a17be55337024d985c277,1971
68a1b207-8bad-43d4-bb62-d37ecb91f432,Earth and Space Science,0a0d51bc2d5a865993d2c3e7057054f2f21cc373024c3022205ecabc055eaf0e,2077
6491b207-8bad-43d4-bb62-d37ecb91f432,Earth and Space Science,134920b05c60d07dd8648e7b898cdb1bdec34b844520b9788d5b19968f62a8bb,2147
7561b207-8bad-43d4-bb62-d37ecb91f432,Earth and Space Science,f080d5ad51153c267a6677f1dbe6b2c5d2e7e5ab65c5f9ae25a39509940a71c3,2148
75c1b207-8bad-43d4-bb62-d37ecb91f432,Earth and Space Science,5f17068a8d7cdd9ea5555767c734a51a993a6b7a1f53827f17aa30828111602d,2160
6dc1b207-8bad-43d4-bb62-d37ecb91f432,Earth and Space Science,27bb9cd1ecd9d24870f8b5f55e474d7da8251c17b67a7c5d7b283f129f5c3b06,2198
68e1b207-8bad-43d4-bb62-d37ecb91f432,Earth and Space Science,02abe515c1b28b26f295cea948715ee97fbcf5a0e3d919ee771dc1aed617ac97,2235
6b11b207-8bad-43d4-bb62-d37ecb91f432,Earth and Space Science,cc776546cc7ccd96b29cef21400bbc037fcff4aabb5d2ebafb773fb3abb95ecb,2397
6de1b207-8bad-43d4-bb62-d37ecb91f432,Earth and Space Science,7dbe73d108b23a0bad048242681bb6293c2a378ba20d519f6cd8cf6760cfbe1b,2545
68d1b207-8bad-43d4-bb62-d37ecb91f432,Earth and Space Science,5bde776eda52689d6319d8f4ac51a3661cd6eda9c26446c7b5926ffb2734645f,2585
7621b207-8bad-43d4-bb62-d37ecb91f432,Earth and Space Science,0c84f6423c9f98d6d502a4d840cb6c715e7984412eac355640e1753f69018c95,2676
6691b207-8bad-43d4-bb62-d37ecb91f432,Earth and Space Science,d03c65246ba3d64a33aed3bfd9ed12ee91cb68473169ccadabd2600f3f1ab061,2685
7631b207-8bad-43d4-bb62-d37ecb91f432,Earth and Space Science,8f97f4d01ea24898786823110cdd449ad61acec90c45237e9e0f0229352b6ac4,2696
68f1b207-8bad-43d4-bb62-d37ecb91f432,Earth and Space Science,dcbfc97e6749fdf4c5d1d8e9895caaf473a06d0c9bcab45f2645aaf22069a686,2886
6b71b207-8bad-43d4-bb62-d37ecb91f432,Earth and Space Science,41d1162838127669b8634dc590d70bf02870fe5a3500e9d4a5c101dc02d3e988,2976
7641b207-8bad-43d4-bb62-d37ecb91f432,Earth and Space Science,5c1b09a950ef0005ba2f69d53b65f6f2031fe9553f03fc399a377d5ba6d402b4,3083
7051b207-8bad-43d4-bb62-d37ecb91f432,Earth and Space Science,a4dd9c930f38fc195c29a4b596272b04d0aabeb0b5edf4081bda87dc3409892d,3167
6151b207-8bad-43d4-bb62-d37ecb91f432,Earth and Space Science,ccd3920cd0817d7d30f2c207fcb949045b6a6cbf16b051cc9bb9ce738827d7de,3208
75b1b207-8bad-43d4-bb62-d37ecb91f432,Earth and Space Science,85b9afe93e79ca1028dbd530ff8acdc6e6f13b6f3faa9b399b66c99e62e2b5d0,3352
6471b207-8bad-43d4-bb62-d37ecb91f432,Earth and Space Science,2db57d23c1348160efebebc0ec68bcffa3e22ef8f8614f99e0e490f85ea044b8,3460
7661b207-8bad-43d4-bb62-d37ecb91f432,Earth and Space Science,bb3a35c871d5bfb9a357b96b2c6c37f12a68443070daae749b57cf49eee58961,3608
6901b207-8bad-43d4-bb62-d37ecb91f432,Earth and Space Science,6c5108a895771a93b945168405c167d2ded5d57cd985e36499de57d3018bc977,3617
72d1b207-8bad-43d4-bb62-d37ecb91f432,Earth and Space Science,d8ed090f1482043eed3fb654b8308466eeb94ab701c821f98fa628db87ae714d,3749
6111b207-8bad-43d4-bb62-d37ecb91f432,Earth and Space Science,23753ab9db50688bd4921853e43095eefdcb17378bd185a594dcc78361496190,3772
6e61b207-8bad-43d4-bb62-d37ecb91f432,Earth and Space Science,b9d4ceedbb7e758a8493277891b28b160cc09e3a37293a91fa9225bee566776e,3808
7471b207-8bad-43d4-bb62-d37ecb91f432,Earth and Space Science,3f3d969bec55aa7d0635f80c3b483f2fb39d6529f066eae2e663a9cdff21df99,3873
75a1b207-8bad-43d4-bb62-d37ecb91f432,Earth and Space Science,aad4e16a63e50240160fcff71c3f47902c2dc6193127d2c50c1138e6311f6dc3,3878
72e1b207-8bad-43d4-bb62-d37ecb91f432,Earth and Space Science,0baade2717ece5f50daff9b602cdbf348f478c8b8aa3f60424e0dcb3284c1395,4151
72a1b207-8bad-43d4-bb62-d37ecb91f432,Earth and Space Science,e652915c34126bde98df956a9dbcc3a42e4e5529fbb3600e0d3f20c350076cf1,4272
7591b207-8bad-43d4-bb62-d37ecb91f432,Earth and Space Science,ddf000dd5b42bd1f7e2fb8b07926bb9b72eb77b4836a41c6110f9abcdd5c31ff,4415
6241b207-8bad-43d4-bb62-d37ecb91f432,Earth and Space Science,41824fdce84ed5d0f98d2dd5516ef98062956aacff0d56abbe237e3eeb52033d,4579
7271b207-8bad-43d4-bb62-d37ecb91f432,Earth and Space Science,ee45b887777d69ab4577ea21218885f334c5a0ec81c11c31199d412ddf28bf54,4581
75d1b207-8bad-43d4-bb62-d37ecb91f432,Earth and Space Science,80011605b42fa5d8e25057d3c8ba3ca286259e898bd524d2a102896632fb4145,4582
6681b207-8bad-43d4-bb62-d37ecb91f432,Earth and Space Science,6d9e169cf8d848aaadf489d2c1a06e3c4827bf619439b2447ff98dca83b3c6da,4596
7041b207-8bad-43d4-bb62-d37ecb91f432,Earth and Space Science,02ed9bca614aeff85a9c5483d62d1f16a6f20bb8251024d72acfdd8aec14a173,4603
7011b207-8bad-43d4-bb62-d37ecb91f432,Earth and Space Science,7f84123e9e2e85442d7f5c25019e7777fac344298e70b8325128f89568cc243b,4676
72c1b207-8bad-43d4-bb62-d37ecb91f432,Earth and Space Science,dbe14863fdecdf07577ba76a37f674c903ad2b32c8ea2e506cb296ae043a91c2,4693
7581b207-8bad-43d4-bb62-d37ecb91f432,Earth and Space Science,d566f6db8d8d2c90c7cab431cab6495ca04e1f06172de40e9d8cf034b86fa38b,5030
72b1b207-8bad-43d4-bb62-d37ecb91f432,Earth and Space Science,a1c7cccf9c4b124d664f48efd3e79a496d204e41598ccfbcb56b8e004ac374b5,5151
6e51b207-8bad-43d4-bb62-d37ecb91f432,Earth and Space Science,ffd7c5845935e3873b4ac0b83045f81ebfb63e7f6a1d3bc5ed2b9c792b11e1a9,5192
7291b207-8bad-43d4-bb62-d37ecb91f432,Earth and Space Science,643c0d31938fef4b26832746d737853a9c19955bffe257b0d02167837adcb936,5193
7261b207-8bad-43d4-bb62-d37ecb91f432,Earth and Space Science,c5d856b1f677748614b5fb0132f4ce6576f53e877d68f4d99ec092757a9fecf2,5202
6101b207-8bad-43d4-bb62-d37ecb91f432,Earth and Space Science,48fb479d014fa88b1274531b04dc92c960278cd66f03e44701758beab0e14102,5235
68c1b207-8bad-43d4-bb62-d37ecb91f432,Earth and Space Science,8b7ce93ae445a139d72d43ddaf8fd761624bcde2eacdac5275083305e05a4ff1,5363
6df1b207-8bad-43d4-bb62-d37ecb91f432,Earth and Space Science,3558ec81b56b3397eb18414668f2b4a64e32c3c1235c15d784dc2aac59569d56,5420
6441b207-8bad-43d4-bb62-d37ecb91f432,Earth and Space Science,215f24efc5efd8ed8bd86df2913536c729427c3fb2a7b6f89b46fea7ed90e65a,5609
6121b207-8bad-43d4-bb62-d37ecb91f432,Earth and Space Science,1a9d0763415e1cff47757175dd3e9fdf8e722d3e1ac52c8cf61225c761aae19c,5617
6231b207-8bad-43d4-bb62-d37ecb91f432,Earth and Space Science,aa94ae8e056cddcdeaf09c653bb5404a881bd05be4b0784b063bebae32eedf8a,5653
6461b207-8bad-43d4-bb62-d37ecb91f432,Earth and Space Science,aae4a3a8840383a39ed7b809359cbd307b92ef304c89b2bd27c6b82edd9e5e84,5704
7281b207-8bad-43d4-bb62-d37ecb91f432,Earth and Space Science,f6610a6a439778b8cbe367544eb06d5d7864c044af4c4332ddb2c8c14e3f3019,5716
7031b207-8bad-43d4-bb62-d37ecb91f432,Earth and Space Science,6e73e8a783e40db0e25be0b2bbf2e277b86950352adc02458dad11a577755820,5820
7241b207-8bad-43d4-bb62-d37ecb91f432,Earth and Space Science,58019f5e28fa5e795687ad54fab62c405e3d11f5722297a195846a2fa8500cbd,5821
6481b207-8bad-43d4-bb62-d37ecb91f432,Earth and Space Science,551d90c5fe53dfd770ba0931ade8aa73edf79817a8398ab61c265ad1406448de,5829
6911b207-8bad-43d4-bb62-d37ecb91f432,Earth and Space Science,de255c1f72b2b2b979b3422ec4a8614c1dbee1797e1ea4912e37fe1485e70aa0,5836
7071b207-8bad-43d4-bb62-d37ecb91f432,Earth and Space Science,9223a656b2113e858cc13c535a3be4b2ce4c412a5087b306fde32046e8f94cdc,5837
6671b207-8bad-43d4-bb62-d37ecb91f432,Earth and Space Science,ce1d2fef346cb27e8e273575b8809e4561d8e700f911d00859b3d9e6dd6bfca9,5914
7611b207-8bad-43d4-bb62-d37ecb91f432,Earth and Space Science,db6f0f07fb1680be0bc98fe24cce29796d7ace9f1c391a118f084b544d992c12,5963
6451b207-8bad-43d4-bb62-d37ecb91f432,Earth and Space Science,39bc08bc921296331b019c2e77d9f64e340aa9e37c83049ebd8b35c591c968ac,6008
7681b207-8bad-43d4-bb62-d37ecb91f432,Earth and Space Science,d77b5297f900859293cf8badf19c759824a570de5ac31a36baa9bfdc11047c01,6082
6e41b207-8bad-43d4-bb62-d37ecb91f432,Earth and Space Science,f3b97be8c763a4dac80fa4b67788567bcdd7c205713b7ee11245949afb4a2baf,6307
7571b207-8bad-43d4-bb62-d37ecb91f432,Earth and Space Science,9aaf3a7cf494653565ffa6fb53105c4d1d44ba5ea37fd7f0ba034da086020cd2,6370
6dd1b207-8bad-43d4-bb62-d37ecb91f432,Earth and Space Science,fbc61b4931fbbc51789d5f15bfccde3ce974c60d0e578dd870994ced2c4f4613,6417
6b21b207-8bad-43d4-bb62-d37ecb91f432,Earth and Space Science,8d0631a198ec123280aa8bb5030c22f6d02c1920d598ec11448ecde6d3d3a1d6,6424
6e11b207-8bad-43d4-bb62-d37ecb91f432,Earth and Space Science,2b298210dd5cb7b218fd8012772464aa7db05bdcd65795cf195f083221747aee,6425
6131b207-8bad-43d4-bb62-d37ecb91f432,Earth and Space Science,af3551ab7abe8ee086fd802bc4eeef0dde845cbb484825f314213ceb632f58f2,6479
75f1b207-8bad-43d4-bb62-d37ecb91f432,Earth and Space Science,256df8c734238142141a694ab5d1d806070c20b67ffa0612553d53a2eed20736,6621
66b1b207-8bad-43d4-bb62-d37ecb91f432,Earth and Space Science,2ec836979b31a9640ab595d24429a3fda9e4cbd631ab7be39ebc61e485e20e67,6648
6e01b207-8bad-43d4-bb62-d37ecb91f432,Earth and Space Science,8fa0121c2c64c861a871e13b02b8af3d7ed33a969181928830c2b40a5bb983eb,6649
7481b207-8bad-43d4-bb62-d37ecb91f432,Earth and Space Science,edb1253250372b09a846cf95d997bf6babb5b787eac3d2e452e715960222d138,6690
75e1b207-8bad-43d4-bb62-d37ecb91f432,Earth and Space Science,d8aa23625e4c4f3ebed6daa3a128e0b289f90db305553bef24e43e0c0138420e,6699
7251b207-8bad-43d4-bb62-d37ecb91f432,Earth and Space Science,36fd3a835b675ec736a3eb019ddd2e2d89680b6d4b028d829054d24ba62f05f3,6785
6bd1b207-8bad-43d4-bb62-d37ecb91f432,Earth and Space Science,8b46fb0831f380f5251377365f8bdc5a5592fe8e6be5ace27c1b5f29f76d912d,6922
76a1b207-8bad-43d4-bb62-d37ecb91f432,Earth and Space Science,bb81b8ed8321402190efef6a3f66867ef83940ac8fdade74b39268d2ade61dab,6933
3d3d2b67-8bad-44d5-bb62-d37ecb91f432,Geometric Reasoning,52cd83ea6934b0d6de458fadd8abf76b1234bdfae0b724038cd8625dfb4fad06,43
3c312b67-8bad-44d5-bb62-d37ecb91f432,Geometric Reasoning,09c368b079ec1c5afd123b1308953a33dec37b392e217f8afe426939934c467b,91
3d472b67-8bad-44d5-bb62-d37ecb91f432,Geometric Reasoning,6c0e1e4a62ef3578c4a6c1348f220b3e8f6c064b7b1a2a5111620dcd1abd7b21,117
3d562b67-8bad-44d5-bb62-d37ecb91f432,Geometric Reasoning,b3ff0849f4e07b0e207e459bf3294efe77858011d74786ff2386fcf1b3e84892,140
3d502b67-8bad-44d5-bb62-d37ecb91f432,Geometric Reasoning,9e651e8d108ad58c67e50731cd0b0f0dff281747772b200762754cb3143fedc0,406
3d5b2b67-8bad-44d5-bb62-d37ecb91f432,Geometric Reasoning,4b8b9a2254cb78174b6d43a1f41511d06e3aff86de9a5827e6af0acb146b2bb7,432
3bad2b67-8bad-44d5-bb62-d37ecb91f432,Geometric Reasoning,588aba22733fc13699e193fd5fef4f27c2944d2a4e5c49e391d647502f0a72d3,503
3d4e2b67-8bad-44d5-bb62-d37ecb91f432,Geometric Reasoning,538a52779e4ad75af3c15b4ea3a81cf79fa6313ebed558c1325815be99e6998f,561
3c572b67-8bad-44d5-bb62-d37ecb91f432,Geometric Reasoning,88a2418465dd0706e0d54f23104fa9b01df0fc7e09daa61d4ba2362be1eb78c4,601
3c562b67-8bad-44d5-bb62-d37ecb91f432,Geometric Reasoning,193dcb1ea33b879391d9769e3f2812228bd140b797b72f43ca609ce5835d995a,678
3c742b67-8bad-44d5-bb62-d37ecb91f432,Geometric Reasoning,49d3a345b22785084233f7bba618f67f81f23c8db016ad82478eb44526543505,679
3c542b67-8bad-44d5-bb62-d37ecb91f432,Geometric Reasoning,27093dbabad6cf98178a9c0c65c436e49654c2b16a9c58f66e3966ddcebf20ff,696
3be82b67-8bad-44d5-bb62-d37ecb91f432,Geometric Reasoning,db2bb480842286e1b50558d579753027e55a52a0e2fd479d85f583e64bc97c28,780
3c9f2b67-8bad-44d5-bb62-d37ecb91f432,Geometric Reasoning,7dc86e616525475e9e6fd4b28baf6c1215e6bfebb4392cdd81e7a0bc743fdf64,810
3ca22b67-8bad-44d5-bb62-d37ecb91f432,Geometric Reasoning,4ec9de3f999b402c9a5d61f27d339f710a2aa07eae1ed96915977905c7e7981d,906
3ca02b67-8bad-44d5-bb62-d37ecb91f432,Geometric Reasoning,73c4b11e07c4ea96b0494ee04ca174c035b3c2ce2313689f82c88fe24b647157,964
3c102b67-8bad-44d5-bb62-d37ecb91f432,Geometric Reasoning,f7997efb3dc87f5b81cc69c09c28db6a367d66b5680538bb46fa938dabd88530,979
3c0e2b67-8bad-44d5-bb62-d37ecb91f432,Geometric Reasoning,36a707d55608b769c41b9c25c7c7ba133265b865572d67f53ca3f40f655187e6,1008
3d4d2b67-8bad-44d5-bb62-d37ecb91f432,Geometric Reasoning,12b90b91021c57793dc8f02883e075a9533562ab1680fde63e53e83733c0fb9c,1031
3d552b67-8bad-44d5-bb62-d37ecb91f432,Geometric Reasoning,9be51072e1e38b167a3fd4ba86221bcdb6ba39c4e8bbaf7eade7f5a70d0972fa,1194
3d5c2b67-8bad-44d5-bb62-d37ecb91f432,Geometric Reasoning,bd045d4fbbf12f9b1a9e106bd805c33e56490faa7b1cb51ea55a9af73edc05c0,1299
3b932b67-8bad-44d5-bb62-d37ecb91f432,Geometric Reasoning,10cdaca49dacf37fa215d46e56f72ac4695a62bdc30d39c49ac6ce27ce3a8f15,1354
3be92b67-8bad-44d5-bb62-d37ecb91f432,Geometric Reasoning,f7b15ab3019219676e09db33caf84e390e6088e006e9fbeae4683b839d2180ac,1401
3d4c2b67-8bad-44d5-bb62-d37ecb91f432,Geometric Reasoning,330fbfaff829eb51ea8dfad8a1da6abd698a243b0ca5d3439e35b7110e3edd68,1428
3e1c2b67-8bad-44d5-bb62-d37ecb91f432,Geometric Reasoning,2188bfeb7ee442b0cd1da87ed51be01b5578d856394f1488dba8c73589be4809,1464
3d4f2b67-8bad-44d5-bb62-d37ecb91f432,Geometric Reasoning,9e72dcb1fbd5270b9b70c9fec0ede147ddb160a1673f08ef147f1c343a8071ad,1559
3c752b67-8bad-44d5-bb62-d37ecb91f432,Geometric Reasoning,c0f023d6891979eb0d476648d4bae275eaadc4462c692650f1e857dcc3829f68,1637
3d442b67-8bad-44d5-bb62-d37ecb91f432,Geometric Reasoning,ded84557a1a5d0d7a6fd46460265a79bbec250ae4c1f227f76ec7410049fbe75,1697
3d652b67-8bad-44d5-bb62-d37ecb91f432,Geometric Reasoning,fad293a5e2d83dd1480b020b544af8ad95b431c60285c560c630dbb51f4b258d,1766
3c762b67-8bad-44d5-bb62-d37ecb91f432,Geometric Reasoning,ec47d273480e7a8cd5e394402bf10c4dadcfcc613588e03734d742124bbc98fb,1790
3bc62b67-8bad-44d5-bb62-d37ecb91f432,Geometric Reasoning,a6f794040b9712e547c5639f0bf161c80d1c8d2e468992ecf39d060140a3930e,1834
3d612b67-8bad-44d5-bb62-d37ecb91f432,Geometric Reasoning,58ac7ab3a2e732e7bbee14acea9ff5a394b0b47d23ce81c96596fae85b2481d5,1856
3c552b67-8bad-44d5-bb62-d37ecb91f432,Geometric Reasoning,217df8f7ea5927b8e5be57625a22a4417c497eaf58706714a799326eceb199c8,1883
3be42b67-8bad-44d5-bb62-d37ecb91f432,Geometric Reasoning,5daa26318971e753be178b3590da40efe5e2d7ee3f86acfe8765d6f7b1a8697f,1999
3c332b67-8bad-44d5-bb62-d37ecb91f432,Geometric Reasoning,d9d259978e23b468a51cae788a377f180fb7b39a538cdbd079fa509fc00391bf,2057
3c702b67-8bad-44d5-bb62-d37ecb91f432,Geometric Reasoning,ca4f5ef89143b190d4be23a2ccca1a6c023cfc074690aac5f7dc9d6afc369cda,2290
3c9a2b67-8bad-44d5-bb62-d37ecb91f432,Geometric Reasoning,d12f5dd15d5901f5f54926d2a057be69d3047c8459ae2b78395f86692c400248,2308
3c302b67-8bad-44d5-bb62-d37ecb91f432,Geometric Reasoning,964f5d4547c2f07335c63abfdc7facccc58303dd56daa998379181860aac4e1e,2327
3d4a2b67-8bad-44d5-bb62-d37ecb91f432,Geometric Reasoning,c994924cceef60c74b324b6e59a9e41e4e80332b702beb599ffbd5f24e7a596e,2364
3c9c2b67-8bad-44d5-bb62-d37ecb91f432,Geometric Reasoning,be277a35fa1ae43c5a20eea5e6d13213d14231d737b45a622b704b2121fd44a8,2474
3d632b67-8bad-44d5-bb62-d37ecb91f432,Geometric Reasoning,09a7bacb54cf41344f6420aa967f5de2d0677bb17894755c1951c6a43e0b1927,2739
3d512b67-8bad-44d5-bb62-d37ecb91f432,Geometric Reasoning,233b2e95a7cf93c25a417182a9c3b9b8d35270ffb9efba27b595a61a2afc7108,2805
3d422b67-8bad-44d5-bb62-d37ecb91f432,Geometric Reasoning,9d0a41f95817fa7d29e93b99db0edd2c6a98bd5b7588ff6ef8ba715f7a99b207,2910
3c322b67-8bad-44d5-bb62-d37ecb91f432,Geometric Reasoning,6c5fb92441b585d040846abe4e7ecac3e0a6b2120b5ead1916c5983c64e1aaf7,2954
3c9e2b67-8bad-44d5-bb62-d37ecb91f432,Geometric Reasoning,b797db735b87292be1768a14969b627850d42c6b17705a0066d97ef2cda53e3c,2955
3c2e2b67-8bad-44d5-bb62-d37ecb91f432,Geometric Reasoning,e0c135e0d0c6e4d6115bd6787958f7f86eef73194978b4cf8fee39fb05179459,2996
3b902b67-8bad-44d5-bb62-d37ecb91f432,Geometric Reasoning,58a31b338c0d8f341ca76324be3cfc26c8901545cd6fcb8e10168563193f87d7,3137
3bea2b67-8bad-44d5-bb62-d37ecb91f432,Geometric Reasoning,6ee953b1148bf5e4dd7ffeeea1c6c0d7e211cbbedf395d9f608205794709f977,3138
3be62b67-8bad-44d5-bb62-d37ecb91f432,Geometric Reasoning,ee02a4edea5bbd5f3d463e8e5fd7638274f88119a8160db917d4e967c7ec08e9,3333
3be52b67-8bad-44d5-bb62-d37ecb91f432,Geometric Reasoning,cebe5df10080e15b067a4d3f97b33d0ad9cec294befd1d41faaea97f1f9face6,3360
3c582b67-8bad-44d5-bb62-d37ecb91f432,Geometric Reasoning,5b8fb5c1aa700481dda9fe2378647301106c068f8751740b699671ea05978b3f,3361
3ca12b67-8bad-44d5-bb62-d37ecb91f432,Geometric Reasoning,2c48c81eb5d1672a9a60ffc552220d3e774b0a0037ae5ac789d2707ab5fce034,3385
3bc52b67-8bad-44d5-bb62-d37ecb91f432,Geometric Reasoning,fd453ea742318190717a5c4c2e19bd89e55169eb7d98774659149f3a415f0495,3408
3d3f2b67-8bad-44d5-bb62-d37ecb91f432,Geometric Reasoning,9d7ebad9b450238d8ebffa1eec32b31aa5e211602c6829ae58117b121b5c6f00,3418
3c712b67-8bad-44d5-bb62-d37ecb91f432,Geometric Reasoning,5456e6013860c1022e09b2b332b6c4ae32d2336f52871d54fa863e7af75123f8,3425
3d642b67-8bad-44d5-bb62-d37ecb91f432,Geometric Reasoning,475a2f8aa829b1a2441ff006be80efe5121a70d3cfe73d81f05adb13d49c7f09,3536
3c732b67-8bad-44d5-bb62-d37ecb91f432,Geometric Reasoning,e2b713205f91bac0f56f9f20801b8c0a6607af12bbe114866032607d3dd69707,3654
3d3e2b67-8bad-44d5-bb62-d37ecb91f432,Geometric Reasoning,e5a8c83baef825b1af32b11e227fc88b17a2cb4fcc1132b995d49da758702764,3656
3d5a2b67-8bad-44d5-bb62-d37ecb91f432,Geometric Reasoning,e38069655594c16556eed10e140c816bf26f0ba39eedcc26b91e3238df25986e,3770
3d5d2b67-8bad-44d5-bb62-d37ecb91f432,Geometric Reasoning,42107953ae4a6e1c7e316f4f96b33eba7dce0942e8b212c9de834ed7d0409191,3825
3c722b67-8bad-44d5-bb62-d37ecb91f432,Geometric Reasoning,7d56efda083cf956c66c867d33807036657a428ca0cdb0e2a06d2a0794a6de68,3877
3d542b67-8bad-44d5-bb62-d37ecb91f432,Geometric Reasoning,97646038c1895a8a70f5fd2f1e8262a54255b95ac117de529e3e2e9fb584a156,3959
3c352b67-8bad-44d5-bb62-d37ecb91f432,Geometric Reasoning,86b2e10efe821c19e6ba94c7c59ccaf1ab8b5d38a98ce3228d50a5ffad5a0608,4039
3d432b67-8bad-44d5-bb62-d37ecb91f432,Geometric Reasoning,a698e0b5fcd644bab8fda132e0775660b5d70cd628c123a98290757c8321342a,4077
3bc42b67-8bad-44d5-bb62-d37ecb91f432,Geometric Reasoning,79e454a4d56acde68d7b59b05296a9299b9eea8b28861db5531024fab8e34b18,4194
3c9b2b67-8bad-44d5-bb62-d37ecb91f432,Geometric Reasoning,f18fd1d43799c1c6afffba8ac0825ba671509559ebb69006964bc388146717bb,4358
3c342b67-8bad-44d5-bb62-d37ecb91f432,Geometric Reasoning,d0e62c6e766d7197b0a0d94c6c0b01b63b86c72ed1eb32fdf854af0335b4779e,4374
3c9d2b67-8bad-44d5-bb62-d37ecb91f432,Geometric Reasoning,ea15cdc90975178f37b25a0871282eda3d699dc974f449f6d52000669c77c369,4432
3bab2b67-8bad-44d5-bb62-d37ecb91f432,Geometric Reasoning,71d45013d37cebe1ec02321bdf00df584759920171cc74c9bfb4095002b36571,4463
3d592b67-8bad-44d5-bb62-d37ecb91f432,Geometric Reasoning,6a3d3b2f6395e2d0fb39f7d847d69cf0777dff104bd84bdc3eab267d4756c4db,4540
3c772b67-8bad-44d5-bb62-d37ecb91f432,Geometric Reasoning,0ecc8741dc6eb8a29a38a91c64185e29bef783db452b3cc76fa87da720188030,4644
3bac2b67-8bad-44d5-bb62-d37ecb91f432,Geometric Reasoning,c0882ba05f6af7bf011c53a2fce4e7f4f969235eb2ad4154c07b103610814644,4819
3bc72b67-8bad-44d5-bb62-d37ecb91f432,Geometric Reasoning,970db81cbe46ce575b270a3dd060278aafa4e044e28ac83d8a478de470861649,4820
3d522b67-8bad-44d5-bb62-d37ecb91f432,Geometric Reasoning,89ac44b8eda7e3581040efdd2787396e1f15c749e25b8787a4dd0c13f4a599fd,5029
3d462b67-8bad-44d5-bb62-d37ecb91f432,Geometric Reasoning,214578c36ffdf42c28b53e5d025ed3b7f3d73b65bdf7b7b64214cf4601aaba81,5214
3b912b67-8bad-44d5-bb62-d37ecb91f432,Geometric Reasoning,9e76c46a0dec54167cfcf0c4f5f1050ffe6baeab9eac76d8ff25273b6ddb3ef7,5243
3d3c2b67-8bad-44d5-bb62-d37ecb91f432,Geometric Reasoning,2c4eac7e35e78be7292af9a934db2e5e5db16d2cc9b88dc22415dad83657caf7,5261
3c522b67-8bad-44d5-bb62-d37ecb91f432,Geometric Reasoning,24e3e6c049a128f1deda852b2d2297f9c4d91a7d0af9b09dd9d657ef38715316,5362
3d412b67-8bad-44d5-bb62-d37ecb91f432,Geometric Reasoning,63b33585c5f7afd9bdadbe4b2f566cc2a77df490fc0e0a667466b66f04ef1744,5419
3c0d2b67-8bad-44d5-bb62-d37ecb91f432,Geometric Reasoning,a2e4946b80fdbe780b5fe85517ad45a9c43fec73d9efe412bb1a6e2c8efb1cbe,5443
3d5f2b67-8bad-44d5-bb62-d37ecb91f432,Geometric Reasoning,c246c5c6e7f41501fd36fcf595f44e27ef5c53b76974c89eed28cd403b89fb6d,5472
3c992b67-8bad-44d5-bb62-d37ecb91f432,Geometric Reasoning,4e87cc7b7e3a80d3bd7beb4f61c15675f152da9aec4f271b2bee832a2f160263,5744
3bc82b67-8bad-44d5-bb62-d37ecb91f432,Geometric Reasoning,94c2b8908bc866b501c5960a724d0a0c6a62ab7509a5eef1a2b2ed2545b42f3e,5800
3be72b67-8bad-44d5-bb62-d37ecb91f432,Geometric Reasoning,0b3eac8d3c7aaf434802136acf4283ae72d0674c96c2e90957ab7972b1e5a6be,5818
3d482b67-8bad-44d5-bb62-d37ecb91f432,Geometric Reasoning,40b95cf45e15cfee66236298cbbad5c9edeed46c7534dcb5b8b427aa3cb0d104,5835
3c0c2b67-8bad-44d5-bb62-d37ecb91f432,Geometric Reasoning,8218662722ec242092ae5df5d10e62c635fea6342786e3b8faa6858f5bc71952,5882
3d452b67-8bad-44d5-bb62-d37ecb91f432,Geometric Reasoning,2c98bf9502480a1718add2f4d974de5012a2be68bc4f6bcdb6ef463216e8342b,5900
3c532b67-8bad-44d5-bb62-d37ecb91f432,Geometric Reasoning,b4027f0ec99847dc16d75c1bc3e8fe0deb9f63a61698e0abdca90148a83f7d49,5913
3d492b67-8bad-44d5-bb62-d37ecb91f432,Geometric Reasoning,5356ec6af54e90951bb2ce58092184c262af49c1e838b330147e4e887287f852,6137
3d572b67-8bad-44d5-bb62-d37ecb91f432,Geometric Reasoning,8648c66853b82d54c80835041d30db0554657cfa2ea967ba210b152d689214a4,6167
3c0f2b67-8bad-44d5-bb62-d37ecb91f432,Geometric Reasoning,6a8cb176cee350cd8ced2944c09ca4ad4229e5a2f28f075794b51be495c6e4d3,6218
3d532b67-8bad-44d5-bb62-d37ecb91f432,Geometric Reasoning,09b2df875b6e3352318db7844e59592454b3c437c69fd370550fa838bb0aaa02,6246
3c2f2b67-8bad-44d5-bb62-d37ecb91f432,Geometric Reasoning,687b55af814809d164c7625f557f56d978861a101395d056bdf5bf150972410f,6286
3d5e2b67-8bad-44d5-bb62-d37ecb91f432,Geometric Reasoning,d7b8d7de259cd95fbcde09cc47d4ce3a8632c3a6e200db6878cfa3251c29ffe7,6330
3d402b67-8bad-44d5-bb62-d37ecb91f432,Geometric Reasoning,63acdcb2ea19210a2b00341cd3ee0042de0b7f611ad69c88c637d1cef109af2a,6433
3d602b67-8bad-44d5-bb62-d37ecb91f432,Geometric Reasoning,f2393c5188e32525c01ef98759f898bc9c27e0bd2ed6fb1503910da763a05569,6440
3d582b67-8bad-44d5-bb62-d37ecb91f432,Geometric Reasoning,476b22982399cf5460307be161bfb9ae185986a2104b7c398c61863a47f8858c,6511
3d662b67-8bad-44d5-bb62-d37ecb91f432,Geometric Reasoning,ec5c1d1baf6145ccfe038bdac380cd6cd93635990d4b9a74ee8e36dc10f742a8,6534
3d4b2b67-8bad-44d5-bb62-d37ecb91f432,Geometric Reasoning,6855a1648f92e47f9a1f91d3a7bb4a1a3197a493d8d60515f857f7fb405d30b7,6619
3d622b67-8bad-44d5-bb62-d37ecb91f432,Geometric Reasoning,01c34084ded8832d1eccd6bb6cffe32702a413dcd5eb2410e1b49ec1e4419de4,6673
3baa2b67-8bad-44d5-bb62-d37ecb91f432,Geometric Reasoning,c0e9dcb49494a592bc43d43bc5ca57140891b759ac423736ff4c4438ae1e5ca4,6748
3b922b67-8bad-44d5-bb62-d37ecb91f432,Geometric Reasoning,d886b7f6ebb47e2abd391513f870e34b26f5f866fd9515a8a90cc1da99f9d7cc,6812
3b942b67-8bad-44d5-bb62-d37ecb91f432,Geometric Reasoning,193a7607a9a206ee61d81fb852c63f4f92c78b8dcbec34fb81ffb669e36a546a,6867
16582b67-8bad-44d4-bb62-d37ecb91f432,Reading Standards for Literature,41dc64ea92c99d54863daa2d422d7d7b4fc79cf4b55c5bca485b80f86f5c7317,1
16362b67-8bad-44d4-bb62-d37ecb91f432,Reading Standards for Literature,f3005b53a1a76c71a6130798c9cf3d3d1cec6f25db80edf7d8cd2da07cbf5540,31
163f2b67-8bad-44d4-bb62-d37ecb91f432,Reading Standards for Literature,a0cbf76a7b59cc7685e1f6349db5a03868c2bb73b2fb419c3e110f716d4c35f3,48
17402b67-8bad-44d4-bb62-d37ecb91f432,Reading Standards for Literature,d688bd70db4afb801512fa0db0f11b7ab964e706524578a3977c7519adaea61b,62
16552b67-8bad-44d4-bb62-d37ecb91f432,Reading Standards for Literature,d704860bbe0fe833a475b50ade3be8468af4c198b75322e58a458cba9b98d6bc,131
165a2b67-8bad-44d4-bb62-d37ecb91f432,Reading Standards for Literature,e44fa3dae724d81fef88abc3a5172b6a47b7c2937a0ebfc3d09f91e55088231b,138
17392b67-8bad-44d4-bb62-d37ecb91f432,Reading Standards for Literature,c5007ccc2c76552584a6d7dd704adba592a8433dd860968bbc9efc035f71c4f5,139
16352b67-8bad-44d4-bb62-d37ecb91f432,Reading Standards for Literature,6e5f1401ee8534cead03cebd5a52c51c10a6c86abf179e65a768753c59693e4f,190
162d2b67-8bad-44d4-bb62-d37ecb91f432,Reading Standards for Literature,5d0e3cf6a8e8e2b5fec0d4a3a17c15ac998531295db83c19763ca91fc2644fe6,236
174b2b67-8bad-44d4-bb62-d37ecb91f432,Reading Standards for Literature,dd2df619d513b9fa3e91f82cc55fd6bda1679eddf741f300d9daf72522fa8e88,245
16382b67-8bad-44d4-bb62-d37ecb91f432,Reading Standards for Literature,7bd997ed2b8167dccfa517acf566b965cbf076a9a065f8aa26ef1467014098c0,255
165b2b67-8bad-44d4-bb62-d37ecb91f432,Reading Standards for Literature,b3a6abeb718e4b9a450694828f9eade9f30010ef4eb057c98e04fa3c0aa62d25,265
16462b67-8bad-44d4-bb62-d37ecb91f432,Reading Standards for Literature,8b8cdf4cc00476ec0ba5ef471974f0d8ce849c48b90ef62c536802d141f06b2a,466
164f2b67-8bad-44d4-bb62-d37ecb91f432,Reading Standards for Literature,bca973b27624268b96db1aed46ab6f208c57454c33737a5fe097662189fb43ec,486
175f2b67-8bad-44d4-bb62-d37ecb91f432,Reading Standards for Literature,b03b9660dd46c485710273e957d4b58061313f067720ec887ca7cf1202b96a21,556
163e2b67-8bad-44d4-bb62-d37ecb91f432,Reading Standards for Literature,3afb25a1b88579c499efb368c8d721045e958f6248411e6d0786d2a3cccac826,642
162e2b67-8bad-44d4-bb62-d37ecb91f432,Reading Standards for Literature,960db9ac230e2bd9be99f2151b172efea1bf4ce34adf2e853d5e3e2cf149ea8c,741
165d2b67-8bad-44d4-bb62-d37ecb91f432,Reading Standards for Literature,933c48dadf4525d9703ee3164f4976bc60773e82ce987f6bad5cab3524fad804,742
174c2b67-8bad-44d4-bb62-d37ecb91f432,Reading Standards for Literature,e7bec6e6f3faa8be20b87afdbc0078f5757588fc38c21bb776ce0147147ab45d,769
17562b67-8bad-44d4-bb62-d37ecb91f432,Reading Standards for Literature,28a3a46eaecfc50949c4210e0c12214d07ab58d463e6187e46454074508c0280,827
16332b67-8bad-44d4-bb62-d37ecb91f432,Reading Standards for Literature,c29f6514dc58598d89716ba68c884e7043ee1ee6983b541aef86adb3e4aa4fd4,839
16402b67-8bad-44d4-bb62-d37ecb91f432,Reading Standards for Literature,7b8ab6db5b6b33f178fbf95dcbec7e395cab3ae2bf85b9aed25a590bfaa0ac56,861
175a2b67-8bad-44d4-bb62-d37ecb91f432,Reading Standards for Literature,643fe78ebb868302f378e061fe7aa2e9bb9ed215276755431b243116e12bda85,897
17472b67-8bad-44d4-bb62-d37ecb91f432,Reading Standards for Literature,b3bbdee3344afc06f1fbc21393f14b771767a7733225526e54257df5e4957ce3,911
175d2b67-8bad-44d4-bb62-d37ecb91f432,Reading Standards for Literature,bc6efa4cd1f8ceaf6c9ca3f4b9b542e86403b3b5fa925cc4d13b796a064e7f3f,922
17412b67-8bad-44d4-bb62-d37ecb91f432,Reading Standards for Literature,133a0bd8f736de0878d14ec074ee497d7108dde36957094357a822dec317bd30,940
17432b67-8bad-44d4-bb62-d37ecb91f432,Reading Standards for Literature,46ca971f1bf70c3a75a9fbd525ff087cc1a6d74926fdf1dc6cdd65f5e2bafd12,960
16502b67-8bad-44d4-bb62-d37ecb91f432,Reading Standards for Literature,831a8c5ec23ba7af565c1a583fb80db7d77b7e4e3e6a98b5cb2b2d79c7c964cd,1208
163c2b67-8bad-44d4-bb62-d37ecb91f432,Reading Standards for Literature,f86b4e4b84ffb2e9d8d4bcbd5f6185873e3f3df5a710abb005cadf772b7e9864,1255
17572b67-8bad-44d4-bb62-d37ecb91f432,Reading Standards for Literature,cbb394ba54da63e0f9fd9495188059be1ba50e9a0693376bb7c242a18d826394,1256
173e2b67-8bad-44d4-bb62-d37ecb91f432,Reading Standards for Literature,b693b873dcbc7c5c56f4782e5b529505b300cbc6dd5a40a0e8d338f0ded60c9f,1288
173a2b67-8bad-44d4-bb62-d37ecb91f432,Reading Standards for Literature,383109abd382bbad168274c75799d69200f4216b44ca5dfcd853b423adacb872,1349
16302b67-8bad-44d4-bb62-d37ecb91f432,Reading Standards for Literature,32964158aabaf1a2a18e6cde3ae4e22e5d263f58b9cd6731b63e1e36dfa60687,1414
17382b67-8bad-44d4-bb62-d37ecb91f432,Reading Standards for Literature,3656abb6a601556b1ca9dfec748c608367f01a40693b2b155a4dfc1e89ee0ee8,1431
17422b67-8bad-44d4-bb62-d37ecb91f432,Reading Standards for Literature,eb23d7934c939eee5eeb13c41b7820cd26666b16e52e82d6b0be8aa07e9e6fb3,1542
16282b67-8bad-44d4-bb62-d37ecb91f432,Reading Standards for Literature,3c1165a09397b77cb91063c0c914b80889bcd31f8ada3fe4554b6271880ccba3,1575
174d2b67-8bad-44d4-bb62-d37ecb91f432,Reading Standards for Literature,c284d6b56a8cbb6ef61de52367b860b8d3b493f85f91a82403c036b6b2fe4483,1601
17532b67-8bad-44d4-bb62-d37ecb91f432,Reading Standards for Literature,40a6cebad7c34fe258477012725afe22d86c15c11de8c15c9e5240c9da92df89,1624
17452b67-8bad-44d4-bb62-d37ecb91f432,Reading Standards for Literature,11ef4d501b3dc54d306188aad1747b2785d419d5de85a8b6f36471ad1a5a59d5,1655
17592b67-8bad-44d4-bb62-d37ecb91f432,Reading Standards for Literature,e8242dbb14cb639f5b68b5c5a86e8d888ad5256f5b6f63832d4ad09e6cf7e9d8,1682
16432b67-8bad-44d4-bb62-d37ecb91f432,Reading Standards for Literature,d434c9b99c14822899a9cce24574b95080f5eac5d45406cd72918b68ba8817b4,1741
163b2b67-8bad-44d4-bb62-d37ecb91f432,Reading Standards for Literature,8019067437c5929e4ef0ecfce2dcc859e2c2078dbe3f74a452ae9c1223f438fa,1831
173d2b67-8bad-44d4-bb62-d37ecb91f432,Reading Standards for Literature,aa1e2b485e8d72716234650dfaa906083da1481a3f53e9c61f597cc9880a4016,2066
164c2b67-8bad-44d4-bb62-d37ecb91f432,Reading Standards for Literature,066b52513533f7c0369d1539582648205444b36582488c8a72a18e928b764de2,2174
164e2b67-8bad-44d4-bb62-d37ecb91f432,Reading Standards for Literature,0b323234620c01da4cafb28b9eb7d0873e10b2e5882f8205aa43876c01463d24,2281
16322b67-8bad-44d4-bb62-d37ecb91f432,Reading Standards for Literature,01e7727380a500da03f404dd6c0be53e80d9ce2d73bd613a302013426557f516,2302
16422b67-8bad-44d4-bb62-d37ecb91f432,Reading Standards for Literature,708bb2ccf1cd4c21ba8ca4bf0cbf3edfcd47bc9d7f4f3abc5f7f643b0096fee6,2369
173b2b67-8bad-44d4-bb62-d37ecb91f432,Reading Standards for Literature,6dd28203caf0f7b9d4f57927900c77b4592ef9a96e467e153881d79095a4d8ef,2608
17642b67-8bad-44d4-bb62-d37ecb91f432,Reading Standards for Literature,85b7904a1b2b945b9d4b616f7186076773d8e0ad8ad0444be28998634fb454fe,2609
16442b67-8bad-44d4-bb62-d37ecb91f432,Reading Standards for Literature,573fc3f5d09a2f588cbff62b1e2e3425284a0bdcd3c65753fa83de846bbe4c07,2639
17502b67-8bad-44d4-bb62-d37ecb91f432,Reading Standards for Literature,ca3b621c5f8eb24e0bd1543c563776a36f5416a73a4fc3fc99492bb646e07f19,2640
16522b67-8bad-44d4-bb62-d37ecb91f432,Reading Standards for Literature,0289bbe5e858fdb3e11aab3ff01772c234ec9ce0876861f7015e0a23c4a35cff,2687
175e2b67-8bad-44d4-bb62-d37ecb91f432,Reading Standards for Literature,ccd9826fd598b9828f2c65b32036403fdd8a2073b7c4ee98b0b28d7e154fff7c,2701
16292b67-8bad-44d4-bb62-d37ecb91f432,Reading Standards for Literature,e217ebe5e5936ff6ea022afaaeb4d11b604280c8cd4e64f1c5685905bb0210de,2745
16532b67-8bad-44d4-bb62-d37ecb91f432,Reading Standards for Literature,a92332c70821ff5802c49d77b8263ee9d8d3f6edb43aedff3439e47591a9df16,3016
16482b67-8bad-44d4-bb62-d37ecb91f432,Reading Standards for Literature,9de4a3fd5abd6c487b47515ca879e3c0a3900fce25ac880620ff52312561f96a,3037
17582b67-8bad-44d4-bb62-d37ecb91f432,Reading Standards for Literature,16bb488b21a49d53d5d802ae86ce373955142bff7b7db8751ba6c6e5d819ce97,3212
17552b67-8bad-44d4-bb62-d37ecb91f432,Reading Standards for Literature,9b6a2e782401170ff09a21438741f53bb812c23dbcf3ba4a0a4073b77beb92dc,3284
16562b67-8bad-44d4-bb62-d37ecb91f432,Reading Standards for Literature,435f30e5af8635b0bb425e1ccad5c27b6a5f895759f637dbaef4faba33c0ad59,3356
163d2b67-8bad-44d4-bb62-d37ecb91f432,Reading Standards for Literature,3a5982f488a4f5e2ab8dd49efc5ce6270747d5d5d6730b6764ae0f1822c674ba,3475
162c2b67-8bad-44d4-bb62-d37ecb91f432,Reading Standards for Literature,5e097c188457ba47b40672454ce337ab9bc6d1c6702d717a802809f1da5a2bd6,3518
162a2b67-8bad-44d4-bb62-d37ecb91f432,Reading Standards for Literature,47838d9353b8f87abad6bad800707011ba8cda4cf3394a47fdc8ce0ccd4c3a02,3524
16412b67-8bad-44d4-bb62-d37ecb91f432,Reading Standards for Literature,7294b3e1fa724105ae6a5a89d2f5bd07a38b160cb7dbd22ae2c31192bfe8378a,3730
17512b67-8bad-44d4-bb62-d37ecb91f432,Reading Standards for Literature,00ad38a2b1d6bdfe7b91950b7be01425015b7f3ddd46b5e891c386d4e1a06e4f,3735
165c2b67-8bad-44d4-bb62-d37ecb91f432,Reading Standards for Literature,7c1d819c873e1957b3094d4e6d74e4a4fa71212a8df0221b31ed44494ab703ad,3997
164d2b67-8bad-44d4-bb62-d37ecb91f432,Reading Standards for Literature,136b5dfb8c6cee0c35e4c462651855f9badd3f35e0b02ca707280d49e15a64e0,4033
163a2b67-8bad-44d4-bb62-d37ecb91f432,Reading Standards for Literature,44e9a14c6bc8e043301414bdbf46867a54e74e66c12f6f689e00803baec662fd,4175
17442b67-8bad-44d4-bb62-d37ecb91f432,Reading Standards for Literature,71ee7b9182b6e81064e7dc54388f4fc657d7513522069b3fdf1a7f66e0fbe19f,4231
17622b67-8bad-44d4-bb62-d37ecb91f432,Reading Standards for Literature,0340fe9a96c4e357675919f6bb477ae5af5312865ae72c300ae6f68f71ccc2a6,4246
16512b67-8bad-44d4-bb62-d37ecb91f432,Reading Standards for Literature,3b823c8d7c95d75f4819eadd1a8fbd9b340b2f4ebf1d2fc0962c7942857b6182,4405
175c2b67-8bad-44d4-bb62-d37ecb91f432,Reading Standards for Literature,ccaa157d60dd110816c178474413b6259cf7edec126c0b3c245b15f2ef73673e,4423
162f2b67-8bad-44d4-bb62-d37ecb91f432,Reading Standards for Literature,c35cec9ae56f31eab0fd9b18f0ca136e60807a44e214d540e25d0a687eb7b446,4496
162b2b67-8bad-44d4-bb62-d37ecb91f432,Reading Standards for Literature,f3cf168eefa8797dd22cb9dea9afb6b5f20314024909747c9e219f30114469af,4611
164a2b67-8bad-44d4-bb62-d37ecb91f432,Reading Standards for Literature,7e3d9a4db6172c5ff4ee083e0a94022a4a64bba3545a45878def3b55caef2fd9,4624
173c2b67-8bad-44d4-bb62-d37ecb91f432,Reading Standards for Literature,dda8461e01fe8be4398e2537f8308be18b19310acfcd73497b64d25b84c13b70,4775
16572b67-8bad-44d4-bb62-d37ecb91f432,Reading Standards for Literature,3e53d06062ffaf304dc15d003eac7ca02f3535207f3ce7d5ea4b01255a2fdc97,4914
17632b67-8bad-44d4-bb62-d37ecb91f432,Reading Standards for Literature,a232c544bf0c97092e692b88f799fbdaa0f9662a71b2f01f5335456a81fb7b12,4959
16542b67-8bad-44d4-bb62-d37ecb91f432,Reading Standards for Literature,53e774d395e23254dc12be6147b9e3283e96f9ea117f48e80ad3c905542fa2ce,5049
16342b67-8bad-44d4-bb62-d37ecb91f432,Reading Standards for Literature,6672665592610c02d4a829d4908522ed51d8b3bafe617670d029f89b76410839,5157
17522b67-8bad-44d4-bb62-d37ecb91f432,Reading Standards for Literature,54f9d7b5ebde5322c697235f9d4a047d6d236486cf509bef9f655673b51f56f4,5167
17542b67-8bad-44d4-bb62-d37ecb91f432,Reading Standards for Literature,4a46da13bbd95ad5ca51d50ea0ab414df29c26948aaf1852762e671aa2bbeee6,5186
16472b67-8bad-44d4-bb62-d37ecb91f432,Reading Standards for Literature,fbc6143bf8b2ca60ab20d81599f8763cb3843af323c142f15d4ab41983b0b49d,5211
175b2b67-8bad-44d4-bb62-d37ecb91f432,Reading Standards for Literature,b58ed9b04e0b2e844ae65ea18265e4468137bd773dc1509d284251a582f7cdd1,5239
174a2b67-8bad-44d4-bb62-d37ecb91f432,Reading Standards for Literature,c5024dcea4d6f72ceff222015c5698329cad214828c96f0dde4a2235286109c3,5259
16592b67-8bad-44d4-bb62-d37ecb91f432,Reading Standards for Literature,87cfca99515b75969a1119d698d88fe371761949f63533b477fdc733f738363f,5349
17482b67-8bad-44d4-bb62-d37ecb91f432,Reading Standards for Literature,12776a7b01ee97c99a7cf45355f62a6181c448ba186e6046bf059b1f36f02f83,5387
17462b67-8bad-44d4-bb62-d37ecb91f432,Reading Standards for Literature,bc15c65e04bb2033b5d8ad513bffb5fbbe6f9f46fbb7805ebc0d5d33281ae511,5505
16392b67-8bad-44d4-bb62-d37ecb91f432,Reading Standards for Literature,4fd1a7a812c6fb07f405a32510337d0d0e26f2938c42ccfdf3eacb42c4b76dd3,5565
17612b67-8bad-44d4-bb62-d37ecb91f432,Reading Standards for Literature,433377f52455b92349fda10b84488966dcad5830940658bcff7ae19e47091fb5,5724
173f2b67-8bad-44d4-bb62-d37ecb91f432,Reading Standards for Literature,7575eded90c3b05f31daa8d4896371bb7e7969a8a2d8351943fd7e4b05f3b088,5824
164b2b67-8bad-44d4-bb62-d37ecb91f432,Reading Standards for Literature,2a065e9143ded6cf1a16638e0614edf210032d4dae5557fbf2ca9fa3182fdb8d,5935
16372b67-8bad-44d4-bb62-d37ecb91f432,Reading Standards for Literature,ac88d11ed46b669503badea34da7ada5f7bbefed47e9137c53cdc54ade8da18c,6132
16492b67-8bad-44d4-bb62-d37ecb91f432,Reading Standards for Literature,9e94b43e92329f33948bb597aa8470a058a6a3af05edbaae6b93825c7d335120,6238
16312b67-8bad-44d4-bb62-d37ecb91f432,Reading Standards for Literature,7df2ae1bf423f8bbb5e91c90e5bf3b645127d3af6424b07650cd537af2bb6490,6278
17602b67-8bad-44d4-bb62-d37ecb91f432,Reading Standards for Literature,68c72d145237a0afa86130113d04856acd5aabba034fb54963eb4aa93a99737c,6410
17492b67-8bad-44d4-bb62-d37ecb91f432,Reading Standards for Literature,55e4e01469e8fed3b90cce017f8f193ce1f0c6cd829a0fc7f795aa790a00498b,6467
174e2b67-8bad-44d4-bb62-d37ecb91f432,Reading Standards for Literature,07a930804fda23d8859a3215153be038200c4a72eba3f52ab4a7c40c8e9a23fa,6529
174f2b67-8bad-44d4-bb62-d37ecb91f432,Reading Standards for Literature,78ad3c2d429019e6ca42cc95bdaaee5bd0159157746023de71a20d2b262bffb4,6671
16452b67-8bad-44d4-bb62-d37ecb91f432,Reading Standards for Literature,43f2275a88da4da516cad69b8362088c9aa5e50b21737312f873cc00655c2e81,6908
cea98ac7-8bad-42d3-bb62-d37ecb91f432,Calculus,a622620a7eb2437cb4dcf3178bade63bf523d1a3aa6a2899edb02d48fc422fd9,6
d5a98ac7-8bad-42d3-bb62-d37ecb91f432,Calculus,ca5bed52d58679882446be6411d64aeaeea95fd77d74460ec3c4f594f8535f42,7
cfa98ac7-8bad-42d3-bb62-d37ecb91f432,Calculus,2cafcc39e9f762e50d9981de1a28798668b436b4159ed9eee1bee70285bb710f,75
3de92b67-8bad-44d5-bb62-d37ecb91f432,Calculus,126cc81d4e70f3cbe955b726e0e630627a9e92300c138a9a70e70e2215a4c8be,164
c4a98ac7-8bad-42d3-bb62-d37ecb91f432,Calculus,f58cc06ec17b1033e149bfb1fee6d0d041bfe9bb46506c2cf2cd3f6e88f316ed,167
dca98ac7-8bad-42d3-bb62-d37ecb91f432,Calculus,b3c91fc2a7aa39997e415479b3bbce628c94a4ef01678a71605a3e65bf14f58a,212
d1a98ac7-8bad-42d3-bb62-d37ecb91f432,Calculus,bf4ae6ed8b5c0aa9f781ae2fa156bbd53126a2e6b70a9f81d0aff8df57b9a3c7,272
b2a98ac7-8bad-42d3-bb62-d37ecb91f432,Calculus,a88b27490b48f8bca525572cae757f6323d32ce5fabf916e76fc848406bd4390,371
b9a98ac7-8bad-42d3-bb62-d37ecb91f432,Calculus,5dcc4259042b166ea3a2e35a5afd8f94fbd8fcb8b52b5cb6292155dbd59ec9fd,495
d7a98ac7-8bad-42d3-bb62-d37ecb91f432,Calculus,4a9800dd89bcf7e1ee29f99d75d9c868234cec27a03ab9d80d8bddf82d2d0f3f,635
3de82b67-8bad-44d5-bb62-d37ecb91f432,Calculus,5f3fb8de4750d51d67c65b1c7ca307d1cb173137befc9af43015a8a7134072af,708
3dd92b67-8bad-44d5-bb62-d37ecb91f432,Calculus,d8a59accaef74b3bb2ea5c3335a544a76de5a47147310f21f45cbcc8ceae20d0,753
dba98ac7-8bad-42d3-bb62-d37ecb91f432,Calculus,31bb1381e73aa93c8ff5ba31b7fc370e7c26aab44cb9bd351be91c4e7bbcedb8,764
3dd82b67-8bad-44d5-bb62-d37ecb91f432,Calculus,113da577afc792c3dbb69353c6ec819aca42288d1eded2257009c2274a65b359,972
b5a98ac7-8bad-42d3-bb62-d37ecb91f432,Calculus,615907390d03fd4de1297e99061fe417eca4eb4a0301a2328cb1ca72bb6a3e4c,1033
3df12b67-8bad-44d5-bb62-d37ecb91f432,Calculus,1a2fc930e7b8b4add7755451faa6213d0b6ad32a7fb44bae0b150f56ee800e6c,1127
cda98ac7-8bad-42d3-bb62-d37ecb91f432,Calculus,bc2013ef34ffbbf05776e5681dfc55a85a0b48cd4b1287d933af5d90d252d2b7,1169
3dee2b67-8bad-44d5-bb62-d37ecb91f432,Calculus,699f6778125eda8c97aa712ec14534934d3951e5edc625fb0ad16b376c40b81d,1213
3de12b67-8bad-44d5-bb62-d37ecb91f432,Calculus,0d71b2aaa91106b89cb3fa6c240b460247125397a3714bf3d6d836333171f991,1284
3dd32b67-8bad-44d5-bb62-d37ecb91f432,Calculus,c51eb8a83b22da1e92c7b8e3bfc77ad765e485a2491b1c0c6e617954326b820a,1313
3dd62b67-8bad-44d5-bb62-d37ecb91f432,Calculus,6c31cf1f6fc0e99f580b136c0fbd384b2baac0d0285900bfaaca763bdd8184e8,1314
dfa98ac7-8bad-42d3-bb62-d37ecb91f432,Calculus,4e280dc2c8150cb7139bb1ab24604f6e3fe8ab84ce23db8a99edecc375218982,1364
3dca2b67-8bad-44d5-bb62-d37ecb91f432,Calculus,bc1c174cca98e3c6ab08733cf322a3a5ced6c8073efd443d595ff5ab5d677e77,1389
3de52b67-8bad-44d5-bb62-d37ecb91f432,Calculus,0d24e150334c541608fa86cb5eabda38d64fa3e901caa390fa3f8616a31eb754,1402
c9a98ac7-8bad-42d3-bb62-d37ecb91f432,Calculus,f200ff2a910b7b9bb5e76117c1b0bf0dd31952af21e0164f0de6d6be3b0b7f1b,1437
bfa98ac7-8bad-42d3-bb62-d37ecb91f432,Calculus,e6dea410f7c5be199b2b8fac24a3157f1ca8bef8b8e3a4070d03ca6ea4dac7c3,1492
d3a98ac7-8bad-42d3-bb62-d37ecb91f432,Calculus,9df0af567ca0304790f249f5ffbce6f299f1734614dfd545a51a3d5c35713241,1501
3dd02b67-8bad-44d5-bb62-d37ecb91f432,Calculus,1957b71fb7ed199ee079d7b2380a3373f932df06100128d673b6f8552ff99820,1512
c3a98ac7-8bad-42d3-bb62-d37ecb91f432,Calculus,efbd12474f46aaff648346dc2cb98ef58f157d65d8568dcd7bee827773db5a46,1548
e1a98ac7-8bad-42d3-bb62-d37ecb91f432,Calculus,569dc6fd41c84bc7f3e0cfc1b35bcdec7a1ada7c59ae26f04da5c5c9f64dbc74,1610
3df72b67-8bad-44d5-bb62-d37ecb91f432,Calculus,62abbc52d1ce3bbd24ddf4a40ffe1b44750cf7865f27eaadc4446bcd484f23df,1628
cba98ac7-8bad-42d3-bb62-d37ecb91f432,Calculus,8a255fbc70c54a5398ed8bda988f088abdc5079407e07c937f351aac92967b77,1759
dea98ac7-8bad-42d3-bb62-d37ecb91f432,Calculus,3a7ec1c9526b4303d7510b6b7c4bfa9dba14980c868e2cd4e3d010efad300665,1798
3dec2b67-8bad-44d5-bb62-d37ecb91f432,Calculus,5801ffff4c4c5eec2921c28051a146fbf90330ac43c5e84d253e53cd97a309c8,1837
c5a98ac7-8bad-42d3-bb62-d37ecb91f432,Calculus,057c034034fd692ec75de3c578f5685ed03f282bfb3f3acadff1de7c00959ead,2105
3dd42b67-8bad-44d5-bb62-d37ecb91f432,Calculus,f12bb5aa321472ff49f747dbc75a383c740e496248ed7cd3613e0045ccb977f1,2637
3de72b67-8bad-44d5-bb62-d37ecb91f432,Calculus,80c99ca976a2b58d18c2c721e3670d4cfc7bb027a8099f7dc0bbb77e65a3251a,2653
3de02b67-8bad-44d5-bb62-d37ecb91f432,Calculus,5c408cdd570170f3bfcd77ea2289e777d595d1b147dbede3d9e1a8b94a8532e4,2695
caa98ac7-8bad-42d3-bb62-d37ecb91f432,Calculus,cd7dd712e39f5d8f11f92de5003feea654a22e5c53e058b3a9a03cab3e8f0f0d,2743
daa98ac7-8bad-42d3-bb62-d37ecb91f432,Calculus,db493dc7b1843375dba05cd04dd228e500ebcb227bf2b5f9bd8c22603787be76,2911
b7a98ac7-8bad-42d3-bb62-d37ecb91f432,Calculus,1dd6d1df5290007005345e574653ec95ad0baceea89d5bded38cbafe10f5246c,2920
c7a98ac7-8bad-42d3-bb62-d37ecb91f432,Calculus,da1d3d75b235c9bb4b714250a2245cba33d39134bfcd0d66d0d536a014f1e95a,2977
3dd72b67-8bad-44d5-bb62-d37ecb91f432,Calculus,3d47e418bf852d69491a65426c29a3cca6a9977ddda7bf98fff655f44fac993c,3003
3df82b67-8bad-44d5-bb62-d37ecb91f432,Calculus,9d2788b4201f8d3494d52736a14c2b86672ac4fd192286b752d0bb6df9c96402,3089
c0a98ac7-8bad-42d3-bb62-d37ecb91f432,Calculus,59aa842c0f7d7486a9a37a0eb19251e0e9fd77d67f144f9cf38981eb9ee5d4a4,3181
d4a98ac7-8bad-42d3-bb62-d37ecb91f432,Calculus,281de76ad51f0ae9feaba30d92cfe86ea465ec7274dfa84d9f2fd68664cda943,3270
c2a98ac7-8bad-42d3-bb62-d37ecb91f432,Calculus,9f1ebcb6e0843050ef30b77a181a34b39f55a2fa0df60f4adfbe5aaa3795eebe,3381
3df02b67-8bad-44d5-bb62-d37ecb91f432,Calculus,5fe89fa3776aceda09ed3135518b3d44dfc0cc2f54207d768e9b0f173dcecb01,3419
3def2b67-8bad-44d5-bb62-d37ecb91f432,Calculus,bf9c36f61989ab605d2cc9c13cf57a8a95e751de1c42ccb186f8d73e934dbe7f,3426
d9a98ac7-8bad-42d3-bb62-d37ecb91f432,Calculus,b5082dc26de849a5c2416f44c248ba34febd5cf587f90fe265cbdb52645e0d1e,3462
d8a98ac7-8bad-42d3-bb62-d37ecb91f432,Calculus,727084d1bbfa0b5d7dc83096eb113c55348895764178d0fb1aeda0f248c31fe4,3470
b3a98ac7-8bad-42d3-bb62-d37ecb91f432,Calculus,1fee77c5f479107faa9297f7a4c477be4e964df81914f784554a6161a6524b87,3590
b8a98ac7-8bad-42d3-bb62-d37ecb91f432,Calculus,ef12683b7455798bc5b79cfc3ea0ecbf9b69c43e7967482e83aedd8a6f4e9bfd,3725
3dfb2b67-8bad-44d5-bb62-d37ecb91f432,Calculus,a66782f0c914ac25f8823346a3fcb091d1f624968d0a4264d2e0ce08b46479b8,3771
b6a98ac7-8bad-42d3-bb62-d37ecb91f432,Calculus,e452b235f38f68316a107864011d396797c11cbf9cb404c9cfc442486b99f50b,3973
bda98ac7-8bad-42d3-bb62-d37ecb91f432,Calculus,41f90557a518422a823f91e592742a227e6c03791df35f5ada904d7927f77744,4044
dda98ac7-8bad-42d3-bb62-d37ecb91f432,Calculus,4b8fa06ab6e0ca77a75fbabac77e5f66aee6dad41999b75ca6af498b10e7e83f,4059
bea98ac7-8bad-42d3-bb62-d37ecb91f432,Calculus,6e2e1dc4457c81972e9b6f441885182dc94de9370ec95f12ce79c608a1e91835,4083
3dde2b67-8bad-44d5-bb62-d37ecb91f432,Calculus,602217dc7292df98355d7f47c33f079241b2418cd037c3d9072ee765e653e371,4090
3de22b67-8bad-44d5-bb62-d37ecb91f432,Calculus,443f35fe2d463fe4a3de278827fb5c1e0417e14b4c3946ffadbe22e6d011735f,4307
3dcd2b67-8bad-44d5-bb62-d37ecb91f432,Calculus,c7c2ab10b363f4a150f2787657cf85da2f11e21c6d511ce495ef6232ba036622,4337
e0a98ac7-8bad-42d3-bb62-d37ecb91f432,Calculus,085a304b8f222bc1110876d60d7ed3be7cf73e2a3695bef3f72439deae220159,4368
c1a98ac7-8bad-42d3-bb62-d37ecb91f432,Calculus,ac8004d5d3d7a4069219fa9c5d0331fd0cbb60f2ca5464f3f48304b2b592610e,4434
3df32b67-8bad-44d5-bb62-d37ecb91f432,Calculus,27e22f942fc9b36153bd4523cbefe4af6074430eeb615000cf62ffdfa24a1500,4436
3dcc2b67-8bad-44d5-bb62-d37ecb91f432,Calculus,df55344d53958916d0e50290a822bb9b1d7d937d2d13964b67bc1bd1ee865a31,4569
c8a98ac7-8bad-42d3-bb62-d37ecb91f432,Calculus,36d0970954d9998e95bbe23eea8496c58baaa1b09eb76463c10f5a3207733b08,4631
b0a98ac7-8bad-42d3-bb62-d37ecb91f432,Calculus,32529b20a0742a811f614a2d6a2b771dc4a764267fbc60e719859991841d99d1,4705
3dcf2b67-8bad-44d5-bb62-d37ecb91f432,Calculus,9c4e5da42a96dc4b2a6580ad713166367aa16c0276671b088f15f57d8d61bf7b,4734
3dfd2b67-8bad-44d5-bb62-d37ecb91f432,Calculus,b2031fc9bdaf13fbd25ba720d9d26be21972b490d55e9dca90f2bccf2b24895e,4794
3de42b67-8bad-44d5-bb62-d37ecb91f432,Calculus,e0d07e8cf471e5a9b8951c8cbf8873672d24329b4a492c0927743758fee17f90,4805
baa98ac7-8bad-42d3-bb62-d37ecb91f432,Calculus,64eb3976f0fc785d26ad121c392f2ff70f772e4173dc911804a743718d701811,4955
3ddf2b67-8bad-44d5-bb62-d37ecb91f432,Calculus,19546c2d8ae9b6c086c3ed0a7069d1802c2e3cae11fc53d489976917f05f9d7a,5059
3deb2b67-8bad-44d5-bb62-d37ecb91f432,Calculus,6cbc44bf65eafbe9c72f7ba254b1df98a7ecdfaeb7299fedd72fe2a01ccbaf78,5097
3df22b67-8bad-44d5-bb62-d37ecb91f432,Calculus,585344be483a72bdc8b12ab50dd22aa994c3e6278c5c9af76ec1baca4967b0f8,5123
e2a98ac7-8bad-42d3-bb62-d37ecb91f432,Calculus,bb1e29e55ea82231e7daf20a216347c6a6d5e840e7677cd7fcf03451cd3358f5,5279
d6a98ac7-8bad-42d3-bb62-d37ecb91f432,Calculus,ffb0a57a7429259231bb5af842a5e194dea59ea53e433cf4a903c47e077bf9f0,5302
3dd22b67-8bad-44d5-bb62-d37ecb91f432,Calculus,667a544e0fceda2b1ca3250a3e4409c528478a63ab538e5ef0c1b3f86122f317,5485
3df92b67-8bad-44d5-bb62-d37ecb91f432,Calculus,e8713333f0dc9aab50a12f53b887440712e196b695d88a162b48820376a9e77f,5486
3ded2b67-8bad-44d5-bb62-d37ecb91f432,Calculus,4b13fcd12ed75aaff8afd112855ecf15b0a521579d62f7d88bf84e79050a554c,5569
d0a98ac7-8bad-42d3-bb62-d37ecb91f432,Calculus,485712ff3cd88279ec4183a0bc7dbd779d185a8f7446d2568d9a705b48d769dd,5587
bba98ac7-8bad-42d3-bb62-d37ecb91f432,Calculus,baa2e37300f83026a83db70d7a38d81cdf259f6a97bd4521c5439bd04334783e,5705
29c1b207-8bad-43d3-bb62-d37ecb91f432,Calculus,a7e15966cc1e6cfa1cca21082ad2bc8682fedc71c450ee06d8f5718cd1012b8e,5711
3dce2b67-8bad-44d5-bb62-d37ecb91f432,Calculus,45edccd5cd48461247c4129a107c3793b59dd5bffad936901b952b11662fd09e,5714
cca98ac7-8bad-42d3-bb62-d37ecb91f432,Calculus,9e71baac75208893cc376c8ed39337b00c367330aacd6ccaed21bf111118d5a3,5838
3dea2b67-8bad-44d5-bb62-d37ecb91f432,Calculus,9cbb684dabbbd430943a27cb3219da7254219dcdc21b1092e2c3a42210fab353,6070
c6a98ac7-8bad-42d3-bb62-d37ecb91f432,Calculus,e1ae312dff3d505553b9b3dbb70ecf584f0a453bf58c06efa11e955ba912257f,6074
d2a98ac7-8bad-42d3-bb62-d37ecb91f432,Calculus,08ae6b96803f5e32adf6c5f645c1b1472fe81e1b73836a26ee17ffa82ea17371,6075
3de62b67-8bad-44d5-bb62-d37ecb91f432,Calculus,da3fc0132fc61f5500eb5019ce6ed6fc11c496e9a242da9023c432f84606dadc,6275
3dcb2b67-8bad-44d5-bb62-d37ecb91f432,Calculus,16597b511a474c91e1a48f8259e93d960ee94823a4c3d02e9b76d49024faa4f7,6288
3dd12b67-8bad-44d5-bb62-d37ecb91f432,Calculus,9778eced6d3cbc6e480e34530d301d9b32704ecc640281d25f039bfd228fcaa7,6392
3de32b67-8bad-44d5-bb62-d37ecb91f432,Calculus,2744221140e59de3cbdff328470df8df44f1c395f67c4be9368b0e8ac47a679b,6535
3dfc2b67-8bad-44d5-bb62-d37ecb91f432,Calculus,786e18e966f5fb4ac72d661536b12e3d2f07960509e43ce48abb6273dd8fdf72,6605
b4a98ac7-8bad-42d3-bb62-d37ecb91f432,Calculus,e6f3c882dcff9eeed5a3a03c9f7ec09bcb09792c2afdf4aa71f221a1f02546ed,6650
bca98ac7-8bad-42d3-bb62-d37ecb91f432,Calculus,1c99a9ccc3c28b5483cb55a7d7b55e9354ff7272ca099df73fe469af7c187b41,6679
3ddd2b67-8bad-44d5-bb62-d37ecb91f432,Calculus,85bdff002a57f9a4c2afe09e23c01c5214b07760245ef4bcab1694adc0b2a74e,6706
3dfa2b67-8bad-44d5-bb62-d37ecb91f432,Calculus,0b37f7377e0f4f2a7e3386c813f8112f6cfac2e06d58d5016ada5e8b417e7285,6853
b1a98ac7-8bad-42d3-bb62-d37ecb91f432,Calculus,0ec5120090a79dabaa128a172ea1be6e0c5cc6b8a6c290750c07a18c566f7115,6923
65d1b207-8bad-43d4-bb62-d37ecb91f432,Nature of Science,e6f926308783b9cb35db78e9a1eecfd4f4ee3e1a7020c4b68ff6ed96479d7488,53
6f51b207-8bad-43d4-bb62-d37ecb91f432,Nature of Science,e4a171b0cf98474b29b87d3dc37952b22b360237fbb035106ed4016e141bdf88,166
6d51b207-8bad-43d4-bb62-d37ecb91f432,Nature of Science,374b9e4a6518b76736df9840eec8b38c75e3d5b154dfe223546a69653e7dbf35,183
6401b207-8bad-43d4-bb62-d37ecb91f432,Nature of Science,1d3fbd6688109c6f215116ca90cccdcfb615eb5f0c63d4940177fa69f5791388,207
6871b207-8bad-43d4-bb62-d37ecb91f432,Nature of Science,eb293d6170b4e6a362cd3b2cc05662f310990c31b5b86d68751c1184357da041,250
71e1b207-8bad-43d4-bb62-d37ecb91f432,Nature of Science,1161b619728ff4537cdd5ea2096fdbe917ed9b8d54314fb75d898612a7b78dc5,286
6f81b207-8bad-43d4-bb62-d37ecb91f432,Nature of Science,7ca193a265bafe669b550a24c37fd4c01888c5d444475c54b61bf24274b6e8c7,433
63d1b207-8bad-43d4-bb62-d37ecb91f432,Nature of Science,2f3f8c096b94dc8d4df716e30237c177da2307523323f1bcbab0f6fe91cd7a7e,591
6851b207-8bad-43d4-bb62-d37ecb91f432,Nature of Science,e19093cef3103ad6abdbf5d442e39001050f8717f7cbb0936e1c9d9ccb3edb88,612
7421b207-8bad-43d4-bb62-d37ecb91f432,Nature of Science,6cdbf11699e139af3dfbfbf3b8d9c5fd9a11437d688c0b83d156a10cc7a2fc0d,626
7431b207-8bad-43d4-bb62-d37ecb91f432,Nature of Science,84a6ed31f85f1bdfefbf3ec0a904f9ccaf4ac3374242997988637ff124018a68,667
6d91b207-8bad-43d4-bb62-d37ecb91f432,Nature of Science,76eca99c60f6cdc74a719758b7d4cfa9cf6ab8a4c99c58436198f049ab719015,835
7211b207-8bad-43d4-bb62-d37ecb91f432,Nature of Science,4f56a13f49dabc6c8fceff30fecd5443eec08a359e8d7935ff2ecb54dc7e5146,889
7221b207-8bad-43d4-bb62-d37ecb91f432,Nature of Science,cde8f0d37c71cd2bf36a7afd4cca57e8dacf17c78c52a66e976b257957ea700a,1011
7501b207-8bad-43d4-bb62-d37ecb91f432,Nature of Science,05bef6ec3d948cf63a6c54dd92ebd37f53b462fa4e90d652b45f7ee1d55dd9fc,1056
6621b207-8bad-43d4-bb62-d37ecb91f432,Nature of Science,5ca77c50984636cebe9d6d3ee287fc7cd47b711821cb58591e577cf50a1188a0,1180
65c1b207-8bad-43d4-bb62-d37ecb91f432,Nature of Science,0e06e3469e373d0cca380f5e1f93e8f0290adce31f2ff3f5976d70c91bc47f5e,1378
6611b207-8bad-43d4-bb62-d37ecb91f432,Nature of Science,9d4fc3873dcb45dd6b326c839bd47f82e4b311be9794ce6074c93d498be9ee70,1403
6651b207-8bad-43d4-bb62-d37ecb91f432,Nature of Science,282cbaf27fe1ec1d58a278ca081832a9b178fe160251e2aba8d7313fcb73a963,1443
63c1b207-8bad-43d4-bb62-d37ecb91f432,Nature of Science,1e8b0b6e5bb937d45468f625ec51ac4fa0236c62571a5897f78f0203aed721d6,1454
6af1b207-8bad-43d4-bb62-d37ecb91f432,Nature of Science,199ae776fabf83be5cbb0dead2ea73fcfc1e16057d59ac2e3931e85419be5636,1689
6d71b207-8bad-43d4-bb62-d37ecb91f432,Nature of Science,b19d9adf17776284d4a67b529bd276a3b130b647a019e0d4a2e9872efe1baeb7,1745
65e1b207-8bad-43d4-bb62-d37ecb91f432,Nature of Science,0cc6542141328900b37a651cf76f438a5f32d0cc994d6e936866d55b6594f44c,1862
6a91b207-8bad-43d4-bb62-d37ecb91f432,Nature of Science,24698db92debb4a12cc05586b428285f448568b518361fc5b4c76fc9c1d730ef,2096
63f1b207-8bad-43d4-bb62-d37ecb91f432,Nature of Science,d3f80f535ddf8120f1b0b0a2b974a777e0bad033d1a09586c667e926befe0ca8,2117
74a1b207-8bad-43d4-bb62-d37ecb91f432,Nature of Science,d074ea18fd2d7b0f9d87559962bb88ffb0860e0796af4a10aebad99a1169b98c,2153
6211b207-8bad-43d4-bb62-d37ecb91f432,Nature of Science,8db1e546a69cd974e03b6a0fc10acf1f3b72c91b8450133b21e39ecf07f17636,2216
6fa1b207-8bad-43d4-bb62-d37ecb91f432,Nature of Science,4bdbe9af599930b7be23868b153ab33d8cc43e7a58124e8de2563aaf02889a0c,2236
6da1b207-8bad-43d4-bb62-d37ecb91f432,Nature of Science,70782f0d8197c466678af66961d6bf222db22f8ae4119af77b3f3992f08c8a45,2292
6ac1b207-8bad-43d4-bb62-d37ecb91f432,Nature of Science,79c3ad9b8731f34e9f38e07d0d1c99af61e79ee48f96aa0184b9d013cecacf73,2331
6ae1b207-8bad-43d4-bb62-d37ecb91f432,Nature of Science,9d79b1b1d9b269731791f2331a0b359eb0b0c0d6dabdeffedecf35a780a62df6,2396
6ad1b207-8bad-43d4-bb62-d37ecb91f432,Nature of Science,60bc9703276b79d3c363dd4c92f27737496c4ae9d95f1bb2f08d86669ae3b198,2537
6661b207-8bad-43d4-bb62-d37ecb91f432,Nature of Science,30f5787fb0f3b65a5f0ec23b204d5ffbb3fcdf3791940d324c5120ad176e5f85,2623
6fb1b207-8bad-43d4-bb62-d37ecb91f432,Nature of Science,8bdd060721223abc778d1ad971f9172387957043ac5abdb548aec233e3102dd9,2675
6c41b207-8bad-43d4-bb62-d37ecb91f432,Nature of Science,89e2bc3a947261cd7614d4565cb2ef8a90cdeac2e8b26f6c105315edbf806b4b,2823
74e1b207-8bad-43d4-bb62-d37ecb91f432,Nature of Science,505df6df85c66118bc8a097069ef386774355bd7673f80c449166cf161148b11,2852
6201b207-8bad-43d4-bb62-d37ecb91f432,Nature of Science,8b12a624824162de1f266f8d4aaabe88a26a7a8458f38237311b771f625aa87b,3022
6d61b207-8bad-43d4-bb62-d37ecb91f432,Nature of Science,86d1493c2839c985ab98f5f90d87550672086f827e9257f6392b8cbb71ca0b2a,3023
7541b207-8bad-43d4-bb62-d37ecb91f432,Nature of Science,642650be64171db3c15c8d0fd3253473c7412a95df6ddd9c83ad8a321dd1b3f3,3045
6f61b207-8bad-43d4-bb62-d37ecb91f432,Nature of Science,b02f486025f9922cebe8c5f3532d62e905625bf35140b8af0b5e4caba88c07f6,3053
71b1b207-8bad-43d4-bb62-d37ecb91f432,Nature of Science,6dd3044ced6c440754a14be423afec22d396bca5a78d0aa5b585391c3a672de4,3162
6861b207-8bad-43d4-bb62-d37ecb91f432,Nature of Science,bb6fc8d5a3de96f593590868651e924280b192661ebf33c0436e88a22fd47940,3435
71d1b207-8bad-43d4-bb62-d37ecb91f432,Nature of Science,faf762e202d64a9bac88124820254b820910df1a285dd080b3956e838a6a5961,3461
65a1b207-8bad-43d4-bb62-d37ecb91f432,Nature of Science,1f15f262aa0db124a5f10c6f001394da06d5e33bc2d4c04ac2ef3007ce1ede71,3528
7181b207-8bad-43d4-bb62-d37ecb91f432,Nature of Science,6fa6874ab378fda370353ba25a9f8961c7d1af0a22e48f164e8cac9c4680ce87,3545
6ab1b207-8bad-43d4-bb62-d37ecb91f432,Nature of Science,d858e39591b67ca97f09bd4dea8504a81ff3b5ace80a46f330cfa35e0b7dd93f,3618
7401b207-8bad-43d4-bb62-d37ecb91f432,Nature of Science,fa382070fc4e7ba0ae102b9458d02c65f08dbb75d5b272ec0e9b3552adca2cde,3689
6b51b207-8bad-43d4-bb62-d37ecb91f432,Nature of Science,87ce4fb387d9e6ecd8a1801e012267625411f6e017284ddf293ca63a905d7305,3748
7451b207-8bad-43d4-bb62-d37ecb91f432,Nature of Science,2548cd70b03fdae2eee63f2423040740e1e069262863a2e3e18ea3ea976668c3,3779
6641b207-8bad-43d4-bb62-d37ecb91f432,Nature of Science,1e58f390e1ceebd0abe08424f1b8a12d00417da38d2bb0b21f0b610da29ae933,3990
6c31b207-8bad-43d4-bb62-d37ecb91f432,Nature of Science,a01cac700d16e0d53629a964f191c1eb2a82750c125ec0377f162222c455ac8c,3991
7411b207-8bad-43d4-bb62-d37ecb91f432,Nature of Science,7408a87a7ad516d7a969d364fe261ae973b0426bd63a903cd336fec8a2341b74,4195
6c51b207-8bad-43d4-bb62-d37ecb91f432,Nature of Science,7c82597a7c0925a52e46b8d7ab1d2f9821966ba25a8cc73544e9ec82f2792069,4250
71f1b207-8bad-43d4-bb62-d37ecb91f432,Nature of Science,c07df780378f6f5523563a1837c2d51d83c0333329877383773b0f85d6d6e1cb,4251
6b01b207-8bad-43d4-bb62-d37ecb91f432,Nature of Science,f2b0fa39ef5e6bbf08d94b67b2adeadb4e31db58d33d9d571c325360738f96da,4411
60c1b207-8bad-43d4-bb62-d37ecb91f432,Nature of Science,dbc2c17cf246b1581e9d79e26971c0a7fa33f58406385ae3d26ca0a23c80e792,4451
67e1b207-8bad-43d4-bb62-d37ecb91f432,Nature of Science,ee61f5f947c28b1cfc048fec2af6da432b16d19ab54669efa2b8754736e0fdde,4484
7191b207-8bad-43d4-bb62-d37ecb91f432,Nature of Science,e980df5ac1d34072e4b88091197211b3842c57b9b124762e89b27a35e7e4115a,4504
6f71b207-8bad-43d4-bb62-d37ecb91f432,Nature of Science,ec045ee800ce6f9d1e699707091353a8bd1dde0a9614e6218baafbd26f947651,4532
60f1b207-8bad-43d4-bb62-d37ecb91f432,Nature of Science,07c886e63c506a7356a196146e30e9fb800b84297e96b8cc9a5619e3b6e8168f,4577
61f1b207-8bad-43d4-bb62-d37ecb91f432,Nature of Science,e959fa3fe449de1a68a0ea4638fdc70cbbe8785d67e01979a498019b901f78e5,4578
61e1b207-8bad-43d4-bb62-d37ecb91f432,Nature of Science,b2e9fcc7399f63e0a37977cc17252a5ddd2a566ff26308fb332283cc319781f1,4855
74c1b207-8bad-43d4-bb62-d37ecb91f432,Nature of Science,21fda92274123493bbbd512258d2af21b9742bfee22a958a487f9960120eba0e,4871
7461b207-8bad-43d4-bb62-d37ecb91f432,Nature of Science,ecee57dfcbde7127e9adec8d8c15bb5ac7bded0b0f56e21db26973f11a269183,4905
67d1b207-8bad-43d4-bb62-d37ecb91f432,Nature of Science,98a18f0c592d579386df7b9fa4b3a1c812f98a289774a6f71e2b3426c80cc154,5078
74d1b207-8bad-43d4-bb62-d37ecb91f432,Nature of Science,e04a8b861478dff80a5027eefb71075b74d0da50ecaba09caccb3e4a0b87c343,5180
65b1b207-8bad-43d4-bb62-d37ecb91f432,Nature of Science,e1770de887140b296b044a2992bc3961858e8a626d74b8805bc71134eb5cbec2,5191
74f1b207-8bad-43d4-bb62-d37ecb91f432,Nature of Science,34a5fc42df03cf7e93b31a0ac960aecfeb5e910f81696e45a741587b4eeea03a,5488
6ef1b207-8bad-43d4-bb62-d37ecb91f432,Nature of Science,8926d984800a38418de5da7156be7fa5f6353de6d1fffbf6e902314db441dac4,5495
60e1b207-8bad-43d4-bb62-d37ecb91f432,Nature of Science,931c276729e251f3a034fe9f5905735d8fb3fd4c4ea44909d1b334e5eba59044,5520
60b1b207-8bad-43d4-bb62-d37ecb91f432,Nature of Science,fc624ac1e1b1767124ed301af8c76a8d5110b24a28d474a782b9ddc939d2ff88,5585
6411b207-8bad-43d4-bb62-d37ecb91f432,Nature of Science,6f4cc5bd2500f66564b29a3acede1e8392db84a60a4dd413369020345bb7b2fa,5592
7201b207-8bad-43d4-bb62-d37ecb91f432,Nature of Science,564aa0efb4d3ef75b299efe769978e30971a28d1d04cf6fbc068e2fe7052f467,5675
63e1b207-8bad-43d4-bb62-d37ecb91f432,Nature of Science,c13240507b5b91800613e3af2c59fca68a5ce1414ab8c76ae8e969cbfbe55b0e,5703
6fe1b207-8bad-43d4-bb62-d37ecb91f432,Nature of Science,67511fac3baa7b21cc046d9b53d7b3e9995ad043234e5d8a66f9213508f9901d,5755
7511b207-8bad-43d4-bb62-d37ecb91f432,Nature of Science,ff5d41d538e02eb4c84535e9e61abc04a8dac9daeb2a87f8448b254775ad7f30,5884
6f91b207-8bad-43d4-bb62-d37ecb91f432,Nature of Science,f7b807ec6022b940215fef8203110b41c53e912892d6c7f78d26d65dae1861ce,5907
6d81b207-8bad-43d4-bb62-d37ecb91f432,Nature of Science,57eb001e58102a539bc5de33cdb9334baab6cc3b8196fcbc7ad590469723b3be,5942
65f1b207-8bad-43d4-bb62-d37ecb91f432,Nature of Science,1954465e034b11883cd8c7cae7238b0a6d31f5fb8bffec77c2c3a2c0f3ce2a80,6009
67f1b207-8bad-43d4-bb62-d37ecb91f432,Nature of Science,c11261cfe4b89a75ca2289cd2670bf85b7df6eabe9fb97bce54bc02008f466d9,6035
6ff1b207-8bad-43d4-bb62-d37ecb91f432,Nature of Science,adf48dbe4aa44f09ecf8e4cda598eb55d88117909650409ad501771bb02f4341,6072
7551b207-8bad-43d4-bb62-d37ecb91f432,Nature of Science,9b98483338f24e38adcb60124fefdad901ed25f13cd57dfedfc5ef012abd09f8,6106
6631b207-8bad-43d4-bb62-d37ecb91f432,Nature of Science,4b65356ab72ee82eec795a64fa5161cd9ffabdfde81263fc0fced683e9f0fdad,6114
6841b207-8bad-43d4-bb62-d37ecb91f432,Nature of Science,6cbb7e18e6f6e3afb4a906833e82775b5221e7ede5c7eac8204c98758d9a8dd1,6127
6aa1b207-8bad-43d4-bb62-d37ecb91f432,Nature of Science,2999cbf647bddf42213c26935800c64e0064e803093c8eb900c6cb133d7b05ff,6203
7521b207-8bad-43d4-bb62-d37ecb91f432,Nature of Science,97c4fa211d4d92a18a71d28ddb77382d82c37e36eabfce7e735368d62dfac51a,6248
6881b207-8bad-43d4-bb62-d37ecb91f432,Nature of Science,b6eda6b6cfef253afd6bc01a71f03ae0f4df030935c09261f1738cf407df412b,6369
6db1b207-8bad-43d4-bb62-d37ecb91f432,Nature of Science,c531a6fb927bfced16d7742ff2497518a88cd8c12360a6e04bf6cdaaad5cb353,6480
71c1b207-8bad-43d4-bb62-d37ecb91f432,Nature of Science,32e1a0b2ef1eb54adc4d9eb1317dec38859b525ed06aaf80f057089ae1acc942,6518
74b1b207-8bad-43d4-bb62-d37ecb91f432,Nature of Science,cede65f78ab872eba90657ee249a6df9d32f43d0cc3f15a64ce640dce187e14a,6600
71a1b207-8bad-43d4-bb62-d37ecb91f432,Nature of Science,8f581c143b784996d9f3eb6ad5d9efc10a0a788deb8960c8167b53a6661e5aca,6607
6d41b207-8bad-43d4-bb62-d37ecb91f432,Nature of Science,d8bddb8656c07139d0a7aedcdcc4d68a233dde58b64c649153bebd62205e2182,6620
7531b207-8bad-43d4-bb62-d37ecb91f432,Nature of Science,8f363dae1319d68fd40ea42b85d869f0913efcab8fa00d24fc047d5c00fdad87,6659
7441b207-8bad-43d4-bb62-d37ecb91f432,Nature of Science,a96abce3f2be8ed8a011d57f59b74ed7483f39ad7f752f2a70d595cc589df562,6801
6ee1b207-8bad-43d4-bb62-d37ecb91f432,Nature of Science,4cbb553f377fb56ba62dbc27610bfb95f61d82b2307c79b05045a1f68152b152,6854
60d1b207-8bad-43d4-bb62-d37ecb91f432,Nature of Science,b8a789cf0f32df6424a8434eaf50ccf6fb8aa06ddb207e4022a5eb131c7f94ec,6904
1d1ee457-8bad-45d6-bb62-d37ecb91f432,Community and Environmental Health,5288403eafe079d8371c33e76291319125c82f908983e2af47ff121353f550dc,71
1d168457-8bad-45d6-bb62-d37ecb91f432,Community and Environmental Health,5b4a55a16e5b4bd753bc6d2f77ccc755b3c81eb784d6cf7632f10a840f9d75fd,151
1d20c457-8bad-45d6-bb62-d37ecb91f432,Community and Environmental Health,afc82d7c7104147da79b5e108b8079d83f8dc126dd0a813dc537a923238941de,162
1759e457-8bad-45d5-bb62-d37ecb91f432,Community and Environmental Health,bfc92e383d534b4bfcbb2c83c84ccf0283c46f6f9a9b050994d11bec5561f96b,266
1d18a457-8bad-45d6-bb62-d37ecb91f432,Community and Environmental Health,695bf5f73d34b1f1596d7e6cf207e2a00380d7bf111f6ee1219626b29dbe9dc7,318
1d267457-8bad-45d6-bb62-d37ecb91f432,Community and Environmental Health,db83ff7ee03a24d41b359a64fb268c62cbc0aeffbedb86a2fb90d417ce00670e,355
1d1a1457-8bad-45d6-bb62-d37ecb91f432,Community and Environmental Health,ebc8eee5dac67d8225b9f4853e643b234bd3fae1dbc1ffcd80e87c6444a13e13,398
1d1d1457-8bad-45d6-bb62-d37ecb91f432,Community and Environmental Health,cb67de9d14e5fbb844bb4102635456919403bceb11a33f6ef81a2beea01aa40b,399
1d239457-8bad-45d6-bb62-d37ecb91f432,Community and Environmental Health,98a10aa683c34f4e6b156ac4d20d9e5cc7c03a025ccaa079b9c5f14a3f14236c,690
1d263457-8bad-45d6-bb62-d37ecb91f432,Community and Environmental Health,70a65a56daa7863a1efba0c140c478c26bb9ec6ee5a208a4a66c7a454b94cb41,886
1d212457-8bad-45d6-bb62-d37ecb91f432,Community and Environmental Health,2cf8dc779caef5781a29e32cd685f4efdf42c3b40b0d985d84c03b41e1ef913e,899
175e1457-8bad-45d5-bb62-d37ecb91f432,Community and Environmental Health,f4b30e0ac8b5dc9a7990656a9c93708a59e4da68daf0f3f5291286df363efd7a,1002
1d1d0457-8bad-45d6-bb62-d37ecb91f432,Community and Environmental Health,edb7780fca7fd484ee64b486dd5d9713346ecdb8ac30cb7e5b16bdfb3e82382e,1026
1d23a457-8bad-45d6-bb62-d37ecb91f432,Community and Environmental Health,af084988c9bd7e71e94b3a2ad80ee668d514d8800856e81fbffb3fbdf148bde7,1027
1d1ed457-8bad-45d6-bb62-d37ecb91f432,Community and Environmental Health,d515c1040161e36668819cf6e47934d6d2e928cbd52ed1bf7695ecfedf48f92d,1118
1d269457-8bad-45d6-bb62-d37ecb91f432,Community and Environmental Health,160e7bc653c0d20a4e869d07ffb169f0d366d88bc44ef48c05c4b865faa5828a,1172
1d19e457-8bad-45d6-bb62-d37ecb91f432,Community and Environmental Health,9cad8254f927772d1193ac468b921e224e43ec27b3374d89a596b6e9e619e8e7,1268
1d16a457-8bad-45d6-bb62-d37ecb91f432,Community and Environmental Health,0f2b39f38403bb61e7940798e92f30f26f9164293af4795033bdf43bec1d937b,1318
1d1cd457-8bad-45d6-bb62-d37ecb91f432,Community and Environmental Health,5480ec8f91d60e7dc5838f915603182c358a66690a2fa46a3978b7952c32e653,1524
1d264457-8bad-45d6-bb62-d37ecb91f432,Community and Environmental Health,0185ece77bf4cf9a42631a57b4c5a8d0da49ab6964f059f44a4259893d226683,1526
1d1b8457-8bad-45d6-bb62-d37ecb91f432,Community and Environmental Health,d5c6ca476815552378b4d4a7933099451bd0bcf5936db8b12fdbc3d38cbb57a5,1619
1d1f3457-8bad-45d6-bb62-d37ecb91f432,Community and Environmental Health,9ab98b641fa2b0cbedc097ed73aa29ef4828bb5af1117211e9ba53dd5eeb94a5,1762
1764f457-8bad-45d5-bb62-d37ecb91f432,Community and Environmental Health,e130d00e0ef7f197b0eb411748fac05ed94d1e4c077e328418c90ebfbfe2d389,1809
1d259457-8bad-45d6-bb62-d37ecb91f432,Community and Environmental Health,70cb400feb87c9750e178240f19cbe44375752d4707321bd0c1757c1df129ddc,1890
1d1f2457-8bad-45d6-bb62-d37ecb91f432,Community and Environmental Health,f1e2bead4a54874a9391bce825d5ddc188e8ef355eb5fe722fcdc0257f351fcf,2089
1d25c457-8bad-45d6-bb62-d37ecb91f432,Community and Environmental Health,03b9709428d34b7214e245d85b7c8bd690ee6ddfe721bef6fbb535d6f1aa88e7,2114
1d231457-8bad-45d6-bb62-d37ecb91f432,Community and Environmental Health,cd9b33fdb24fbfbb8ce7d35a0852a18f68f98706cf7a749f1f723829b86da81c,2195
1754b457-8bad-45d5-bb62-d37ecb91f432,Community and Environmental Health,25f6c2330ac318003af762501bccb4171285672a195608b13313d882d24c0bbd,2204
1d17a457-8bad-45d6-bb62-d37ecb91f432,Community and Environmental Health,c89ecf661061b3233d38298001f4a8d54b317f071dde57fa867d791180d7dcf2,2242
1d25a457-8bad-45d6-bb62-d37ecb91f432,Community and Environmental Health,5f288c7df9ee3ca6699de240606e0d9dc4e4ed9668181485289e9171f16a93a5,2326
1d232457-8bad-45d6-bb62-d37ecb91f432,Community and Environmental Health,1aa064b292c1282526c4e856193c531ab2d86595ac235e8e2fe1f80313986d77,2371
1d20e457-8bad-45d6-bb62-d37ecb91f432,Community and Environmental Health,6e5597169b8851b15ce1c0c049d2cbf87d1daa275097017bd1262a0a6e6dc2ad,2402
1d236457-8bad-45d6-bb62-d37ecb91f432,Community and Environmental Health,ef7a6af4afb4d605569f33e5817ab012db95f899345b91fbf7526083ff189b54,2430
1d23b457-8bad-45d6-bb62-d37ecb91f432,Community and Environmental Health,ee505b27f262c03ef1b07e476a405e73d92ecc89d05c54da6674a63b5c044410,2515
1d26a457-8bad-45d6-bb62-d37ecb91f432,Community and Environmental Health,9dac133ae380cfb29be316c0d9ba474c102f677def2561c403c0deb5845c73cc,2566
1d262457-8bad-45d6-bb62-d37ecb91f432,Community and Environmental Health,3fc7b4f97329628cfcad7f744cd115abcc9d2c5c626ebf82bb2196c6760b5351,2575
1d19f457-8bad-45d6-bb62-d37ecb91f432,Community and Environmental Health,1ef2b0ba577f5660e38aef6ab4a48c69151206dada4caafd2cedef90a0a3a5eb,2657
17529457-8bad-45d5-bb62-d37ecb91f432,Community and Environmental Health,0c169502d195002a31ab037cb425e42cd8d194405ac325cfced3d143dc75c788,2777
1761c457-8bad-45d5-bb62-d37ecb91f432,Community and Environmental Health,7cd110717e0487d7c86a99c2f9f132cc7aea6a86074bbe44928063971b287728,2842
1d1f0457-8bad-45d6-bb62-d37ecb91f432,Community and Environmental Health,a98002068fd7f9edb12809690899462ac1c1ed6261c0513097cad19d1a8f5196,2881
1d1f1457-8bad-45d6-bb62-d37ecb91f432,Community and Environmental Health,b2c72e586288f2dd2e47f59a55ffb4eca592de4edb3c72ef5a43f7946eb5cf85,2946
1d25f457-8bad-45d6-bb62-d37ecb91f432,Community and Environmental Health,a30a077988a94fed373f0f63d68dfa5a1bf407b6cd3dca27e21222d0aadb4713,3078
1d1ef457-8bad-45d6-bb62-d37ecb91f432,Community and Environmental Health,085d97bb99d8961066b878a2d193e83568193cb4cb5d7807c6c911d37edfcde2,3106
1d189457-8bad-45d6-bb62-d37ecb91f432,Community and Environmental Health,70ed14f2b7487fc674a219adb93f43eee815d7c49f88fc674b7cbdc64012b709,3125
1d18b457-8bad-45d6-bb62-d37ecb91f432,Community and Environmental Health,edc3688f8a69f229c4c07df8a382f03e6c1030fee344b6555bc821490757e34d,3186
1d1a0457-8bad-45d6-bb62-d37ecb91f432,Community and Environmental Health,1ca2d2209ce0df084e2b576675548b5f84fb69297e04a55b5feec8f7da7944f6,3206
1d17b457-8bad-45d6-bb62-d37ecb91f432,Community and Environmental Health,a3c886b4e097762c6572b4cb67ce0375447d9af29193aee3525c5f6fe66425a7,3311
1d18d457-8bad-45d6-bb62-d37ecb91f432,Community and Environmental Health,6a4086987e40c949126e16118aee340632defc628eed26ce5004cbce110534cd,3370
1d1cf457-8bad-45d6-bb62-d37ecb91f432,Community and Environmental Health,9a9a39381c3fd5da0c9e6095e407c21ef3a7b673100c7b6bee7a6040e656c7e9,3414
1d1b5457-8bad-45d6-bb62-d37ecb91f432,Community and Environmental Health,2d643d48f7b61a8aa8840424e782199237311049a292dc4d284315ec0db2a689,3542
1d1ce457-8bad-45d6-bb62-d37ecb91f432,Community and Environmental Health,41599b3c2e3c3d8389e16857af7f06e5c112eaeb9e753bad5f789e3397d84c4f,3685
1d178457-8bad-45d6-bb62-d37ecb91f432,Community and Environmental Health,b2c779a75736b0d70130196f62b4d3167875b357b3e98369d0d894ba9e0575d5,3744
1d167457-8bad-45d6-bb62-d37ecb91f432,Community and Environmental Health,54c3ec451f02ec122deedb151634e45266248f6080da3aea114633b91d39ad5f,3753
1d211457-8bad-45d6-bb62-d37ecb91f432,Community and Environmental Health,c06f20a13d4811dfe58f514f82e919b6df4bd7d990864c792abf510ed09528da,3754
1d237457-8bad-45d6-bb62-d37ecb91f432,Community and Environmental Health,7df515a93082bdfaadc9bb0e2b4df69edf518963639d2b1ee56d9db01df50e3c,3897
1d18e457-8bad-45d6-bb62-d37ecb91f432,Community and Environmental Health,e6835fac9736500aa1c4a9e856f2e50c5015ae575c63e7ea6e6c3444a20b0222,3969
1d1ec457-8bad-45d6-bb62-d37ecb91f432,Community and Environmental Health,e2ed819f290f0c646360a4a8215995a19ba478c767ad3208f8a0b3021786b990,4045
1d20d457-8bad-45d6-bb62-d37ecb91f432,Community and Environmental Health,c38e073988c287c0feacd1dcb3c0f915d814042aac5af9855c118636cd30d475,4234
1d238457-8bad-45d6-bb62-d37ecb91f432,Community and Environmental Health,1f991e989bbd6eb29dbbdc69509654b9958a0f6b9fd58e00292672cc7dd24ee2,4326
1d268457-8bad-45d6-bb62-d37ecb91f432,Community and Environmental Health,c25c38ee5caff7f8d5c8d3576a9645e6f67f6c09a42bbbce0f28cbae8c8f9a7d,4394
1d18c457-8bad-45d6-bb62-d37ecb91f432,Community and Environmental Health,dde21dc8374f555627c738fd61657f47b2fe2891a699cea792e47f5042002e0b,4446
1d169457-8bad-45d6-bb62-d37ecb91f432,Community and Environmental Health,6be0a819a0922fa29599961472d95a7338b770103ac7db078c601212889af81a,4529
1d25d457-8bad-45d6-bb62-d37ecb91f432,Community and Environmental Health,85aa7f6283aca9b3c71065a7571de34b43c12bdf01ee25f2eb2533135e4ec48b,4559
17576457-8bad-45d5-bb62-d37ecb91f432,Community and Environmental Health,41c8d83a75eb9e6c076ad83dd3dfccca4d1ddf8c4e0dcb71d61b5d5dbbdef02e,4599
1d179457-8bad-45d6-bb62-d37ecb91f432,Community and Environmental Health,eb881971c0aff0a9158de4aa315c3ae814f46b6b49951d10dc6316a413530895,4626
1d23c457-8bad-45d6-bb62-d37ecb91f432,Community and Environmental Health,78490088e3c2082376af8d9d034b6eb3f8606b0df2f1eafbc6a02c2d6c87bfc3,4703
1d1b9457-8bad-45d6-bb62-d37ecb91f432,Community and Environmental Health,62fba8a18c4cd26adce49eb353de25d9e9b94568e9372813f5bf7181c709da4e,4713
1d260457-8bad-45d6-bb62-d37ecb91f432,Community and Environmental Health,43e7a67c9463076ec67b4a8079f3fd7d196f6cc39bf3aa3b7e07ca376e7953ba,4762
1d235457-8bad-45d6-bb62-d37ecb91f432,Community and Environmental Health,c0f42f29b35f0d634250c5d566d075cb2ea5e197df74f4b0cf817c36b344e6d3,4790
1d233457-8bad-45d6-bb62-d37ecb91f432,Community and Environmental Health,84863848a2a4c5443069aeb3b67ea583186c6b6e6e8c8ceff43a025499c77437,4840
1d234457-8bad-45d6-bb62-d37ecb91f432,Community and Environmental Health,7786237af5fecec41ad60a84bbf10495a10d76e8cf29a384abbed66da7c05ebb,4899
1d177457-8bad-45d6-bb62-d37ecb91f432,Community and Environmental Health,8208c183ef1afde55010667ebe0a60902af7422ab85dd76032b1df8aee316675,4926
1d261457-8bad-45d6-bb62-d37ecb91f432,Community and Environmental Health,83dacd7304f967e287e4d1238f68d23e27fe3cc3aa5b28f2f03a7b451ded415e,5169
17650457-8bad-45d5-bb62-d37ecb91f432,Community and Environmental Health,9ede92fb57d5c177a86775d9938fad0b9c096591e9394ab7cb6dbb26c4c1e481,5220
1d213457-8bad-45d6-bb62-d37ecb91f432,Community and Environmental Health,87bd2a61d2170ad124ab3088642d92c6ad2ef9af6c7de58c0a0423c8ed486adb,5251
1d1cc457-8bad-45d6-bb62-d37ecb91f432,Community and Environmental Health,2d13ab69cc9d8c6566668004f1d42c5b7df0fa77cfa64d0eaa26ddc07bf48945,5453
17513457-8bad-45d5-bb62-d37ecb91f432,Community and Environmental Health,aed76ff34e0ed177433eda13d21e28e5ec052522aa8d7d62f29847cb4c5aa360,5723
1d20f457-8bad-45d6-bb62-d37ecb91f432,Community and Environmental Health,952d06f18237baa42586601bb5ba8f916ca9c4d71e834467b8cf02a270700872,5937
1d1ba457-8bad-45d6-bb62-d37ecb91f432,Community and Environmental Health,9c53077335354e0cf5affe162244c05e89bf096330852db395fd2b86166fd786,6026
1d265457-8bad-45d6-bb62-d37ecb91f432,Community and Environmental Health,3679a308c2d98405a2216c01a0f608b80a533b8cfad28b51237df4b22c5a6952,6028
1d1a2457-8bad-45d6-bb62-d37ecb91f432,Community and Environmental Health,781823506384b6629ac16088679545a9de8675bcee22ce2775f029bb769b5057,6067
1d210457-8bad-45d6-bb62-d37ecb91f432,Community and Environmental Health,3da09c6b89708274ab5e0c55fcbe113de79b079c72d9af4a58c2c11af642a4f5,6102
1d166457-8bad-45d6-bb62-d37ecb91f432,Community and Environmental Health,8aeb058d2cc41719d2225c2f64fce6e30c702981c426809eff3b0ee46c9d95be,6198
175a3457-8bad-45d5-bb62-d37ecb91f432,Community and Environmental Health,66e9555d626be3c378474f7866bcfb4895acfc5ae46bbc5a005761a3d94aa557,6323
1d1b6457-8bad-45d6-bb62-d37ecb91f432,Community and Environmental Health,45b7a0269cb23f8cc245e971648557c4920b00761e91196491e1e5d91f362007,6326
1d1b7457-8bad-45d6-bb62-d37ecb91f432,Community and Environmental Health,dafd7c336da4dff86515af1507185892bf17ea9e458c30459704005c48586302,6364
1d25e457-8bad-45d6-bb62-d37ecb91f432,Community and Environmental Health,9d750f2157cca0689050234bf65b2edc9cbe4e8b846327ea65602635813b8cef,6808
1750f457-8bad-45d5-bb62-d37ecb91f432,Community and Environmental Health,0a424483eef153b0ea69d7e236d5a1e3bcb55e312e1ef679c41097eef76bc32a,6871
1d266457-8bad-45d6-bb62-d37ecb91f432,Community and Environmental Health,9332e86e712f9ddd4f464e016b044d4d87261c30ac8de35802fe009215bf17b9,6889
1d25b457-8bad-45d6-bb62-d37ecb91f432,Community and Environmental Health,1ff51e4c6bb9ee43d3114caa7a1bb500b3381fc36241bac7a77c5983f1bebf97,6901
e041b207-8bad-43d4-bb62-d37ecb91f432,Economics,af5db594dbcc8db88d517d12a542f4087e8e6483caf023ec282de9c7f94ff28a,106
c971b207-8bad-43d4-bb62-d37ecb91f432,Economics,41816c5fc61a59c1b07dabbd24a01be4e6d391e53942c603f00edd358f78e708,383
df11b207-8bad-43d4-bb62-d37ecb91f432,Economics,ca0905a8365f31086b73ad505127ab287768c1f25aeed3235bfdfbdd34c873ee,435
ba91b207-8bad-43d4-bb62-d37ecb91f432,Economics,c9e3df8d1b8314118428b2b3463d7e6bc472b34da2befd84326893dee7ececa3,505
c9e1b207-8bad-43d4-bb62-d37ecb91f432,Economics,4dd794ec2889a2488e86a88d36d58940a733acea3232d07b696ae4d9a20510fb,552
dff1b207-8bad-43d4-bb62-d37ecb91f432,Economics,2df8132e8a6d8dc655c841693e5acd5b6c31c81fbb67d8e079aaa23b7feb9350,553
e071b207-8bad-43d4-bb62-d37ecb91f432,Economics,fab631ef8b9da80cc02a352cb41168b945f70f8a3d440fc9a5e884b2307d2dd7,563
df91b207-8bad-43d4-bb62-d37ecb91f432,Economics,1b34d893af6b815411af08d611b6385b52dc9c0649f2763c0bfcb0e50e861fd7,668
c961b207-8bad-43d4-bb62-d37ecb91f432,Economics,68a49060089de030ec4eb0f7c7eb26ded55ada0cb4d1f941c64ccfee37506644,791
dee1b207-8bad-43d4-bb62-d37ecb91f432,Economics,1a2f3d9ae983c0de08dc88a12600e411738180481338170d6d19af5378ee712f,869
b691b207-8bad-43d4-bb62-d37ecb91f432,Economics,75d3623adc5159f3761235ccc730a18c4843051e3ed6b2885e4d3ced99ea60a6,908
df51b207-8bad-43d4-bb62-d37ecb91f432,Economics,f9e17d43d1bec2622140909fa42256e18afc9d72e68f261b636f7bedf472e401,1040
b861b207-8bad-43d4-bb62-d37ecb91f432,Economics,e7b255a1478fc97b1756030d1778596c19ff921ac7d892c0e999ab115d9f0de7,1061
dfb1b207-8bad-43d4-bb62-d37ecb91f432,Economics,069868da9f6c5b1d62728e5d5b20af491bc88d32bad8e5330d30c418b3cae44e,1130
dfd1b207-8bad-43d4-bb62-d37ecb91f432,Economics,db46f31b3e361695ee1a701a642cffce60b6b68e7425d3d00d776164c7e455f8,1170
c4b1b207-8bad-43d4-bb62-d37ecb91f432,Economics,1618762a67e29b0adfbbc69f0e1acd9fed458ea1fca024021e771074715ab323,1252
bd31b207-8bad-43d4-bb62-d37ecb91f432,Economics,1bba5ddbdb4b5e2110ee15ff5e379b1ac69660ff8e38c8bc5fb52410e8fc5bfc,1262
ba71b207-8bad-43d4-bb62-d37ecb91f432,Economics,f4ce31331c4dadd414050d170ac0314fa5f94cc3f36365f8818ebb4d5ea9aae8,1301
b671b207-8bad-43d4-bb62-d37ecb91f432,Economics,d63d1233e190236e3a2292d91579721b58eb628167bbc678ae16e6ce9ee09d7b,1347
e031b207-8bad-43d4-bb62-d37ecb91f432,Economics,b621405c6c72f1b97fd6ef2879abffc32b95afe0d63ab80ee95cb9420351d62f,1348
b841b207-8bad-43d4-bb62-d37ecb91f432,Economics,d3f4f369344218330a463aca41d9fda410bdece305391baed4809da59c74edf5,1380
c991b207-8bad-43d4-bb62-d37ecb91f432,Economics,1bef41a684a9c52a2f662f986e290aaacb932d904652438a0fef7b67eec13697,1405
ca21b207-8bad-43d4-bb62-d37ecb91f432,Economics,cea87cf7e06074f2fbb8f63175e95c7d7851282e8bc5cc77503bae0a03af68a7,1422
b871b207-8bad-43d4-bb62-d37ecb91f432,Economics,d759746de34e7ff58de2407140c991f3f97b879ae09930d739d3d2ec13db318e,1570
b6a1b207-8bad-43d4-bb62-d37ecb91f432,Economics,820c5926460c4a0c67a0ab025783013471ee84e31fc66a2e569763e6c014cb93,1615
df71b207-8bad-43d4-bb62-d37ecb91f432,Economics,4526f6a439c17880ded5af88c69c8254f9b7eb700ca31bd845888c65bf13cba2,1642
b6b1b207-8bad-43d4-bb62-d37ecb91f432,Economics,30a297eba8e806d884646836a8b25468ee99e50b3fa6908f2e585d574a74a446,1653
ba81b207-8bad-43d4-bb62-d37ecb91f432,Economics,21381f224ebd9518205cec76bed0c8b0f83eaec2a8608b7dc5018b22eb9609c6,1767
c9c1b207-8bad-43d4-bb62-d37ecb91f432,Economics,1d0ce3f7e4642bd8722983b22ca36b4c32ae3e91d898d2455ee7fa78108bd955,1806
c521b207-8bad-43d4-bb62-d37ecb91f432,Economics,374eafa3b9db8a98a72fa555f19d53c6e953708becd4cdf7fc54370b5e713d66,1818
c951b207-8bad-43d4-bb62-d37ecb91f432,Economics,0ae932553deed04cb1cbc9789784901bbb775c1c0ff1ebbbcb82f1f71f3706aa,2078
df41b207-8bad-43d4-bb62-d37ecb91f432,Economics,5cd26069a48868a1466679c54ef7e2437cb85cb468602035c35ebcca2600298e,2097
dfe1b207-8bad-43d4-bb62-d37ecb91f432,Economics,5571745dac41bfe3bde8a3337f6fe404728f1ec98a95dba415242919b15cb425,2112
df81b207-8bad-43d4-bb62-d37ecb91f432,Economics,b035698991e11874fdea2fec503fcac8b4bae17f8859eb51403589941063f7fe,2218
c051b207-8bad-43d4-bb62-d37ecb91f432,Economics,d854c956fc65af5870a8f2e378761638456a835273a0e8825ec52542e3e98673,2228
c9b1b207-8bad-43d4-bb62-d37ecb91f432,Economics,0989fb9836b3dd03136e96bd8d65125f6a78ddf0a009c3c6f3c8870d3a45c9d3,2321
df61b207-8bad-43d4-bb62-d37ecb91f432,Economics,18a708492d099c4019a003ac0e48849441d118b06732e1c71017afc0ca95730e,2334
e061b207-8bad-43d4-bb62-d37ecb91f432,Economics,bb745c8cc96fbaeeb8d5ea1225ac38d449a19c0fb0a3354ae2c9b5eb8340384e,2475
c9a1b207-8bad-43d4-bb62-d37ecb91f432,Economics,d60da5b8e902388fa7eb9f7d707d261e8a08a883dd4a92d06a9b809c6f7f94b4,2588
df01b207-8bad-43d4-bb62-d37ecb91f432,Economics,6b30a87bbed206280affb617f01e8f8a823e53e737865cedc280f0375cecddb3,2678
deb1b207-8bad-43d4-bb62-d37ecb91f432,Economics,d46b0d06bc4945b85d3986ea1d8995a490257b07f6c80348b130651e71f06f23,2697
c511b207-8bad-43d4-bb62-d37ecb91f432,Economics,12d58060502563adf55931b1ad8547a9102fad9d746b340db917f930fb03d23c,2721
c061b207-8bad-43d4-bb62-d37ecb91f432,Economics,8f795b42f7830a977c8e6618c1bc40a7234c98b375691df2c95e5fd25680d6df,2742
de91b207-8bad-43d4-bb62-d37ecb91f432,Economics,f2768c03f65f4dab9a6b72de46e44a7f727d4f7c1f4a3bde20277e3a7a0dc4d9,2749
c081b207-8bad-43d4-bb62-d37ecb91f432,Economics,79e5412165f93d6edc0a99b74202b7ee290ad4980cff2453089fc22312ac934c,2807
ca01b207-8bad-43d4-bb62-d37ecb91f432,Economics,891c578ac7f4c1ec81db8172f4b64c555d5a142b434c0acdf391d4413cf1c226,2895
cf21b207-8bad-43d4-bb62-d37ecb91f432,Economics,534a7a71234d7a7fa09216e9c0ee5e136c47e7d5432f4187dc014a6460f5d75c,3241
b4f1b207-8bad-43d4-bb62-d37ecb91f432,Economics,76adc4d90984a40d76cc6f6e11b0fa874c45719f18616e3b190ee17d8f820a2d,3309
cf01b207-8bad-43d4-bb62-d37ecb91f432,Economics,57ab5f982d810f9678cb05ed054c63db2719254c2b6d08a81c88211a4648b431,3310
b851b207-8bad-43d4-bb62-d37ecb91f432,Economics,4baa9a11f2d9984832631ff8963d305259e1dd0082c653b6cc4f72cd6b48e827,3365
dfc1b207-8bad-43d4-bb62-d37ecb91f432,Economics,6d974a5c29751e2680ce2db695dbfa27f6a2010812e363255bc9933abdd60053,3891
c941b207-8bad-43d4-bb62-d37ecb91f432,Economics,27f24ade4a9ec154152899f234f74d6e7823579bfec8e69afca163b5f0e91932,3918
ca11b207-8bad-43d4-bb62-d37ecb91f432,Economics,dd242d79ea05448026d365f12da206c1c1766955567ed7a44a716a9bc3a047ed,3975
b6c1b207-8bad-43d4-bb62-d37ecb91f432,Economics,df3dc36ce09b6fdb5f5cccc470f9bf169277221acacffd99fda595c8b29034fb,4160
bd21b207-8bad-43d4-bb62-d37ecb91f432,Economics,193329c23cc4e243fd46109c630ca97fb67885969e5faa791ed1777cb408d70a,4183
de81b207-8bad-43d4-bb62-d37ecb91f432,Economics,5ab20a3cb4f0badf753013e66a1799f2973f5eadf92f8e6553450e68f36b18e6,4621
cef1b207-8bad-43d4-bb62-d37ecb91f432,Economics,bdaccb83547164ac30221be477cb42ad59ef764010062e4d3dfbaabb6bf062ae,4677
dfa1b207-8bad-43d4-bb62-d37ecb91f432,Economics,8c6867823a9ac4f6c741a8371b4e842a1d85f5ed02cac72c0e17a1f0a09d1b46,4680
dea1b207-8bad-43d4-bb62-d37ecb91f432,Economics,43b68b82a8f96f9937782149c698154ded2cea4809f16bcd0810077f00364b31,4726
c501b207-8bad-43d4-bb62-d37ecb91f432,Economics,1ce59ac75b9ea1fc37a10a6b27013e918d4ff79985bf1c995ef1f251df9a0490,4745
e021b207-8bad-43d4-bb62-d37ecb91f432,Economics,0c0af93c3aa0dc98289344074872adde074daff40f885a236ed27292fb06a7ef,4797
e001b207-8bad-43d4-bb62-d37ecb91f432,Economics,7801eab237f45d2beeb663834b3a1fd1969531609d266ff2f590af54561edcba,4847
c4f1b207-8bad-43d4-bb62-d37ecb91f432,Economics,a200d93703e44a5b38eebb92e2f0b87e3d013829b26cd950fe3f0e9929781a93,5007
c071b207-8bad-43d4-bb62-d37ecb91f432,Economics,044c8dfbcbf6911d8194a0a48be6028c0478bcd16453e768ac64168e3b0fff51,5032
c9f1b207-8bad-43d4-bb62-d37ecb91f432,Economics,a203dd189e61e3be8be7c2989e090c7a0bc2cbc7d1427fcd1c3c1366065d4c93,5044
b511b207-8bad-43d4-bb62-d37ecb91f432,Economics,34a8a8aa12010c976fdfc97cceba18f2b99632430a3de675d61eec2ec9768719,5133
c4d1b207-8bad-43d4-bb62-d37ecb91f432,Economics,3163c48e5d51a82aa78340940da8c3b5a2d37915b294d859719b0d7d7b1a6f29,5152
cee1b207-8bad-43d4-bb62-d37ecb91f432,Economics,2feb05776f26c6e16350a74f986edd9f1bf6892bfa2c6de2e90b09414c71e65b,5174
df21b207-8bad-43d4-bb62-d37ecb91f432,Economics,ffc1f39267233f0ad1bd879eb1337bd6f19e4b46a9a8db9d1c9f276a96bc2f06,5620
e051b207-8bad-43d4-bb62-d37ecb91f432,Economics,06da8cbe664a4436b9ab5b30d231693dfd84a91806fa3ba89c3a1e97426cdef0,5757
c9d1b207-8bad-43d4-bb62-d37ecb91f432,Economics,5317c0249097252e6d6080567c5bf640ef35832cf19a4062a6675ac4170c612a,5873
dec1b207-8bad-43d4-bb62-d37ecb91f432,Economics,bf6b66290164cac4dcad064186692738d4a6265998daeabd3c855521a6d87e64,5926
de71b207-8bad-43d4-bb62-d37ecb91f432,Economics,5bcf7f4eae3265aa111495c5cb3bc3026fac23278e281c6184be97163fee96f1,6011
def1b207-8bad-43d4-bb62-d37ecb91f432,Economics,8f718b5cb5c16298172d65528bb7367119eb80f9d6381efb8448eb41c3b7c094,6055
b521b207-8bad-43d4-bb62-d37ecb91f432,Economics,1aa39344f954b8c18e411cb0e190cb58550f55141233be76bd929539799035dd,6073
cf11b207-8bad-43d4-bb62-d37ecb91f432,Economics,e4ce080c321871527c8cc6de73589559c115cbdfa23fd49737420f1bf6a4002c,6196
c4c1b207-8bad-43d4-bb62-d37ecb91f432,Economics,13eaf8da9c8a398f8f5ef3535fb8fe84278c3747c31f22bbbebf7da4cc2115ff,6318
ded1b207-8bad-43d4-bb62-d37ecb91f432,Economics,81f012a9c58d011fb9989ceff528581488cf2b577a6e9821e845fbc0b09b7e8f,6319
c4e1b207-8bad-43d4-bb62-d37ecb91f432,Economics,b73a0284a053b8f439bef2bbd84ba4e728c8a4edfcf61790b2cafd97dc1f1877,6502
c981b207-8bad-43d4-bb62-d37ecb91f432,Economics,bfa968c986ab3b3eb3eec5f05b11396350f9732014872339ebae2148af55a8f7,6519
ba61b207-8bad-43d4-bb62-d37ecb91f432,Economics,1d8e39e7f20adfaad631b4ea2ce9747684ac7e8477c1bd745646b0fd6e44fec6,6546
b501b207-8bad-43d4-bb62-d37ecb91f432,Economics,994db67d4ea78939be561afd21d21a2e235c735760ec392c68a81157e1383447,6601
df31b207-8bad-43d4-bb62-d37ecb91f432,Economics,0bf8f53ef2717af89f4f06880605b771de701f2098907435bbb47c0cab52d819,6718
e011b207-8bad-43d4-bb62-d37ecb91f432,Economics,6e39360435ece2d0ad62f4943bf94aabbbcfce675a4615493ef43bd2a4975309,6825
b681b207-8bad-43d4-bb62-d37ecb91f432,Economics,c39058a9611da6945b3b221ed0521897608d75b872eecdb61196ef3edf77586b,6912
de61b207-8bad-43d4-bb62-d37ecb91f432,Economics,7179d08a0d09eee27e75d1c386217305b9fc6ab0d1efb686d12ff2736ca30571,6962
1c651457-8bad-45d6-bb62-d37ecb91f432,African American History,8f6489cc31d36c919f5a0f66becd552ed73f3571594d1989ef40e729d8ab5c6a,144
1c65f457-8bad-45d6-bb62-d37ecb91f432,African American History,2ecba89843039f4a8e60734e9ba4cc592716c5dafc301f09e12df9ecf9022310,437
1c658457-8bad-45d6-bb62-d37ecb91f432,African American History,868b2a2ad41c9937c582f956541ab1c54e390929c700bbc43d902dcf22b64f1d,498
1c67d457-8bad-45d6-bb62-d37ecb91f432,African American History,8220fb8b33be097c67290b2e3ee419cca5a85feef2c13e4fecd4a169414ca1cd,547
1c654457-8bad-45d6-bb62-d37ecb91f432,African American History,da6e271ce8b73894ac1aad7746d00f077403d8b308edd7d377a69e1451672068,606
1c664457-8bad-45d6-bb62-d37ecb91f432,African American History,1a948051a7258b72e0db6b6cc71ed1f8d64e44227a979a242abbb4724ba19659,637
1c66e457-8bad-45d6-bb62-d37ecb91f432,African American History,c4de565b13783df6d2df2ae2089fc3f78ff02c9be1c25fa210de3c9037b18d50,645
1c67c457-8bad-45d6-bb62-d37ecb91f432,African American History,32cf8d0d5986c61dfdebe9231cc42039971ab0b0e6b5fa1d2f75154ca07d064d,719
1c656457-8bad-45d6-bb62-d37ecb91f432,African American History,4b1ab081ba9fc9cb2b31e1b6d665df89cbed1d1fde7475eb1857fe1bc27fad49,795
1c666457-8bad-45d6-bb62-d37ecb91f432,African American History,eb0ebe6d233a60148f7f3c948996300dfaaf3da34d495d09da78b8e90a08a172,796
1c648457-8bad-45d6-bb62-d37ecb91f432,African American History,4eb522d0f3cdde5b81ccd804c9f5c150452e9870b67b9aa849a072b012b4f33c,913
1c63e457-8bad-45d6-bb62-d37ecb91f432,African American History,3e44ed024cde81b124e8ce81bbfb603eb279f9f927fe6687e4550e35461e0e7e,924
1c66b457-8bad-45d6-bb62-d37ecb91f432,African American History,c16854530f976f82dc793d3537b553cdad12ada9f25c5d5ad808c2c8bd2c2553,1004
1c634457-8bad-45d6-bb62-d37ecb91f432,African American History,5c1768b6bf50d62c3d5a28ffbdd35ff6209e4bfe733695b9513a7b46f59f4a91,1080
1c63a457-8bad-45d6-bb62-d37ecb91f432,African American History,5ca4a4befffcca3572ae35c3b1357f41e20b25c1c685e8ad072d5a30fb27aaef,1258
1c662457-8bad-45d6-bb62-d37ecb91f432,African American History,8b78f1385ccbeba04b0fe1608c481f58d33f7931f9e0c64e19eb37a833e5059d,1267
1c667457-8bad-45d6-bb62-d37ecb91f432,African American History,99de9da3beb4c12aa3a39ea9051c48951acc74abff9a2a7dc60d851ebf46f62e,1450
1c646457-8bad-45d6-bb62-d37ecb91f432,African American History,02cc84d05d18b7e9ffad1e83818e1ac30de5fa44f50c9e017d06324a553ae8fc,1514
1c637457-8bad-45d6-bb62-d37ecb91f432,African American History,a43e593e5c834034118817cdc2b87dd40d9ebd783e0757ab2755d4e39978244f,1523
1c650457-8bad-45d6-bb62-d37ecb91f432,African American History,65f29f26cd43efe99d5655a6b31a06b7c3431546dec2eef35ccd57cedb658169,1537
1c657457-8bad-45d6-bb62-d37ecb91f432,African American History,03d9f33220543d218a621d956fbd3ed251c61c368fdf6c91fd5a8a98208bade0,1613
1c659457-8bad-45d6-bb62-d37ecb91f432,African American History,844a7bb2b5d36ca91446516bbd6ba72116d373c74c2b2c7432f258f8d5735670,1632
1c66d457-8bad-45d6-bb62-d37ecb91f432,African American History,27852e28c3a58f6c7e6a1f77f8070f8365429f1ef1f5b5cdea43072a0d9aba17,1793
1c63c457-8bad-45d6-bb62-d37ecb91f432,African American History,f65657e002fb92eb21441396e9c9f3a512320e4803ce479dda1766ce1ac9cd1e,1869
1c668457-8bad-45d6-bb62-d37ecb91f432,African American History,9b55176a51f24f5fa2ad60cf3c489cea1fbaccb46bfd4a59c710c532e0adffc5,1901
1c65b457-8bad-45d6-bb62-d37ecb91f432,African American History,1d0af1c34ee457bb750561b197d926a925b809f9f44ad60df51a5422b626c478,1930
1c663457-8bad-45d6-bb62-d37ecb91f432,African American History,a713a23b33fd4f546b7da463fe9d112cf8f5503cca37d45106ac3d6f37fd6b94,1985
1c652457-8bad-45d6-bb62-d37ecb91f432,African American History,f738b938c8c31314f9041a4dc0505192feea21cb35e5a3a65886b133c253ef12,2053
1c67a457-8bad-45d6-bb62-d37ecb91f432,African American History,b83f40c1977982e3553d706337fa882f58e8aac6d30230ad1753c3ee06c4d494,2054
1c643457-8bad-45d6-bb62-d37ecb91f432,African American History,a059bb016498148f127a2ec3a26d99e42fa39e2d978489f890ec84fb7c674bfb,2212
1c675457-8bad-45d6-bb62-d37ecb91f432,African American History,a249abbcf18d255ebcd3702dde7776dd935848e59ea5774e8bece9fe73eaa5d6,2325
1c66f457-8bad-45d6-bb62-d37ecb91f432,African American History,0eb98daf1da0a55b7c724185b68591f77651357cb424763046e51a25dcb64020,2429
1c678457-8bad-45d6-bb62-d37ecb91f432,African American History,903c0e0bc981a0f25b61cfb89b155b403dd9409f83b7c493f23af395af76e974,2554
1c67b457-8bad-45d6-bb62-d37ecb91f432,African American History,46bffc176b8f69e03c3bce4264b01e6eeb56ba54b337484879dfd8d8dce32b9f,2792
1c64a457-8bad-45d6-bb62-d37ecb91f432,African American History,4c3d047d5bcf8bd1128eae6b8d301d9a47bf8e860a829188f948839f1940a0b2,2867
1c676457-8bad-45d6-bb62-d37ecb91f432,African American History,adc1d8d160ccf61d3db724d53e4899961a088047a8a1926c860ae64e7cb9faab,2868
1c682457-8bad-45d6-bb62-d37ecb91f432,African American History,93f5e5586b0b0a682ffd13116f0673c3cbd23cfc0a1b00cde6772ccbade7838f,2981
1c683457-8bad-45d6-bb62-d37ecb91f432,African American History,b54917ca1a8a3d7c15634beaaf8f115643bdcd3e2a2f8092cd5568f78d70e34f,2990
1c644457-8bad-45d6-bb62-d37ecb91f432,African American History,4bdcb9ccb61a35eb0b2d67716f9d8ebde619b124daf471e7f0291b237df3b73f,3236
1c636457-8bad-45d6-bb62-d37ecb91f432,African American History,dab5a5ca850e82d6bab7fc627ba25fea667ce3f12a07973dffa9984a0b562e17,3245
1c640457-8bad-45d6-bb62-d37ecb91f432,African American History,44f679bc3531283abb17dd4032aff632cc67e5d0c08bae99febd4d1ef04ea055,3304
1c64c457-8bad-45d6-bb62-d37ecb91f432,African American History,c441c3a750eda02bacd7b088ddd235404f6b87d6de5ff31090cb251c8c07239d,3605
1c63b457-8bad-45d6-bb62-d37ecb91f432,African American History,1edfa0885d1a19d95b07306f43119f89e0d01a5ce14b87e617222622390a1493,3731
1c670457-8bad-45d6-bb62-d37ecb91f432,African American History,ffcf907bad57bed39ea1b2c259b8caec0e344f290afdbb730bd150968c3ecea2,4094
1c655457-8bad-45d6-bb62-d37ecb91f432,African American History,c5527bac8156d0330f4ff9d6fbfea93e123fff1795a3c93e4f865f7f1cb6d6e3,4257
1c64f457-8bad-45d6-bb62-d37ecb91f432,African American History,1c0d384cbb16d264d67ee877c0b904260c08cab2e8d0cf83710bc902b980cb63,4303
1c635457-8bad-45d6-bb62-d37ecb91f432,African American History,ebf748dbc1a00ddceec9356573201ad97b52a58dcc5c4617e95a800baa8d6fed,4345
1c66a457-8bad-45d6-bb62-d37ecb91f432,African American History,4f8f2bc3e0be8ec37504c58fe17e8592ca1df8695364edb68051a0652df22ac4,4380
1c641457-8bad-45d6-bb62-d37ecb91f432,African American History,665c4b6b2f3e946d08584b76f9d61c1f5f60aacd3e4fc605aca1c0b119d495e5,4393
1c64b457-8bad-45d6-bb62-d37ecb91f432,African American History,468a204d8b03c0fb9e55e09c03f281732666371d924fd85c19d064d7815ce275,4527
1c65a457-8bad-45d6-bb62-d37ecb91f432,African American History,f684dd08544d2f6fe420343d65814b903ba211941ed5d193b5378db6133244ea,4549
1c679457-8bad-45d6-bb62-d37ecb91f432,African American History,4aadb1aaf4f0e86f850e3b84968446d7d0e15708124e887884fd3fc9ffef7f43,4613
1c681457-8bad-45d6-bb62-d37ecb91f432,African American History,446df637416937e451c64d2b9d459fa7e7e6c26cf07aacc82376910f5dd48a93,4729
1c63d457-8bad-45d6-bb62-d37ecb91f432,African American History,bce45a8414ba89843e18cca5e7d7dfbd722758841058426e476f17991cd917dc,4827
1c65c457-8bad-45d6-bb62-d37ecb91f432,African American History,af908629a77c63b58666b4f850c1656e8e11efb450974bc2146c1deabf0e96e9,4850
1c67e457-8bad-45d6-bb62-d37ecb91f432,African American History,ead8da70b63fe763e890aaaa7f040fdfcb770dd077635282515276b799684ac4,4851
1c674457-8bad-45d6-bb62-d37ecb91f432,African American History,3db943b0532c70a3f17a5e7d0a026f9b5a14c7df745d6aed685241086dc38873,5069
1c661457-8bad-45d6-bb62-d37ecb91f432,African American History,e643d1cce5254c4406b35b1389cf2158c85a58de93f5276b718e35d0be53307f,5159
1c64e457-8bad-45d6-bb62-d37ecb91f432,African American History,33795b42146722af5a07839ba4f30fb9bcbcfbe8aba8a4bf0b8627527540a83e,5176
1c633457-8bad-45d6-bb62-d37ecb91f432,African American History,d59da8efd19f9f5cf8e09a2e21b593abe5b6850fa6685310643f38dab91a94e8,5388
1c669457-8bad-45d6-bb62-d37ecb91f432,African American History,e286b75f0ce58eb7738312a139b71a1d0d8b5fbd4a966bf1ef37e65fddd1a54e,5401
1c64d457-8bad-45d6-bb62-d37ecb91f432,African American History,3b50d52c23d156cb92b74a5ebd5c6aba2c33118b90dfb01ec2de47fd507ed8c3,5657
1c671457-8bad-45d6-bb62-d37ecb91f432,African American History,fede86366942a336d987af2848799d3c4bf31b6c5a61095a4e1295c3da53fe11,5736
1c639457-8bad-45d6-bb62-d37ecb91f432,African American History,9ad943124d16f97aea859e711f9b0c2f2142c7ce4b19fb3d51a7d52fe258f973,5917
1c677457-8bad-45d6-bb62-d37ecb91f432,African American History,a58b37692f3955ca9579cd8bc3d6938c6df62f7ae72b86c69f7bcd9618ca9956,6024
1c642457-8bad-45d6-bb62-d37ecb91f432,African American History,fe4458b436ee80fb8ae0c3bf1b8747ca7ac3e8a5b983568f8349418381166e3d,6051
1c67f457-8bad-45d6-bb62-d37ecb91f432,African American History,198a171a18b8cf62c496e89a27fa4471d9e4c64ba5c39fb3fbc14b13e96a7e48,6134
1c63f457-8bad-45d6-bb62-d37ecb91f432,African American History,10e2ae399d429d9453f2b564368dd63a707a9874577c7e59c69745e47cafb021,6208
1c665457-8bad-45d6-bb62-d37ecb91f432,African American History,289f5c565e8bcff2846f9dadd1726b28b1f6a1896bd68b9d3c9d0aae75a727ae,6325
1c65e457-8bad-45d6-bb62-d37ecb91f432,African American History,d586beb8cb287f161296cb923d5e23817689d50d8482c88154bc9ba69a3521c6,6390
1c673457-8bad-45d6-bb62-d37ecb91f432,African American History,b20e40ff3c3f9c40576972864eb1ff10725d8e1a1a50ee3659171ca3f6ed42d0,6459
1c649457-8bad-45d6-bb62-d37ecb91f432,African American History,85a1bade9462638eeab2c94af55d158be6cecd2658d74bd99ccb54fd7336a6d0,6496
1c645457-8bad-45d6-bb62-d37ecb91f432,African American History,0fb247e186648ec9784a557fbb9eb0ac89442101faae5796da2339c58229a6c4,6531
1c647457-8bad-45d6-bb62-d37ecb91f432,African American History,7012c69d11eb60da05c3a680d3b06c74c813c07c13943c29ccb2eaeb651f2e75,6656
1c638457-8bad-45d6-bb62-d37ecb91f432,African American History,685a68982ce70e1000c26d3a2abbca4bc1193e3319f552b35793e61efce1e865,6744
1c672457-8bad-45d6-bb62-d37ecb91f432,African American History,da683de5c52b1a948cba6a5009b5a8b260c94ad4d88fa87693f259b55656b1fb,6755
1c660457-8bad-45d6-bb62-d37ecb91f432,African American History,16bbc9071b25c3f88cdc07b380ed5d7c3ff29fdf106d2d0f2c8c7fa48b9de03d,6772
1c65d457-8bad-45d6-bb62-d37ecb91f432,African American History,160f05146cb154ab6c740186034e904e1475d7f123539bc752afab471a68a1fe,6864
1c66c457-8bad-45d6-bb62-d37ecb91f432,African American History,e30ad5279fb95ce3f305f53573190e07ca79bcad957751bebf5b187108d6fd93,6865
1c653457-8bad-45d6-bb62-d37ecb91f432,African American History,471718ab8d2137df0f0a4a8923ca11ab2a7c87e0ca171db22e1a5657806c0c7e,6900
1c680457-8bad-45d6-bb62-d37ecb91f432,African American History,153028c4a053fb17399b5fdf65907fbd562c9b0c4d18818e80df5f10ffed886d,6955
3c792b67-8bad-44d5-bb62-d37ecb91f432,Data Analysis and Probability,0e8f2acda1362bad6ced7d56d198a5db5b1e0feb0a27c34bdc9d31ec50e5d5f0,67
3c372b67-8bad-44d5-bb62-d37ecb91f432,Data Analysis and Probability,7c5f0fe3e2beb105633e411e2b61a3139fb9bc1bd361cac219e21a9b7f286ae1,99
3d932b67-8bad-44d5-bb62-d37ecb91f432,Data Analysis and Probability,1621d2b0ff78fd7b15bf40d8eb0bfa0b2d92726d3a0865253b705d0ed17e2786,163
3d852b67-8bad-44d5-bb62-d37ecb91f432,Data Analysis and Probability,f5158568e1a627c02b2633d455d0bb761c1021dedc0e615258031db46661c397,284
3d892b67-8bad-44d5-bb62-d37ecb91f432,Data Analysis and Probability,304989927cd148990d5fb230512b3ca4aa9cc3b603082163f25a44851ef5959b,285
3d8f2b67-8bad-44d5-bb62-d37ecb91f432,Data Analysis and Probability,24b22323619aec56b4e60702521f9179dcc8b41bb42dd63354da6e9c6b9ce021,381
3da12b67-8bad-44d5-bb62-d37ecb91f432,Data Analysis and Probability,0099c915595874adfd04f893e1c5de21d03d70bbf97b7ecb1020adf165660e89,504
3c5b2b67-8bad-44d5-bb62-d37ecb91f432,Data Analysis and Probability,8c4c85ccd5be2e867224252ea12a73d60b3383f82513a0bda771b8d208b16576,509
3dad2b67-8bad-44d5-bb62-d37ecb91f432,Data Analysis and Probability,bfce41af4b8a56e231caeb96b0cc882e6c8b251a4cdf117f53341e16eea9e2ec,511
3c7d2b67-8bad-44d5-bb62-d37ecb91f432,Data Analysis and Probability,61a32dfb3ddf496fd3234b0e7505d68637be56bb212081855f3bf03cf87c11f3,672
3c5c2b67-8bad-44d5-bb62-d37ecb91f432,Data Analysis and Probability,7984195d4952688b50ef3b6856078c5ee41703e52882f6ecc4d5555901b5b053,843
3bc92b67-8bad-44d5-bb62-d37ecb91f432,Data Analysis and Probability,a4a75b8c6b17ccf55656bcb610fb118dbe0f34b7d25639c193d39570b44c9d9a,904
3d912b67-8bad-44d5-bb62-d37ecb91f432,Data Analysis and Probability,33cad3ea25c38dbad00b64f2aeb3b2b63695a93915e82b5984c9db695d57ff1d,1112
3d8d2b67-8bad-44d5-bb62-d37ecb91f432,Data Analysis and Probability,9f2aafbd5be4572a38dc3c3e71bf5b9b6a23e6bd33990bd9e06edcbcc2c1ac90,1178
3d8c2b67-8bad-44d5-bb62-d37ecb91f432,Data Analysis and Probability,09ce18ca9f1dea528b6e2ec44f4271bbaeca1ee46e542fa44a9d0146cda61c80,1224
3c5a2b67-8bad-44d5-bb62-d37ecb91f432,Data Analysis and Probability,45bbbfa3dca25cd3228633e367f4f741a6708e2c317c31aa9e3e436ff522e55e,1320
3ca32b67-8bad-44d5-bb62-d37ecb91f432,Data Analysis and Probability,de741371b9674ede5b25197dda3016bc0c4e10adabc24244e33e598c12b7d722,1376
3da82b67-8bad-44d5-bb62-d37ecb91f432,Data Analysis and Probability,3c05e40ae38743f650cf799b3f3579c9575bad27ce2f064daabafc4dbbcae3c7,1410
3d8b2b67-8bad-44d5-bb62-d37ecb91f432,Data Analysis and Probability,99d989a2d5a1223096ff5f1def1c48dfcba0bae8f46b22afdc4b1c5a59ced23c,1647
3ca72b67-8bad-44d5-bb62-d37ecb91f432,Data Analysis and Probability,4d5cf000a7ff6b7750cfc09e7fc04d628ca3a13f8de190de177e0d4efb3a9e97,1661
3d962b67-8bad-44d5-bb62-d37ecb91f432,Data Analysis and Probability,b5a93ebf434148250acfcf1fa7cd5ea13bde076b1ebc24c667bc92012c60ef26,1662
3d9f2b67-8bad-44d5-bb62-d37ecb91f432,Data Analysis and Probability,13ea6a00e116c272744f1f431988f65544359e029ed3a7b8da955ceadbf05b13,1687
3c122b67-8bad-44d5-bb62-d37ecb91f432,Data Analysis and Probability,35b9da2b4bfd39cf0eb4e522a55170ddd535aa032089b14c7fa5a699105f8bd1,1882
3da62b67-8bad-44d5-bb62-d37ecb91f432,Data Analysis and Probability,6a3485d6ded3aae2559258309399b5d27bb8ba9e8e3f8346ba3aa03ea87d93d1,2009
3c362b67-8bad-44d5-bb62-d37ecb91f432,Data Analysis and Probability,b28ed30d87fc995d4a1fc7d2143d3e7808c39ed0391d286dbe13a1d599234732,2260
3d8a2b67-8bad-44d5-bb62-d37ecb91f432,Data Analysis and Probability,021d383db8e69a09144e5033c4040bcba7702016005d32130f5133b47e0c4882,2405
3b952b67-8bad-44d5-bb62-d37ecb91f432,Data Analysis and Probability,c19291a363ac068912cdc16787e1e0ff62edf3105b467f342e57fca134133f13,2531
3c782b67-8bad-44d5-bb62-d37ecb91f432,Data Analysis and Probability,c3e9199d1130d7b699973318c16ae7ef69a9149ee7646355be5bbb7952c14f38,2670
3d842b67-8bad-44d5-bb62-d37ecb91f432,Data Analysis and Probability,2749bcb4cd441bcc368f2d8979ba4e3dca4390ae377d600aed76ed0e15943708,2694
3c7c2b67-8bad-44d5-bb62-d37ecb91f432,Data Analysis and Probability,9ae0ee9c17dc93a2146791b395845415cf32d953d3ba940ddee36bbecd2a4ccc,2813
3bae2b67-8bad-44d5-bb62-d37ecb91f432,Data Analysis and Probability,c23e05f2eab2c2ba2f9bc5e15562d20e5b19ed4c1003603dd45861cbd1dfa21d,3050
3c802b67-8bad-44d5-bb62-d37ecb91f432,Data Analysis and Probability,0a3e7746a2c30b964f9b077c13b5ebaa136a2c9eecac4655e37dbe9554660353,3074
3d9c2b67-8bad-44d5-bb62-d37ecb91f432,Data Analysis and Probability,8665ebdf72ecbfefcbfec564f0ced7b2c2e2cbe6ef47949f29171ff58f2f8423,3111
3daa2b67-8bad-44d5-bb62-d37ecb91f432,Data Analysis and Probability,3461efd0d2260db54684f8d8e1030f34d6d649c8ddb3050722c110f7a514c454,3146
3d9e2b67-8bad-44d5-bb62-d37ecb91f432,Data Analysis and Probability,eea066e40e396e7e2a5f5ed108cd5ced0dfb6781ba71f01e7fd0c9d188313cba,3166
3d952b67-8bad-44d5-bb62-d37ecb91f432,Data Analysis and Probability,107c73a6b15e06abe11c3c4b13e3f0c4315510cd5e747c9b29fcc9f0fe725bfb,3172
3da22b67-8bad-44d5-bb62-d37ecb91f432,Data Analysis and Probability,e5d7b144a2a5ec2fd02693451fa69933970a6983320ff020fea27ac312a78482,3380
3c5e2b67-8bad-44d5-bb62-d37ecb91f432,Data Analysis and Probability,fae0bc61cf5ea3304b68b0e88ebdd9e90403c50fbc5cd115a9e4abf43f4f413c,3457
3e1f2b67-8bad-44d5-bb62-d37ecb91f432,Data Analysis and Probability,b33f9811c3d389e252b63389fb7a549b2d89a21b0e8c677d0a8fe717b5148244,3459
3d9a2b67-8bad-44d5-bb62-d37ecb91f432,Data Analysis and Probability,6f52768a84faa9dd6726842a52b1bc5c878152e73a058896c513b483a84cfadf,3584
3ca52b67-8bad-44d5-bb62-d37ecb91f432,Data Analysis and Probability,da3be8be26a18cd3c0f70e06eed24ba65f3f3458a8a3c01f31d098bf20e20a68,3655
3da02b67-8bad-44d5-bb62-d37ecb91f432,Data Analysis and Probability,98c4c932875af04958fec95a0a9e6baee3c58b1d81a655b91d14363d36c5a621,3746
3beb2b67-8bad-44d5-bb62-d37ecb91f432,Data Analysis and Probability,911a6aab2879fd92636bb96869317c2c66a9f2b51d2687e4ae48d5b81186fd98,3758
3c7e2b67-8bad-44d5-bb62-d37ecb91f432,Data Analysis and Probability,164cc4fdf24f547791dcdc0f085cbbfb2641b1aab54ef3c9a6bda55972ce7cf0,3814
3c7b2b67-8bad-44d5-bb62-d37ecb91f432,Data Analysis and Probability,bdf0003a082ba41a9a9b94d8a62a692e867e670574f7240ff710a65e784e22ae,3869
3d862b67-8bad-44d5-bb62-d37ecb91f432,Data Analysis and Probability,c29accaee2849377495a36979692809e4dd65cd82ad6b64a70d8530a582d34f5,4021
3e132b67-8bad-44d5-bb62-d37ecb91f432,Data Analysis and Probability,c232b817bc37b5bf191bec4327665b760dd555200bc64d34d0de38dfbd613836,4157
3c5d2b67-8bad-44d5-bb62-d37ecb91f432,Data Analysis and Probability,f2f60759f32f42690f7ce83bce70b453a9a459e50cc998fa32a7078d3af570c6,4208
3d992b67-8bad-44d5-bb62-d37ecb91f432,Data Analysis and Probability,e4ae62bb52dc24426e84031ffdeb71923930e1bc576e7ffa52aa0797163ed711,4321
3baf2b67-8bad-44d5-bb62-d37ecb91f432,Data Analysis and Probability,7c98df9e36be93cfd7df91287dd1b1f00a5f719efbbd1a9bd98bf0ffcfa1f148,4501
3d812b67-8bad-44d5-bb62-d37ecb91f432,Data Analysis and Probability,973454e1c63c776e9a93edc4f7f7138b7527c25e98c09a884a5ada859d0cbe23,4657
3da52b67-8bad-44d5-bb62-d37ecb91f432,Data Analysis and Probability,ead907103f087f4cb384bee1a841d3168e8821fd103ec8d715b1ef47fb6f8e5c,4733
3da42b67-8bad-44d5-bb62-d37ecb91f432,Data Analysis and Probability,e34fcf9f1c5f28d09c20beab4843c975d1ee75142ac65e83f7f555955f182f2e,4744
3c132b67-8bad-44d5-bb62-d37ecb91f432,Data Analysis and Probability,dcf49d97c295ce82750800b2b867981850babbc8a3d035474e801a3d75c30a41,4911
3bca2b67-8bad-44d5-bb62-d37ecb91f432,Data Analysis and Probability,a7e39eb95cdbd5c64eb28b0430cf29e127809fe126c9be3b18d23681774b43b4,4973
3c112b67-8bad-44d5-bb62-d37ecb91f432,Data Analysis and Probability,672e456e17414b302521476b4cc4421a68724ccd9ba4998ca04d9d772ddbb84e,4992
3da92b67-8bad-44d5-bb62-d37ecb91f432,Data Analysis and Probability,a6feff9b7a1243aad16b4caa0517df07f3def87b5358ad4d6d9e71d26f71e248,5226
3d882b67-8bad-44d5-bb62-d37ecb91f432,Data Analysis and Probability,fce5b4b6316dfb0b00b3bf714ed8f9faa255258045d24581d170daf49ddf529c,5300
3dab2b67-8bad-44d5-bb62-d37ecb91f432,Data Analysis and Probability,a4e5c46680ace0f61b8f65b8993c555cbfd940bd51d13c0f12abe0bb4eff58cd,5444
3e1e2b67-8bad-44d5-bb62-d37ecb91f432,Data Analysis and Probability,befcecdabbaef33a89c6e691d08525d163067565eaa885f5558aad535c72af9f,5487
3d8e2b67-8bad-44d5-bb62-d37ecb91f432,Data Analysis and Probability,957e541b245d0a1886df967f0477bdd949b37d02fa8ec620941a5ab7c6df1838,5493
3d832b67-8bad-44d5-bb62-d37ecb91f432,Data Analysis and Probability,c46d86eff7406eccfd245a427a004d8459bb961a8d07fc8bb677b79fc682216f,5519
3bec2b67-8bad-44d5-bb62-d37ecb91f432,Data Analysis and Probability,eaf6a791ac27aab56d8bfe17b26ae3a250d2362c6ab35be9c913477c3ada03e6,5531
3d942b67-8bad-44d5-bb62-d37ecb91f432,Data Analysis and Probability,80f8d8bb7f49f91771ceb31d9710be08d5746597953893092071cab1daf6e69e,5559
3d982b67-8bad-44d5-bb62-d37ecb91f432,Data Analysis and Probability,5f7ef1231955d03d002931c55e6c8c89e02362d783c96caaad695adaa15f708e,5652
3d902b67-8bad-44d5-bb62-d37ecb91f432,Data Analysis and Probability,dacbf0a5e59bb3f9f27d84eedb55a3ceaa5144df2327adfe274c7dfc034f2738,5673
3d872b67-8bad-44d5-bb62-d37ecb91f432,Data Analysis and Probability,84c607629474ecf88040c1a19b465b2a1378a76a56cde25d8f535791f292b6f8,5731
3ca62b67-8bad-44d5-bb62-d37ecb91f432,Data Analysis and Probability,90ac0d3a73be30b4ad40faad767754e774451022a69a5fd63aa71db7a07a2a2b,5766
3c592b67-8bad-44d5-bb62-d37ecb91f432,Data Analysis and Probability,b722149dcf050b1407681db516150f07f9b5833f7d6456779eedc1ceebe4e1e3,5834
3e1d2b67-8bad-44d5-bb62-d37ecb91f432,Data Analysis and Probability,e019e20414646b4664fcc51e4c3abbe289a577db83c7a6c498c2707048c1906c,5901
3ca82b67-8bad-44d5-bb62-d37ecb91f432,Data Analysis and Probability,a9a67300d25977bbcc90c7fd6298eb002fd0ec72e20814cb0cbe6240d366186d,5922
3d972b67-8bad-44d5-bb62-d37ecb91f432,Data Analysis and Probability,5a92c6de97002ec4e1f71a08477c0a222947bf4a27da4e5b53e1f929c49feae9,5939
3c7f2b67-8bad-44d5-bb62-d37ecb91f432,Data Analysis and Probability,ce47ed565b2517d320e7f24043776e83c04bb3ca60211a65bdd8b897b832af4c,5961
3da72b67-8bad-44d5-bb62-d37ecb91f432,Data Analysis and Probability,c4192c8bd3fc0fb7f40f1c7bb57058d90c37254c4bb9b22ce2bdb8066c42f76f,6126
3c7a2b67-8bad-44d5-bb62-d37ecb91f432,Data Analysis and Probability,e3ca81259a572405e90a6f98b3a1686c4a2f53fea6d1d94301b3116e65d90587,6262
3ca42b67-8bad-44d5-bb62-d37ecb91f432,Data Analysis and Probability,3713b30b81b65af12cb959a6d1512982c2a1959a0de926eccd56cef07a6bb41c,6329
3d922b67-8bad-44d5-bb62-d37ecb91f432,Data Analysis and Probability,8d2ae048bded02a482886e15e25b32b8562b2401455feaaf803b49024e579c15,6416
3d802b67-8bad-44d5-bb62-d37ecb91f432,Data Analysis and Probability,a6986a339808712a27ce28e3fb22bb6f2c93c7946fac7c4dcbb2ef99adf3c6dd,6466
3d822b67-8bad-44d5-bb62-d37ecb91f432,Data Analysis and Probability,655d08dc8aa0fa61d2602fa4f7e61d929388fb5e9b1bab8995caad357c4793ca,6715
3d9d2b67-8bad-44d5-bb62-d37ecb91f432,Data Analysis and Probability,8c2e19243e06fb787580c33a650baca9e92e00fc8a9f8923ad039cf55bf398e5,6921
3dac2b67-8bad-44d5-bb62-d37ecb91f432,Data Analysis and Probability,312c6854846d5264fcf2d2fc8ad33383f191196d9091e50d5d8128a01e51bb6c,6968
22752b67-8bad-44d4-bb62-d37ecb91f432,"Computer Science - Personal, Community, Global, and Ethical Impact",5186faef72cb9ddbd7dbd1aa89695de54d2eb6b47eea5c47d4785931e25f8c73,27
21fa2b67-8bad-44d4-bb62-d37ecb91f432,"Computer Science - Personal, Community, Global, and Ethical Impact",e3643f17a1a4b496a097340c83ccc16e50feaefc8c570e27fda3daa9da1db578,216
22762b67-8bad-44d4-bb62-d37ecb91f432,"Computer Science - Personal, Community, Global, and Ethical Impact",2666f50368a367df1f2fa84de12f5567f54fd0533b53dcf67130da40001053a8,239
228a2b67-8bad-44d4-bb62-d37ecb91f432,"Computer Science - Personal, Community, Global, and Ethical Impact",09800230d4a9713977de7cf57516c458df73de297c9ffb209e5aa112eb3c03f0,312
22352b67-8bad-44d4-bb62-d37ecb91f432,"Computer Science - Personal, Community, Global, and Ethical Impact",032c926b653648ff648664e51bde2827d18154429f9cd9022fee95d1ba0870aa,333
223b2b67-8bad-44d4-bb62-d37ecb91f432,"Computer Science - Personal, Community, Global, and Ethical Impact",8e70c80ddf475529339c3572c2f71bf4c9bb9a7f5d0d09e092752e41126b6dd4,480
21ce2b67-8bad-44d4-bb62-d37ecb91f432,"Computer Science - Personal, Community, Global, and Ethical Impact",0a914810efed2edf36c21fd895729c60bd8390c7cea530fb5b95357d3468f26a,578
22862b67-8bad-44d4-bb62-d37ecb91f432,"Computer Science - Personal, Community, Global, and Ethical Impact",e99b0966fe1f817e00a672ea19b07514e086bb1befc8b58cda654c94a3f878bf,599
22792b67-8bad-44d4-bb62-d37ecb91f432,"Computer Science - Personal, Community, Global, and Ethical Impact",512d7ed162337d7da7c9ee2cc127902435c830ec35e0842c2b40bb7770d64416,671
21fb2b67-8bad-44d4-bb62-d37ecb91f432,"Computer Science - Personal, Community, Global, and Ethical Impact",41b4e3584f360dfb6002c541f149145a1af7108b499fb790d02617e75afd639b,1018
223a2b67-8bad-44d4-bb62-d37ecb91f432,"Computer Science - Personal, Community, Global, and Ethical Impact",6f6003879a21112019c9538d0f8f45cf156cace4a132b7257abf9ebed02b6927,1046
21ca2b67-8bad-44d4-bb62-d37ecb91f432,"Computer Science - Personal, Community, Global, and Ethical Impact",cb0dc77b08484bbe9ecc88c58ba1a40e443bec65b75873755524bfcd16ceebdd,1060
21cd2b67-8bad-44d4-bb62-d37ecb91f432,"Computer Science - Personal, Community, Global, and Ethical Impact",fcf10e466980cf7d8c7b3bfc4612311155ee0a9c06863bd1c73927c8c5849ed4,1091
223d2b67-8bad-44d4-bb62-d37ecb91f432,"Computer Science - Personal, Community, Global, and Ethical Impact",8d5eb33e7d6b45f9d5887eb965722355fdd4a97abccb1226879e022e11c66167,1105
223c2b67-8bad-44d4-bb62-d37ecb91f432,"Computer Science - Personal, Community, Global, and Ethical Impact",34d57f30bf36933effdb91309d0b1b051ada0a5432e5c81c111063c9f000d30c,1222
227a2b67-8bad-44d4-bb62-d37ecb91f432,"Computer Science - Personal, Community, Global, and Ethical Impact",cda01ffcfa9549f2d5868582e974ab3118edb3334bd8f67ea0a43d2fa12c861f,1236
228f2b67-8bad-44d4-bb62-d37ecb91f432,"Computer Science - Personal, Community, Global, and Ethical Impact",2524b229722c824031a7ce9ffc7fbb360ce713b9c3fc0ba75076753a56de603e,1498
21cb2b67-8bad-44d4-bb62-d37ecb91f432,"Computer Science - Personal, Community, Global, and Ethical Impact",eebbeb94ed60862b4457adf43bfaf7764d7d44821a7a297090ec6c49988f0964,1546
21f62b67-8bad-44d4-bb62-d37ecb91f432,"Computer Science - Personal, Community, Global, and Ethical Impact",52ce68a10fdd26f3967b810a951414578f48a208c3c390cc2553effdbcc152d5,1832
22002b67-8bad-44d4-bb62-d37ecb91f432,"Computer Science - Personal, Community, Global, and Ethical Impact",6d293e6c6750394c30f4bb07fa19e35df4cc59bd36047ac0ddb21b8ae5779a51,1891
22292b67-8bad-44d4-bb62-d37ecb91f432,"Computer Science - Personal, Community, Global, and Ethical Impact",0d92420ea56ff2e4356d7e77436420f9e6e01593f1e46ee3640c0a7794c5f5af,1927
22872b67-8bad-44d4-bb62-d37ecb91f432,"Computer Science - Personal, Community, Global, and Ethical Impact",59d2fcbe387562ab36a1a4e171efd3bd4c8fc0a7075740bddefab16574da040e,2076
21fd2b67-8bad-44d4-bb62-d37ecb91f432,"Computer Science - Personal, Community, Global, and Ethical Impact",fb5866b983e26b15a8c382c4277340d883c435732d3fa39b6e097634c568b727,2093
21cf2b67-8bad-44d4-bb62-d37ecb91f432,"Computer Science - Personal, Community, Global, and Ethical Impact",7636eb56e2cf84c3eacfb449258857c1d1066ea171be8e6ac32d25c39998a8c2,2166
222f2b67-8bad-44d4-bb62-d37ecb91f432,"Computer Science - Personal, Community, Global, and Ethical Impact",8dde56fa50d6323c4e62cdaed58ba2b0e53996c7a47fe96ee5fa68e83d6ef879,2176
21c92b67-8bad-44d4-bb62-d37ecb91f432,"Computer Science - Personal, Community, Global, and Ethical Impact",83d8412a3e04580a0db9a16d4b2b3b8c70e9ec8777e6ae05748c653f1a30018d,2208
222d2b67-8bad-44d4-bb62-d37ecb91f432,"Computer Science - Personal, Community, Global, and Ethical Impact",78e817351900339a16c0a60274192938936b40873d490482d95efd0c027d46dd,2277
22012b67-8bad-44d4-bb62-d37ecb91f432,"Computer Science - Personal, Community, Global, and Ethical Impact",aa3b185bb18570c523660432743081530b1b6003b7971ab10d55279e8c97dd02,2437
22852b67-8bad-44d4-bb62-d37ecb91f432,"Computer Science - Personal, Community, Global, and Ethical Impact",9c71551402090542557e513a6b3102a30ae94b295f0f5d443a4dd78fe25795c0,2448
22782b67-8bad-44d4-bb62-d37ecb91f432,"Computer Science - Personal, Community, Global, and Ethical Impact",1909689e0b8f0de38d5a94f017fc0c98b01357dd26013a19925ab230ab7ae5b8,2464
223e2b67-8bad-44d4-bb62-d37ecb91f432,"Computer Science - Personal, Community, Global, and Ethical Impact",ca64bda72f084061c73f253023560f1b740156c1f8cb34eeb02d9026ef239920,2556
222a2b67-8bad-44d4-bb62-d37ecb91f432,"Computer Science - Personal, Community, Global, and Ethical Impact",68de8ab9d983ad78b2e5fcb7c2df2b216fc3ed81688a08c14a19516668787089,2569
22372b67-8bad-44d4-bb62-d37ecb91f432,"Computer Science - Personal, Community, Global, and Ethical Impact",d6b2ae33e0a66d57945bf696d0139a25b0b0bca806a6e6b280bf2de3cb16f8b6,2617
22772b67-8bad-44d4-bb62-d37ecb91f432,"Computer Science - Personal, Community, Global, and Ethical Impact",8115fbb71c75d94acd3b25d9b12e52bdb7af6e191dddad84239daa72d0f11e30,2794
222e2b67-8bad-44d4-bb62-d37ecb91f432,"Computer Science - Personal, Community, Global, and Ethical Impact",222422f318c4d862f5e7bb2cce6847f404b926995b86806a640f0ec869f88603,2849
21f22b67-8bad-44d4-bb62-d37ecb91f432,"Computer Science - Personal, Community, Global, and Ethical Impact",12f9e731ed75bb5fc251cbcfe245b125fb034d1d6b402f829e7c787c2e2917f3,2917
21f52b67-8bad-44d4-bb62-d37ecb91f432,"Computer Science - Personal, Community, Global, and Ethical Impact",387925bf95303577e1200536aecb7ffed5de8be1ed4242b06462c23650139100,3145
227f2b67-8bad-44d4-bb62-d37ecb91f432,"Computer Science - Personal, Community, Global, and Ethical Impact",f8c1465623ff2039c2dd8c40996d695c266a42d11ec61c4fdec53be2642c9c62,3306
22842b67-8bad-44d4-bb62-d37ecb91f432,"Computer Science - Personal, Community, Global, and Ethical Impact",f91a5771173807465619789b821c3364035df4b8dbd21e7573dbe4af8af82732,3521
22892b67-8bad-44d4-bb62-d37ecb91f432,"Computer Science - Personal, Community, Global, and Ethical Impact",fc7b8ee1c9ceacc7bdbb9be1007081144a4e1b047a4765e0b3fb09172ebee880,3533
22332b67-8bad-44d4-bb62-d37ecb91f432,"Computer Science - Personal, Community, Global, and Ethical Impact",4582d99febc578c71cb597bf01d0d3c9081dde8e4b8066e487e549c9ea02071e,3571
21f32b67-8bad-44d4-bb62-d37ecb91f432,"Computer Science - Personal, Community, Global, and Ethical Impact",86d76d2619f9eb943e2efc9ef4e1ec03a8825b87c2bdebb4ca187bd0e32463f6,3651
22732b67-8bad-44d4-bb62-d37ecb91f432,"Computer Science - Personal, Community, Global, and Ethical Impact",f7d96479660f4d1430afeeed78d773d197471441a02485e85518e98546386a4f,3652
22742b67-8bad-44d4-bb62-d37ecb91f432,"Computer Science - Personal, Community, Global, and Ethical Impact",6c5bd9780011003cffd7590b527352e8afa8adf0eb2b8c9384bf976c45233760,4089
21f42b67-8bad-44d4-bb62-d37ecb91f432,"Computer Science - Personal, Community, Global, and Ethical Impact",730631687aebaa61f9ebe4356af9141ea50e4df8e928450e7ea43ef7cbf18723,4096
22802b67-8bad-44d4-bb62-d37ecb91f432,"Computer Science - Personal, Community, Global, and Ethical Impact",21f70b01141430854aafa79f948f84014a86dcee225f0d8639f468c90421eea3,4110
22282b67-8bad-44d4-bb62-d37ecb91f432,"Computer Science - Personal, Community, Global, and Ethical Impact",aace26676440d9421dc1c7cc8dc0eeb5c35fe7f14f9b9840014bf886c2a1581b,4206
21ff2b67-8bad-44d4-bb62-d37ecb91f432,"Computer Science - Personal, Community, Global, and Ethical Impact",5734876c9940c93c1a7c9548c5f4c15c31f0c8ce7f17d1807dfd16b770103d32,4289
22712b67-8bad-44d4-bb62-d37ecb91f432,"Computer Science - Personal, Community, Global, and Ethical Impact",76444698fd86d7465723bf12ae095929423973b276872b12fec7f6637f56b690,4336
21f82b67-8bad-44d4-bb62-d37ecb91f432,"Computer Science - Personal, Community, Global, and Ethical Impact",9e6238936ccde85a5530ac2b41a2ae61cf6bea251014920fbf6da25406f1e6d8,4373
228b2b67-8bad-44d4-bb62-d37ecb91f432,"Computer Science - Personal, Community, Global, and Ethical Impact",f0fe2d116139233b46f765547aa886868056ca85089f7fdb682f4559e99de808,4397
21f72b67-8bad-44d4-bb62-d37ecb91f432,"Computer Science - Personal, Community, Global, and Ethical Impact",d6f36ced293c9ba27643e0742540c6105512cff6ae7b18b2b20a63607eacdbfb,4443
22392b67-8bad-44d4-bb62-d37ecb91f432,"Computer Science - Personal, Community, Global, and Ethical Impact",232b1803d8dc9fc26eade9e287cff473139dae177a49a1d46bc688bc55c9f3f3,4460
222c2b67-8bad-44d4-bb62-d37ecb91f432,"Computer Science - Personal, Community, Global, and Ethical Impact",deb1dfee4b8e780b1c226385c075676a48c82a746e78ee28dd059e30d6c26dd7,4476
227c2b67-8bad-44d4-bb62-d37ecb91f432,"Computer Science - Personal, Community, Global, and Ethical Impact",84d69fa22a2b6e3c3938a910e1fb096d34e76e3347509061399bba3cca0602f0,4482
222b2b67-8bad-44d4-bb62-d37ecb91f432,"Computer Science - Personal, Community, Global, and Ethical Impact",e578f131839e88b8389faf246850daf8aa6b560dfe6a96bac9d6b275a2026e10,4560
22882b67-8bad-44d4-bb62-d37ecb91f432,"Computer Science - Personal, Community, Global, and Ethical Impact",fd784b465937827ca2e753681dce2d489bf985bdcc4550c9dba0f9c8e35b0f6e,4561
22342b67-8bad-44d4-bb62-d37ecb91f432,"Computer Science - Personal, Community, Global, and Ethical Impact",d70d8be09aa768d7016501d65f0e3f6376168294bd93464c924736a8457ca766,4566
22362b67-8bad-44d4-bb62-d37ecb91f432,"Computer Science - Personal, Community, Global, and Ethical Impact",54879bc0d33d7c5ca1ce0ad8d9eca860728cc7859fff3dabf5e0ade4ca8e1648,4641
22812b67-8bad-44d4-bb62-d37ecb91f432,"Computer Science - Personal, Community, Global, and Ethical Impact",78045b9f4b3e465dd4fdb3f00ff5a593e44afbd33ae72cc52b79054f70857e3d,4782
21fc2b67-8bad-44d4-bb62-d37ecb91f432,"Computer Science - Personal, Community, Global, and Ethical Impact",c13bda87b0982b4134b008e8a8523c50c2c969219ab450ecd68cb40801e80ead,4830
22322b67-8bad-44d4-bb62-d37ecb91f432,"Computer Science - Personal, Community, Global, and Ethical Impact",604cd4f0d301f373f0b5b041252a64f9a77c2552c8b027268a8d10694f9cb179,5171
22312b67-8bad-44d4-bb62-d37ecb91f432,"Computer Science - Personal, Community, Global, and Ethical Impact",7ca21c215d38acf8bd2f8cdfd106de5559116cc7803bf78d1cf2e40f18052a97,5190
22302b67-8bad-44d4-bb62-d37ecb91f432,"Computer Science - Personal, Community, Global, and Ethical Impact",a091fb68996c03279e0801dc37397084aa332e275f0ccb0c4c2ddeff00b2807d,5267
227d2b67-8bad-44d4-bb62-d37ecb91f432,"Computer Science - Personal, Community, Global, and Ethical Impact",4391e7f5010e4c09801c1ee0e39f035dd7dd7925979f4a5220ae573fb7f083ba,5284
21fe2b67-8bad-44d4-bb62-d37ecb91f432,"Computer Science - Personal, Community, Global, and Ethical Impact",5cd87401e757617ffbde6ce6d50f9c5b5c0087f95c73f6cb9cfa3ed647bcebde,5478
228d2b67-8bad-44d4-bb62-d37ecb91f432,"Computer Science - Personal, Community, Global, and Ethical Impact",9dd638d25cb6d36f13b30ed0abbeb6a4919bd700f48df71f3a7ea435c8d16382,5600
227e2b67-8bad-44d4-bb62-d37ecb91f432,"Computer Science - Personal, Community, Global, and Ethical Impact",7ff40103dcfc7032528dfcab31386aaf1df3e340c5a05b762b743e0a5b6f6176,5709
22832b67-8bad-44d4-bb62-d37ecb91f432,"Computer Science - Personal, Community, Global, and Ethical Impact",2205c0bdc810fe65ba6a84133d053c66a636c1df02da877a442bad467596b262,5710
21f12b67-8bad-44d4-bb62-d37ecb91f432,"Computer Science - Personal, Community, Global, and Ethical Impact",214f00ff07e99e5fdedda9846dddb99b7d64c8f8745d60058232ff6b931230f9,5761
227b2b67-8bad-44d4-bb62-d37ecb91f432,"Computer Science - Personal, Community, Global, and Ethical Impact",64f284df213511fe82629a4955ea14060690e197fb241ace5f61a5d1338502c3,5762
21c82b67-8bad-44d4-bb62-d37ecb91f432,"Computer Science - Personal, Community, Global, and Ethical Impact",7ca3be991176b3d63d61a0bb52389c88278897e69826eb4a214042df97201fb5,5851
21f92b67-8bad-44d4-bb62-d37ecb91f432,"Computer Science - Personal, Community, Global, and Ethical Impact",4372351faa8a0ade886ee5bf77220af222921e4d79259124870cff2c757f46b2,5950
22822b67-8bad-44d4-bb62-d37ecb91f432,"Computer Science - Personal, Community, Global, and Ethical Impact",bed09509fa27c9f7c4ef00e7149e2ca6bb1cf9e956cb4a50979aea8e60f8bb38,5988
228e2b67-8bad-44d4-bb62-d37ecb91f432,"Computer Science - Personal, Community, Global, and Ethical Impact",ce897b4dc1541a5b7af8106c58126e330cefd889bf97baf93d889a643ba3b86e,6152
21cc2b67-8bad-44d4-bb62-d37ecb91f432,"Computer Science - Personal, Community, Global, and Ethical Impact",f42cda34d43560ebd0f419b4eb04f5abdeef052587069d4d98cbb395af7d795e,6172
22382b67-8bad-44d4-bb62-d37ecb91f432,"Computer Science - Personal, Community, Global, and Ethical Impact",b46d645f69468c2b939f9c70072cff1533ae46df91ca7b4a94a853f6ce4077c9,6303
228c2b67-8bad-44d4-bb62-d37ecb91f432,"Computer Science - Personal, Community, Global, and Ethical Impact",e4151850faf82c289576fb9d2fe1fa691c0d67d3aa7febce6e91156ee869d839,6612
21f02b67-8bad-44d4-bb62-d37ecb91f432,"Computer Science - Personal, Community, Global, and Ethical Impact",306bef0a8676fadee0ebf4bb031bceac1c5c99500dd4d666a07b448049e96252,6627
22722b67-8bad-44d4-bb62-d37ecb91f432,"Computer Science - Personal, Community, Global, and Ethical Impact",94b845d7818bd01fa613fa83aa85d5db395a5d8a7b5df5a435869646ad582f48,6793
20d62b67-8bad-44d4-bb62-d37ecb91f432,Sociology,58e7f51f4c7722f2c095fc5029dcd391e78f27e764533ec9fc23d7573053011e,18
20cb2b67-8bad-44d4-bb62-d37ecb91f432,Sociology,e3a382434dc0a60e641442018b0a393b5240d9dcd6779f31181d73517b425550,52
20ff2b67-8bad-44d4-bb62-d37ecb91f432,Sociology,ada1f078d131b27dba4abba0637beeabf69d3e2f5585a51588dcf805520a1962,88
20d82b67-8bad-44d4-bb62-d37ecb91f432,Sociology,7169598417474e2d4f88a448e1e91fc38f193ee80babed06fd7f94dbc5038d19,111
20da2b67-8bad-44d4-bb62-d37ecb91f432,Sociology,a5febe1d59c04eaaa78869374237a21a0db30b8458e6981114116394ac28fc0a,126
20c32b67-8bad-44d4-bb62-d37ecb91f432,Sociology,ca358a51bd06756877bd5c43df7e792e9c041ab498cba0306724745004033b17,175
20c52b67-8bad-44d4-bb62-d37ecb91f432,Sociology,0607790011ea30e59b838463f6bbdbfeeece2a6ccf5de424cbf0ad8209a6d2b2,182
20e12b67-8bad-44d4-bb62-d37ecb91f432,Sociology,cd4945322e0a5444ee4ee1e9238e30eecabed22697f46ad11c8448fc00887207,296
20eb2b67-8bad-44d4-bb62-d37ecb91f432,Sociology,64b4f0c16c4bccf55464f690a8028f1e19d1e260fcdb661de50172ffcfd26159,368
20e92b67-8bad-44d4-bb62-d37ecb91f432,Sociology,3b6ca8720c106b2cb385682ed7338ce95383cd02a595146c170a6be071770797,450
20f82b67-8bad-44d4-bb62-d37ecb91f432,Sociology,a5b5d3a36f00a439879e58e7f8cfcba7c144a64ced0c45ce22c0639b52696ebe,639
20be2b67-8bad-44d4-bb62-d37ecb91f432,Sociology,aecb4c82408a2b0b3165c3025d3c9e56704c143d7c9f6296a4555b3c31ce8965,647
20c62b67-8bad-44d4-bb62-d37ecb91f432,Sociology,d0444737ea91b05cab50de8faeaff96d7c1228067e10956341712e8f21575745,855
20e52b67-8bad-44d4-bb62-d37ecb91f432,Sociology,e1f79f3cf35379408b12c3a028a2d3da10bdbbec6e037a6488ae818c776c4923,875
20ca2b67-8bad-44d4-bb62-d37ecb91f432,Sociology,68eb927167fe7a16567129a07dcdeb618654306e34fac0a9876a25f3bf87f38e,1028
211b2b67-8bad-44d4-bb62-d37ecb91f432,Sociology,c14587fff96d8e908663bf7693435b512f52fea97e1e8b77827656a19e38ded3,1100
21192b67-8bad-44d4-bb62-d37ecb91f432,Sociology,fb1e96919da1dc4b2c67aec18c9df8e91439938590b56410274c689d60ac84fc,1248
20d92b67-8bad-44d4-bb62-d37ecb91f432,Sociology,761175f1b741bb031402821921d0a91b1fe13ee52b9cb6cdf6b2a880ce2c011d,1370
20ce2b67-8bad-44d4-bb62-d37ecb91f432,Sociology,b2450e9cb53d81c514d4a8e2b1e412e4d570f20ff2e949ea99633c5ae5effaed,1400
20ec2b67-8bad-44d4-bb62-d37ecb91f432,Sociology,3a13fff606c4acc043710392fb60f11f9d653904d99b2be6e955651303cd56db,1463
20fe2b67-8bad-44d4-bb62-d37ecb91f432,Sociology,07e329cb310c2007d3ad07b8bfa5330cf27579b8f837ffc7899d300aba81d45e,1659
20f52b67-8bad-44d4-bb62-d37ecb91f432,Sociology,99dd22afe1fe54fb7d6d012d540c0e38102bc0d11b473a3590f567c81af100fd,1673
20ef2b67-8bad-44d4-bb62-d37ecb91f432,Sociology,00e9eb302d17c0933199f54cfaab2c2de9226e25e37a165facd000e1ccee77ee,1795
20c22b67-8bad-44d4-bb62-d37ecb91f432,Sociology,c18812c806f341226ae467dc336379e96fbbd6926dc2dde06d5ac9e0a52f196a,1803
20ee2b67-8bad-44d4-bb62-d37ecb91f432,Sociology,70b71aa890f13149c78fa70493138d45c5c2960e00cbcebbe8cc241ae88fc342,1926
20de2b67-8bad-44d4-bb62-d37ecb91f432,Sociology,8bd674c22c8609f5f8ac3ae3f854f2304d0000acfd2de64a0eeb6da8e425bfa0,1933
20fc2b67-8bad-44d4-bb62-d37ecb91f432,Sociology,17ef296346c53b8e0a42a29abd1be3485901df70f2d334d4d0c069af34156ee4,1967
20e22b67-8bad-44d4-bb62-d37ecb91f432,Sociology,2288af01f0d26b46671a3504f5150df71ed55eddcd1edfe3ad3dd983a57ddfb5,2029
20e32b67-8bad-44d4-bb62-d37ecb91f432,Sociology,fd65df5facd5bf5d2d724cb86d2f99bb32e1507a4f04bd48c157a73639cb0e47,2152
20f22b67-8bad-44d4-bb62-d37ecb91f432,Sociology,673760b2bbe75a4a62ad353b3fef626037a82834244d33e845293654dc9204f8,2165
20d22b67-8bad-44d4-bb62-d37ecb91f432,Sociology,7434cc43a9dc900d9b31c2ce99f6f5d7384f5c838b46b101464ae3520f4ef7fb,2245
20c72b67-8bad-44d4-bb62-d37ecb91f432,Sociology,4ffe1ba73b16cbd48d6540088ea216b77d3cdaf62fcddc105dc3f47b5f3feb1e,2298
20fb2b67-8bad-44d4-bb62-d37ecb91f432,Sociology,06a8b043020811cc8b1bf2f3d9dbb412aa2c72aedf61a7f0ae7a0913a986e260,2299
20f32b67-8bad-44d4-bb62-d37ecb91f432,Sociology,32d668b45604d94d3a25880066b5e49c1b4c0ad36254ac7047068a41d61a0dfc,2362
21022b67-8bad-44d4-bb62-d37ecb91f432,Sociology,459c7391d81cf3b12237c6228310f68b64362b595a388a8cafe25055224afb82,2385
20c02b67-8bad-44d4-bb62-d37ecb91f432,Sociology,d102b44401e6e8b9b38a635ead0b49d2c64132414192a1a633a26827e1304bd8,2421
20e02b67-8bad-44d4-bb62-d37ecb91f432,Sociology,5276a7ab77a3297b8e29186fabdd62317589b9d8e2d6e3e6975401ef30c5cb72,2591
20e42b67-8bad-44d4-bb62-d37ecb91f432,Sociology,c9cd0585ee84cd6c95e2b7b94970f6450c0d048df957d8d3981e1679ca34f2b5,2727
20cf2b67-8bad-44d4-bb62-d37ecb91f432,Sociology,af8aabbeb1ee00ca4f02a2ff441eb6119a56d518c00ab20c2a68ba0ea9ad0492,2926
20df2b67-8bad-44d4-bb62-d37ecb91f432,Sociology,25750d95e66ad49c15f90520ac232f743428d2dedf5375e39166bae2c3f59d6c,2951
20bd2b67-8bad-44d4-bb62-d37ecb91f432,Sociology,3e2a76c8e1e472977a05d1968370ffd6662f072d8a0b0d748e909ce7ff5ffc81,3001
211e2b67-8bad-44d4-bb62-d37ecb91f432,Sociology,d76b825d06cab7df7251f7f7e763ff5974ec2ab9a40a08789fdbf2b1adf971c3,3002
20cd2b67-8bad-44d4-bb62-d37ecb91f432,Sociology,bd9e38b58f9f989d68a4088755ef13920977b254256066fccaa02207ede154d2,3135
211d2b67-8bad-44d4-bb62-d37ecb91f432,Sociology,981e2f6dea57bebbb6af24a6e83f728d11d21b821ba37ddaad6578168ad03525,3144
20e82b67-8bad-44d4-bb62-d37ecb91f432,Sociology,42d1de24c76c47784a1c8008515c86e2133282290e0972dbbbbff8eac2c2412f,3150
20f42b67-8bad-44d4-bb62-d37ecb91f432,Sociology,0fa9736232a87386b1e672260c24d97c593fcd56593b15bd051ba5ca7c3d0cfd,3180
20dc2b67-8bad-44d4-bb62-d37ecb91f432,Sociology,2e81563b1b442b36636f72e483204487db237f422458c4214f9aa211990f3547,3255
20c12b67-8bad-44d4-bb62-d37ecb91f432,Sociology,fca99f11f1da9710b51e5f9eae1fbd86ffe4d21f4603b425d946bae146d8a52e,3278
20cc2b67-8bad-44d4-bb62-d37ecb91f432,Sociology,91a28b98ebd90c1373eeaf9633007ff81efc559cb94f115b65fd4caa28b15efa,3402
211a2b67-8bad-44d4-bb62-d37ecb91f432,Sociology,2f7541713fc4b275c8ce004aa3950a329b001742312d972d901349ebae2ab9aa,3559
21032b67-8bad-44d4-bb62-d37ecb91f432,Sociology,06eca57e8054235cda946ff451fb9a6287cb3ad68a8fb5ad5a2f829531ee1292,3594
20d52b67-8bad-44d4-bb62-d37ecb91f432,Sociology,1ec6666f37682a34fcb8b955baaf0f0663c7b63081a6ac1fae35b9cc0325a990,3792
21012b67-8bad-44d4-bb62-d37ecb91f432,Sociology,667d01329735ce874e7bec05507d6386cf5bfe9586387fd883fd8aea95b2c79d,3811
20ea2b67-8bad-44d4-bb62-d37ecb91f432,Sociology,08744081e180d3e46101d6eb31caba63eef8b51762497de933506bb90f12e5f2,3921
21042b67-8bad-44d4-bb62-d37ecb91f432,Sociology,3517fc35d10c1e1d43a8bbd145f91911c5f19adee5b883f9316002d172454f31,3981
20bf2b67-8bad-44d4-bb62-d37ecb91f432,Sociology,9850808362ea51b57c712310962982eb56d21ee954e1ca02ef9723d45b4de752,4109
20db2b67-8bad-44d4-bb62-d37ecb91f432,Sociology,8fb6edbf64c89c78449606da8f6a4f2cb4649b03309b781b867c9eab23734c67,4236
20f72b67-8bad-44d4-bb62-d37ecb91f432,Sociology,1a573a6e820aa5a1faeddc4479dd83de877fdf231a7161edd0921c25614e6e1f,4357
20bc2b67-8bad-44d4-bb62-d37ecb91f432,Sociology,9dd3967d48b8fa5657c1e450b3960d5e9b1fcc74f70a19e18353cdf4724bd264,4410
20d02b67-8bad-44d4-bb62-d37ecb91f432,Sociology,9c6259be3a1f7d349ff54e4ccd93092b634ed70469e395d7a14449f5a0f5691e,4628
20f92b67-8bad-44d4-bb62-d37ecb91f432,Sociology,36b7ff1850161db9f45da4e5d9d24ffae23bbea51be1638a5573f450f4e6b606,4720
21002b67-8bad-44d4-bb62-d37ecb91f432,Sociology,b55e7e4d50da69ed9cafe173b983b065fdddfe1427534ea58bfd904e2a991ca4,4781
20d72b67-8bad-44d4-bb62-d37ecb91f432,Sociology,767e004cb7667db3ea089553335f02db93e55f50adba033a294a11b12b30d858,4843
20c82b67-8bad-44d4-bb62-d37ecb91f432,Sociology,c8306c1b8fe9392693e6f2abb26a400c19f725782a9c19155fb31f5189ab6a83,4868
20d12b67-8bad-44d4-bb62-d37ecb91f432,Sociology,91688dd99fc4c04c013cb4cd86d7b7e4d62fcf2230e69fe08d038e4ce6c768e0,5274
20e72b67-8bad-44d4-bb62-d37ecb91f432,Sociology,330d72cc43f72dae56102653f80b1c4b9134a012ec232d0f67c62130dd1eb1c3,5275
20f02b67-8bad-44d4-bb62-d37ecb91f432,Sociology,49b1d0fb0db531ad61fc10cd75bfe4cc0ceb467ce000f014d131ca91485c95a5,5299
20ed2b67-8bad-44d4-bb62-d37ecb91f432,Sociology,e678e0f56b26d48a74c26026807d4811e32b7ae9da939457f582a0788feb8d02,5409
211c2b67-8bad-44d4-bb62-d37ecb91f432,Sociology,f3e967e8e3381525d3191d22cf0591efcf2777650eb8bd3f70ce0f5820bd7e86,5611
20f12b67-8bad-44d4-bb62-d37ecb91f432,Sociology,2c5f78a03db894a1c5994fc61c7d0417a3164a7116ffde7eea205ef174d3f033,5635
20e62b67-8bad-44d4-bb62-d37ecb91f432,Sociology,d0ec1b671a7d8665428a807241ad4f60304ffccaaaa205dc8b3b0a193efecd42,5702
20d42b67-8bad-44d4-bb62-d37ecb91f432,Sociology,23034c9499b7f54054d894271a8d02927d864629947aa8fcf256383e1e0a1af9,5730
20d32b67-8bad-44d4-bb62-d37ecb91f432,Sociology,6c31fbb2d1a3ed578eb3cad2a8ad5ad876d80e239b63ac980db4844f6dadef13,6217
20c92b67-8bad-44d4-bb62-d37ecb91f432,Sociology,81a8793e67d037c672300fb8d1c4e456e222ec23b2b4f412e28292534706e9c1,6450
20fa2b67-8bad-44d4-bb62-d37ecb91f432,Sociology,a38b42e972a5bf56a1fa7be957b359c6013d08f39d847e8e055b92d470aeefda,6462
20c42b67-8bad-44d4-bb62-d37ecb91f432,Sociology,bb694bf7ab6a896d2502f8be546c569e8723e4985d5742455368767d408bbb5a,6733
20dd2b67-8bad-44d4-bb62-d37ecb91f432,Sociology,fa3bf416f6390f5b1160660ba7ec8476125ee7ca47b61308b672fa6aac7e4b5c,6783
20fd2b67-8bad-44d4-bb62-d37ecb91f432,Sociology,4f40181df33fc34f65fd07a2a7664a631fa3264a44d8634c81eaac04d9d6eed8,6949
20f62b67-8bad-44d4-bb62-d37ecb91f432,Sociology,a11f672ff6c1620cd7b1e9723c8bafa30bf1ce6e8887627cc06a8f3931beef70,6957
16ec2b67-8bad-44d4-bb62-d37ecb91f432,Standards for Speaking and Listening,5b6ab40e90dbb62f51157d7b040b2c63184e1d08e064fd2ea70c27fb58b91e0d,11
17dc2b67-8bad-44d4-bb62-d37ecb91f432,Standards for Speaking and Listening,c4c8b9f290de3a22fe4349692c9b034c4f1d11f2999c6978ac053b41d2425c25,83
17cb2b67-8bad-44d4-bb62-d37ecb91f432,Standards for Speaking and Listening,6b7d0fec09b11ebab226d008e479823e821215a95ed81a62100a05985c16b70d,366
16f62b67-8bad-44d4-bb62-d37ecb91f432,Standards for Speaking and Listening,532b251e96decf06d2ec15b7ec3a92478b4ad1ecf328c78041da4ad03d9dd72f,386
16fc2b67-8bad-44d4-bb62-d37ecb91f432,Standards for Speaking and Listening,df1d65b0814aa5953b329aa3faca2957b27ab7d20a2405ae163ce2611469a05d,395
188e2b67-8bad-44d4-bb62-d37ecb91f432,Standards for Speaking and Listening,9b808182e647904b7b0bdbe24698280814a461132123cdc11ef0e5f2a26783e4,476
16f32b67-8bad-44d4-bb62-d37ecb91f432,Standards for Speaking and Listening,b9056c991505c60af1842159cf196210e025617858a6955cde76407f6b5dfb83,644
16dd2b67-8bad-44d4-bb62-d37ecb91f432,Standards for Speaking and Listening,838b30315681d73354fc8000ad497a36cceacc34c76a01f9d63123a43106c084,870
16ff2b67-8bad-44d4-bb62-d37ecb91f432,Standards for Speaking and Listening,ac3833f2430639a73b686edb6362edb047b6c945cfbb7e3eda90653450371f42,959
17e32b67-8bad-44d4-bb62-d37ecb91f432,Standards for Speaking and Listening,b54128c00284c4d082dff72c54883d6b11baf8d80b6b8267dffa747c4026ac01,1003
17db2b67-8bad-44d4-bb62-d37ecb91f432,Standards for Speaking and Listening,dafe4b9a7f737b07ac1b8b4f340aff82f62ba9e335efc0a65b3ca8c359217190,1395
17e42b67-8bad-44d4-bb62-d37ecb91f432,Standards for Speaking and Listening,9bce716fc083a930959efa3d4b1b8459035c0f3e76cb7a90f403009190d38506,1396
17d32b67-8bad-44d4-bb62-d37ecb91f432,Standards for Speaking and Listening,1ff3e3af2245408890979a58442454dd0cbc3adda4886d4ce5c0399c5195a955,1576
16fa2b67-8bad-44d4-bb62-d37ecb91f432,Standards for Speaking and Listening,e550ddcd8db064d7e726b1c07649922d6df41d225ce6afed38cff054746debd9,1773
16e52b67-8bad-44d4-bb62-d37ecb91f432,Standards for Speaking and Listening,e22185c766e4718cd5a00d41a97dd310250f5cc1b4cae843ac71318a39b9815b,1841
17d72b67-8bad-44d4-bb62-d37ecb91f432,Standards for Speaking and Listening,ccd503edbe4943c2fd436c356ef810878a651c9ee1fd58155e62be96f8c7ad32,1842
17d82b67-8bad-44d4-bb62-d37ecb91f432,Standards for Speaking and Listening,d9d9197c5569855d6e0456365db7b570cbae5b7c5a0e4979466291e1484c95f7,1843
16e32b67-8bad-44d4-bb62-d37ecb91f432,Standards for Speaking and Listening,137d3eb40dc9bbcc34bb6751466215f60d5ce2c31ef217a14d5e0266be0b051f,1921
17e62b67-8bad-44d4-bb62-d37ecb91f432,Standards for Speaking and Listening,4c718a636929091d8d6a52c844fd7383483f282bd15db43d751ec6b78b1a37a4,2087
188a2b67-8bad-44d4-bb62-d37ecb91f432,Standards for Speaking and Listening,f7698c2991a1fb0e897ec555ed80b78a4ff4d5e38d84dbe6c02d0cd9c0bb17a7,2151
17cc2b67-8bad-44d4-bb62-d37ecb91f432,Standards for Speaking and Listening,61372494a9c5882b7b53f16bcefc21c9c9dc3f39e2350fe9c78ffa48e7a2b23d,2179
17d12b67-8bad-44d4-bb62-d37ecb91f432,Standards for Speaking and Listening,7e165055afcd6a55dc114e8c3e7551bdfcdfff50819b2c0ee72f807dc441d3d1,2192
16f52b67-8bad-44d4-bb62-d37ecb91f432,Standards for Speaking and Listening,739eb0fa1108e688aa7732bd7eb3bced710b906caa54c31c91413eba74be3b40,2229
16e72b67-8bad-44d4-bb62-d37ecb91f432,Standards for Speaking and Listening,70abd4981d8102fd98c3cc2e28a566fa5cca972723b495b566d83feb591d66a6,2273
17dd2b67-8bad-44d4-bb62-d37ecb91f432,Standards for Speaking and Listening,b7ba2fc0d270d513fb238b1db5ff7d7fa612736273b84d94b80b4c8542ddde4b,2274
17de2b67-8bad-44d4-bb62-d37ecb91f432,Standards for Speaking and Listening,195d9656ab74bb14e876cc8126afbd10fdbdb6690202d209aeae2424d646a145,2304
188d2b67-8bad-44d4-bb62-d37ecb91f432,Standards for Speaking and Listening,ca1ee5dfd079989e7c08d637db13214d63001f3992052589a771d6f92794f4b9,2319
16dc2b67-8bad-44d4-bb62-d37ecb91f432,Standards for Speaking and Listening,328ceb17203466de7274f5ca0662de2af2a94ec721e794132f6c12de9854c265,2354
17ce2b67-8bad-44d4-bb62-d37ecb91f432,Standards for Speaking and Listening,662841c89300e4f07c190755a1fd4c08541ece58f9688cb9ea709fbf1bbb3f33,2410
17d42b67-8bad-44d4-bb62-d37ecb91f432,Standards for Speaking and Listening,f370321d9086a1c65fa8c373f9e81a3f4b9d1652b52d7dd58d0a545ee612cd3c,2511
16f22b67-8bad-44d4-bb62-d37ecb91f432,Standards for Speaking and Listening,baaf54332dcb68472c499680912eba845ef37126c19e11a618de670db3d72eb8,2700
16ee2b67-8bad-44d4-bb62-d37ecb91f432,Standards for Speaking and Listening,1ff63579cfd03cf5fb2f6026f2b2adfb0ee447b1a578bd6a53e66d7ac8aaad8c,2925
17cf2b67-8bad-44d4-bb62-d37ecb91f432,Standards for Speaking and Listening,411bbea1f823307046872324777b9c2669da4dad49bc40a0b10627e7faa507db,3205
16e22b67-8bad-44d4-bb62-d37ecb91f432,Standards for Speaking and Listening,ecd55e4239d5eb7fa0c150aa4290c0a8891daac1100ebf66d140e255d80625c4,3348
17cd2b67-8bad-44d4-bb62-d37ecb91f432,Standards for Speaking and Listening,a660c83944052b594225e91956dd481af6266332d2411b024f7f0934bf2d251f,3376
17df2b67-8bad-44d4-bb62-d37ecb91f432,Standards for Speaking and Listening,aecf7f13a6bed0bf294c9b8c1728ff5b94a912dac13e3847823c94afd67cee18,3399
16e12b67-8bad-44d4-bb62-d37ecb91f432,Standards for Speaking and Listening,f5a88c1ffbec99dd44cb8aabbbfb42efa6ed58e1b0cdd1cac1c3a6ca48ad5639,3422
16f72b67-8bad-44d4-bb62-d37ecb91f432,Standards for Speaking and Listening,cfe6fa56b3d5978c6854b24c929faf332a34f4f5e4163e726142a52bd4b6b6f1,3525
17d22b67-8bad-44d4-bb62-d37ecb91f432,Standards for Speaking and Listening,548dd781f380857e48d2b9a2f86eed84c5b64744926bc5e41049759db1548c05,3603
16f02b67-8bad-44d4-bb62-d37ecb91f432,Standards for Speaking and Listening,1eeff87959c9443b0720e9959773945ab08674b32fac9557d9a5269d25ab6bb2,3640
16eb2b67-8bad-44d4-bb62-d37ecb91f432,Standards for Speaking and Listening,78066ea13627ddfa646dcbcb2fa873edab3a1845a37fd728a9c3414d19f8d233,3855
17da2b67-8bad-44d4-bb62-d37ecb91f432,Standards for Speaking and Listening,74d43eb104eb52ffe889141b0680ac52fcf50c3d67d595def0ec91e2418224d3,4003
17d92b67-8bad-44d4-bb62-d37ecb91f432,Standards for Speaking and Listening,421fc74b52a20fe32e6d5165bd83f3352e64596040257340f300cebbd9db4d5c,4016
188f2b67-8bad-44d4-bb62-d37ecb91f432,Standards for Speaking and Listening,cdb8f4bdf8168071a9b4daa18e2eda2cfa1b4126388559239bc167ca19117c2b,4026
188b2b67-8bad-44d4-bb62-d37ecb91f432,Standards for Speaking and Listening,994c8f5a31086d4bb2a83c542b5ea4f9551d0c6157e7f18f6aa4d53f4871d2aa,4070
16fb2b67-8bad-44d4-bb62-d37ecb91f432,Standards for Speaking and Listening,9e76afe169869bbee6fac392c5660085a1778c575094a0ec59933b92257ec6bd,4117
17d62b67-8bad-44d4-bb62-d37ecb91f432,Standards for Speaking and Listening,2a5f5a20caf7c0e73f393e375c9e784946f3b269df058ca82609975917569d7a,4233
16ef2b67-8bad-44d4-bb62-d37ecb91f432,Standards for Speaking and Listening,eaca4456578f499b3ed8a0f2bfe4d8fae0ced00502fd5b5f5a56adc3c9ee30f4,4245
16f12b67-8bad-44d4-bb62-d37ecb91f432,Standards for Speaking and Listening,4874ed096722a9dfd682fb1010c9510edf8b432cc68d735f85e2ff13b0bcc4b7,4406
17ca2b67-8bad-44d4-bb62-d37ecb91f432,Standards for Speaking and Listening,68282f6fdf1712b7c5c25b1060ef34058aff9b423de85021dee272bfafdb7e74,4509
17e22b67-8bad-44d4-bb62-d37ecb91f432,Standards for Speaking and Listening,351469408f4b808ca145134cfc94b4c241b286fb1da8649dd5ef5e8178f73526,4701
16e92b67-8bad-44d4-bb62-d37ecb91f432,Standards for Speaking and Listening,800f0ec5ae23c3f47927aa223d753a02e11d2ea4663b83c24b92ea54a4c9f2e0,4751
16fd2b67-8bad-44d4-bb62-d37ecb91f432,Standards for Speaking and Listening,507f0442786f123207a1c272840e2db115e8bf05863a7bda2b188445e330adae,4987
16df2b67-8bad-44d4-bb62-d37ecb91f432,Standards for Speaking and Listening,838ae2b7046791a270390cede74fc18c93a04aad71a91e6ecdafdcc3bcde6afd,5250
17e52b67-8bad-44d4-bb62-d37ecb91f432,Standards for Speaking and Listening,1b21a8a4d5b424a625865a66ad038e2dc1f60d1b849e1be988e5cda076c351f3,5325
17d02b67-8bad-44d4-bb62-d37ecb91f432,Standards for Speaking and Listening,de881ba0e671578e3a9c9153aef100aa25ee384732041826535584425e577f26,5376
17e02b67-8bad-44d4-bb62-d37ecb91f432,Standards for Speaking and Listening,98f703e6b32d9a4da500fa6e45a34b624be451046fb5a57a8dbc04cf90291006,5406
17e12b67-8bad-44d4-bb62-d37ecb91f432,Standards for Speaking and Listening,9fa256063ebfe21413644c4d4e89987f3f6ebe1de7552905f73955a3c3975e6f,5448
16e82b67-8bad-44d4-bb62-d37ecb91f432,Standards for Speaking and Listening,0c3b59816dff934fcb6defb778baaf6555c1ad2033629afd01d2e65005ab4807,5462
16e62b67-8bad-44d4-bb62-d37ecb91f432,Standards for Speaking and Listening,b1672f9dc2c0fef4baaad90e0233ef44218160e29ba1aa463ae076abe3ee6292,5514
16e42b67-8bad-44d4-bb62-d37ecb91f432,Standards for Speaking and Listening,ea3ac544e05569673a12e66d53997d16f76adc06ae39aa94c284d250eb588f16,5527
16de2b67-8bad-44d4-bb62-d37ecb91f432,Standards for Speaking and Listening,ad6a420a7543b790ce21bb9f33101a00cd5f3e9206743b4bf8b59fa2fe4c44a8,5590
16f92b67-8bad-44d4-bb62-d37ecb91f432,Standards for Speaking and Listening,c632e99e55d998627a18ed86e60649b5addc644ea29647f0269d79f23496f937,5625
188c2b67-8bad-44d4-bb62-d37ecb91f432,Standards for Speaking and Listening,69c2c99cf41aa13af87d6ad067361696a6bb5188c47624fc0bda0041d8f671c0,5725
16e02b67-8bad-44d4-bb62-d37ecb91f432,Standards for Speaking and Listening,6bc846c7fdb0ae08991a7a38b7e1e1590e5b3634be0b92da95ffbf2345f44772,6124
17e72b67-8bad-44d4-bb62-d37ecb91f432,Standards for Speaking and Listening,c6dce3be77fa1b16c8bd287cd7a9c0600c3bda3afe12e2bbd8bfde9cfd9cf975,6162
16ea2b67-8bad-44d4-bb62-d37ecb91f432,Standards for Speaking and Listening,c4aaed32a6760810e965ac37493c87bb926e74613fb8a37e29df4bb107e98725,6526
16fe2b67-8bad-44d4-bb62-d37ecb91f432,Standards for Speaking and Listening,446521b226c35ec81fdf97bcb19d78e3011be88e2a0c2113f09c0cf80f62607d,6527
16ed2b67-8bad-44d4-bb62-d37ecb91f432,Standards for Speaking and Listening,573096a75b8beb914bc41fd3184b290878a3c5ef1079cd1ac3a726c2b8c1736e,6676
17d52b67-8bad-44d4-bb62-d37ecb91f432,Standards for Speaking and Listening,60665fb84d0d9c78e9cfa04ca897358f635d24b59a47ec0e4f62e52b05ce2b46,6789
16f42b67-8bad-44d4-bb62-d37ecb91f432,Standards for Speaking and Listening,58fa4711bcf5f90df4f21174f3edb3d49d878cc15acfab5930e5960fe45f734b,6851
16f82b67-8bad-44d4-bb62-d37ecb91f432,Standards for Speaking and Listening,d3665213f4671273971dafff0392b14616c1914d784961e3abb0fefecf3ab499,6943
17f12b67-8bad-44d4-bb62-d37ecb91f432,Language Standards,0aae05aa41e7d817035f9e3d549caacde4a08ec84721fb2e321c522b675e8204,32
17372b67-8bad-44d4-bb62-d37ecb91f432,Language Standards,c5a563c9b51d217a344f0fd86fd774341da62e634ca406553100f4f0408abdef,96
18052b67-8bad-44d4-bb62-d37ecb91f432,Language Standards,96d0f010a1df3b0fc8b4576597b342365dbee1b0dc5b613fa681beba74343076,281
17f62b67-8bad-44d4-bb62-d37ecb91f432,Language Standards,68b2acac490c6e598df93e015b67d6cf6f42a5da776ba3affdd1f8eae1cea3dd,303
17092b67-8bad-44d4-bb62-d37ecb91f432,Language Standards,c74fb3a4c398157bd8730dc9f7250e4d9bb8b1769f978af951e69ad9f082cb5f,365
17312b67-8bad-44d4-bb62-d37ecb91f432,Language Standards,68d7c49d4145cab850152f8146a937a8114e57ec1923df384b39e6ae161acf3a,373
17fa2b67-8bad-44d4-bb62-d37ecb91f432,Language Standards,45413301bef60becfc1ae1b115f49b0b3507578422647807660884d84efd03c2,396
17fd2b67-8bad-44d4-bb62-d37ecb91f432,Language Standards,526a063e1748520e96cdb3eb2913304a14d3122c65b301e2e6451ab84027b1a7,574
17202b67-8bad-44d4-bb62-d37ecb91f432,Language Standards,02e5a417e68413edfee03f0b59965b317ffb8c323e6275babf065da8b8e27618,663
17f02b67-8bad-44d4-bb62-d37ecb91f432,Language Standards,c281c2a5a589c9db5f75d8876acd9ab194c837b1ca9a1f98b0563bacf7cbe3ec,828
18942b67-8bad-44d4-bb62-d37ecb91f432,Language Standards,7924a8527a00200e7c03fb8bee82d1f8dfa53466029a739d5ba22148c79bc898,1064
17ee2b67-8bad-44d4-bb62-d37ecb91f432,Language Standards,d47709959f397936ba94d898d1d2452358555c1385190ac766cf65813b5d398f,1075
18002b67-8bad-44d4-bb62-d37ecb91f432,Language Standards,43cc9d93a36fcae7e649c97fb463b4786d46f4815bf81c3aaa49c39d68b002d1,1140
17032b67-8bad-44d4-bb62-d37ecb91f432,Language Standards,2369729af02610205d36522c1725fbbe1c4c5372327b479bce5d8a607c1065c3,1416
17282b67-8bad-44d4-bb62-d37ecb91f432,Language Standards,835997c446d5bab580aab30f62dd0c5d169f035a070deb2cd2d1f661b8fe9982,1448
17242b67-8bad-44d4-bb62-d37ecb91f432,Language Standards,7efc656daef2c7ce9fe6fb557c431ceb3b5a8ec3061398c8bd5e5b9425000a71,1507
17f92b67-8bad-44d4-bb62-d37ecb91f432,Language Standards,f1aedcaa760d1ee186bb6a4fb2386ed6b0299ab1ef17e9d90bcfbc8060a6694a,1552
17002b67-8bad-44d4-bb62-d37ecb91f432,Language Standards,65ff97769ad51d99472cc78fb912e10e5a9cf5509ed5a4d318fd70adf05adf01,1599
17012b67-8bad-44d4-bb62-d37ecb91f432,Language Standards,e53753a443fef978ce25ec41de5a74783a98dec511cc07e2c6d1363ea750e79c,1600
17302b67-8bad-44d4-bb62-d37ecb91f432,Language Standards,2b3e143dcf640c0deecc879a6461054905c4564c6a9e21783f54bcec34e60f27,1701
17272b67-8bad-44d4-bb62-d37ecb91f432,Language Standards,fe223b1ca4450ac9bfa762b7a1d9aac31ad65732459e34f4181d902c88f15269,2074
17f82b67-8bad-44d4-bb62-d37ecb91f432,Language Standards,762a4487959aa32878c8c38aec344e92fa1e064f85fff5346f326df90cd8043a,2088
172b2b67-8bad-44d4-bb62-d37ecb91f432,Language Standards,a8024b122fb86bb2ade635b2c94dc38c51966ad068964e156eb17e2aac9a4ef8,2139
17262b67-8bad-44d4-bb62-d37ecb91f432,Language Standards,6e6f40760cb0484e910506d2c2c0b99964222aba1f46ab06b0df79fb7ee28107,2219
17fb2b67-8bad-44d4-bb62-d37ecb91f432,Language Standards,2fe39d534bbb03950bae9b280d2a46aea1f5a8d63dd3d58612e94be235317412,2346
17ef2b67-8bad-44d4-bb62-d37ecb91f432,Language Standards,0e05b20daca0e86880d046d0bee9ac54bfd9db605ac08ea414f795b27631b5ff,2390
17ed2b67-8bad-44d4-bb62-d37ecb91f432,Language Standards,05c6e1b7a08ded95325839fb059a8555e5282f17c0a2154bd10e1dea19bd1aa5,2420
17ea2b67-8bad-44d4-bb62-d37ecb91f432,Language Standards,8fb55d97ce9f56048503a3d9ee809325c74abfa7de4d41f23bf6893a289f1ded,2480
17072b67-8bad-44d4-bb62-d37ecb91f432,Language Standards,c27842dccd9ab0ea38319957aee514776ef1cb469b85dcd9bb89c34b72b69a9b,2525
18922b67-8bad-44d4-bb62-d37ecb91f432,Language Standards,545aa3f667e17e10c5a6a9d17a3dbceeadb24089da168be7de8d4f2ef393ac18,2879
18932b67-8bad-44d4-bb62-d37ecb91f432,Language Standards,32eb72fad228d404107618578e32606a00c6d36117a440f3f6a8fbbda60ee29a,3039
17362b67-8bad-44d4-bb62-d37ecb91f432,Language Standards,6b77caa50304182394136d2374f2e268e8b641c162ed8bdb54adfd800381bea6,3158
172d2b67-8bad-44d4-bb62-d37ecb91f432,Language Standards,9651a27771cdf2a46596149a44ee5d35cfeefa3aebdb451b6b75c524a453ddf2,3204
17e82b67-8bad-44d4-bb62-d37ecb91f432,Language Standards,0838912c18cb1c83d4acd3252a400daf89badd39050c5cb307119e93f1303b65,3423
17022b67-8bad-44d4-bb62-d37ecb91f432,Language Standards,99b14c1010c4e8840ef3ab594ccad18d75f8e01f61de673a35e9964e3d7ea715,3510
17332b67-8bad-44d4-bb62-d37ecb91f432,Language Standards,433c7f1d9f84bfad6d49707c7fc2a42e8b0f22130da5d65e38ef2996f61838f5,3670
17252b67-8bad-44d4-bb62-d37ecb91f432,Language Standards,3b1db46fbf4e34af2a50f4dbd6a39ca3b6169c69e0238f24245af322ff9d348c,3695
17232b67-8bad-44d4-bb62-d37ecb91f432,Language Standards,71e08b3e0b4f1b5ddfbed0b25036afa05c82e2212bf7c1bc4b1c090d4a78b164,3702
17f42b67-8bad-44d4-bb62-d37ecb91f432,Language Standards,795e431ebaff1a8e4a9ab90f442afde9c87e18d9bb8788f7aaaf0da9b5677678,3720
18022b67-8bad-44d4-bb62-d37ecb91f432,Language Standards,3d998963cd1ba92d8bd0996beefe435edfda44a392ac3b9385ae57191e5479dd,3743
17222b67-8bad-44d4-bb62-d37ecb91f432,Language Standards,729a29a8c907064a4bae96add8b243556a8fc22476662f05c43efc3dab5caa32,3865
17ff2b67-8bad-44d4-bb62-d37ecb91f432,Language Standards,c4c4cd6d35645ac50bf419c9f1b249e420d6cef29c419a4123ea3308c237ff82,3952
17eb2b67-8bad-44d4-bb62-d37ecb91f432,Language Standards,ce5fdff64bfbcc4149e5ffff83b9f1ef252ee1c66f34dcbc7a707cff65b0187e,3999
17f72b67-8bad-44d4-bb62-d37ecb91f432,Language Standards,163b876000e860bbb4d00e79231b054d00e15c89a55dcf485711626c5b4164c2,4004
17322b67-8bad-44d4-bb62-d37ecb91f432,Language Standards,991848cae9e429f10d6b5eff596157e865c539100edd2cef897effced2e9dcac,4062
172c2b67-8bad-44d4-bb62-d37ecb91f432,Language Standards,a6da723c3420ffd36fbb8c81ea105d764cf6d8341ee9b8ff2f95a926f1b47d55,4123
17352b67-8bad-44d4-bb62-d37ecb91f432,Language Standards,917cbaa1b2c0d42bcb1ebefaf64874747ff00a41cab182d6f804beda5bda49a0,4520
17062b67-8bad-44d4-bb62-d37ecb91f432,Language Standards,6460927102484c7995d42dacf2dfc07b995c025593eeb88dd17795a29a99d1f1,4571
17ec2b67-8bad-44d4-bb62-d37ecb91f432,Language Standards,defdb022e42fd8c6d647b2e239deea144c66e364f047f26a2c92c76c9347d660,4625
17fc2b67-8bad-44d4-bb62-d37ecb91f432,Language Standards,3e6c96ec23cd0db4bc25775bb55f13f0ea12d7c60b6e3ceec015da123a4ba471,4776
18902b67-8bad-44d4-bb62-d37ecb91f432,Language Standards,90343876bc949abfce43218fa991cc9b2e0388e8aeb30233a8b5e0217e20c2f5,4787
17f22b67-8bad-44d4-bb62-d37ecb91f432,Language Standards,d8b318cc6a5da6bb3c7905661035016f9c778d7cb641f322dd50740dbeccb345,4907
172f2b67-8bad-44d4-bb62-d37ecb91f432,Language Standards,36dffa9b7e18379a06fadeca237f07342199b8ed254de3ca3ca25db777abf92d,4938
18912b67-8bad-44d4-bb62-d37ecb91f432,Language Standards,e66d6086773ee6e1db210992bff9510397132ec1dd97b014c73760566d78a70f,4948
172e2b67-8bad-44d4-bb62-d37ecb91f432,Language Standards,f762c3d1125eec7076881a6711bd24b915451a6cb104448361982374e738b08f,4958
17042b67-8bad-44d4-bb62-d37ecb91f432,Language Standards,ddb810d165ad785fe9875e60681ea3020ef62118929f99a5359d41e67f518b86,5102
17f32b67-8bad-44d4-bb62-d37ecb91f432,Language Standards,6dc42cba19b9b527b09bb3d0bce0ce590437620bcb94f50c0b2ef6016834d4b5,5287
17fe2b67-8bad-44d4-bb62-d37ecb91f432,Language Standards,bacd56e49736ead5a725edaa9b1d73bfd015423b6106c50222d4d36a414e060a,5435
17e92b67-8bad-44d4-bb62-d37ecb91f432,Language Standards,538e2a74ef7a3702dc729505d6f4f3bda299eed0422d0917fd60884d8545e876,5449
17212b67-8bad-44d4-bb62-d37ecb91f432,Language Standards,5e583b91cb77de43810c0c3a4f6209b8db7693aab37098a258f5bc4b2c43d888,5875
18032b67-8bad-44d4-bb62-d37ecb91f432,Language Standards,cc9157f79f01d380cdcff6615f616ba287c8fe16476af5b825abb983b3b320c5,5916
17342b67-8bad-44d4-bb62-d37ecb91f432,Language Standards,91a5fbf32dbfdc5b827dc9f9670b58785b430fe98c2aff92e7b3c27f623cee99,5927
18952b67-8bad-44d4-bb62-d37ecb91f432,Language Standards,b9dc8646f4add38d11e98ff1e9cd8bf7d829be10aed428f78ff6367f438b9a5d,5928
18012b67-8bad-44d4-bb62-d37ecb91f432,Language Standards,3ef249b45805cee54ecc754c37f781bc9e83f066d7d1309e17141b5755ff82bf,6163
17f52b67-8bad-44d4-bb62-d37ecb91f432,Language Standards,dee87329843cd579c8e20d27dd74dcee5c02e0ad10ced9708b0b52d1799c04a4,6279
17082b67-8bad-44d4-bb62-d37ecb91f432,Language Standards,bd1d654b23f4e65568a0f0318c94a76c44659989e8870e9743260f1e24bd394b,6528
17052b67-8bad-44d4-bb62-d37ecb91f432,Language Standards,73a4d76a337ada91fe0c9bf5bb8321a2e7b2741d35beee39a00f7c006896fab8,6570
172a2b67-8bad-44d4-bb62-d37ecb91f432,Language Standards,7584ced7a580beeecf64bcf5841a8bad889bba72d1a74f528f977196e1f88179,6642
18042b67-8bad-44d4-bb62-d37ecb91f432,Language Standards,b5aa1ca458d7e741adb3d57578a2d91f59c0336301bf94e24ffb8c71994fe64f,6819
17292b67-8bad-44d4-bb62-d37ecb91f432,Language Standards,eeff140d3c951dc66a1ee13a59861b64f09ec62ed462a62782d1140ec27b8d07,6899
1fe42b67-8bad-44d4-bb62-d37ecb91f432,Responsible Behaviors and Values,6b91119ef511d47a785b14bcd8d561f94066e33e0d8e8e0b4e7d2d03ec3e6f8a,51
1fda2b67-8bad-44d4-bb62-d37ecb91f432,Responsible Behaviors and Values,8129bc607a3c53751eb27986c08598db1c07c0990dc5fdbf966ab6eb211a169a,65
1ef22b67-8bad-44d4-bb62-d37ecb91f432,Responsible Behaviors and Values,d749db64201d23b3d4a8a8bb0cbdb1d3996df0d239a658a1f58beaebc0a0b930,153
1fce2b67-8bad-44d4-bb62-d37ecb91f432,Responsible Behaviors and Values,9d11151da4f11fd85690ddbc2055dfe3878c2387167f2837be41b50568729f26,389
1fe12b67-8bad-44d4-bb62-d37ecb91f432,Responsible Behaviors and Values,d10b5df314d3f58efe72e2e6a8950ebb7edfc5a2dfb1c3b7c11ac6cbce087462,528
1eef2b67-8bad-44d4-bb62-d37ecb91f432,Responsible Behaviors and Values,7369131a8ed6e4c125a923b69b76066ad000215f4e4df68fddd6e98c03c7a49d,622
1fe72b67-8bad-44d4-bb62-d37ecb91f432,Responsible Behaviors and Values,3a4fd4396b596d0763e42cf011d5f1e76c631e3445fead1a3abf0a44977e422f,691
1ee92b67-8bad-44d4-bb62-d37ecb91f432,Responsible Behaviors and Values,b3ac1cb6b303bcd9bf21743c616251f5acf618fc360d2329bcda79abbfdb226a,830
1fe82b67-8bad-44d4-bb62-d37ecb91f432,Responsible Behaviors and Values,a859a72dc0d503808d4b40f9b5101768990a15f156798f3eed2cf318fb5e570e,962
1ee82b67-8bad-44d4-bb62-d37ecb91f432,Responsible Behaviors and Values,48b457d3f2ad37e137f98c0af13427fe37bd299c889594c1cbacf0be6bcd71bb,978
1ed52b67-8bad-44d4-bb62-d37ecb91f432,Responsible Behaviors and Values,985744d30be31a341327b9540c6a02b9d8f1084f033f7646a09a037800b3183f,1144
1ee42b67-8bad-44d4-bb62-d37ecb91f432,Responsible Behaviors and Values,47d547b66f3e603d4d0fef050d6c2240b015f1889ec370f6ba6377681e2693bb,1352
1fd52b67-8bad-44d4-bb62-d37ecb91f432,Responsible Behaviors and Values,acfd7159bf56b8ca0581e43ca302ca80cbf8699ce5baf89f23c5c84a96bd5b1d,1353
1fc92b67-8bad-44d4-bb62-d37ecb91f432,Responsible Behaviors and Values,6e070747930248f2ae4242bc8072bbdd7705af5ca62c82ada7048de32377f5a1,1399
1fca2b67-8bad-44d4-bb62-d37ecb91f432,Responsible Behaviors and Values,68e565312ea3f5b0ef7484ba411f07ee882d6cb5df65e28ceae8d91349a12f4c,1451
1eea2b67-8bad-44d4-bb62-d37ecb91f432,Responsible Behaviors and Values,2225b25928e53a36ff4683153f0a687abb5ff312d6ecca7adf734d0305ed1fe8,1461
1edb2b67-8bad-44d4-bb62-d37ecb91f432,Responsible Behaviors and Values,3da6bcd7049415c1ceca97dc373a716791ba27f6f0a0298b41125439f7565ec0,1554
1fd22b67-8bad-44d4-bb62-d37ecb91f432,Responsible Behaviors and Values,bafc8404e5bc8a0b661ce2d837296526ddfde3cad413fae83658945a6f1e5fad,1590
1edd2b67-8bad-44d4-bb62-d37ecb91f432,Responsible Behaviors and Values,62f7705ddccb1d36ebf1cdc6c2738b47e6b91e262bea53a6eab59b0b87a425c7,1625
1eed2b67-8bad-44d4-bb62-d37ecb91f432,Responsible Behaviors and Values,6e00da9801c26c7c5ee66b19e46b1aa60be4176b8725762642150d17c60d0fd7,1719
1fe02b67-8bad-44d4-bb62-d37ecb91f432,Responsible Behaviors and Values,9cc86d7a78ce84879b3e7b61348bd8fa7ef2ff52898bc643db64b73f0e3440eb,1743
1fde2b67-8bad-44d4-bb62-d37ecb91f432,Responsible Behaviors and Values,c851ee86109057409b6881080bc791b56e0a6147d3a46e5ee52601315e5fbec6,1752
1ed82b67-8bad-44d4-bb62-d37ecb91f432,Responsible Behaviors and Values,c9df9c940f9d0ff16b6cac39f3c21a8b576227f385f1ed3d16b08256444302b1,1775
1ed72b67-8bad-44d4-bb62-d37ecb91f432,Responsible Behaviors and Values,6b14461b5a4d2f8c49c233f829a8ba89c57a6c453ee42db5de15f8356be6c58e,1912
1eeb2b67-8bad-44d4-bb62-d37ecb91f432,Responsible Behaviors and Values,4087d627199fa0257818a7309f6a1d7e92c10c6c8d4f818e3b207ae275e17f35,1976
1ee72b67-8bad-44d4-bb62-d37ecb91f432,Responsible Behaviors and Values,35f503f005a769fb38cde3242ea936382720b927642fb16505e0b9409d3dffd9,2091
1eec2b67-8bad-44d4-bb62-d37ecb91f432,Responsible Behaviors and Values,c3e663aa5d3bd5bbd68ed9c7f70eac6b7dda81cb551bc33ddf7c65458f30b2c4,2140
1ee02b67-8bad-44d4-bb62-d37ecb91f432,Responsible Behaviors and Values,f359331b4d86e3cd06013173d05ef25f0e19df9935152085f95113316972ba18,2224
1ef42b67-8bad-44d4-bb62-d37ecb91f432,Responsible Behaviors and Values,ed5bd462f808fde586b33fadb74a54c7b025a9f76a9c48aadaf1c6c13a9aa82c,2255
1eee2b67-8bad-44d4-bb62-d37ecb91f432,Responsible Behaviors and Values,b37787ceb2b6ecb6c15a98b0c0e90dca444e50dc89f32fed08ce638e08323f0a,2342
1fdf2b67-8bad-44d4-bb62-d37ecb91f432,Responsible Behaviors and Values,126dcc9dac128ec7cf6d577bede3c4d6a0e9aad72b19c2e2e013eaf291c26e67,2393
1edf2b67-8bad-44d4-bb62-d37ecb91f432,Responsible Behaviors and Values,cdd8da1b90ef740317e91e53d40c81eae82447b6cdecfdd9f7d3d2fbf512fbbd,2620
1ee52b67-8bad-44d4-bb62-d37ecb91f432,Responsible Behaviors and Values,5bb02cdd8d574cfe3e1362a3abc0d02ce0a74922632d172eb40b8c6f84bcdbca,2948
1fcd2b67-8bad-44d4-bb62-d37ecb91f432,Responsible Behaviors and Values,4290639976cca20c0dce56f52e368f38acf2fa552af6fd85d9308cbfd86a3134,3171
1eda2b67-8bad-44d4-bb62-d37ecb91f432,Responsible Behaviors and Values,037bf910e76feebe6bd2c0412ca3a35ca20dd7f79b83842f2cd801ee11496dd8,3265
1fcf2b67-8bad-44d4-bb62-d37ecb91f432,Responsible Behaviors and Values,d7698b02e9d3e3fa46b1f620b3d4bf785878534a3d567f432494791fe1cad3fa,3390
1ee22b67-8bad-44d4-bb62-d37ecb91f432,Responsible Behaviors and Values,b62cdb19035a665bd781fdde38d7b746d4101789a6f531c1322d35828cbf3517,3593
1fea2b67-8bad-44d4-bb62-d37ecb91f432,Responsible Behaviors and Values,6397cec1e5c43cc37f37664c77a9972ab434293e87b8100732f0d73133c3f2a3,3721
1fc72b67-8bad-44d4-bb62-d37ecb91f432,Responsible Behaviors and Values,b687d1ab92f2594360c7bcb27a1605cabef334377ac196e99823ea47542c1b1b,3782
1ee62b67-8bad-44d4-bb62-d37ecb91f432,Responsible Behaviors and Values,b85141668cf344fb6840bade432121494d0256d8c01d9f133488d01f028d4243,3899
1fcb2b67-8bad-44d4-bb62-d37ecb91f432,Responsible Behaviors and Values,1316758ed02575c69066a3db4af3a077c7c63227f51ee0122d9a12920fe06466,3988
1fd12b67-8bad-44d4-bb62-d37ecb91f432,Responsible Behaviors and Values,2b6efb9346fab546dca5c5529af9bfa852a28afdcd343a2d79548edbe18c5726,4149
1fd92b67-8bad-44d4-bb62-d37ecb91f432,Responsible Behaviors and Values,d85cb35e0be91493e91ae8600ddc8f9fd7d02a3dedc16607c9d1db7ec985ad16,4168
1fe62b67-8bad-44d4-bb62-d37ecb91f432,Responsible Behaviors and Values,bd4b9624585f9e2c2d8b3c9614d3669af3e6fef1a3d8d2e80fa3df7a3210968a,4169
1fd72b67-8bad-44d4-bb62-d37ecb91f432,Responsible Behaviors and Values,03ea497d52da9d5ae28cade90d5a4a8a4a300be8197e40df43d7646ce5964e75,4193
1ef32b67-8bad-44d4-bb62-d37ecb91f432,Responsible Behaviors and Values,bb532df55a858798c28d1bc8ebdca7e794cbac20fb11e962cda3cd9cea2949a8,4407
1fe22b67-8bad-44d4-bb62-d37ecb91f432,Responsible Behaviors and Values,99029d2bfa77e967e5ab1dde5a50663a9db60c613badf4f736417ea3abda21ea,4430
1ee12b67-8bad-44d4-bb62-d37ecb91f432,Responsible Behaviors and Values,a81ed7fda63f3cd0d1f8d6c237caf6f33c75b3154315e9361d8f5a095ca9af11,4472
1fcc2b67-8bad-44d4-bb62-d37ecb91f432,Responsible Behaviors and Values,5350d598d6b0035abc88adc9cc3caeae0a1096a0df91bfea46a0325c59020812,4511
1fc82b67-8bad-44d4-bb62-d37ecb91f432,Responsible Behaviors and Values,e8a8636a83a595f271f8d73cd61f60b7b6b4a9826fa4e46e7e2bf8c40f5886b9,4594
1ef12b67-8bad-44d4-bb62-d37ecb91f432,Responsible Behaviors and Values,2ef91fe48ee99c037f35f463bbd6e3bd4569d3cd979ef8e14b743104bdae7f2f,4804
1ede2b67-8bad-44d4-bb62-d37ecb91f432,Responsible Behaviors and Values,aab8c1fbbb842e727f4b4644e3ec3b0cb67eceb17e78d084b6f1f36c12df4bcf,4841
1ee32b67-8bad-44d4-bb62-d37ecb91f432,Responsible Behaviors and Values,95aa83363d238ce3f22210635f465a72d9e2c4276e2c6e2b1283e10aff5718ec,4863
1fd32b67-8bad-44d4-bb62-d37ecb91f432,Responsible Behaviors and Values,43a55cd8376f9805e5e12aade948f1b369b0820238965ffd265278b24248d478,4865
1fe32b67-8bad-44d4-bb62-d37ecb91f432,Responsible Behaviors and Values,4008824c283f453809866ba40bbe069469f7fbb42eaf942e7a41329e6c404f5e,4876
1fe52b67-8bad-44d4-bb62-d37ecb91f432,Responsible Behaviors and Values,3f8c8b7abbd86ff087b572a960ba8410f3309feb59720cc0410dc8613bd7ee16,5104
1fdb2b67-8bad-44d4-bb62-d37ecb91f432,Responsible Behaviors and Values,fc26d4f244b720818be57b8c0f6ad82d9a568aa86ad223524a71b813a24aaad5,5127
1fd42b67-8bad-44d4-bb62-d37ecb91f432,Responsible Behaviors and Values,5530c690c09e12a01bf00ba26632caee8e1daa7f186ee4de343a520569fd96db,5368
1fdc2b67-8bad-44d4-bb62-d37ecb91f432,Responsible Behaviors and Values,4f4a303be46d5e9ea9337e0a148e1bcb4641d38c2bf031449a33c38646fa0b0e,5651
1ed32b67-8bad-44d4-bb62-d37ecb91f432,Responsible Behaviors and Values,8b525618a787be6c071be87d409459c8a7050296e306036abcd2d92bdabd33bc,5662
1edc2b67-8bad-44d4-bb62-d37ecb91f432,Responsible Behaviors and Values,5fb56dc26cb376ade4cf08b38d2dcdfe224f71f636e21fc775281017e7ab33ef,5782
1ed42b67-8bad-44d4-bb62-d37ecb91f432,Responsible Behaviors and Values,3e9f9e033f54fff2327b5a1a6ec3285969ad735e6ece1be81b3a7aed44d3be63,5796
1ef02b67-8bad-44d4-bb62-d37ecb91f432,Responsible Behaviors and Values,0a3996ddab0d11e4c8d118429418b916954a972ecc3896251a81552da31aa971,6091
1fdd2b67-8bad-44d4-bb62-d37ecb91f432,Responsible Behaviors and Values,d00a2e9f008247d7392ac3cb5677428b0efd3610bdc6664c991371d3d44f576f,6273
1fc62b67-8bad-44d4-bb62-d37ecb91f432,Responsible Behaviors and Values,cc24b86b0533f6f8383080d9f71f187fa0759ca74ce09781d177245fd91ccf7c,6285
1fd82b67-8bad-44d4-bb62-d37ecb91f432,Responsible Behaviors and Values,2a290f681cadbde901efc10da9e45b9697e049c1a3f5b98cccf8e129855bd86e,6543
1fd62b67-8bad-44d4-bb62-d37ecb91f432,Responsible Behaviors and Values,ae71fa5c14465bd4fcefd9fffd899386a30ede6f1ee9412500ddd16d5bc71380,6611
1fe92b67-8bad-44d4-bb62-d37ecb91f432,Responsible Behaviors and Values,358f87c5265b536205770673abb5a1a80f229b716e8656ddccd95d0acdf3990d,6876
1fd02b67-8bad-44d4-bb62-d37ecb91f432,Responsible Behaviors and Values,bfa61ffb830ff11059ac381e2e23769f714b270fb89da22fa23a586db34c98b7,6910
16a22b67-8bad-44d4-bb62-d37ecb91f432,Reading Standards: Foundational Skills (K-5),05cc6305fd791cccac687d364352a1d5bbab4271ea18b75766d4e61fb06ed5c9,2
1ce02b67-8bad-44d4-bb62-d37ecb91f432,"Student Outcomes Program Goal 5: By graduation, the student identified as gifted will be able to assume leadership and participatory roles in both gifted and heterogeneous group learning situations.",ab42bf76356825b47df70886724856f16b3c53543687730fe858d9a87f8adcf2,3
13c02b67-8bad-44d4-bb62-d37ecb91f432,Intermediate Mid,9ddd6eda5591c2991e3f5b850510a8be2ac70de3da6f9b11166ba459a014ba27,14
3d792b67-8bad-44d5-bb62-d37ecb91f432,Trigonometry,406116a89ef4ba00e5ea6db8483d6ece53016e7057ef1bc139170c417522673a,22
14222b67-8bad-44d4-bb62-d37ecb91f432,Advanced Low,c789147dc430157490003d9374f78ebdeb00547ca337fe7911e9f93a029f85ba,25
21912b67-8bad-44d4-bb62-d37ecb91f432,Financial Literacy (Discontinued after 2023-2024),6636ba543a8fb832f3b993064738c3f52d8eb0e3a5774f92102c907845350361,26
181f2b67-8bad-44d4-bb62-d37ecb91f432,Reading Standards for Literacy in History/Social Studies 6–12,1f429f83bb46903d5bcb2d42475ec028a9c59c05cc32db6c7212aef5ea4660a6,49
132f2b67-8bad-44d4-bb62-d37ecb91f432,Novice Low/Mid,a213b1bf709fca491eeba3ecf8b2a295d7631e7fb104efcc8aa4356fae3c0515,56
3dc12b67-8bad-44d5-bb62-d37ecb91f432,Logic and Discrete Theory,a43283a629ab1de03e7a0481c4e886da907db28e16e507d2947b5a9447dfe322,58
1cbc2b67-8bad-44d4-bb62-d37ecb91f432,"Student Outcomes Program Goal 1: By graduation, the student identified as gifted will be able to critically examine the complexity of knowledge: the location, definition, and organization of a variety of fields of knowledge.",acfd04963082765b7c197beb81e9cd9cd69928241228bf8d5d7000e349e39a3c,63
13782b67-8bad-44d4-bb62-d37ecb91f432,Novice High,57aa293efdd88dae8e521f53745e36bafb1bb97211ba0632b4538cdbfdc0c04b,78
151a2b67-8bad-44d4-bb62-d37ecb91f432,Measurement and Data,2afe16427179680c47365cae41ec2176804e4a30ba429fe454b2e2be28af33e4,79
18542b67-8bad-44d4-bb62-d37ecb91f432,"Writing Standards for Literacy in History/Social Studies, Science, and Technical Subjects",e8e3019854e56f588cb2d3e3b3859f684bfd556cc388063268b2afbf714d2ed8,84
1d8b2b67-8bad-44d4-bb62-d37ecb91f432,"Student Outcomes Program Goal 4: By graduation, the student identified as gifted will be able to think creatively and critically to identify and solve real-world problems.",ee3e635ae45fe23690a651e487735627c29d061b70f64b5d281144ddc8715d6e,85
14802b67-8bad-44d4-bb62-d37ecb91f432,Superior,5111ece0957a1e2715d97df4ea1695f8779677ed5ddbbda85dabbbe2b2b63d73,94
3c212b67-8bad-44d5-bb62-d37ecb91f432,Fractions,3bbcffbdb4acdccd07fc439d48ab661b6ee8355d02910061082db0400540880e,97
15542b67-8bad-44d4-bb62-d37ecb91f432,Statistics &amp; Probability,d17052bb816f34555b022f5af05861785556a24aee891ddabb5543541b47c284,107
1d182b67-8bad-44d4-bb62-d37ecb91f432,"Student Outcomes Program Goal 2: By graduation, the student identified as gifted will be able to create, adapt, and assess multifaceted questions in a variety of fields/disciplines.",4e2d41439df9c4c0e330b387b9ed028d952001bd6c0c66ccb70237cc59e5745e,108
3be12b67-8bad-44d5-bb62-d37ecb91f432,Measurement,ee561e8e319b6c744ea0ba66575d00047cb4a06bd4d0d51ee56144963ff36ea3,116
1d042b67-8bad-44d4-bb62-d37ecb91f432,"Student Outcomes Program Goal 1: By graduation, the student identified as gifted will be able to critically examine the complexity of knowledge: the location, definition, and organization of a variety of fields of knowledge.",310ba90397f4fc7cd83b8b677f3204c7cbb6089eb8c40e7072dd9c3050651342,123
3d152b67-8bad-44d5-bb62-d37ecb91f432,Functions,abc04be56f517015190743b1791b8bb69a75bb2fc4739da2ee902837a1724201,132
3e002b67-8bad-44d5-bb62-d37ecb91f432,Fractions,ad8b756352df8aa6124a4b9553c9dfb2c0df1df2250484f181143d5ca701a043,133
3e112b67-8bad-44d5-bb62-d37ecb91f432,Trigonometry,52721e2e3c82f64a4f4b965b8c4f4e0fc6cdb4f7005eca7caf40bd6923990375,134
14e62b67-8bad-44d4-bb62-d37ecb91f432,Measurement and Data,ed783aa1cbe2902963a98488f2c98ff9245d91a8aaf0f22f873b42a3ce3072d0,136
15782b67-8bad-44d4-bb62-d37ecb91f432,Expressions &amp; Equations,0984269946e42767e798b514f8b165e3247df2263b5cba9639f2df4d10ccba41,137
3e202b67-8bad-44d5-bb62-d37ecb91f432,Logic and Discrete Theory,e11580a62a57dd0648abf35bf1daffc7dfda9a51a358f36eabd5a648cacdfa53,147
15732b67-8bad-44d4-bb62-d37ecb91f432,Expressions &amp; Equations,b3261c253fbf2811ee1508ec7eb99cc34f12ff6237c2285b289f12992bbb80bd,149
1d1be457-8bad-45d6-bb62-d37ecb91f432,Consumer Health,7db53c8152120ec671c931e63e8dd50a12638744fd9d283fe13145912d676d6d,152
3f3b2b67-8bad-44d5-bb62-d37ecb91f432,Holocaust Education (Starting 2023-2024),aaeee745d5463b148cc137b2ed45249bac775225d03d97d99930d250a615f0b2,165
161f2b67-8bad-44d4-bb62-d37ecb91f432,Statistics &amp; Probability: Conditional Probability &amp; the Rules of Probability,c31924815d76e6bac6eebd8917510a14570c61436cfc7924ee3d5de0653abb9d,169
1a0b2b67-8bad-44d4-bb62-d37ecb91f432,Visual Impairment,9dec6880bf4ef25fe2e531c1eb94175abbcc8783dc0cf3a4f8d7350e80c3c091,173
152d2b67-8bad-44d4-bb62-d37ecb91f432,Number and Operations - Fractions,fb1e2acebc3114fa7fc2de8a0d0040aa19f370b3bacc2e7750acac494352bd16,187
158c2b67-8bad-44d4-bb62-d37ecb91f432,Number &amp; Quantity: The Real Number System,bcb1b2df56b3351baa0efc6178fd1cbb231fa7e558c5254124d23c949fd05ede,188
15e12b67-8bad-44d4-bb62-d37ecb91f432,Geometry: Congruence,8a3caa60571c16ec818c08b7d873997f28779c144254e954b467e66eb14a2123,189
217c2b67-8bad-44d4-bb62-d37ecb91f432,Financial Literacy (Discontinued after 2023-2024),f8a9db8b40546b6db08e98aa5894b211887fefe7f98c25e70b0539df38cf9e13,191
3e292b67-8bad-44d5-bb62-d37ecb91f432,Substance Use and Abuse Standards,58a7e7a18128707b916790e46ae17df7bb09850fe1aa6ddef6960c40993cf998,192
15ee2b67-8bad-44d4-bb62-d37ecb91f432,"Geometry: Similarity, Right Triangles, &amp; Trigonometry",35a54946f546aa148361c6db9c238bf0ab921fd59ba1cbaeb3af73d5fe5a3fc8,196
18b92b67-8bad-44d4-bb62-d37ecb91f432,Mathematical Practice,e6e9da331e8dbb2b2940a38274d4d09cd02ee734c8d9891433b3feb3ce66e902,198
15e92b67-8bad-44d4-bb62-d37ecb91f432,Geometry: Congruence,da31c59517917d973d4cb6161ff9d3c294489d8338fbda47af5ebe3d976a3fe2,205
14ab2b67-8bad-44d4-bb62-d37ecb91f432,Counting and Cardinality,b7126e6f99bec0296799a35898cd9b3f998e24bb6900fd8b38a977d15556aead,214
15c52b67-8bad-44d4-bb62-d37ecb91f432,Functions: Interpreting Functions,b51c1818b367b850ead1f01ab41ebac91062301a903e70d62132e3fa52a62fcb,215
3a4b2b67-8bad-44d5-bb62-d37ecb91f432,Foundational Skills,5c570074f010708edb029431f0b10997e4cd99a5ad030f19620d4fabd5090fd0,217
13e42b67-8bad-44d4-bb62-d37ecb91f432,Intermediate High,b6bf1cf35d37b68abd7d7c75137d3fde54a5ce148b5192bfa32dc852183b1816,223
21932b67-8bad-44d4-bb62-d37ecb91f432,Financial Literacy (Discontinued after 2023-2024),39a2a37f2a95b7abbb7fca8de10c65d1443e530c8ef0d1f2187dd7a183ea33ee,225
3d752b67-8bad-44d5-bb62-d37ecb91f432,Trigonometry,6ce93baaf323eedaf29fb3742465ec7d748cff2af247cce76ee418c3e94b461e,228
144e2b67-8bad-44d4-bb62-d37ecb91f432,Advanced Mid,f58004cef8092a13ffcc1c9d7b9dda9425ed8c136f235940bd06adceb1ea793f,242
16082b67-8bad-44d4-bb62-d37ecb91f432,Geometry: Modeling with Geometry,24b034c5c967550960c388d52ea0dfc201ffa74e0aae7e1cbd19b3e14d763f1f,243
3b8e2b67-8bad-44d5-bb62-d37ecb91f432,Measurement,27ed5f7734b4cf145d2bc9f5e90c295b9be255918145690e286b77da5852fe2a,248
153e2b67-8bad-44d4-bb62-d37ecb91f432,The Number System,d12234061e7c7898c127828d479920b40ffcaabe044859b744c316f2a0698a9e,254
1cb72b67-8bad-44d4-bb62-d37ecb91f432,"Student Outcomes Program Goal 1: By graduation, the student identified as gifted will be able to critically examine the complexity of knowledge: the location, definition, and organization of a variety of fields of knowledge.",27f6f5ccf250eaa7d41e20f9e2ab3cc53796e20ed96d0dba270f9acc7b6bd526,256
1da32b67-8bad-44d4-bb62-d37ecb91f432,Student Outcomes Program Goal 7: By graduation the student identified as gifted will be able to develop and deliver a variety of authentic products/performances that demonstrate understanding in multiple fields/disciplines.,9078b6c56520f70e41099091a993cf91fb4377dc314b8edac4c6965651d2f06f,257
3d7c2b67-8bad-44d5-bb62-d37ecb91f432,Trigonometry,bd0d1b7e62c643299db1b133e266ebd3ef27820c37417026109cf6f92be4020c,259
13732b67-8bad-44d4-bb62-d37ecb91f432,Novice High,e20779da5191c0eb1b8d49b70b3ebeec6a65e5ff6e7f22f2b0a7b496f07423b0,262
13d72b67-8bad-44d4-bb62-d37ecb91f432,Intermediate High,2a1a1afe6bb1ae688294aa563d5db7ea1c97675aed61930a51150ddd14136860,263
13e72b67-8bad-44d4-bb62-d37ecb91f432,Intermediate High,c1d68e46d63a4b27994b1418f76e00015e58037f3fe5b0fb6c0063a389b66e8b,264
1a922b67-8bad-44d4-bb62-d37ecb91f432,Visual Impairment,3226e04cb3bae7e2863b0398f13a2d6a2b7c0a39107baffe3351c1f52ac3ec7e,267
1cd42b67-8bad-44d4-bb62-d37ecb91f432,"Student Outcomes Program Goal 1: By graduation, the student identified as gifted will be able to critically examine the complexity of knowledge: the location, definition, and organization of a variety of fields of knowledge.",02f23ab982e36bb6b415a1ef1803acc96fa492d3d9a732f95d25f7daaacece8f,268
3c202b67-8bad-44d5-bb62-d37ecb91f432,Fractions,79f477521680b70df198d0daf340a7f4a078610e390f90ae4706ce7e8d734ef5,277
3c2c2b67-8bad-44d5-bb62-d37ecb91f432,Measurement,a1afc8c1394e840adadb6428be0e38efe254ebcda674b2b37dc57dc866635cfa,278
3d162b67-8bad-44d5-bb62-d37ecb91f432,Functions,ddd19a737fa44078527f999834d60789e7bfb807d3d2760d3f67bc42c0919ad8,279
184f2b67-8bad-44d4-bb62-d37ecb91f432,Reading Standards for Literacy in Science and Technical Subjects 6-12,33abdccc85cb5deace103ffd3c425a3ec7c75f983c69b34a3e2f10bd0cc39f96,282
216a2b67-8bad-44d4-bb62-d37ecb91f432,Financial Literacy (Discontinued after 2023-2024),aa3739de75a3d9020645c31d7a51447eda699fb5a55dd000011146d298b34a14,290
138f2b67-8bad-44d4-bb62-d37ecb91f432,Intermediate Low,fb639690f0db532ed5a50d8eb5148f4b364971d908d660ca905c5c45aa9f90a6,293
13fa2b67-8bad-44d4-bb62-d37ecb91f432,Intermediate High,b819206a233125242f2dff8129129919658d6d718c16df3611b054a411bcc0c7,294
14642b67-8bad-44d4-bb62-d37ecb91f432,Advanced High,d61bc23def9978ac36baddb5def7b6a88fefff51aca70d67eccb0e63495503d0,295
15d92b67-8bad-44d4-bb62-d37ecb91f432,Functions: Trigonometric Functions,f07f237f41dcded781cb92a0430e2ef2283e0d5df2a19d78c8ceb51905c36e49,301
1d482b67-8bad-44d4-bb62-d37ecb91f432,"Student Outcomes Program Goal 6: By graduation, the student identified as gifted will be able to set and achieve personal, academic, and career goals.",8f7dcb757a9e79a589589b7b076a5f216b16f5f4ae963638a6c970080dccfc54,304
154b2b67-8bad-44d4-bb62-d37ecb91f432,Expressions &amp; Equations,e152cf0687728b8579a166bcb9586247e6debc5f2a8f0b9784ec4c75769c05f6,308
1a702b67-8bad-44d4-bb62-d37ecb91f432,Visual Impairment,186504cc4dd248f87c4a34246c94ac03354a62049d91f8a52d3f5a20672cfbd5,310
175f0457-8bad-45d5-bb62-d37ecb91f432,Consumer Health,24ada7955ebe66d7f524f4010b3d039e7effc4386565b53f3301647bbbfc1990,316
1a652b67-8bad-44d4-bb62-d37ecb91f432,Visual Impairment,070c52d3d61639d204ea7f761e3687f8bb8a1c7dfd0a99e5ce015270c030d963,317
1d1f7457-8bad-45d6-bb62-d37ecb91f432,Consumer Health,e36f0d2f96c39fe03e6d7cd44724fcfc3638119b9d57fb2a60e25f9845c45bc7,319
155d2b67-8bad-44d4-bb62-d37ecb91f432,The Number System,c287626fd2d170b48427a036f2bd1905b949f55eafd9b85e4e5ec7f63eacaeb0,327
1cfd2b67-8bad-44d4-bb62-d37ecb91f432,"Student Outcomes Program Goal 5: By graduation, the student identified as gifted will be able to assume leadership and participatory roles in both gifted and heterogeneous group learning situations.",c43ac332a1da2bd9f2872bcee97286bdd1de72a24332dc4e1f7e0089b7c0a236,329
1db22b67-8bad-44d4-bb62-d37ecb91f432,"Student Outcomes Program Goal 4: By graduation, the student identified as gifted will be able to think creatively and critically to identify and solve real-world problems.",df94cf801c5d35e1f584f2a34d283ffe62518890fd23e8860dfabc408dbe8ae1,330
21762b67-8bad-44d4-bb62-d37ecb91f432,Financial Literacy (Discontinued after 2023-2024),07c09649ad0647c1fd14588040b37d4e8bf70905e93983f76922deb834ee4189,332
3b8d2b67-8bad-44d5-bb62-d37ecb91f432,Measurement,3eb29afccc4efe3ce226b8cea17062cc7457b85a8d4e52507c406de7e278f8b9,334
3d192b67-8bad-44d5-bb62-d37ecb91f432,Functions,7cbbfc8b785c2e4e0ffc92a4aee7071f99e4023af491a2601f3b1393f3105490,342
14e32b67-8bad-44d4-bb62-d37ecb91f432,Measurement and Data,4b89b7b7778a2635693f34c04676ca3235d7c472bd8fe3de48601a86ad50ec1a,346
14f92b67-8bad-44d4-bb62-d37ecb91f432,Number and Operations - Fractions,7524719ce72b9752a22d4e3e8f0a25813f797da134b400d1f431cceb343c2502,347
3a662b67-8bad-44d5-bb62-d37ecb91f432,Foundational Skills,dd0529646eb5ae83e3238eae95b20c347422759b6b75a26a12470f625f351443,348
3be22b67-8bad-44d5-bb62-d37ecb91f432,Measurement,40993e8ad604ee51b9f33d37aa4a9b4e45536b9c14bd4c2c04367d8e77ccd417,349
149d2b67-8bad-44d4-bb62-d37ecb91f432,Superior,0b7c7412f7958ec94dfa26f5e3f3028e7fd54a8162dbc2104a35588877295cfc,352
15182b67-8bad-44d4-bb62-d37ecb91f432,Measurement and Data,4ea0ed340987373a3c88bcc37a2f1658709bddae7953805ec23b2b1eb0937342,353
15582b67-8bad-44d4-bb62-d37ecb91f432,Ratios &amp; Proportional Relationships,cc8a736e89b764ebd543a60d66f4ba473cc0fc4f3869b7042a242d8fd5102aaf,364
14182b67-8bad-44d4-bb62-d37ecb91f432,Advanced Low,fe997bda0b9e1f692c0d41562f1c4d5fcca9fc10a25d01def7eae4bbfaf226c0,372
1d062b67-8bad-44d4-bb62-d37ecb91f432,"Student Outcomes Program Goal 1: By graduation, the student identified as gifted will be able to critically examine the complexity of knowledge: the location, definition, and organization of a variety of fields of knowledge.",b797c3c9af575707b6cbeaccb406a9912be7aa0480c54403f6952a66219a2152,374
1d242b67-8bad-44d4-bb62-d37ecb91f432,"Student Outcomes Program Goal 6: By graduation, the student identified as gifted will be able to set and achieve personal, academic, and career goals.",ded099982919f618439c7b5ecf7d9b58f5f2fa275aa48ce984fd5f9d41f859de,376
1d812b67-8bad-44d4-bb62-d37ecb91f432,Student Outcomes Program Goal 7: By graduation the student identified as gifted will be able to develop and deliver a variety of authentic products/performances that demonstrate understanding in multiple fields/disciplines.,8d9b7a0f01cc784ab28349963104fa5d63a0bf8ec5c3d3b94997cd8b86462fdc,379
15ff2b67-8bad-44d4-bb62-d37ecb91f432,Geometry: Expressing Geometric Properties with Equations,d15b48543164f01ffee6e9eb2a0edcbef52f6be2df59a17e330da78aeb68c776,394
1cd72b67-8bad-44d4-bb62-d37ecb91f432,"Student Outcomes Program Goal 5: By graduation, the student identified as gifted will be able to assume leadership and participatory roles in both gifted and heterogeneous group learning situations.",d43a920f5deb2b783a21d553b34dfa855635657676887eb9899b908e4d3c8958,397
151e2b67-8bad-44d4-bb62-d37ecb91f432,Geometry,e59718b6b51effce62294a1d81e103b3225da7b104a01853c4cfefe7b0529908,415
155c2b67-8bad-44d4-bb62-d37ecb91f432,The Number System,13da9d8bd3be9b5adb4859f59316fcd5b36ad9f2aefa4e1936131ff06616be39,416
1d1f6457-8bad-45d6-bb62-d37ecb91f432,Consumer Health,f430a9df836f846f8103879f26df787dba21a48194b37c8960f5ba90f23c8d60,417
14342b67-8bad-44d4-bb62-d37ecb91f432,Advanced Mid,cb7469bd929eadb1ec8db9cdb8779b03043e6f75e0a1ad3c789fa761f964bd14,420
1d842b67-8bad-44d4-bb62-d37ecb91f432,Student Outcomes Program Goal 7: By graduation the student identified as gifted will be able to develop and deliver a variety of authentic products/performances that demonstrate understanding in multiple fields/disciplines.,756a8a8d7fd4e5baf408eba6fb51e5e7675074abfeff4be0570e1b8c18def173,423
18312b67-8bad-44d4-bb62-d37ecb91f432,Reading Standards for Literacy in History/Social Studies 6–12,d23f4bdf4cd353774d2cc39b89bdc458ac7b5314c06edc57b58d815572cfb973,436
13862b67-8bad-44d4-bb62-d37ecb91f432,Intermediate Low,28b6910de3823ae36f0dc5ad1c17eeec8c80b5cfc9a706b1558e896072b5e5e2,440
1d502b67-8bad-44d4-bb62-d37ecb91f432,"Student Outcomes Program Goal 6: By graduation, the student identified as gifted will be able to set and achieve personal, academic, and career goals.",bd6598348f57aa2097d5055a63730664be788b09b5398a811c4903149834edd8,441
132d2b67-8bad-44d4-bb62-d37ecb91f432,Counting and Cardinality,da3fd5cd13002d8609fac97a719afb2619ced1d176f40d6c0238fb96ca5eb8cb,446
13ec2b67-8bad-44d4-bb62-d37ecb91f432,Intermediate High,ed5585eea42c526929dc87c44e40567e3021867087e00d9a0096182f457c144c,447
22692b67-8bad-44d4-bb62-d37ecb91f432,Computer Science - Computer Practices and Programming,809eecef1a5cbfc64b5d29cb8d47a7814f448f203d609c5a6dc2a0f6e8a6a3cb,459
3d2d2b67-8bad-44d5-bb62-d37ecb91f432,Financial Literacy,ce36b83bc401829e8e45334acf88d7ef69efeb0b116ae3fad9e1947d19f2a1e3,460
14632b67-8bad-44d4-bb62-d37ecb91f432,Advanced High,d09a2d68d18d8492167b455eb786937a428c74f90eeb3d7db0726c67d5110f3c,468
15c72b67-8bad-44d4-bb62-d37ecb91f432,Functions: Interpreting Functions,5b799ea823098f8261c4ac620ec3246aa554c22c5f1a311a6b7609028adbf0f0,469
15eb2b67-8bad-44d4-bb62-d37ecb91f432,"Geometry: Similarity, Right Triangles, &amp; Trigonometry",9920a36ebb8f5d9352692df868680ef9414a0ddf338fe7c88ab052a8283b15d8,470
16192b67-8bad-44d4-bb62-d37ecb91f432,Statistics &amp; Probability: Conditional Probability &amp; the Rules of Probability,008edc480817f5ec4c9a1a23db98ca124a99ed35a731ee9b0ec1970feac284bc,471
1d762b67-8bad-44d4-bb62-d37ecb91f432,"Student Outcomes Program Goal 3: By graduation, the student identified as gifted will be able to conduct thoughtful research/exploration in multiple fields.",7b57f5a343825476565d8500d7af519093460f09cadbf4d7123c7bc2e87bc4c1,477
1d9d2b67-8bad-44d4-bb62-d37ecb91f432,Student Outcomes Program Goal 7: By graduation the student identified as gifted will be able to develop and deliver a variety of authentic products/performances that demonstrate understanding in multiple fields/disciplines.,07613233be60a8cf4acebfa53988ba33857ef39bd7767614163bfd242929017c,478
13c62b67-8bad-44d4-bb62-d37ecb91f432,Intermediate Mid,0d588e7402c40c89ed4291739cd1e219920aa986a20f6bf0e737eb99c7a9ad20,484
15192b67-8bad-44d4-bb62-d37ecb91f432,Measurement and Data,4ad8d50c3885d035a64d3ed7c6d4b501dfba2bb5c1736954e571759b4ed10844,485
1d2d2b67-8bad-44d4-bb62-d37ecb91f432,"Student Outcomes Program Goal 2: By graduation, the student identified as gifted will be able to create, adapt, and assess multifaceted questions in a variety of fields/disciplines.",9389a4a0ce62c86b2de6d727aaf922a9d3f9c450cee5f39c03058635e7f52064,488
21122b67-8bad-44d4-bb62-d37ecb91f432,Measurement and Data,f77f2dfb2816957bc1c411bf85c1563efbf0e17ab4ae13f980d789ec27f8c585,492
218e2b67-8bad-44d4-bb62-d37ecb91f432,Financial Literacy (Discontinued after 2023-2024),f3c06838016278f312632f12f6e13f16d3d37570f6f317705121a0f55a2c4346,493
1a6d2b67-8bad-44d4-bb62-d37ecb91f432,Visual Impairment,1220517b6e679b45925ff1f3c4a8e678c7d2cf993dd4096b709f4f747873daee,497
14b12b67-8bad-44d4-bb62-d37ecb91f432,Number and Operations in Base Ten,7e63c30e2caeee8c003d33a0d64a2b2bd74d7f818036c9ea7f12a83184dafc2b,507
3db32b67-8bad-44d5-bb62-d37ecb91f432,Logic and Discrete Theory,6b7bafee78eaec9d33aacb1b5160679495a34abd47bed9bf65e1489e70c03bda,512
3e392b67-8bad-44d5-bb62-d37ecb91f432,Substance Use and Abuse Standards,11de6ff19409fe8f11d64b0bce3a3eff68e4b0362ec92b01e55ac3de422431df,513
3c2d2b67-8bad-44d5-bb62-d37ecb91f432,Measurement,de035245436739a39b573a0c3b2ed1478c1635506c16a5d3b531eb815efaae18,515
13bc2b67-8bad-44d4-bb62-d37ecb91f432,Intermediate Mid,1dc9b123a0ba8736e3346b08f82f8963a25e356cc05216169568ec6a90668c6a,516
15912b67-8bad-44d4-bb62-d37ecb91f432,Number &amp; Quantity: Quantities,c7aa1abcb5907f70d6183d8b7ae9c5222b50cac7d6af0be75e96a0775ca9189a,517
182f2b67-8bad-44d4-bb62-d37ecb91f432,Reading Standards for Literacy in History/Social Studies 6–12,3def8c81eae80f14827c6ae85a3d0a885d66f62f11a6b30782bf6c5aaabcc004,519
1b592b67-8bad-44d4-bb62-d37ecb91f432,Speech and Auditory Training,e7543c20077c23bd7a40a38f213946ed9d1797262135523972d69830de941131,520
3e3f2b67-8bad-44d5-bb62-d37ecb91f432,Substance Use and Abuse Standards,b8d0bab4141e9f2da7da9f1cf181f808ec8f2648c15a6e9185997fe20aaa8d89,522
1b302b67-8bad-44d4-bb62-d37ecb91f432,Deaf and Hard of Hearing,83594fa73d63d98942891f7124d66220707bdec7191cd70ef0337695b3961282,526
1db42b67-8bad-44d4-bb62-d37ecb91f432,"Student Outcomes Program Goal 4: By graduation, the student identified as gifted will be able to think creatively and critically to identify and solve real-world problems.",56d5b6c76cfcd92d32a3868863ba210e2fb4c88482475b3bab29cf12e1c054fa,534
3a6b2b67-8bad-44d5-bb62-d37ecb91f432,Foundational Skills,455a0b1a9d50c64023d1bf6e5c6add4b1e349443acc7015de80dba511521248d,539
221d2b67-8bad-44d4-bb62-d37ecb91f432,Computer Science - Computer Practices and Programming,44ab079b3ead7f3b683fb61df4f4f55bf1ea759cfb9b75bf774c60bbbbf4afe1,549
141e2b67-8bad-44d4-bb62-d37ecb91f432,Advanced Low,52bd7c7534e9b09137f9102b92a6ca8bf327b8a60f45b4464df2763fda648180,554
1d662b67-8bad-44d4-bb62-d37ecb91f432,"Student Outcomes Program Goal 3: By graduation, the student identified as gifted will be able to conduct thoughtful research/exploration in multiple fields.",3515a9950c2f21b797dafd788dd79ba2540ef7bae50c7e7957d44d8f287ee428,557
1d6f2b67-8bad-44d4-bb62-d37ecb91f432,"Student Outcomes Program Goal 3: By graduation, the student identified as gifted will be able to conduct thoughtful research/exploration in multiple fields.",08b97f47883a0ac3b951974a7288b5334102d5d91f0c4680078618336baddae7,558
14622b67-8bad-44d4-bb62-d37ecb91f432,Advanced High,de8370c205b814a88a3184ddef0c6f71c44097d26cc7ddc26cca8485c54478eb,565
1dc02b67-8bad-44d4-bb62-d37ecb91f432,"Student Outcomes Program Goal 4: By graduation, the student identified as gifted will be able to think creatively and critically to identify and solve real-world problems.",38aee87853aae85958629054f846670474240b0a658fe2b2ca54e3212366d78e,567
140d2b67-8bad-44d4-bb62-d37ecb91f432,Advanced Low,f9c58afe04a4d1e5869712721129fc30fa86087df31d8f16d039eab544e17fac,573
3f362b67-8bad-44d5-bb62-d37ecb91f432,Holocaust Education (Starting 2023-2024),0aa282ac89a6bdbdce96e5dbae1fd69167378836e244e0d3269885ff22ed61ac,580
14102b67-8bad-44d4-bb62-d37ecb91f432,Advanced Low,21f5154982d481ffe41d870ea8ee82a6b877ca28471b9daee130037fab4b0e7e,583
13a92b67-8bad-44d4-bb62-d37ecb91f432,Intermediate Low,7239370d6b734ffc5699eb97dfdfaed096f4e0cb404d075d6a41bfe9bb7fecdc,594
14b22b67-8bad-44d4-bb62-d37ecb91f432,Measurement and Data,da6bdee6674cdf5f6f1189064b7009d5307cde0d45bf80ac54717a4bd24a4345,595
1b462b67-8bad-44d4-bb62-d37ecb91f432,Deaf and Hard of Hearing,7def2b1063c72339768eb2997c40de501375dc76eff7c414281235bc4b276b7b,597
22262b67-8bad-44d4-bb62-d37ecb91f432,Computer Science - Computer Practices and Programming,e96e19f34c4ad5adb7f623ab26b351887979db094b905881cf782822c827eb6d,598
3f4a2b67-8bad-44d5-bb62-d37ecb91f432,Holocaust Education (Starting 2023-2024),b2c8ccf19ceb88536ba9fe78b0e73ef115a6c9ee24be7f33b536f02280658b04,602
180f2b67-8bad-44d4-bb62-d37ecb91f432,Reading Standards for Literacy in History/Social Studies 6–12,f0b46fff7f5468d41e9643c6a6ffd6953d35312c088a58b6a71bfe972fe4c553,605
181b2b67-8bad-44d4-bb62-d37ecb91f432,Reading Standards for Literacy in Science and Technical Subjects 6-12,c7b25318a6d3ba1697afe8ab4cfe0381a034203d455181082cce9c44c18a1c27,616
1a732b67-8bad-44d4-bb62-d37ecb91f432,Visual Impairment,b827d73603937f4ecd283775cf3b55dc04151122a4a38d59232477b777b17984,618
1da52b67-8bad-44d4-bb62-d37ecb91f432,Student Outcomes Program Goal 7: By graduation the student identified as gifted will be able to develop and deliver a variety of authentic products/performances that demonstrate understanding in multiple fields/disciplines.,323564344db1a742e5f6710fe46c5c9ec8fae5e64bc0370019c2edff1be74cc6,621
14202b67-8bad-44d4-bb62-d37ecb91f432,Advanced Low,a4c3879c03c040f05a812092565748d13f340f281582175470b7802000d6e86e,627
18512b67-8bad-44d4-bb62-d37ecb91f432,"Writing Standards for Literacy in History/Social Studies, Science, and Technical Subjects",189fb5a1e33d148377dc119b249c1d21908f0deb4ca29bd29c3ddb80b54361af,628
1d712b67-8bad-44d4-bb62-d37ecb91f432,"Student Outcomes Program Goal 3: By graduation, the student identified as gifted will be able to conduct thoughtful research/exploration in multiple fields.",7822ee451ecab301b87eb473f6b22773e771ff44dafddfe93cb68308e8ecd27e,638
3bfd2b67-8bad-44d5-bb62-d37ecb91f432,Fractions,42483931e56d68e9c42261f58d35373e644bda25771fa4f8ae8ae0ca87a86e43,641
3e2f2b67-8bad-44d5-bb62-d37ecb91f432,Substance Use and Abuse Standards,235cf580a873c7f912f05fb9d5e088eefb4c659fc7def79be45c5abe5d15a532,648
144b2b67-8bad-44d4-bb62-d37ecb91f432,Advanced Mid,a1337b4a031d6681d388370bdaf2f2e26591576a142e1f3be859bdf37bb6e91c,653
1ccd2b67-8bad-44d4-bb62-d37ecb91f432,"Student Outcomes Program Goal 5: By graduation, the student identified as gifted will be able to assume leadership and participatory roles in both gifted and heterogeneous group learning situations.",085c13ae2e12d31cfb80b3ce751e43544fa515aaa5798083678f3975b0aa15da,654
1dc42b67-8bad-44d4-bb62-d37ecb91f432,"Student Outcomes Program Goal 4: By graduation, the student identified as gifted will be able to think creatively and critically to identify and solve real-world problems.",5b1c0ed202f55532036c3dd5dde941419cec00b6e2ee37a1b5e43e3ae292e1cc,655
21722b67-8bad-44d4-bb62-d37ecb91f432,Financial Literacy (Discontinued after 2023-2024),f9d2a24d4ffb6e58ce1810d4c0e13e17a42394139e36c940afe5880bde76801a,657
3d742b67-8bad-44d5-bb62-d37ecb91f432,Trigonometry,16fd331ddc7ffc32ac5642efcfde11ea9fc4132c4e700c041b7cd67ea4a726c1,658
1cfb2b67-8bad-44d4-bb62-d37ecb91f432,"Student Outcomes Program Goal 5: By graduation, the student identified as gifted will be able to assume leadership and participatory roles in both gifted and heterogeneous group learning situations.",efe7709b5b8287bbf53d7612ded16f4db673c24f2969a5eea880c622ee1ba65d,664
1d642b67-8bad-44d4-bb62-d37ecb91f432,"Student Outcomes Program Goal 3: By graduation, the student identified as gifted will be able to conduct thoughtful research/exploration in multiple fields.",fc656bbfe1539e701a0133018808b8cddf47e4435259873fd0de79ade4bcdccf,665
21eb2b67-8bad-44d4-bb62-d37ecb91f432,Computer Science - Computer Practices and Programming,ceaf6126f6200510835d96488203b49207e42272ea5385f8097a90641fc4d3bf,666
15222b67-8bad-44d4-bb62-d37ecb91f432,Operations and Algebraic Thinking,d78aa5e9ccb9f26dffbc8c8c20844e042cf21a1f6f512830bea9e2ad9571442b,670
3e242b67-8bad-44d5-bb62-d37ecb91f432,Substance Use and Abuse Standards,ee12af9aff5355c5cc002f568a6c3a5380438c3002a6e2af1d1b05776c8e7635,673
15802b67-8bad-44d4-bb62-d37ecb91f432,Geometry,da1af57f8a7ccf789eff9ded57d236a101c652f5022986a13e499b6de4ee6e04,675
15682b67-8bad-44d4-bb62-d37ecb91f432,Statistics &amp; Probability,d623097f72ee7043993ad73a0f77d3baa19ddf30ffc4a011690c238f4a9bbd77,682
15b72b67-8bad-44d4-bb62-d37ecb91f432,Algebra: Reasoning with Equations &amp; Inequalities,869ebe96c082e76a677d7ef4f5a2b29f3b70c58ec5de6be8644fb5461e277664,683
1dc12b67-8bad-44d4-bb62-d37ecb91f432,"Student Outcomes Program Goal 4: By graduation, the student identified as gifted will be able to think creatively and critically to identify and solve real-world problems.",1fd707b0298daf60d487b40e50f5cad8b71dce2f945559d363feb152f568f835,685
13382b67-8bad-44d4-bb62-d37ecb91f432,Novice Low/Mid,382a6ed997909b70253ca8458dd49c3092aa6f0cca347f324c5a660b40da5656,704
146e2b67-8bad-44d4-bb62-d37ecb91f432,Advanced High,6923ff571e056ecee74a1ed473f46c1e9719aca79c6d4c00a3a37e02a3745144,705
1aca2b67-8bad-44d4-bb62-d37ecb91f432,Deaf and Hard of Hearing,33ca9a33dc220e801e1fc2fa083f444bd83cd12a1d6712175bbe84fda7a3aec5,707
13652b67-8bad-44d4-bb62-d37ecb91f432,Novice High,3b78c1a0c9759e28dcd4fca32d86887316c4810afbde781908d72fdd451857c3,714
137a2b67-8bad-44d4-bb62-d37ecb91f432,Novice High,7a621967382ce9fb11e45a7281effd56e1244c16372be555735ee773bc352892,715
19ff2b67-8bad-44d4-bb62-d37ecb91f432,Speech and Auditory Training,9bc7b3c521ce4e65a6f0ae4eb6a2319e56f6e811dbc4dcffdef6ce18304fb2ba,716
1ab72b67-8bad-44d4-bb62-d37ecb91f432,Visual Impairment,44fa5c45a93ba52b35b1630b936dc1f8ca661dc0d784c9432468dd86ba15f001,717
1abd2b67-8bad-44d4-bb62-d37ecb91f432,Visual Impairment,87f95e57591c466570714e5ca60e1ccceedda063f2a1f9f7b572e135b9e78b48,718
1d052b67-8bad-44d4-bb62-d37ecb91f432,"Student Outcomes Program Goal 6: By graduation, the student identified as gifted will be able to set and achieve personal, academic, and career goals.",431b68919284e71001e22f176a66775611c8babc451267142261af9145242b8c,720
1d1f2b67-8bad-44d4-bb62-d37ecb91f432,"Student Outcomes Program Goal 6: By graduation, the student identified as gifted will be able to set and achieve personal, academic, and career goals.",fcb16e291ef4efc1287eab173550e6d40e6a5119553f4f5126b657bb0e66a384,724
216f2b67-8bad-44d4-bb62-d37ecb91f432,Financial Literacy (Discontinued after 2023-2024),e28db144e34b991af362ecf21161513a446ca80e98fea044d3d4eadb16901738,725
3e082b67-8bad-44d5-bb62-d37ecb91f432,Mathematical Thinking and Reasoning,7854f62f3fda6581d35522bede013ca8cd06ba484af63fd53de026a792ab4b7e,738
16022b67-8bad-44d4-bb62-d37ecb91f432,Geometry: Geometric Measurement &amp; Dimension,687527336cb669917389956919d606eb88f59c8afda073409bd7f4d8b44bf829,740
1d18f457-8bad-45d6-bb62-d37ecb91f432,Consumer Health,ba6f60bd6988ce636484bcb50deda073f257382a329375add8b3f68d7be01135,744
21962b67-8bad-44d4-bb62-d37ecb91f432,Financial Literacy (Discontinued after 2023-2024),eff7f85365851cda833d989d3414f593f14609c81dfb589e1dc9508c64db4a46,750
3d262b67-8bad-44d5-bb62-d37ecb91f432,Financial Literacy,78a669d3a2ab2abedacc0dd187572533808fa7f1dd0cfd49929a213ee62bbc9d,751
3d7a2b67-8bad-44d5-bb62-d37ecb91f432,Trigonometry,0a562614c10a8108ab0d52290bb1ee81aafca1cfdd397ec78442ef051ded41fe,752
133f2b67-8bad-44d4-bb62-d37ecb91f432,Novice Low/Mid,df9ca0e823fcc3891121c65502b572885958a2cd0f41712088dd411c5b6c3824,766
13772b67-8bad-44d4-bb62-d37ecb91f432,Novice High,13074bfcc2359cfdb8812ed7aab3efc08d7f9328d5c583fa8f238f997de79533,767
14682b67-8bad-44d4-bb62-d37ecb91f432,Advanced High,d0ec67ecbe159c76acbb45167e068158de7556213f8a87484af09e7ed8b7f60e,768
1d241457-8bad-45d6-bb62-d37ecb91f432,Consumer Health,43f2e19004b3afacf5da0376c395606da682ba3ba42545c74736db443f4acd21,771
1d252b67-8bad-44d4-bb62-d37ecb91f432,"Student Outcomes Program Goal 2: By graduation, the student identified as gifted will be able to create, adapt, and assess multifaceted questions in a variety of fields/disciplines.",fbaf223b3f716443a1e8c3c25a26178613dd49e5048688fc0b6b89591cafb815,772
1d562b67-8bad-44d4-bb62-d37ecb91f432,"Student Outcomes Program Goal 3: By graduation, the student identified as gifted will be able to conduct thoughtful research/exploration in multiple fields.",09893011a5badc3e8ca9165cd397fcc04c7a7e19e780441a285b080df04fc030,773
3b2c2b67-8bad-44d5-bb62-d37ecb91f432,Vocabulary,f518a402a133ee218ad2efc2533c3506402d95cc040a9d22645045e99634389b,779
13332b67-8bad-44d4-bb62-d37ecb91f432,Novice Low/Mid,09feec42a3857e7c33b31c7adf936bed94a5135a77b93e94aec59322858198c9,782
1cb52b67-8bad-44d4-bb62-d37ecb91f432,"Student Outcomes Program Goal 1: By graduation, the student identified as gifted will be able to critically examine the complexity of knowledge: the location, definition, and organization of a variety of fields of knowledge.",b813aa4c2e35b982c39c860f07a21980408d5356919cdbfb264120053402e4fd,784
1d23e457-8bad-45d6-bb62-d37ecb91f432,Consumer Health,c6f899c84344535cd7046591309de081f1cd5a4f04d9f0663896432fd91ba04a,785
149f2b67-8bad-44d4-bb62-d37ecb91f432,Superior,d4c02f204bc3c932fc3a2c8d6afb17677907f7366b7dc480ad36e77aa7911e07,792
15dc2b67-8bad-44d4-bb62-d37ecb91f432,Functions: Trigonometric Functions,7d83e6345defcb7b10c58c12e7a46e5927a3a3f175a55c42b23230b5c446434e,793
3d332b67-8bad-44d5-bb62-d37ecb91f432,Financial Literacy,f0187b957bd4092059ff41747abce3ca4349916905c6630b1bbec03116c9ef5d,800
18482b67-8bad-44d4-bb62-d37ecb91f432,Reading Standards for Literacy in Science and Technical Subjects 6-12,1dbda9d96db747d53df0907f8ba326f8a34a81da498f4377f7ad3fc049d0cc7f,806
1d402b67-8bad-44d4-bb62-d37ecb91f432,"Student Outcomes Program Goal 6: By graduation, the student identified as gifted will be able to set and achieve personal, academic, and career goals.",12c8ce37a55759a5071cdc8868778f6592999e403c9866e3ee1851e61fbd47a5,807
21c42b67-8bad-44d4-bb62-d37ecb91f432,English Language Development for English Language Learners,38a8d4a72d287b9d9abadce9e966957cfad1495951904132178ff3024a2d5ba9,809
132b2b67-8bad-44d4-bb62-d37ecb91f432,Counting and Cardinality,b4855dee92442849094d47ef9432427058084667844ae83898459fe17ddf9ae5,813
17624457-8bad-45d5-bb62-d37ecb91f432,Consumer Health,ade5d0444cb72c0d2724227b48e30028e50f7ababea0dcb31d3a82e89394cc64,814
3db02b67-8bad-44d5-bb62-d37ecb91f432,Logic and Discrete Theory,798cfa9fafa2116f92e19e79a0305636b68a3c168fb49c733298754bd839d016,833
15072b67-8bad-44d4-bb62-d37ecb91f432,Operations and Algebraic Thinking,2310b3d7b8da21cb3907c34cbfca998d5b9a4cd8ebd47bdb8e094ed5ecab05ed,838
186a2b67-8bad-44d4-bb62-d37ecb91f432,"Writing Standards for Literacy in History/Social Studies, Science, and Technical Subjects",99f8fa3f2e13ae1c1bfb3c07def1c7a54b4a00eda4867d0714c337e846bb2ec9,841
136f2b67-8bad-44d4-bb62-d37ecb91f432,Novice High,877c666d59f8749edaab1c47491c18583263608479c4be93a9b20e908c3ef9b2,846
13f72b67-8bad-44d4-bb62-d37ecb91f432,Intermediate High,badddd91296e38bd638a3150fb153eb3da8dce89eed344fb59863b9145a9c090,847
15772b67-8bad-44d4-bb62-d37ecb91f432,Expressions &amp; Equations,317c5fc191e0d95cfcee4fe08401a6e3a93cbf67705b7dfb81c3c60571ac813b,852
3bd42b67-8bad-44d5-bb62-d37ecb91f432,Fractions,8b18eef785eb582a8eeffb231256b96b70a63527acf270e200bb230b472d4557,856
13762b67-8bad-44d4-bb62-d37ecb91f432,Novice High,6c3a66fd03e860d821c7de81e531e4f959758be68ea9bf809d72733f1076af95,860
18452b67-8bad-44d4-bb62-d37ecb91f432,Reading Standards for Literacy in Science and Technical Subjects 6-12,233b912824a859004decb94ac1b6545a893ccb8e1d4325f455da4865fbd84007,862
1ac92b67-8bad-44d4-bb62-d37ecb91f432,Visual Impairment,ab7da0853c4a07ca73747ebce0615628a297c5fb48b73f1b611de49b7f81a32e,863
1cf22b67-8bad-44d4-bb62-d37ecb91f432,"Student Outcomes Program Goal 5: By graduation, the student identified as gifted will be able to assume leadership and participatory roles in both gifted and heterogeneous group learning situations.",e22ef99b9be20e922a91441411f0092e8ebc90d7e451733d221986fb609cc685,864
14ee2b67-8bad-44d4-bb62-d37ecb91f432,Operations and Algebraic Thinking,369a87fda7f4692b54d9e7e3e005b9bd1c6d5c33ada34fa897ff77bc58a6fc5f,872
3dc52b67-8bad-44d5-bb62-d37ecb91f432,Logic and Discrete Theory,2b1f0f2ccb78d65ceab70963f51fcdb1f8bebc5159ed7c0abe0c7f594305cf38,877
138d2b67-8bad-44d4-bb62-d37ecb91f432,Intermediate Low,d025a4f6985e837776cde0343abfaae3fa47f0b1241af6d19f47d025f48f0f92,884
139d2b67-8bad-44d4-bb62-d37ecb91f432,Intermediate Low,10d3790869412b547890ca8a20dc5e35d441a16d4962daaa5ca384bffc981bb8,885
137f2b67-8bad-44d4-bb62-d37ecb91f432,Novice High,78df35048f41f601cbcf9b055a9bafc75b01e47b4fc597fc1754faac6ad32a33,894
13fd2b67-8bad-44d4-bb62-d37ecb91f432,Intermediate High,006404dc3f04102d9f9a8f718d6cab00805236da18d40aee31177a996095f090,895
143f2b67-8bad-44d4-bb62-d37ecb91f432,Advanced Mid,1a58dccff0b0efba62c59849aea97794a97e9bd54df71e6304ed1f36af2405c2,896
21842b67-8bad-44d4-bb62-d37ecb91f432,Financial Literacy (Discontinued after 2023-2024),21ca983cc10d0fa2fc9bc091b230207abb99a44e5b3ea4a0baa055823f2764f1,902
17679457-8bad-45d5-bb62-d37ecb91f432,Consumer Health,b41c57ab959327ccd79bfebaa2351d0ff425bc8ebf1bb3ee4c10ba20d740287c,912
1ce22b67-8bad-44d4-bb62-d37ecb91f432,"Student Outcomes Program Goal 1: By graduation, the student identified as gifted will be able to critically examine the complexity of knowledge: the location, definition, and organization of a variety of fields of knowledge.",99c26c3be2c8f3d007702773071a7a8700e5f59ce078b50a68ced163a92dbfef,914
13302b67-8bad-44d4-bb62-d37ecb91f432,Novice Low/Mid,593bd7f5a72778f6296ae82fa9ab6ad5d60a7e95e689cd871a2ab03b9d082992,918
13842b67-8bad-44d4-bb62-d37ecb91f432,Intermediate Low,f7742e25a21bd0112aa8a3f9dc0cff5395e7a67784e513718a7571aeed5b78ac,919
13a32b67-8bad-44d4-bb62-d37ecb91f432,Intermediate Low,a56619a855b3c93fd3fad361672e268afd853a3fcb8a2ad7dc01d9263543fae8,920
15062b67-8bad-44d4-bb62-d37ecb91f432,Operations and Algebraic Thinking,9d12e006b439e514559c57f511dd272166e5d6046e23746de9dac1bf33458fe1,921
1b572b67-8bad-44d4-bb62-d37ecb91f432,Speech and Auditory Training,77b28aba55a66aa714f8dc2f26ec6d02b741539404782f51ccfed8a807f6c56d,923
1d1d4457-8bad-45d6-bb62-d37ecb91f432,Consumer Health,2f4ab8da3d1953daf796538121c36df1ce5b4b1b1da1cf555f98361210c52b3b,925
14472b67-8bad-44d4-bb62-d37ecb91f432,Advanced Mid,ed9024949d36157bb8cf1539ec8231580c7284ec725f494be4a904d89d47c2a3,932
1d4a2b67-8bad-44d4-bb62-d37ecb91f432,"Student Outcomes Program Goal 6: By graduation, the student identified as gifted will be able to set and achieve personal, academic, and career goals.",22b0ef96115416729e6b354f789218f0f819c5531b6e3033c06cccca60f5ffba,933
15632b67-8bad-44d4-bb62-d37ecb91f432,Geometry,4467d5c68698d4194170bdeb95c3eccff65e1de8e1e50540eefc8bd44b053a7a,939
21872b67-8bad-44d4-bb62-d37ecb91f432,Financial Literacy (Discontinued after 2023-2024),64545911b29d6942afc1482a931016b7f41a79dc205c916692f21ae25e379832,943
14cc2b67-8bad-44d4-bb62-d37ecb91f432,Measurement and Data,f20b4eae67ed614065a21083840e805e34900edd08d5cf5abc71becc92a558f3,950
16a02b67-8bad-44d4-bb62-d37ecb91f432,Reading Standards: Foundational Skills (K-5),a62d31768d4deef6daaa40bad0eee97ba9c86224316ee56687a687ae4ddff7c6,951
3acd2b67-8bad-44d5-bb62-d37ecb91f432,Vocabulary,72cbdd0545e29040030b7fcbf00e6a906ef608cfb1949180cd8ac756f8eaabf0,963
14ec2b67-8bad-44d4-bb62-d37ecb91f432,Operations and Algebraic Thinking,f67bf2cd5f83193a5b078a24dc0181ac435562c60da21545fead927851d104c1,966
15672b67-8bad-44d4-bb62-d37ecb91f432,Geometry,8eb553ef4973e82a3c07514c2498af11b1fc10f99e8c0c6537866f8220fbc31c,967
133c2b67-8bad-44d4-bb62-d37ecb91f432,Novice Low/Mid,1da856c4e201bd8530cf56a4e7407ca5fd4814038b43077ee7224713eee04349,975
16042b67-8bad-44d4-bb62-d37ecb91f432,Geometry: Geometric Measurement &amp; Dimension,89227d455201d80315657d6eef22da3fa63d6d75ddf4d41028c0603600586650,976
13b22b67-8bad-44d4-bb62-d37ecb91f432,Intermediate Mid,1e0d0c113200290e95150560d66614e7d5972c236655f1b9b81eea4eea5a1531,984
216e2b67-8bad-44d4-bb62-d37ecb91f432,Financial Literacy (Discontinued after 2023-2024),9e726d3b0e065585a27b4c1bb371a1caff65e4beb6a311827900f7dd4785e22b,987
3bd52b67-8bad-44d5-bb62-d37ecb91f432,Fractions,6fabf72b12eb5764874b5c467b03198777cc911cc5df5abb2d5f3f92fc2f62aa,992
169e2b67-8bad-44d4-bb62-d37ecb91f432,Reading Standards: Foundational Skills (K-5),9dae74f7e62c6d32ece514b19e2f88301a36b38aa5aefea28c101d40e604395a,996
1db32b67-8bad-44d4-bb62-d37ecb91f432,"Student Outcomes Program Goal 4: By graduation, the student identified as gifted will be able to think creatively and critically to identify and solve real-world problems.",c8d2d4fb23b59a44c9fc1a5e57b4aea5d5426a7ee08602c746f949fc8192838e,998
1d412b67-8bad-44d4-bb62-d37ecb91f432,"Student Outcomes Program Goal 3: By graduation, the student identified as gifted will be able to conduct thoughtful research/exploration in multiple fields.",ab4c12a4dcaaf38c748d7d57193366c49fa94dab0de3a37153a129a435eea7b0,1006
3b7d2b67-8bad-44d5-bb62-d37ecb91f432,Vocabulary,49d7f10406258614e867d997775912f45a14882dbabba28f4f6f097fbd3b95ba,1007
169d2b67-8bad-44d4-bb62-d37ecb91f432,Reading Standards: Foundational Skills (K-5),1c37f328a084ef30dfb1936f64c3b23a3dc3eb5712863db87ef8429dfb177551,1014
1cb92b67-8bad-44d4-bb62-d37ecb91f432,"Student Outcomes Program Goal 1: By graduation, the student identified as gifted will be able to critically examine the complexity of knowledge: the location, definition, and organization of a variety of fields of knowledge.",dce5a49bae2dd478c86ab5cf1bfba4ffa54ade3f51d214dbe59a064b0edde364,1015
1cee2b67-8bad-44d4-bb62-d37ecb91f432,"Student Outcomes Program Goal 1: By graduation, the student identified as gifted will be able to critically examine the complexity of knowledge: the location, definition, and organization of a variety of fields of knowledge.",3f122e8b467cca362343309edd694faf03df3af7892b83760d12a75d87abe6e5,1016
1cf52b67-8bad-44d4-bb62-d37ecb91f432,"Student Outcomes Program Goal 5: By graduation, the student identified as gifted will be able to assume leadership and participatory roles in both gifted and heterogeneous group learning situations.",f39c7524f7ade14f8a59831b9bf16f2f16017a44eb5666d41dc5dff15fb6b3a3,1017
13e52b67-8bad-44d4-bb62-d37ecb91f432,Intermediate High,1f7cd57e53ddfe453a485ef01b820776a27cf2a0cc21338d0df2a569dd34d12d,1023
144c2b67-8bad-44d4-bb62-d37ecb91f432,Advanced Mid,5823f6d74a5d9d5d1be9639cc61b281ed3d0f1ef816e4d5aa230cdae42d0504a,1024
1b2d2b67-8bad-44d4-bb62-d37ecb91f432,Deaf and Hard of Hearing,cb8470af6b7a15f6690c9b2ea34edeb830cc546800556439ec3820b64516af15,1025
15302b67-8bad-44d4-bb62-d37ecb91f432,Number and Operations - Fractions,fadd8e365e3c58f3aba80dd30697962c7dc4a6366c58ada7ced79fa3123428f2,1036
15992b67-8bad-44d4-bb62-d37ecb91f432,Number &amp; Quantity: The Complex Number System,d4941049a9fb15240a2a25d05b8d9174a683dae00e2f297da80cbddf48197d91,1037
15b82b67-8bad-44d4-bb62-d37ecb91f432,Algebra: Reasoning with Equations &amp; Inequalities,1762cb710c9534e99e144f6ac9ddcd9d12093b5b46ee48703c5b7cccdb800640,1038
184d2b67-8bad-44d4-bb62-d37ecb91f432,Reading Standards for Literacy in Science and Technical Subjects 6-12,d2b4919a09e6974e3a95bf492e6585234f210563d76d03403f92dc29ba7c9425,1039
1cde2b67-8bad-44d4-bb62-d37ecb91f432,"Student Outcomes Program Goal 5: By graduation, the student identified as gifted will be able to assume leadership and participatory roles in both gifted and heterogeneous group learning situations.",853dee99543225f6c3bb0cf520df45e1296b557c173ec6ed4fd24c5c964b5f29,1043
1d232b67-8bad-44d4-bb62-d37ecb91f432,"Student Outcomes Program Goal 2: By graduation, the student identified as gifted will be able to create, adapt, and assess multifaceted questions in a variety of fields/disciplines.",6ef2d31f02346b7915d11c763afc2e700b4a7247e0e3bb404065316219d0ea6d,1045
14a02b67-8bad-44d4-bb62-d37ecb91f432,Superior,f33f5e15a4cf1365dceda5a8a693364851a180c96173133adbee38c1d99205b9,1052
133d2b67-8bad-44d4-bb62-d37ecb91f432,Novice Low/Mid,5ac9cb4a125a558e249dfc9ee7fa7f0b645b173ddb30bf2c08900a29202665a6,1057
15f12b67-8bad-44d4-bb62-d37ecb91f432,"Geometry: Similarity, Right Triangles, &amp; Trigonometry",2b8a6059febfceffbe6f62f5885a07bbcaac56323725a3332cba8255d5c9f5c0,1058
146d2b67-8bad-44d4-bb62-d37ecb91f432,Advanced High,8573fcd342456c05901c08304fffeb24ea07765501dafd9709540497d25e1196,1063
1ad82b67-8bad-44d4-bb62-d37ecb91f432,Therapies,667d4d8c71b944cc490f9404691a103bcdbb0aae2313ba91747a8d758673a517,1065
21732b67-8bad-44d4-bb62-d37ecb91f432,Financial Literacy (Discontinued after 2023-2024),48afbad702c8c8d8d7ddaf4c7275837043cc7fa286252f7e3fb5d8890e341960,1071
22c02b67-8bad-44d4-bb62-d37ecb91f432,Computer Science - Computer Practices and Programming,5b7c5a7eed1066a4da4f4303eb8667559e1b7043afd000b84d1bc46b5c107532,1072
1a742b67-8bad-44d4-bb62-d37ecb91f432,Visual Impairment,8c18090ecabcd11a89e9a1f5ac63be3e79fb8697eedd5a657f2d82743ae85241,1076
1b3e2b67-8bad-44d4-bb62-d37ecb91f432,Deaf and Hard of Hearing,f6944e188141abf43b3a7901d82b6ee10036ae00b8d1e5979c191275e35edb0e,1078
1b3f2b67-8bad-44d4-bb62-d37ecb91f432,Deaf and Hard of Hearing,db3bef5974a68715edf3f25ab26def481a8ed83fbf15e60d555bbae0282b13cd,1079
21892b67-8bad-44d4-bb62-d37ecb91f432,Financial Literacy (Discontinued after 2023-2024),8c7df5273a1a935f0efb186da20c50e93c336394e286c3da247d63a2a7ffb51e,1083
3e372b67-8bad-44d5-bb62-d37ecb91f432,Substance Use and Abuse Standards,a54260b60b78bfd33b421152235938a3b856140704c8c7907889792fadac965b,1086
14772b67-8bad-44d4-bb62-d37ecb91f432,Advanced High,8f707e241f1a370a3dc792f3cf26e2d1159e5ef11ff5c515feb16430f6d0bca5,1088
18622b67-8bad-44d4-bb62-d37ecb91f432,"Writing Standards for Literacy in History/Social Studies, Science, and Technical Subjects",af3b359f05722d76d42d5dfd548c5ef27d033f19119ba108b0ac1365debd4b6b,1089
217b2b67-8bad-44d4-bb62-d37ecb91f432,Financial Literacy (Discontinued after 2023-2024),1b2dcb4383ba7f0ea644eb33bf459f6b8f49bb266b5a4d79abd88cbe2d0d5ac7,1090
14302b67-8bad-44d4-bb62-d37ecb91f432,Advanced Mid,cf168b242032cbcb1d060765a430e5d6f8d5a48f875edb43e90e3423d494a73d,1095
1da62b67-8bad-44d4-bb62-d37ecb91f432,"Student Outcomes Program Goal 4: By graduation, the student identified as gifted will be able to think creatively and critically to identify and solve real-world problems.",9b54c6002e3d5381496153bf1eb531b04ad3a784872081ee18e2c90acf9fffdf,1098
1dad2b67-8bad-44d4-bb62-d37ecb91f432,Student Outcomes Program Goal 7: By graduation the student identified as gifted will be able to develop and deliver a variety of authentic products/performances that demonstrate understanding in multiple fields/disciplines.,24a98137440552e157905c93939bc7e6044cd8a5cb54ea963ce3fd0edd9742aa,1099
15de2b67-8bad-44d4-bb62-d37ecb91f432,Geometry: Congruence,a6466b84b0e7f865fa8ba8df7e6f084a064a1c70a5a449e1ea23a8b17357bcda,1109
18122b67-8bad-44d4-bb62-d37ecb91f432,Reading Standards for Literacy in Science and Technical Subjects 6-12,a60f53083007d7e67520da8ce70298402ff070e3f5718b1bc19021e98667eb51,1117
1d4c2b67-8bad-44d4-bb62-d37ecb91f432,"Student Outcomes Program Goal 3: By graduation, the student identified as gifted will be able to conduct thoughtful research/exploration in multiple fields.",f2c03bb022963404e17f9ac9fdefdd8c1d3dad840100b6c70478cd4315fed9ef,1119
1d9c2b67-8bad-44d4-bb62-d37ecb91f432,"Student Outcomes Program Goal 4: By graduation, the student identified as gifted will be able to think creatively and critically to identify and solve real-world problems.",bf1d11294d6a385508e705ee8d225d1e7c5b12144d7a916e64d1e5b3d2eb395b,1120
14812b67-8bad-44d4-bb62-d37ecb91f432,Superior,691af19a48106e94b704f41f2445d3946af8912504e10f27ed5366797c8df762,1121
18182b67-8bad-44d4-bb62-d37ecb91f432,Reading Standards for Literacy in Science and Technical Subjects 6-12,6e14ed530e11a7ea05ae26387745813d9d4076ca7bd6d72c7863dbdaa06771ab,1122
18402b67-8bad-44d4-bb62-d37ecb91f432,Reading Standards for Literacy in Science and Technical Subjects 6-12,18bfc186b56a4175be414a2bbe978a70842aabd7dc596e7d618f9f8a4da7ee63,1123
1d492b67-8bad-44d4-bb62-d37ecb91f432,"Student Outcomes Program Goal 3: By graduation, the student identified as gifted will be able to conduct thoughtful research/exploration in multiple fields.",a96a8f210bac6f64c3894884f93a0383f6dade155ae617ba485e8e0194c3f57a,1124
3d692b67-8bad-44d5-bb62-d37ecb91f432,Trigonometry,fea03178b1a4b78ffd13deed6af21b0969d2bda191575aa97c675c646f505b69,1126
14c72b67-8bad-44d4-bb62-d37ecb91f432,Number and Operations in Base Ten,b6b29687597c09fe7f07d0b1567262454a4551263df8a9add7d60bad27ef9cf2,1133
3ab52b67-8bad-44d5-bb62-d37ecb91f432,Vocabulary,c9af14c7e78560275e33f5c2e62b836970d23ba2d290ecc2af2c378f31f6f46d,1134
13872b67-8bad-44d4-bb62-d37ecb91f432,Intermediate Low,2cb29c65392029108eb3feb124754de23d69f6e6dcc9b938ae5c075eba9eec63,1136
14062b67-8bad-44d4-bb62-d37ecb91f432,Advanced Low,85c1da0ad1dfecc6f1992272974926bc11b8ea9e0a9c7a6669bda784adc06b26,1137
14a42b67-8bad-44d4-bb62-d37ecb91f432,Superior,8bb903e6e132b52dde2fe2b5c2dce525e605e3bf422646cc7fb6d960b08c59b3,1138
1cb42b67-8bad-44d4-bb62-d37ecb91f432,"Student Outcomes Program Goal 1: By graduation, the student identified as gifted will be able to critically examine the complexity of knowledge: the location, definition, and organization of a variety of fields of knowledge.",4c825c3942da9a8b3e54146dd0d63966d2437dbbf8ac745ba43b0ceeb4baac20,1141
1cbb2b67-8bad-44d4-bb62-d37ecb91f432,"Student Outcomes Program Goal 1: By graduation, the student identified as gifted will be able to critically examine the complexity of knowledge: the location, definition, and organization of a variety of fields of knowledge.",ceda6f785b5a2ff76b630c38db2dea061495d10f37240f34beb9500e4afa9e3e,1142
1d23d457-8bad-45d6-bb62-d37ecb91f432,Consumer Health,bd222d5c2f7ffd3264667c61810ea0b5f66e1465dabb881e76b44e2fdbf4684f,1143
3d172b67-8bad-44d5-bb62-d37ecb91f432,Functions,ed4be5a41c8ab7bda64637b8348c1fe8593ebbcf305578792df2fc60ee4e9edb,1149
15a52b67-8bad-44d4-bb62-d37ecb91f432,Number &amp; Quantity: Vector &amp; Matrix Quantities,29a4f1a7016047bd115a14836c156323bf039a37149a53a7031a8608268b13e0,1154
1d217457-8bad-45d6-bb62-d37ecb91f432,Consumer Health,ecc46d9afc409a5514e6f1be1cbce4a8421d9f78f28e1267f1aeb701910a93ef,1155
3b622b67-8bad-44d5-bb62-d37ecb91f432,Expectations,1b3e1ef5f1afcf563cfa06915a32a15e012f56e2d11c8b5bc4258e4bcb2408b3,1156
138c2b67-8bad-44d4-bb62-d37ecb91f432,Intermediate Low,33fd9e5dea8ba39c15874e21deea0bfaa42f21244f4f8e0b1c448c074b015627,1162
1a462b67-8bad-44d4-bb62-d37ecb91f432,Visual Impairment,1d4ca783248c63a498c5001c71672857be9dd179a298923ab6e55491d37d3042,1164
3f442b67-8bad-44d5-bb62-d37ecb91f432,Holocaust Education (Starting 2023-2024),3fd609595b3b3da7868dd9fffdbdea75ba6536df6890230c6b8caf0f1302c2e1,1168
150e2b67-8bad-44d4-bb62-d37ecb91f432,Number and Operations in Base Ten,262bd895b4d09d4d2b6534a794d67707f8a79c86738c180b2911dbfb10ddf55a,1174
15ca2b67-8bad-44d4-bb62-d37ecb91f432,Functions: Interpreting Functions,9813e6de74c3de7bb92eb2e8a1c5c22381a7803c59b78ff4e3dd74ed7534b7e1,1175
181a2b67-8bad-44d4-bb62-d37ecb91f432,Reading Standards for Literacy in Science and Technical Subjects 6-12,36406b2b90f103a389a9e9757e1a5ac4abbeed9511ca6e00dec8dca361099d84,1177
134d2b67-8bad-44d4-bb62-d37ecb91f432,Novice Low/Mid,96f5dbb81ca977e671a40481547759410b06bd29e8fa331216011c8679df7d84,1187
149c2b67-8bad-44d4-bb62-d37ecb91f432,Superior,3d46b80340a5e2137f698baa4ebd67d7348b725a75f8a6b4fdba1349432242bb,1188
15092b67-8bad-44d4-bb62-d37ecb91f432,Operations and Algebraic Thinking,6f75a07e49b793296c6cbf1fcb194dff27c05fd228450985c7108900c165a96a,1189
13582b67-8bad-44d4-bb62-d37ecb91f432,Novice High,3093e1989f35e5135b4e3a517f48b9cc7bf8e4647825332e72525f107ed783f7,1197
13522b67-8bad-44d4-bb62-d37ecb91f432,Novice Low/Mid,c10db7bb77627ab248a6832c63834ca71cfadb6a905908f7a57495635fd98c2a,1204
14902b67-8bad-44d4-bb62-d37ecb91f432,Superior,1239fd55136a602d37fa1bb07ab9ea329730167b3b36b89856864de2711e67b8,1205
14c12b67-8bad-44d4-bb62-d37ecb91f432,Operations and Algebraic Thinking,bbddb000eea3092f2d9a97d1783a2c82fdba06247551a767e49c61933dd3833b,1206
161c2b67-8bad-44d4-bb62-d37ecb91f432,Statistics &amp; Probability: Conditional Probability &amp; the Rules of Probability,4e1526d4bc0b7a56faa7673380ee7f8bdb57a17ad3da0cc6ff156f914ecd8e9d,1207
169b2b67-8bad-44d4-bb62-d37ecb91f432,Reading Standards: Foundational Skills (K-5),beaf8b5e79a934aeb7f6dee50f6550dd4a857645fa659ddb56cd4d82eee92fc0,1218
1cd92b67-8bad-44d4-bb62-d37ecb91f432,"Student Outcomes Program Goal 5: By graduation, the student identified as gifted will be able to assume leadership and participatory roles in both gifted and heterogeneous group learning situations.",77d38d5def46236cf247079efc3c6c63e935643cb6608950216e9fd972f55752,1221
e2b1b207-8bad-43d4-bb62-d37ecb91f432,Humanities,f79e70956e1f10c3ab21e30a8786d766547bab015752c14b7efd799374fe7bf7,1227
182b2b67-8bad-44d4-bb62-d37ecb91f432,Reading Standards for Literacy in History/Social Studies 6–12,1f4e24ccaf95151c028ff67b3477266b02e0750086e0a1334b8777ac73835ecd,1232
22c52b67-8bad-44d4-bb62-d37ecb91f432,Computer Science - Computer Practices and Programming,418f9b161860176a96a6e3f37f2f68812e0e8ef07ee4a8ebeac98cbbd2d9b4d6,1237
15dd2b67-8bad-44d4-bb62-d37ecb91f432,Functions: Trigonometric Functions,63ae9f7688c24257b69e01f24e7eecdf065bf425b679c2bbd2f44c9ceca56cdb,1243
160b2b67-8bad-44d4-bb62-d37ecb91f432,Statistics &amp; Probability: Interpreting Categorical &amp; Quantitative Data,6a67d2108d35890091bb0a1221e5dcd85d678d9412e810d2116d6c95186a86f4,1244
16122b67-8bad-44d4-bb62-d37ecb91f432,Statistics &amp; Probability: Making Inferences &amp; Justifying Conclusions,0889904acd70cb4eef0c411a91abc62f092987154ca113bbeb1a7649eb355c87,1245
1d382b67-8bad-44d4-bb62-d37ecb91f432,"Student Outcomes Program Goal 6: By graduation, the student identified as gifted will be able to set and achieve personal, academic, and career goals.",e38a123eeb847c0d34d7264d658e5fc3def220523f6ffd74692ccf1997378d52,1247
159f2b67-8bad-44d4-bb62-d37ecb91f432,Number &amp; Quantity: Vector &amp; Matrix Quantities,f173e6cb17ef4c486b6f335cb0616f58bfee3cfddae4849e69046f3f4282dbbf,1254
3e162b67-8bad-44d5-bb62-d37ecb91f432,Financial Literacy,3779e3c4421fead841a3cd412d2bb362c3fffe7a90edcf6d979b474d5dc5b934,1260
13f32b67-8bad-44d4-bb62-d37ecb91f432,Intermediate High,8ab38ae8861a91cbc01374cd815de206da624f75fd1debd3eb7ce7b561a2e67e,1265
1d5b2b67-8bad-44d4-bb62-d37ecb91f432,"Student Outcomes Program Goal 6: By graduation, the student identified as gifted will be able to set and achieve personal, academic, and career goals.",d6720057d9787141777ccfc547b07807b4282ef04825077b6c8ad9e6e9d07832,1269
3d2a2b67-8bad-44d5-bb62-d37ecb91f432,Financial Literacy,9774812e356343f6d7725ed8eb61a49c671178646b299fd8490d2bb58859d662,1273
13d42b67-8bad-44d4-bb62-d37ecb91f432,Intermediate Mid,3f2f88d020ba1038e1d7aa6775590ead68581677ab88e1066a2d9e87ad5b3ff5,1279
18082b67-8bad-44d4-bb62-d37ecb91f432,Reading Standards for Literacy in History/Social Studies 6–12,627c402de882bc6530b1d35ef2d4f094d25b8dd6c323cfab7525a0b794c4dc58,1281
13c52b67-8bad-44d4-bb62-d37ecb91f432,Intermediate Mid,9fa68816387e4175e9e3a91eefb426d0349b4626db07065bc7f8025ca1c6f1df,1287
3e312b67-8bad-44d5-bb62-d37ecb91f432,Substance Use and Abuse Standards,6314ebeb4ec35ec2cce486e308b9eb6a17617b5ef5d8ab9435aa785a465eeffd,1293
13d62b67-8bad-44d4-bb62-d37ecb91f432,Intermediate High,1222af8c4d477f0e51b5377d324a9a8a71ee9ac68cf4e1a4f2cfa71fc72b0a9e,1296
15412b67-8bad-44d4-bb62-d37ecb91f432,The Number System,5efc72b03c50a0e3466b59b1e5097a71f3028ed12b68e6e0544ff3a4d379c66a,1297
1d1d3457-8bad-45d6-bb62-d37ecb91f432,Consumer Health,6e5a0aa5bd0142d6d28242ca4487940cd7757d209944e3e67ccb966c165a2dd1,1298
13b12b67-8bad-44d4-bb62-d37ecb91f432,Intermediate Mid,69bddea73bbe0c11378bf226336da47765a4ba3c05c6d6e96ed3b69e319ee85a,1302
13de2b67-8bad-44d4-bb62-d37ecb91f432,Intermediate High,b561f0edb2410ce6ee24c87cdd3434ca292788c0cfd3164206496344306cec2c,1303
1d622b67-8bad-44d4-bb62-d37ecb91f432,"Student Outcomes Program Goal 3: By graduation, the student identified as gifted will be able to conduct thoughtful research/exploration in multiple fields.",46afd663c42ad77db0e380928266cf58d6214b4572b0302028bbde6f02865a30,1304
3a9c2b67-8bad-44d5-bb62-d37ecb91f432,Foundational Skills,0198bd9dc195d1409ae22cad835c90e55dcb8d5420f698ee146a6bda30b9fad4,1306
13712b67-8bad-44d4-bb62-d37ecb91f432,Novice High,023d45baa8b2f42ae438c218feafe8f8eca7026df9fd427a16f62a841c39ff5f,1308
15d42b67-8bad-44d4-bb62-d37ecb91f432,"Functions: Linear, Quadratic, &amp; Exponential Models",21fd29bb57dbebc89f9e1b9057a946759eac97faaada6d168e6d6e1f078acf8e,1309
1b1b2b67-8bad-44d4-bb62-d37ecb91f432,Deaf and Hard of Hearing,9b5f5f608b4368101ef366683d86fec664542b22ee4530c59fd1fa6c2677fdf7,1310
1b422b67-8bad-44d4-bb62-d37ecb91f432,Deaf and Hard of Hearing,c0b0df45d0b50d963b3b26c87e7b0735c14b237a940ca50be65920fb352aeb72,1311
13462b67-8bad-44d4-bb62-d37ecb91f432,Novice Low/Mid,4026d80ee01dce52a9b72615eb0b2401acc23890dd2b800555c31c3af3b634a5,1317
141c2b67-8bad-44d4-bb62-d37ecb91f432,Advanced Low,08fe9a00ceefdd47788fc4e2cc81888224b73f1bad3d523e6da4e9c273e8e9ff,1323
184a2b67-8bad-44d4-bb62-d37ecb91f432,Reading Standards for Literacy in Science and Technical Subjects 6-12,8251086df6e8cd0625d40917e31b317eeda59cbc86429579f3d579cb0c61516c,1325
14922b67-8bad-44d4-bb62-d37ecb91f432,Superior,13a80ad1a1fad47620526d144d776e245fddb44c58f839dd8cde7052f18df8c3,1331
13392b67-8bad-44d4-bb62-d37ecb91f432,Novice Low/Mid,43370d622a19316723ded0c4fc5277757cd3886e20f39997b965d2b2c3327db5,1338
148c2b67-8bad-44d4-bb62-d37ecb91f432,Superior,d1dd23eee7534c2460ea8abed1fa958fe357a20c374f0537392f454d40cf2b9a,1339
1d982b67-8bad-44d4-bb62-d37ecb91f432,"Student Outcomes Program Goal 4: By graduation, the student identified as gifted will be able to think creatively and critically to identify and solve real-world problems.",4a8eaf4f7479a6cd334924ef30959ceeda8f1df66c64a2f9f990614dfa92802c,1340
3b7e2b67-8bad-44d5-bb62-d37ecb91f432,Vocabulary,d9f4b5643b4a23dbb7f823be8eb0ee4f041503c4dc917ce8bce17e54d7f4a6af,1344
1b582b67-8bad-44d4-bb62-d37ecb91f432,Speech and Auditory Training,303df64fd816b00f58235dc20d88e61144ae89ddf2b1d7e8382a4de5dd76ed8a,1350
1d952b67-8bad-44d4-bb62-d37ecb91f432,"Student Outcomes Program Goal 4: By graduation, the student identified as gifted will be able to think creatively and critically to identify and solve real-world problems.",1bef9ef4f9676bbd427096a9cb7ad175f6e721510f10c350a2bfb71b7b67fb89,1351
14aa2b67-8bad-44d4-bb62-d37ecb91f432,Counting and Cardinality,3313e9a41c04a8d0331d001522866d1be5588560c142f00fa96033a9256f76da,1357
14d52b67-8bad-44d4-bb62-d37ecb91f432,Number and Operations in Base Ten,86c649ae2722d2d24fae544f10f3cbac55f23667d60ef611152c485294f727b7,1358
1dba2b67-8bad-44d4-bb62-d37ecb91f432,"Student Outcomes Program Goal 4: By graduation, the student identified as gifted will be able to think creatively and critically to identify and solve real-world problems.",8aefd30f082c029abd0b685a200fcfd7c65ffd2c070de6904102c41bbb4ece99,1359
1ac12b67-8bad-44d4-bb62-d37ecb91f432,Visual Impairment,45e081b06db1311a7e29eb16061b7c7bfd6133ca22dbd2b80b283e4c5735f7a6,1368
1b362b67-8bad-44d4-bb62-d37ecb91f432,Deaf and Hard of Hearing,7078b212954829eb677c5d41f74254e0f5f817efc719801bf1a8633d90a87d66,1369
217e2b67-8bad-44d4-bb62-d37ecb91f432,Financial Literacy (Discontinued after 2023-2024),a600856652920052decb56d2934e147c1c1a658f01fd1552dbe9b3ca38694a7f,1386
22702b67-8bad-44d4-bb62-d37ecb91f432,Computer Science - Computer Practices and Programming,f745c6471aef40ad5086f5953aca71cbb737d61dabef6d5e575ea539268801d6,1387
3b432b67-8bad-44d5-bb62-d37ecb91f432,Vocabulary,cb627b11d23817b7e17dcbf33a39f4481a2cd3e027ef3b28dd4dca5e16e47565,1388
14462b67-8bad-44d4-bb62-d37ecb91f432,Advanced Mid,dd91319de1d59c77afb6733922ee65177f325e174d10d444dc4f8bae871b745e,1392
15792b67-8bad-44d4-bb62-d37ecb91f432,Expressions &amp; Equations,658b439afa93dbb93ccadfb69d2c0c019925cca846374586bbbf8293a6d5ed21,1393
1d9b2b67-8bad-44d4-bb62-d37ecb91f432,Student Outcomes Program Goal 7: By graduation the student identified as gifted will be able to develop and deliver a variety of authentic products/performances that demonstrate understanding in multiple fields/disciplines.,271d6af7796b33a5c41110f71867bdadbcc9ba4b25ee6bd4e44cd35c74960fcd,1397
181c2b67-8bad-44d4-bb62-d37ecb91f432,Reading Standards for Literacy in History/Social Studies 6–12,19a00a3bd8d980f54e28ed0b380e438e7ad656bebbb4e6e8ecd40f04a827fd93,1417
18282b67-8bad-44d4-bb62-d37ecb91f432,Reading Standards for Literacy in History/Social Studies 6–12,aafb27f6246e00cab8ff8ce6d12381fc0efdc55f28050d44b182a1be573221fa,1418
3e432b67-8bad-44d5-bb62-d37ecb91f432,Substance Use and Abuse Standards,f211d913f31eb36a5f3cdeb5c491ba4bf3d8560eac8a53d46e5babeb72cebb60,1420
3e452b67-8bad-44d5-bb62-d37ecb91f432,Substance Use and Abuse Standards,bbf0e9d5d310ee914ef6a54472e0c8c44aef41131bf220f856bfb9ec236b739b,1421
14092b67-8bad-44d4-bb62-d37ecb91f432,Advanced Low,53f6f0e9f9aad383c232b4a974ac84ed059fe8e75868a2e6cacbd957844023a4,1426
1a4f2b67-8bad-44d4-bb62-d37ecb91f432,Visual Impairment,6c8988e55cc2965c4f6d4f2b14a0f5a4335db402149587e4481a2da6c2ad1ca8,1427
181e2b67-8bad-44d4-bb62-d37ecb91f432,Reading Standards for Literacy in History/Social Studies 6–12,3c1aa7eea268b062f35010098ac0b587ab95fe043535b6478ce489c635e0c4f0,1432
15cd2b67-8bad-44d4-bb62-d37ecb91f432,Functions: Building Functions,de18545b29c940f0d02cbfe83cf9cdb217cc00cbcd2df32e3a8972b30fc7c615,1440
3ab42b67-8bad-44d5-bb62-d37ecb91f432,Vocabulary,a7ae50a27f55338f47fff2c3c0305e69718d06472f2113aa48fe2fe85f080a02,1441
13bd2b67-8bad-44d4-bb62-d37ecb91f432,Intermediate Mid,d18dc7f5f7eafff31e4389117a8b2b4635b8518ce571db5f6d8481f779b0af73,1447
14c62b67-8bad-44d4-bb62-d37ecb91f432,Number and Operations in Base Ten,ab450fd0f761f09dfc36c2097e1badc40c738a5f75f934dac71234706114cdfb,1457
18142b67-8bad-44d4-bb62-d37ecb91f432,Reading Standards for Literacy in Science and Technical Subjects 6-12,3100f4ea920415dc6118afb56c66c328b0a690a2a82dbb9f8c87963b530bcb67,1458
e321b207-8bad-43d4-bb62-d37ecb91f432,Humanities,9e0171046cd004c0007007175b4b55e7e439818d8cc694e3838e00fa61dc039d,1475
1d7f2b67-8bad-44d4-bb62-d37ecb91f432,Student Outcomes Program Goal 7: By graduation the student identified as gifted will be able to develop and deliver a variety of authentic products/performances that demonstrate understanding in multiple fields/disciplines.,2da504802eede31abdbc616d8585dbe0cf486093d7ee8ca479b5fce8c9753d03,1476
13482b67-8bad-44d4-bb62-d37ecb91f432,Novice Low/Mid,150dd070724c8daaef39560ff201cfb42c47e131f6aa21a379e480b2d2b836cc,1483
1a402b67-8bad-44d4-bb62-d37ecb91f432,Visual Impairment,f747be1b2a83015670950223c3a126112271f7f73e5d5557e179972378dec8aa,1485
3d7f2b67-8bad-44d5-bb62-d37ecb91f432,Trigonometry,eae804fb89e5d2e319c84df58a6bab3ea6684521a1289cca9aae05af575b8c82,1489
14452b67-8bad-44d4-bb62-d37ecb91f432,Advanced Mid,08156b22c83e3966e2961ba415aca166666bc341082185e1e5aabf7026e7f2ff,1495
134a2b67-8bad-44d4-bb62-d37ecb91f432,Novice Low/Mid,47bb0400b08f4011adfc4ca0b5c2c8d5094a1d9f91b79dd52c415c6288d34449,1503
13882b67-8bad-44d4-bb62-d37ecb91f432,Intermediate Low,fde0ce6f843b9f00ca718fae4b06ec321d3e512347f7895911440a10297d3dac,1504
15612b67-8bad-44d4-bb62-d37ecb91f432,Expressions &amp; Equations,59a8177caef4d5714fab7a64c340dc8eddb320f734482699b1af9f92edb7be8c,1505
156d2b67-8bad-44d4-bb62-d37ecb91f432,Statistics &amp; Probability,206fab9cf86f467105497ee5bad2381b321f9e4e87e4f1e840a875bfa6d62f49,1506
1cec2b67-8bad-44d4-bb62-d37ecb91f432,"Student Outcomes Program Goal 1: By graduation, the student identified as gifted will be able to critically examine the complexity of knowledge: the location, definition, and organization of a variety of fields of knowledge.",cc28715e40c42d06e7f298a85f315f3a3485262d8134c42041badf77d2331eed,1508
14f72b67-8bad-44d4-bb62-d37ecb91f432,Number and Operations - Fractions,477f3db846e11dea67f190f0cdee72952fc7cdafc13172e1df9964955b6b697d,1520
1d3a2b67-8bad-44d4-bb62-d37ecb91f432,"Student Outcomes Program Goal 6: By graduation, the student identified as gifted will be able to set and achieve personal, academic, and career goals.",4cb3596b70973c0d9a8ece788a32f04d52df0ffab5b3f918c6f6de4f39e40f34,1527
3bf92b67-8bad-44d5-bb62-d37ecb91f432,Fractions,18b1e85fab4b72792323001e8549e20a6b8064ae80cc2a9d43aedae53769a1be,1530
3e282b67-8bad-44d5-bb62-d37ecb91f432,Substance Use and Abuse Standards,35c5f3b7ce8c93811e7ed5162b8d40c9cbc257c3720b35b86b532347db6f6feb,1531
1d732b67-8bad-44d4-bb62-d37ecb91f432,Student Outcomes Program Goal 7: By graduation the student identified as gifted will be able to develop and deliver a variety of authentic products/performances that demonstrate understanding in multiple fields/disciplines.,598ec65158afe8824198b4fd8a2141b5288a357ad2207762574c0dfa5a6b9725,1538
134c2b67-8bad-44d4-bb62-d37ecb91f432,Novice Low/Mid,ceb93ba954bcd35fa46725a85c5abfb7359df26c25c0cef1f9843a24fd0b5031,1541
1d892b67-8bad-44d4-bb62-d37ecb91f432,Student Outcomes Program Goal 7: By graduation the student identified as gifted will be able to develop and deliver a variety of authentic products/performances that demonstrate understanding in multiple fields/disciplines.,51b5b9e94b726e9a4d3ebe65396353c0280f67fcbeeecd7b9a641d88ea146e81,1543
13f12b67-8bad-44d4-bb62-d37ecb91f432,Intermediate High,25283d00a438ffc272205cc7aca620a2b0ac8ad62a498f444af61778e03a6bb4,1551
1d522b67-8bad-44d4-bb62-d37ecb91f432,"Student Outcomes Program Goal 6: By graduation, the student identified as gifted will be able to set and achieve personal, academic, and career goals.",baca526bc3b67b56f296445776af36b39a6a120b05099865cff1d0c598567084,1553
152a2b67-8bad-44d4-bb62-d37ecb91f432,Number and Operations in Base Ten,68e18a792e8454a8234f39dbced49f766167b944b1eddde5636b3104d5541ba1,1563
13b62b67-8bad-44d4-bb62-d37ecb91f432,Intermediate Mid,0ff58c9a06ab4a3354450ec168563f4b6eb50bafebface4ff9f29d8057d9adeb,1574
e331b207-8bad-43d4-bb62-d37ecb91f432,Humanities,af0e910190974a1bb2dae8c395485f955e07e74513950237db5d3ca06e66f716,1582
135e2b67-8bad-44d4-bb62-d37ecb91f432,Novice High,a99fd29d1907d8c4529850785aa3c816681ac94887fa90a872559b9b52443dfa,1583
15262b67-8bad-44d4-bb62-d37ecb91f432,Number and Operations in Base Ten,d6c30e5af39ee9d8d286478bc83c8e59dd202be4a8f9e0d50b8febee03aed8b5,1584
14152b67-8bad-44d4-bb62-d37ecb91f432,Advanced Low,bf700cfa00fc90f52d6ea551e8da99668c5a48009a06b0fdd524914f0f82f258,1588
156e2b67-8bad-44d4-bb62-d37ecb91f432,Statistics &amp; Probability,8a6395a450fa36d595723fe91ce03c3f2db3634e187f93845c0fff5739459172,1589
15972b67-8bad-44d4-bb62-d37ecb91f432,Number &amp; Quantity: The Complex Number System,3473cb86a7ca400f3ac2f3f8cb628215237b150b90ee99de13f8655b6e5e653d,1597
16112b67-8bad-44d4-bb62-d37ecb91f432,Statistics &amp; Probability: Interpreting Categorical &amp; Quantitative Data,aac333b318581909942f736df28addedafc325b1934a6350ccfaf76130395344,1598
18562b67-8bad-44d4-bb62-d37ecb91f432,"Writing Standards for Literacy in History/Social Studies, Science, and Technical Subjects",840f28f9307d58c755d529f50aa6589529bcec1d0bba08c5fd44c9c9424351d0,1603
1d1d6457-8bad-45d6-bb62-d37ecb91f432,Consumer Health,b69c3b60b808c6af6e5cf56f1d75e6039a204960a33468d39069b19e49c59b4b,1604
3d292b67-8bad-44d5-bb62-d37ecb91f432,Financial Literacy,a0b0793540f094fad66971910a8f53e9ce87f528f990395d63dc7eddd6c0ca72,1608
14ad2b67-8bad-44d4-bb62-d37ecb91f432,Operations and Algebraic Thinking,0b1165415bb1360288a85b87320a53074de597f5ec7fdc1ebbae30eae8d988f9,1617
21852b67-8bad-44d4-bb62-d37ecb91f432,Financial Literacy (Discontinued after 2023-2024),aa6b7319b370443028e2031ce3082e0f75ba091908d953b7f501cdf88aa60135,1626
158e2b67-8bad-44d4-bb62-d37ecb91f432,Number &amp; Quantity: The Real Number System,6ca8a9da74863a4bfa7e64555769fc85cf6bdda0407da2103ea96b879b0632ce,1630
18582b67-8bad-44d4-bb62-d37ecb91f432,"Writing Standards for Literacy in History/Social Studies, Science, and Technical Subjects",cb3b9abe2e8fc36c93456eed300f7bc214cf16879ae545501a7d1b12a105bdf0,1631
3ba52b67-8bad-44d5-bb62-d37ecb91f432,Measurement,167e080ab17e6c8aaed7295ffa3f9ba0a89241a1818fe4dff923b7e28f45883d,1636
3e272b67-8bad-44d5-bb62-d37ecb91f432,Substance Use and Abuse Standards,fa6172e9932ed97ea4db7b4de29b20ffae15bf877b310cc7fa117303fae2a936,1638
13e92b67-8bad-44d4-bb62-d37ecb91f432,Intermediate High,025fe8666614212a0d6190f2f87a2b09f7b7dcd87bb37613049713d6ad84cc74,1643
3d1d2b67-8bad-44d5-bb62-d37ecb91f432,Financial Literacy,b41008d13a70b2980fc3af8362f799e8df7339d3b37e7a7d133a35d067774fdd,1646
3e212b67-8bad-44d5-bb62-d37ecb91f432,Logic and Discrete Theory,e78ea1cd26bad53943295ec45d5279384b99f4ff116735a25a44150b3511ec7f,1648
3e412b67-8bad-44d5-bb62-d37ecb91f432,Substance Use and Abuse Standards,73aa09327b0ae8cd83a8592b2545cfef1c161892131f98bf0ce81116d9b33b9f,1649
1a992b67-8bad-44d4-bb62-d37ecb91f432,Visual Impairment,623582519e77f72242f782919a11d14151e1a68292759fc706ada40f0f2ca578,1656
1b352b67-8bad-44d4-bb62-d37ecb91f432,Deaf and Hard of Hearing,8c2761c6b699c9d70a7e65b788f31fb30651a17932f4fc98f1d8ef9f1bcace6f,1657
1d26e457-8bad-45d6-bb62-d37ecb91f432,Consumer Health,1ccaf29a4a4e8144fe65d0821a9eaada51ff6e86389c9a501d090b65b4d5900e,1658
21972b67-8bad-44d4-bb62-d37ecb91f432,Financial Literacy (Discontinued after 2023-2024),68834b50559ab195d4eb6aad7979744bf3f7283c21ed24dd94cfe43d0c0fabae,1660
14132b67-8bad-44d4-bb62-d37ecb91f432,Advanced Low,bc356dd52b4aa6914060ae9df4adbce887e5e207fe74a6144bbf4d150e2fab35,1669
1d602b67-8bad-44d4-bb62-d37ecb91f432,"Student Outcomes Program Goal 6: By graduation, the student identified as gifted will be able to set and achieve personal, academic, and career goals.",99c8ad31f3230ef52aa132bc965185c6ed82ab3391ff46b5ab68c35d62df123f,1672
15b62b67-8bad-44d4-bb62-d37ecb91f432,Algebra: Reasoning with Equations &amp; Inequalities,00c0a91dfafdc09238c177796db2ccce0d6224372fa3d981589e0d7291999c39,1681
218a2b67-8bad-44d4-bb62-d37ecb91f432,Financial Literacy (Discontinued after 2023-2024),9734d1552fcc29683798dea22667e348a2c25672d27514a9df1ad4b59888805c,1685
133e2b67-8bad-44d4-bb62-d37ecb91f432,Novice Low/Mid,621700d53dd095e5a6509a475268546fbd771dd0aaf41f6582384d95f9aab769,1706
1cea2b67-8bad-44d4-bb62-d37ecb91f432,"Student Outcomes Program Goal 5: By graduation, the student identified as gifted will be able to assume leadership and participatory roles in both gifted and heterogeneous group learning situations.",810e1a84fdf9f0a5ccce0cf7aba1eb43f2a014dda4322380e60f7810aa5631a4,1708
180c2b67-8bad-44d4-bb62-d37ecb91f432,Reading Standards for Literacy in History/Social Studies 6–12,fe5ea07f6560d6efd12516eb727fd5550298653e63645822d722b849a9ce0bd7,1717
1d0f2b67-8bad-44d4-bb62-d37ecb91f432,"Student Outcomes Program Goal 2: By graduation, the student identified as gifted will be able to create, adapt, and assess multifaceted questions in a variety of fields/disciplines.",5e6a0d18780700b02b57a06a5d7eb7f99642bcc0e05f7d3e8baa5547abd5d303,1718
21e62b67-8bad-44d4-bb62-d37ecb91f432,Computer Science - Computer Practices and Programming,ac910fd0ec50b62f0571a19ff07b4983465295a0e99420ae2ea698b33890761b,1721
155b2b67-8bad-44d4-bb62-d37ecb91f432,The Number System,5839798c09269e7dbe8a7b09ee9bc10e13ce47ca96b9796810a469f57a0b46ca,1727
15df2b67-8bad-44d4-bb62-d37ecb91f432,Geometry: Congruence,d9af00ec2e69269dd39aec3cd2518fe556b4a4ce3c4aa709f69033b603af1532,1728
18422b67-8bad-44d4-bb62-d37ecb91f432,Reading Standards for Literacy in Science and Technical Subjects 6-12,a036a24fb1b023ee04728359111df210d664cf969976f11e738b36ede7033375,1730
1d1a3457-8bad-45d6-bb62-d37ecb91f432,Consumer Health,6ef757ddd7fea83311063cbff0633045f0178770c1e8cc71ce23128d3524e246,1731
1d352b67-8bad-44d4-bb62-d37ecb91f432,"Student Outcomes Program Goal 6: By graduation, the student identified as gifted will be able to set and achieve personal, academic, and career goals.",c6b7d0966cfc7f88aa3cbc679e137d9c2adf90b48f545678fe8f7400fbe2eac5,1732
21132b67-8bad-44d4-bb62-d37ecb91f432,Measurement and Data,bb479fae099704ca7b4cad47fb921c9e62c96ef92284d8a1c94298ac84afb681,1734
3b5e2b67-8bad-44d5-bb62-d37ecb91f432,Foundational Skills,6c5bd353b455d0f201086f88ff1aecd0a69a62e0cf827d31f49eb58a3495e64f,1735
e2e1b207-8bad-43d4-bb62-d37ecb91f432,Humanities,f8ffbc6b9edfc1d0bb830ae16bdfcfa3412797a63fa371abec2ee2f0defa9306,1737
1b5d2b67-8bad-44d4-bb62-d37ecb91f432,Therapies,b6518d00d4dfb29a55640af35884512e235cc2238703a30e266f481a3a4feeef,1742
e351b207-8bad-43d4-bb62-d37ecb91f432,Humanities,0b6c155fdd0c16521deed8cbac0603d333d3d29d1d814870daf639b36600168a,1747
13402b67-8bad-44d4-bb62-d37ecb91f432,Novice Low/Mid,2682798ee05e77b0e698e1912e94eab9f914ff3c3e5616a28c86757025658118,1749
14bc2b67-8bad-44d4-bb62-d37ecb91f432,Operations and Algebraic Thinking,1299175bd44529a469415b3f27c8ac294e6f7a6b1651343eedd05a15370f8dab,1750
3a9b2b67-8bad-44d5-bb62-d37ecb91f432,Foundational Skills,a8c0da6d7b68fa6bd7b7579c8c3d06f673013374bb57ccdce013835929f689ef,1753
3e3e2b67-8bad-44d5-bb62-d37ecb91f432,Substance Use and Abuse Standards,8ab3ce1e22ca33af4b386992de5efb856cb915cc6ed1f1fbcaa3e0fd17c09389,1755
144a2b67-8bad-44d4-bb62-d37ecb91f432,Advanced Mid,a280d32a46eded1ca1278d0e96de2195d98a6cf6869814c4e408c8a0fc8efd7d,1770
15002b67-8bad-44d4-bb62-d37ecb91f432,Measurement and Data,227b950c13d0880a921e7a7f66f40693c4ad7db8df054442f0e3bce1640b1d2d,1771
e301b207-8bad-43d4-bb62-d37ecb91f432,Humanities,a2334a74bf48ba188ce8109b88460a751ca269f3d0f82070f12869ebaa3257d6,1779
186b2b67-8bad-44d4-bb62-d37ecb91f432,"Writing Standards for Literacy in History/Social Studies, Science, and Technical Subjects",b9f0515e14fbff2c8e6fba293b2bc34271eab80e42cd1af09578a762d451a8da,1781
1aba2b67-8bad-44d4-bb62-d37ecb91f432,Visual Impairment,f278cabec9680c3ddc189ce387a1360f078be24ca43c4ee57386864d66fbbd6a,1782
21ed2b67-8bad-44d4-bb62-d37ecb91f432,Computer Science - Computer Practices and Programming,fbf44e04b84e001e387c9945e9624e1558faf462c0c61ff4718fbda4a74fb0a0,1789
185c2b67-8bad-44d4-bb62-d37ecb91f432,"Writing Standards for Literacy in History/Social Studies, Science, and Technical Subjects",64b775607cbfb03068fa5313362655be6eb4b142e6f194972ba132dc82ef94cb,1792
146c2b67-8bad-44d4-bb62-d37ecb91f432,Advanced High,b9ec947e6a99a901a143018422a250e561fb5a22c393b0acea670a9dd16a8429,1801
3e4e2b67-8bad-44d5-bb62-d37ecb91f432,Substance Use and Abuse Standards,66ab6384833e2943ff6a4ec5c1c279500e36ce26e307fed1e870870d0b791939,1804
1d572b67-8bad-44d4-bb62-d37ecb91f432,"Student Outcomes Program Goal 6: By graduation, the student identified as gifted will be able to set and achieve personal, academic, and career goals.",064e512b7deb999c7153d6cc9cfbf0a79b4e1d800761a5d0780db27acf95ef0f,1811
22912b67-8bad-44d4-bb62-d37ecb91f432,Computer Science - Communication and Collaboration,43532a7526254cee4e3cebb34164231678341b3db8480817106ff4dd96fa9a06,1814
13f52b67-8bad-44d4-bb62-d37ecb91f432,Intermediate High,43d97f2793fcd41831fa02e8330fe32f03c973b350d2aef02e0f3ac010540ad6,1820
16142b67-8bad-44d4-bb62-d37ecb91f432,Statistics &amp; Probability: Making Inferences &amp; Justifying Conclusions,9314122e949c9f45bd2684287e243fd24fec10352e7cea0a00e723adc7ead2be,1822
13ae2b67-8bad-44d4-bb62-d37ecb91f432,Intermediate Mid,5cfac86379e98ebc5ed16adeecc649b8512b246fb79642c63fc29cfb4ae7f100,1829
14552b67-8bad-44d4-bb62-d37ecb91f432,Advanced High,ea891a23558229e6a0fad276e52402a5a4918fc1e84278da97eb32e9eb8e7369,1830
3d7d2b67-8bad-44d5-bb62-d37ecb91f432,Trigonometry,c35e651e46471307fabf7634cb6d446fa96c8d76a958d6055f0d973e036fb35a,1836
15862b67-8bad-44d4-bb62-d37ecb91f432,Geometry,fbd7603483722e4e43e604f90020ec5f71b5d047ec520c9c6d1563763f76d8cd,1840
3a822b67-8bad-44d5-bb62-d37ecb91f432,Vocabulary,7345b2babf77c947ad27ae96a9868d7de800b001b3a71965fcf9eae0540c10e5,1845
14532b67-8bad-44d4-bb62-d37ecb91f432,Advanced Mid,148148239359781409b038bb0067d64b4d71d62188b5e89974dba648d9b86c3a,1851
16a62b67-8bad-44d4-bb62-d37ecb91f432,Reading Standards: Foundational Skills (K-5),808dd9e686b35eb10f859ee445dc5cc94b5444bfe62b85d6ae1a6a443ad8db1f,1852
1cd02b67-8bad-44d4-bb62-d37ecb91f432,"Student Outcomes Program Goal 5: By graduation, the student identified as gifted will be able to assume leadership and participatory roles in both gifted and heterogeneous group learning situations.",0b955c4446635dd7be8f8127a392a09af03c1b968565c3c5cf88eb9433ad0580,1853
3d052b67-8bad-44d5-bb62-d37ecb91f432,Functions,9707dcca9305cbc82609850507c0adcaa9ef034a3465fcedb265ee27c656194b,1855
1d5e2b67-8bad-44d4-bb62-d37ecb91f432,"Student Outcomes Program Goal 6: By graduation, the student identified as gifted will be able to set and achieve personal, academic, and career goals.",2cc3e22068dd94f0406a8dbcb885c4f314348cd7ee9275a40faabd02723c22b7,1859
3e192b67-8bad-44d5-bb62-d37ecb91f432,Financial Literacy,c95acd8905aa2d6061759e2f9fe9e736abd2bf67d6d2ec9ed42fc2b8ff59b742,1861
153c2b67-8bad-44d4-bb62-d37ecb91f432,Ratios &amp; Proportional Relationships,652f615912023fd3fd1a215b037fbb4b360ce95c3f1e8a6b98b7a50b796e8bca,1866
1a3d2b67-8bad-44d4-bb62-d37ecb91f432,Visual Impairment,bd28385271049401f9214954366232c3fc3646d60fe26443d0467045fcac8dea,1868
221e2b67-8bad-44d4-bb62-d37ecb91f432,Computer Science - Computer Practices and Programming,fb956ded3af693379573bcccb69a801c59bbd0ffa19b1500b7a35828f2b0adf7,1873
13352b67-8bad-44d4-bb62-d37ecb91f432,Novice Low/Mid,61b9c9a599398619241c0843b33e10286fab2b7ea34a08a096799ce912478000,1877
15c12b67-8bad-44d4-bb62-d37ecb91f432,Algebra: Reasoning with Equations &amp; Inequalities,a9838b8e72f275cdeebc07cace7282507c6ba8530e88a893b7be93948fa4953e,1886
1d216457-8bad-45d6-bb62-d37ecb91f432,Consumer Health,1ce9ab1961b194500681b4dab92ee0867d00d1da74633e7debe953358fac27b0,1889
3e4a2b67-8bad-44d5-bb62-d37ecb91f432,Substance Use and Abuse Standards,146883512afc92efe190e2e12b22da2de141ba312fa862552c9fd09f6c6e59ee,1893
13912b67-8bad-44d4-bb62-d37ecb91f432,Intermediate Low,3910cf16fce261c99509f56ec288cdab058d21003dc80d693d9f7d94794e56dd,1897
13af2b67-8bad-44d4-bb62-d37ecb91f432,Intermediate Mid,188ed25261a358cdb3255fd098d98da4d42862f33dae9e0ea9c814f96a5acf9a,1898
159b2b67-8bad-44d4-bb62-d37ecb91f432,Number &amp; Quantity: Vector &amp; Matrix Quantities,5d8901380bea8153c713afe33773a1237694eec7606d3f2520373a8c6ded2085,1899
184c2b67-8bad-44d4-bb62-d37ecb91f432,Reading Standards for Literacy in Science and Technical Subjects 6-12,b082675421fbfac2836e2fe907aa54c631d1a7300e4660c7f91727a4e69fcdbb,1900
1cd82b67-8bad-44d4-bb62-d37ecb91f432,"Student Outcomes Program Goal 5: By graduation, the student identified as gifted will be able to assume leadership and participatory roles in both gifted and heterogeneous group learning situations.",c4c16190d51bcd84a0f50cc23b7e73b1cce5a9c03271d2d3db06ca75d57952ad,1902
22032b67-8bad-44d4-bb62-d37ecb91f432,Computer Science - Communication and Collaboration,b524e66acf95d10b905cc7bad5475efb79c941809640e3b2a59ff0aa0a7ad55d,1903
134f2b67-8bad-44d4-bb62-d37ecb91f432,Novice Low/Mid,4557ad55091b9da38e4075ddf8f67ebf157a815b06ad6b681b2e2793d30b6c24,1910
1b2f2b67-8bad-44d4-bb62-d37ecb91f432,Deaf and Hard of Hearing,c650fb9324709a1483f549c1b2b956952dfd7aa8dc09c24383f9c3e7bea70b97,1911
157c2b67-8bad-44d4-bb62-d37ecb91f432,Functions,7223b837e6487db29a096ae9f880d429fb8bc31232a197ab4bcb823d2205a8e7,1919
16242b67-8bad-44d4-bb62-d37ecb91f432,Statistics &amp; Probability: Using Probability to Make Decisions,979831b310232d068499ab521cd7624da3c15d24d56dd6062615b03bee91e614,1920
17630457-8bad-45d5-bb62-d37ecb91f432,Consumer Health,5a749d78aff67433efccf58c6b358eacad88b822b6c3c73b8d19f79165e710da,1928
216d2b67-8bad-44d4-bb62-d37ecb91f432,Financial Literacy (Discontinued after 2023-2024),9385560cf056a6dd2158f2fc195db8ef1389f8f7d85d04dfde35d385a67dc771,1934
3d1a2b67-8bad-44d5-bb62-d37ecb91f432,Functions,970ba4eb0a952ce6843e262554a3c7679677866e608b7875f9594f6cc1c47e4f,1936
14c92b67-8bad-44d4-bb62-d37ecb91f432,Measurement and Data,cc3ce64981a29adbd88c5fa6b1585781b665797915f400f41e05752b6604768d,1942
1ab82b67-8bad-44d4-bb62-d37ecb91f432,Visual Impairment,a516954d0cf6caaf3b5715bd99ef29a56318946255a651332a30e0d44e5fce54,1949
1d122b67-8bad-44d4-bb62-d37ecb91f432,"Student Outcomes Program Goal 2: By graduation, the student identified as gifted will be able to create, adapt, and assess multifaceted questions in a variety of fields/disciplines.",f9e81d60143040682251022a2f7a2017dc1fc0728fdb371b3e8e811e8209c4a4,1950
3bff2b67-8bad-44d5-bb62-d37ecb91f432,Fractions,ac6c4d50c493d348b1adb247ef37d1ef2e69c56733cf6e0d6b89a3fb68731da4,1953
3c972b67-8bad-44d5-bb62-d37ecb91f432,Functions,5ffda0fea857f394123fec34a4768e728262be854f68c3ceb932c8c3c22750e5,1954
3f3f2b67-8bad-44d5-bb62-d37ecb91f432,Holocaust Education (Starting 2023-2024),f3b4c135e49c29049b8408ebfd10fe9ce2f5e2a969b4e61182d795eeebfb7562,1961
15c92b67-8bad-44d4-bb62-d37ecb91f432,Functions: Interpreting Functions,7491c84815eaf2db0e5ea4d8bf2e8f9bd5c96a89ac823fe2b0b71c93e45a53e0,1965
1cf02b67-8bad-44d4-bb62-d37ecb91f432,"Student Outcomes Program Goal 5: By graduation, the student identified as gifted will be able to assume leadership and participatory roles in both gifted and heterogeneous group learning situations.",481c5cedd597c6989addcb25b171a971f40e7cb0a4cab51df8739244b9720c17,1966
22c62b67-8bad-44d4-bb62-d37ecb91f432,Computer Science - Computer Practices and Programming,7d79495dd8fb06255591a4e4ab5398d12ed59f87dbb77169ab50e1d5cefc95ba,1969
3d0b2b67-8bad-44d5-bb62-d37ecb91f432,Functions,515271a5f86735e43ef774743b44b637264d66945a9f10fcb736e49c5feb0692,1970
15392b67-8bad-44d4-bb62-d37ecb91f432,Geometry,871bd51f1976e4a99457746f0c28bf5aaff288ee3e9760946449913815f05504,1974
1ac52b67-8bad-44d4-bb62-d37ecb91f432,Visual Impairment,08d73e63d1acb983970ca5adcf457a565e59ca2db4174e48701ca655c4f82f87,1975
3a642b67-8bad-44d5-bb62-d37ecb91f432,Vocabulary,b3cc40d145a4607e350444d4ac14954d86983f7718bfbe35980c5ea6c4248bff,1978
14122b67-8bad-44d4-bb62-d37ecb91f432,Advanced Low,b43541ea79ce65b73b53bf2fc52d31da468b99d0e54654d247545fb5bcd641ae,1981
1d922b67-8bad-44d4-bb62-d37ecb91f432,Student Outcomes Program Goal 7: By graduation the student identified as gifted will be able to develop and deliver a variety of authentic products/performances that demonstrate understanding in multiple fields/disciplines.,20c0f3140cf3e5b7c4a3f9a8f1eda9f673857fa18e1bc9f84113194317f6a377,1986
216c2b67-8bad-44d4-bb62-d37ecb91f432,Financial Literacy (Discontinued after 2023-2024),9a615b6a8f99631539405abcd0277b8371f7827ea7dcaea4d2bfefcac3addbd4,1987
3b2b2b67-8bad-44d5-bb62-d37ecb91f432,Vocabulary,316d1f928f92aa33bb1373fe5d1879fc49abc7a36c3302e8b155a153042136d5,1989
15fe2b67-8bad-44d4-bb62-d37ecb91f432,Geometry: Expressing Geometric Properties with Equations,e61ec6d1c5ee45004c46bb76b507586c1213968669bdb4da56f5c03327f31d02,1991
1cf12b67-8bad-44d4-bb62-d37ecb91f432,"Student Outcomes Program Goal 5: By graduation, the student identified as gifted will be able to assume leadership and participatory roles in both gifted and heterogeneous group learning situations.",b0adbc5d7a9caeae88e1b6aba57a5ffaea44d3a79868dd9c3eaa03e8fbb18101,1993
3e502b67-8bad-44d5-bb62-d37ecb91f432,Substance Use and Abuse Standards,55bf0017da640c6cf12976982d2c94f48bc1be2fff42b517bfa9608e937dd1ab,2000
3e502b67-8bad-44d5-bb62-d37ecb91f432,Substance Use and Abuse Standards,55bf0017da640c6cf12976982d2c94f48bc1be2fff42b517bfa9608e937dd1ab,2000
13e12b67-8bad-44d4-bb62-d37ecb91f432,Intermediate High,be7e1bfd57ae3a746bfb8dc1cc2ca19bb856824ce1d8fca331d5be90d32bd19a,2003
154e2b67-8bad-44d4-bb62-d37ecb91f432,Expressions &amp; Equations,f9dd052854535f31bab78ae055a517930a43fcc243a389a45f0717afbaa84b16,2004
18252b67-8bad-44d4-bb62-d37ecb91f432,Reading Standards for Literacy in History/Social Studies 6–12,13cfa108fa2a3e01267e3a5b491a2c030a0042c43f744a72657c844b57733c9b,2006
1b4c2b67-8bad-44d4-bb62-d37ecb91f432,Deaf and Hard of Hearing,8fc69086a92ac3a853c9ab94efdf1b715cb73373054b8e386da4864062b15cc7,2008
14502b67-8bad-44d4-bb62-d37ecb91f432,Advanced Mid,5bcb8d09866adb31c57be41e3658a72d5a4f8a6c97ee134903992835f51d858f,2013
1d1c2b67-8bad-44d4-bb62-d37ecb91f432,"Student Outcomes Program Goal 2: By graduation, the student identified as gifted will be able to create, adapt, and assess multifaceted questions in a variety of fields/disciplines.",0fb5c7f585135ef8f4c2c2737a4e6406d6c5c093ca41f40b132b64a4719b899a,2014
14e82b67-8bad-44d4-bb62-d37ecb91f432,Geometry,101668987f0e5a372c12d30c6e8bb091ccf21737d7cabf8d5ac8cd6098a0acd5,2022
219c2b67-8bad-44d4-bb62-d37ecb91f432,Financial Literacy (Discontinued after 2023-2024),eb2bc64cde189ed573c3e7665073e9631c3404c6f398d1de88066206fe072717,2025
226c2b67-8bad-44d4-bb62-d37ecb91f432,Computer Science - Computer Practices and Programming,f3c52e63b83393e478c04cc3bbeee8b71e53b0dca311a0d889f419ecc5b56b6b,2030
16272b67-8bad-44d4-bb62-d37ecb91f432,Statistics &amp; Probability: Using Probability to Make Decisions,7922bfa08a7957f0f1a8e2e91511f385b094d635ec66ada9a8c59483e9d36262,2038
21822b67-8bad-44d4-bb62-d37ecb91f432,Financial Literacy (Discontinued after 2023-2024),b6acdf20c566c08a79240ffb0a65e4e7e5277fdef66c382dd600b8e5232addda,2040
13a22b67-8bad-44d4-bb62-d37ecb91f432,Intermediate Low,799005250999d0114f7f833a7466febd85aeb27e9e9283be9a067f60493ac735,2045
3d1b2b67-8bad-44d5-bb62-d37ecb91f432,Functions,3fc7de4d1a583500e3f25c1b17f3d8ee992da3ec6f16013a21bf0fea079c7a67,2047
135d2b67-8bad-44d4-bb62-d37ecb91f432,Novice High,787698532fc570ecb81d1d525ae338c34710bd06eff44365c67b1144e5bb6490,2050
14c22b67-8bad-44d4-bb62-d37ecb91f432,Operations and Algebraic Thinking,3ab9d464bfc90ceea2ebcdb1938a98d43d907b72a33b9fd8431a5678bc4401b6,2051
183e2b67-8bad-44d4-bb62-d37ecb91f432,Reading Standards for Literacy in Science and Technical Subjects 6-12,c04020e72c299b88ac9ea07b8f507e57b3e6935cb693dd9ee304dd3c1fe2c330,2052
3d1c2b67-8bad-44d5-bb62-d37ecb91f432,Financial Literacy,543310129c6d61369fa6b0315bfeeb595821b41f918e5b0ce694b1b62df6b368,2059
135f2b67-8bad-44d4-bb62-d37ecb91f432,Novice High,7a7cddd702cd3d7f803c8fa17b563dded694802b99648d385f588d15f639e3e0,2065
1ac02b67-8bad-44d4-bb62-d37ecb91f432,Visual Impairment,a67307ee40cc553b816aa8e5f984ea414fe7f6a04c2b512ecdcd11a5038fb507,2067
14cf2b67-8bad-44d4-bb62-d37ecb91f432,Geometry,efd83e8202d97b81ab1ed6b7e15996670d575f872ad522fd46a54227b607b6e5,2086
1d552b67-8bad-44d4-bb62-d37ecb91f432,"Student Outcomes Program Goal 3: By graduation, the student identified as gifted will be able to conduct thoughtful research/exploration in multiple fields.",d43e37cf2f8b73e4741ddff8cb3aa04f92522b63b3fc54755e01668207b9b103,2090
21682b67-8bad-44d4-bb62-d37ecb91f432,Financial Literacy (Discontinued after 2023-2024),121a31a4dc962a29050cb789a3d233ac5d8d68a8bbc535001a07866d17e4b020,2092
3e322b67-8bad-44d5-bb62-d37ecb91f432,Substance Use and Abuse Standards,596cbca069520b7c8e6d580e8273cbf06fd182e4a68e3600d609f32d819d764a,2095
1d702b67-8bad-44d4-bb62-d37ecb91f432,Student Outcomes Program Goal 7: By graduation the student identified as gifted will be able to develop and deliver a variety of authentic products/performances that demonstrate understanding in multiple fields/disciplines.,ea491e82a05c5e2c8782319df2b909bbafa9203b04768cdefaa6623abda436e0,2100
1d872b67-8bad-44d4-bb62-d37ecb91f432,Student Outcomes Program Goal 7: By graduation the student identified as gifted will be able to develop and deliver a variety of authentic products/performances that demonstrate understanding in multiple fields/disciplines.,23875524bceeeebf6b0bf11d700a6a8e2819d1c1c7e045d3b4e72741b1de9e96,2101
e2f1b207-8bad-43d4-bb62-d37ecb91f432,Humanities,322229307be856d5aee8ce1ba0ca269da1deffd19b980a62cc0efb17b954c7f2,2118
142a2b67-8bad-44d4-bb62-d37ecb91f432,Advanced Mid,bc241f0d13c05fbcd80976c0e8983ff221cee114ce7c1a68ae9598e0bcc2523c,2122
161d2b67-8bad-44d4-bb62-d37ecb91f432,Statistics &amp; Probability: Conditional Probability &amp; the Rules of Probability,701d084110c6658d5e3eded6ac0816cb78e6c6ab9e68ac5892b6b4b3b78ff894,2123
1768b457-8bad-45d5-bb62-d37ecb91f432,Consumer Health,7881c4dc58d2e779c09715850f2a4b8166a1e4bd6d997b467e87b185a7530b6c,2125
1d6d2b67-8bad-44d4-bb62-d37ecb91f432,"Student Outcomes Program Goal 3: By graduation, the student identified as gifted will be able to conduct thoughtful research/exploration in multiple fields.",e3671825fb0143f385439b2c334b216d03f60294fe57cecc233f6a42095e57a5,2127
3dbf2b67-8bad-44d5-bb62-d37ecb91f432,Logic and Discrete Theory,cfe824bcd5cc38ab4966bbd0632895180c48bc42add1b6b2976103dda2d59ff9,2135
22222b67-8bad-44d4-bb62-d37ecb91f432,Computer Science - Computer Practices and Programming,1b8cd6ea728f1829b35eea1ef59dd70c6e8073f60d69de798ab5a6bf0d8ed3b1,2142
3a982b67-8bad-44d5-bb62-d37ecb91f432,Vocabulary,39e1533e314e194c94d461ea3e1c665c0a43c9d8f72ea9343d6401e27269bf89,2143
3f372b67-8bad-44d5-bb62-d37ecb91f432,Holocaust Education (Starting 2023-2024),69f7a5a5899caa8f7132c9fb53994d4d135d141d1542eae9ca841652de420822,2146
14382b67-8bad-44d4-bb62-d37ecb91f432,Advanced Mid,a5f697567e043360ad59356e3c30c4197db82ea14314152958981b41f2191c4e,2149
14842b67-8bad-44d4-bb62-d37ecb91f432,Superior,d0957ba9ebfbd498786401102e70e21a32c3e2021c01a1741affa7f2bdf8cbcc,2150
141a2b67-8bad-44d4-bb62-d37ecb91f432,Advanced Low,e2f71699c9beb3fc7a05b76b5a90a237e92b86c605e69d4e5c6370420c57ecbc,2155
18662b67-8bad-44d4-bb62-d37ecb91f432,"Writing Standards for Literacy in History/Social Studies, Science, and Technical Subjects",2abbc11cceb9ba63835f60a6ba8485557f3d85618557ced98bb63d54b1775d32,2156
1a962b67-8bad-44d4-bb62-d37ecb91f432,Visual Impairment,f42be7a0c8004ca47e03da29784f8e8ca0e64eeb7f6369be97b696eac9726c7a,2157
218c2b67-8bad-44d4-bb62-d37ecb91f432,Financial Literacy (Discontinued after 2023-2024),c71b3e67bd060b204e0d0838e366a37323196de4e2ed7aea66ece9120dde6480,2158
3b5d2b67-8bad-44d5-bb62-d37ecb91f432,Foundational Skills,76f401f09389d46e847bd3e00d5d8fbd7a106bb1611ed9b68b8e00791a01aac1,2159
21152b67-8bad-44d4-bb62-d37ecb91f432,Operations and Algebraic Thinking,43ec6f685c8dc46527443220ef60f00e129108decdd7bb88a72900407061f96e,2181
21812b67-8bad-44d4-bb62-d37ecb91f432,Financial Literacy (Discontinued after 2023-2024),8ae1660c9c87e9861bddb924be802c5cc2fbcaa32e6bbbbd6acb266fe0a4123c,2182
3db42b67-8bad-44d5-bb62-d37ecb91f432,Logic and Discrete Theory,4ef5d62f17c151f442641329e6c99bb9958edbe4f4ae96dee9c1882f4a28bf8d,2184
3f332b67-8bad-44d5-bb62-d37ecb91f432,Holocaust Education (Starting 2023-2024),4f697e96b7619dddd5e404a6a0cc3ec4f4d5c527c26d69e2a1e6e4a8a1b27934,2185
e2d1b207-8bad-43d4-bb62-d37ecb91f432,Humanities,a19e82fc7f88727112fa70dfd4bd9ab622bb5a76be1079aff09f4a41ff6c02bb,2187
14972b67-8bad-44d4-bb62-d37ecb91f432,Superior,1a25d6dc3e2a4be4f692f15e16a292272b438258e402680698130f9fc2ec1c9a,2190
1b1d2b67-8bad-44d4-bb62-d37ecb91f432,Deaf and Hard of Hearing,7f2a31d65624b766df4fcd6162fa99f3b20c5f032cfbe905095a479f670cf0f9,2194
3d222b67-8bad-44d5-bb62-d37ecb91f432,Financial Literacy,9d5cc296e3fc106600517ad74c518e84397f6ce3a8b9a3024b8140317ec5e649,2197
157a2b67-8bad-44d4-bb62-d37ecb91f432,Functions,00932bcffab9991cde3b2b1c01fb48eb9dff493ae77d507d7a8e8d1606207e64,2199
1cbd2b67-8bad-44d4-bb62-d37ecb91f432,"Student Outcomes Program Goal 1: By graduation, the student identified as gifted will be able to critically examine the complexity of knowledge: the location, definition, and organization of a variety of fields of knowledge.",4d86f1904e638f5b2d3045e652d2bf4a739d52aede57d1ab23e036b7605faf8c,2206
16a92b67-8bad-44d4-bb62-d37ecb91f432,Reading Standards: Foundational Skills (K-5),aaffd2968c1d3f7159686664e30516821649efee858baa8d8328386e869e9e94,2210
3bc32b67-8bad-44d5-bb62-d37ecb91f432,Measurement,84ea2da126e7b74d516ff15fee32a8711c379ea37c5a7b11dde29a638422ae2e,2214
3e262b67-8bad-44d5-bb62-d37ecb91f432,Substance Use and Abuse Standards,62eb5cd101836d1561afdc73e43cc67cfa5753323fb67a3961d2078d382f70b1,2215
1d2e2b67-8bad-44d4-bb62-d37ecb91f432,"Student Outcomes Program Goal 6: By graduation, the student identified as gifted will be able to set and achieve personal, academic, and career goals.",90d914299a4f3f4649facec3c18a78f8db7b586abccb51334174fc350531d577,2222
1d7a2b67-8bad-44d4-bb62-d37ecb91f432,Student Outcomes Program Goal 7: By graduation the student identified as gifted will be able to develop and deliver a variety of authentic products/performances that demonstrate understanding in multiple fields/disciplines.,11e15239d62216508e76f6d79c410aed875bc43aefdbf3448582a01a9df58904,2223
1b542b67-8bad-44d4-bb62-d37ecb91f432,Speech and Auditory Training,3d70ac4a64911545ab8b655895ddac699ed5ccbc2dbe5cca85161de468290f1c,2232
1da02b67-8bad-44d4-bb62-d37ecb91f432,"Student Outcomes Program Goal 4: By graduation, the student identified as gifted will be able to think creatively and critically to identify and solve real-world problems.",f2fbacf4cd6f7509efce3c340206a89266ab52b98fa7f881e997460485e6d109,2233
21982b67-8bad-44d4-bb62-d37ecb91f432,Financial Literacy (Discontinued after 2023-2024),6f97c3ed73ca5935ae16b7c6b05d961cab59bfb833160fb0dff9afcdef84c814,2234
14a12b67-8bad-44d4-bb62-d37ecb91f432,Superior,cb59d35fdb3a44b464b46e41d28d164e2c07ba231d7ccf227f11d91462ef8248,2238
15442b67-8bad-44d4-bb62-d37ecb91f432,The Number System,572fffe276d601455ca7b207a7c2aa19f843676eb2bd5832fcc9b5f99bd68fc9,2239
17658457-8bad-45d5-bb62-d37ecb91f432,Consumer Health,8f72556efa866a2382da06756f8368c34c4e4522d0ca7635032a1a1f967563e9,2241
3b442b67-8bad-44d5-bb62-d37ecb91f432,Vocabulary,3af54c79d73b3db31b74b50fafc388ffb93f87d77ce94345d9c33be1f94ecb04,2246
3bfc2b67-8bad-44d5-bb62-d37ecb91f432,Fractions,22673864901421162cdb465145b5df47b2b9df0bab86b554551e96d496795d4e,2247
13312b67-8bad-44d4-bb62-d37ecb91f432,Novice Low/Mid,45508b3d975b097b1f06cba13feb20b30f093779f0ea1dc27a9127d4fbb9b944,2251
13b92b67-8bad-44d4-bb62-d37ecb91f432,Intermediate Mid,44c4d6641a7f78553de77340da82627b39371927594794a18804753fb0bcc63e,2252
1b252b67-8bad-44d4-bb62-d37ecb91f432,Deaf and Hard of Hearing,6ae9cfa3a5fdbe3f2671f525b8cfb651c979c4db133d097f521a198b288b9a81,2253
1b4b2b67-8bad-44d4-bb62-d37ecb91f432,Deaf and Hard of Hearing,65dad83cfeaeeaf4cbe35727985608ccd7979e1d95cd8bd2103eedbbc7af9a5e,2254
217f2b67-8bad-44d4-bb62-d37ecb91f432,Financial Literacy (Discontinued after 2023-2024),b70f29694ee5ecaeec1352e7147e8b654860da873474b6fe88ebab42f0351efb,2257
13682b67-8bad-44d4-bb62-d37ecb91f432,Novice High,1dc604863686450311b68a93be2aa5552b46560504b9a73d080f30754a8ce409,2261
13cc2b67-8bad-44d4-bb62-d37ecb91f432,Intermediate Mid,dfcaaca77fb812d97df4aad2086dfe1861556ecd79adcea94a382491fdc2dae7,2262
14822b67-8bad-44d4-bb62-d37ecb91f432,Superior,3d5e32b59be6b4552055e861d97f96a71b80ee6380179d18e1b5ad682d0a706f,2263
154c2b67-8bad-44d4-bb62-d37ecb91f432,Expressions &amp; Equations,408233ae311d781e934b357e83e08b0d5d3be15aa8a7172944312479f62e3d6a,2264
1cc72b67-8bad-44d4-bb62-d37ecb91f432,"Student Outcomes Program Goal 5: By graduation, the student identified as gifted will be able to assume leadership and participatory roles in both gifted and heterogeneous group learning situations.",9b1afdc63e109b779be66fb3ff1ab3ba1a177553ad8d66a3e9480c12d3c99a15,2266
148b2b67-8bad-44d4-bb62-d37ecb91f432,Superior,8f922af29fda0fd47aba0ad1f23cf34b6c32f5c263180aeb02bf8d4f8eeb5057,2271
158f2b67-8bad-44d4-bb62-d37ecb91f432,Number &amp; Quantity: Quantities,625423c9ac4fc748fd5d49642875973f1723571df6ba2d603996e678eaabaac2,2272
154f2b67-8bad-44d4-bb62-d37ecb91f432,Geometry,5f52e3f4eac239978832f6d559fb69bff9121c156108c1db904facde2328f6af,2280
18be2b67-8bad-44d4-bb62-d37ecb91f432,Mathematical Practice,b5589152967fcf83863d61cdd4ec74120df77c498348ddd0f3037b5e1e628440,2283
3ba72b67-8bad-44d5-bb62-d37ecb91f432,Measurement,766f334697286273d4073217456cbba89933f6d249b865122403cad2d4998e67,2288
14252b67-8bad-44d4-bb62-d37ecb91f432,Advanced Low,f7b29b61b9afeaa83d1b2f2eb008e5d20d714af2cc40cdec67467f4b0d5aae15,2294
16172b67-8bad-44d4-bb62-d37ecb91f432,Statistics &amp; Probability: Making Inferences &amp; Justifying Conclusions,ab8db7da59441e80da03d90c796736705fa2c9b78760dd660b8ea43d4b4dbb97,2295
1db52b67-8bad-44d4-bb62-d37ecb91f432,"Student Outcomes Program Goal 4: By graduation, the student identified as gifted will be able to think creatively and critically to identify and solve real-world problems.",9c644d00cdb4275a600cb587c074fe8997c456a3a4aa1e613868f06f46bcad94,2306
1db82b67-8bad-44d4-bb62-d37ecb91f432,"Student Outcomes Program Goal 4: By graduation, the student identified as gifted will be able to think creatively and critically to identify and solve real-world problems.",285d4d4404a06ae0e375127a38669ac932e5f239d5a1f935971694901e50d4f7,2307
3d242b67-8bad-44d5-bb62-d37ecb91f432,Financial Literacy,89f76966ba6f25e4b548fd9412da7b01dcce3f10320fdcc03d64677147467c9c,2309
e2a1b207-8bad-43d4-bb62-d37ecb91f432,Humanities,53c20b167230f7b29e3815bcc0d78fdd67ea8973b362fb49c307034ff2d2fdce,2311
14c82b67-8bad-44d4-bb62-d37ecb91f432,Number and Operations in Base Ten,947777fde3a357ad008ba899b34624b2b886e7886018dece07225b418014c124,2314
14dc2b67-8bad-44d4-bb62-d37ecb91f432,Number and Operations in Base Ten,42136b5040361cfbcbf767312e2056c424983e17f1a7f78f803d6f4448606e67,2315
14f62b67-8bad-44d4-bb62-d37ecb91f432,Number and Operations in Base Ten,19fc95dc0fd0f6dde9fdc2fd470518686724d0ae9083d5b544c3a3b2ce202872,2316
15572b67-8bad-44d4-bb62-d37ecb91f432,Statistics &amp; Probability,89dc9830b5acee9f82ca95fc0947ebb449b4d082d2f23df71082ace5388820b8,2317
15db2b67-8bad-44d4-bb62-d37ecb91f432,Functions: Trigonometric Functions,6b49071a05d994eea48fe6071fc7832221eb3356a457858c6774c586d74e9ebe,2324
3d712b67-8bad-44d5-bb62-d37ecb91f432,Trigonometry,84451d856157d7209e34349d0e426c246e9e4ea83813ffd66248e046f0d42077,2330
13d22b67-8bad-44d4-bb62-d37ecb91f432,Intermediate Mid,29b94eecdca6454f9a6d42e1508deb06b25766e03f7be65241c147554375c44e,2337
1cc92b67-8bad-44d4-bb62-d37ecb91f432,"Student Outcomes Program Goal 5: By graduation, the student identified as gifted will be able to assume leadership and participatory roles in both gifted and heterogeneous group learning situations.",2985becd2baf27e22210a5e178a8781f14f973bbdacb139fb38e0db30dee22cd,2341
1b2c2b67-8bad-44d4-bb62-d37ecb91f432,Deaf and Hard of Hearing,be0e3f22526e718632417a6f563317b67a95b52a5d6a7afb1354b67effdaec16,2348
15be2b67-8bad-44d4-bb62-d37ecb91f432,Algebra: Reasoning with Equations &amp; Inequalities,974edf3e9e4154cdcfb3749b234beeac4c2bda71db83e2049dc9f1b317ac7db3,2353
1d582b67-8bad-44d4-bb62-d37ecb91f432,"Student Outcomes Program Goal 3: By graduation, the student identified as gifted will be able to conduct thoughtful research/exploration in multiple fields.",5b95aeed209ba315d1320ed2f7089f4cf953f549a1c6ba5eb82e04b8df90a9f5,2355
14072b67-8bad-44d4-bb62-d37ecb91f432,Advanced Low,a80516c034941fb3af26df4b6efa286bbad8e1d2277f9d92564457f23aa80e5b,2368
1d692b67-8bad-44d4-bb62-d37ecb91f432,"Student Outcomes Program Goal 3: By graduation, the student identified as gifted will be able to conduct thoughtful research/exploration in multiple fields.",5693cbb3ea326ebf9bded3b696ea3d4c2327af291130641ba0b0d3d9f637d959,2372
1db02b67-8bad-44d4-bb62-d37ecb91f432,"Student Outcomes Program Goal 4: By graduation, the student identified as gifted will be able to think creatively and critically to identify and solve real-world problems.",9c50801955d9fcf99a68a279b919da9cb37591f59f6fdc2ef9736294c52ab9b6,2373
14d32b67-8bad-44d4-bb62-d37ecb91f432,Operations and Algebraic Thinking,63b71c1410b2d6226a8d95fafcb3cea9b300387bafc6d458e9029d08922d4e73,2388
14fe2b67-8bad-44d4-bb62-d37ecb91f432,Measurement and Data,d827d4dc4532a1f537ef74db49cc66bebc2102d3498d3d9c66228ba4f6b8976a,2389
1cf32b67-8bad-44d4-bb62-d37ecb91f432,"Student Outcomes Program Goal 1: By graduation, the student identified as gifted will be able to critically examine the complexity of knowledge: the location, definition, and organization of a variety of fields of knowledge.",3b795e4caa0dc5d05c476549df6af030f478a6fc31582d67120d5fd58b742482,2392
14542b67-8bad-44d4-bb62-d37ecb91f432,Advanced High,874b93b4adac82a609bbd895d5129b49c37bedcc1cb35b7833da49e1509232ef,2409
22412b67-8bad-44d4-bb62-d37ecb91f432,Computer Science - Communication and Collaboration,5a5088a7430ee30e85c887b031f9100555d64bb61a7e210e23db1b6db37447d1,2415
14a22b67-8bad-44d4-bb62-d37ecb91f432,Superior,0f81cfb1464a9b4ea57551628d77bfc8d62def69f7df69c6c81c95a43af05f96,2419
219e2b67-8bad-44d4-bb62-d37ecb91f432,Financial Literacy (Discontinued after 2023-2024),93c67cfa540d14fce36e2b9322932285bf088638818137dd84f0a1b5ad067ff9,2422
15172b67-8bad-44d4-bb62-d37ecb91f432,Measurement and Data,aa2f5e5b83a6d646f3d9390ccc977c618385b56d866a636c2495f50c240adb15,2426
15ab2b67-8bad-44d4-bb62-d37ecb91f432,Algebra: Arithmetic with Polynomials &amp; Rational Expressions,3030ae8edfdfdaa92e765d625c395f3111d1f40eaad71b12d5da6746579cccdc,2427
1a982b67-8bad-44d4-bb62-d37ecb91f432,Visual Impairment,1c2f7b8ce366047dc095adee7df90294f4b3d1f66f50caf098c324e665dedaff,2428
1d5c2b67-8bad-44d4-bb62-d37ecb91f432,"Student Outcomes Program Goal 3: By graduation, the student identified as gifted will be able to conduct thoughtful research/exploration in multiple fields.",41ca8f79562adf9df3e4a01a27cf8b93d765230c8a6b47b542b6a9f8bded16d8,2431
221f2b67-8bad-44d4-bb62-d37ecb91f432,Computer Science - Computer Practices and Programming,1eba77b1614fb21cc2b0b00c540f23a6593af2ee9c8fef4d2f6f9835d57bbb69,2438
3bd62b67-8bad-44d5-bb62-d37ecb91f432,Fractions,07b65cca84d02e845333e9734d2cf0a0578f879c3b5f48c2364d73a300fdc44b,2440
184b2b67-8bad-44d4-bb62-d37ecb91f432,Reading Standards for Literacy in Science and Technical Subjects 6-12,31a491c01408b3d3009be0e5e132ed3a349781ab51f2d913579348ff00d83c26,2446
13c42b67-8bad-44d4-bb62-d37ecb91f432,Intermediate Mid,6d9a102e753dff0f54c8975636b9246691030802c32a36f31fb8e8133852b04f,2450
13ad2b67-8bad-44d4-bb62-d37ecb91f432,Intermediate Mid,e69c78c224c04e3259b2910d821488b115d088ebfb25325463884a7d7391eee6,2459
3ab32b67-8bad-44d5-bb62-d37ecb91f432,Vocabulary,74f1121e329ab379522b9b14be51c316313673924148877059a676d9a2ca9490,2465
14262b67-8bad-44d4-bb62-d37ecb91f432,Advanced Low,9068db9f3eeb0005e429183b3d6877219d7dc9dea855227669b7a16c40d70975,2477
16132b67-8bad-44d4-bb62-d37ecb91f432,Statistics &amp; Probability: Making Inferences &amp; Justifying Conclusions,cbc92c520c6e1f10657cea71b248122c47b116eb2ad586d93de3850561c73f62,2478
1d3d2b67-8bad-44d4-bb62-d37ecb91f432,"Student Outcomes Program Goal 6: By graduation, the student identified as gifted will be able to set and achieve personal, academic, and career goals.",7f0a0c96e9cb090ccd3d51ad0ea9ff3286de3ba23a30a7ffcbcc25623c1a35c9,2482
15822b67-8bad-44d4-bb62-d37ecb91f432,Geometry,ea953098734a2466567cb6363badab2a24cac864354e984697eea457074836f4,2494
159e2b67-8bad-44d4-bb62-d37ecb91f432,Number &amp; Quantity: Vector &amp; Matrix Quantities,08e9c10d88936a19d1940c7328363b056b892e72222185dc16f45061433be32a,2495
3a302b67-8bad-44d5-bb62-d37ecb91f432,Foundational Skills,658f4f723079f4cfe1118d46420a3028252dce059a9f5f1e32d2c94cd2e93019,2499
14d22b67-8bad-44d4-bb62-d37ecb91f432,Operations and Algebraic Thinking,21c3b4fa59dd152404af27bd7e76ac28f9ebd3ffaa6988997d7c5ad564a6bcb6,2508
15722b67-8bad-44d4-bb62-d37ecb91f432,Expressions &amp; Equations,52b40bffba259bbc708d695f2d876390c3e87a786c8fff2aff943dd4b5c35f4b,2509
15ad2b67-8bad-44d4-bb62-d37ecb91f432,Algebra: Arithmetic with Polynomials &amp; Rational Expressions,b09bdb80f2839050a1988510d3ad373cccd3e8251d45f3449d4a394b4601eba0,2510
18132b67-8bad-44d4-bb62-d37ecb91f432,Reading Standards for Literacy in Science and Technical Subjects 6-12,ecba1863547fae30aa9060ecea13978178d054bf6b02c4fd7608f19ecaed1d80,2512
1d1f5457-8bad-45d6-bb62-d37ecb91f432,Consumer Health,3094bf75e50ad2f88414d79fbd15bbf19bf92a4c3c520682735b59fd2e05164b,2514
1da92b67-8bad-44d4-bb62-d37ecb91f432,"Student Outcomes Program Goal 4: By graduation, the student identified as gifted will be able to think creatively and critically to identify and solve real-world problems.",6d357a27830edb2c96cf6ecff90d44b2c88912d23290c20d63abe24b09778dac,2516
1dae2b67-8bad-44d4-bb62-d37ecb91f432,"Student Outcomes Program Goal 4: By graduation, the student identified as gifted will be able to think creatively and critically to identify and solve real-world problems.",df6e16c655b8575b9a0360dcec06423fabbb6b19a8769dc800d439140444c78d,2517
1d312b67-8bad-44d4-bb62-d37ecb91f432,"Student Outcomes Program Goal 2: By graduation, the student identified as gifted will be able to create, adapt, and assess multifaceted questions in a variety of fields/disciplines.",30897494da183da3ca6b163429f9b181a56c36a3727794cfa495bf42a84c99cc,2528
3b152b67-8bad-44d5-bb62-d37ecb91f432,Vocabulary,4fae375fbaf25836f317433aacebcc735b9e4e90ae3664a2f462a3da90404af4,2530
3e2b2b67-8bad-44d5-bb62-d37ecb91f432,Substance Use and Abuse Standards,07a4f59a8dd16eef75215c803a5f86d98383dd9ddcf0b5f370a0446dcc9e306e,2532
1a642b67-8bad-44d4-bb62-d37ecb91f432,Visual Impairment,d0a7d3f270ad359aa367e9662b14b61328e5622f4f0a89330ff6df70f73752d8,2534
3c962b67-8bad-44d5-bb62-d37ecb91f432,Functions,5dc59792d19abdb4a725cd1f15cd6ed330ae701fe2b5c3aa80cfda69a9fde779,2536
14392b67-8bad-44d4-bb62-d37ecb91f432,Advanced Mid,b9623d9eeb77b2baf8e8763ea75c9190c3cf1621a9bb357a6307d24b6b017516,2542
15cc2b67-8bad-44d4-bb62-d37ecb91f432,Functions: Building Functions,9db9ab235a1de4787af8fc5fa52a4e6427c0b66548aed1b39f4e2aa48245dba1,2551
18072b67-8bad-44d4-bb62-d37ecb91f432,Number and Operations in Base Ten,1af2031c364b14f909c9e48175ebbe69f2df678c4bf322db7a2e21e700df109a,2552
1b282b67-8bad-44d4-bb62-d37ecb91f432,Deaf and Hard of Hearing,dbc293394058286e6cc069425617712c4ba79ad978da9c737beb613378b7da82,2553
14732b67-8bad-44d4-bb62-d37ecb91f432,Advanced High,673e3571563d8bacc98e6805cae0a90f9350cb0bab98e21e6635f74d0d1a18f2,2562
15622b67-8bad-44d4-bb62-d37ecb91f432,Geometry,138ac4c1701efdd135a5e38b14d7c8196a4e72955d2f349873d25fe4258d9ccf,2563
1cac2b67-8bad-44d4-bb62-d37ecb91f432,"Student Outcomes Program Goal 1: By graduation, the student identified as gifted will be able to critically examine the complexity of knowledge: the location, definition, and organization of a variety of fields of knowledge.",1c3c2c2c981a154f80868e674733a49833d33431ea53e164b1cdc8492e3aa2bc,2564
21e72b67-8bad-44d4-bb62-d37ecb91f432,Computer Science - Computer Practices and Programming,cfb67349411e961a054cbc9f114feab450a20eadd2871a3a9c7f99f2d4f9ee4d,2568
3dbc2b67-8bad-44d5-bb62-d37ecb91f432,Logic and Discrete Theory,0d4d90c3c7a7000d3c2e83d5189f5f3690a9a119692586ff7f9edd6524544d09,2570
3d682b67-8bad-44d5-bb62-d37ecb91f432,Trigonometry,fd4e00dbb33af90e48add9fd29c138f2b90a5d5b5fd969d91cf86c95cabcd3b6,2577
15022b67-8bad-44d4-bb62-d37ecb91f432,Geometry,b5df59be9127110231aa3074d90c773315fb62101bd7e489d5c500b4626e4375,2580
3b642b67-8bad-44d5-bb62-d37ecb91f432,Expectations,42e9292ed1b6034ec2f94b12a98606a8975d3cfdad1c269a8e4c5d08ca7d9989,2584
15e22b67-8bad-44d4-bb62-d37ecb91f432,Geometry: Congruence,b70e614950b8665959445a62b02ff7501efb4980c0db580b1ea670c518aa9039,2595
15f62b67-8bad-44d4-bb62-d37ecb91f432,Geometry: Circles,2d199d553c8dbf3d38848621ad853f76654c9ab969deda8d6810b309bf01c3ee,2596
14702b67-8bad-44d4-bb62-d37ecb91f432,Advanced High,eb499204ebd6541181e44e97d45f881b9dce4926175daca7520c0db70ffa7b3b,2605
15a42b67-8bad-44d4-bb62-d37ecb91f432,Number &amp; Quantity: Vector &amp; Matrix Quantities,92f2429354b7e6f7778f8240781e4460209746f073664326f949f9fb0a8081fd,2606
16002b67-8bad-44d4-bb62-d37ecb91f432,Geometry: Expressing Geometric Properties with Equations,8af7c163611a54215993fc70c28cbf29da7cb0c7569d7188f084e80f39767378,2607
14142b67-8bad-44d4-bb62-d37ecb91f432,Advanced Low,5e16e513b65cc98e07abdd7967cfff7e40dc89e1d651a4df43067fbf083af8d9,2625
18332b67-8bad-44d4-bb62-d37ecb91f432,Reading Standards for Literacy in Science and Technical Subjects 6-12,65e2e7404d801ad77f6da85e058ec5de830e040f7f6f86da5180d2bc6d488f03,2626
3d302b67-8bad-44d5-bb62-d37ecb91f432,Financial Literacy,520510fce87b4dfc580fa4f184f279c4b8671c6ed65a37cdcbae3a3e695c03cc,2631
138b2b67-8bad-44d4-bb62-d37ecb91f432,Intermediate Low,9bb7e365c88a13aa94f644d3f17141560bc4cf7d177e669ef239a7d249021ad7,2634
18152b67-8bad-44d4-bb62-d37ecb91f432,Reading Standards for Literacy in Science and Technical Subjects 6-12,584b4b61459a5d5f1f2c68a0110a67ca745efd0a88a2f40c36dd56bb581fe54d,2642
3a832b67-8bad-44d5-bb62-d37ecb91f432,Vocabulary,5f57405e9c8816af6910d8786f9874a57aeca4ef4599b98546e09c8525cae202,2645
14012b67-8bad-44d4-bb62-d37ecb91f432,Advanced Low,eebf29f830a61a59bafa322754f5308ce61a9e7366ec28516f0753c3914da40c,2647
144d2b67-8bad-44d4-bb62-d37ecb91f432,Advanced Mid,8e3a8b86e5c52d99022b2ea41f4f7f14fc13a80800ad5bfa56a197eb215aa964,2648
151f2b67-8bad-44d4-bb62-d37ecb91f432,Geometry,2852c7e3e093885979566d70c0be4df0087a5dc4a371038fb9b525c7792f97d6,2649
3dc22b67-8bad-44d5-bb62-d37ecb91f432,Logic and Discrete Theory,cc2c5b601480c2d5e8f8574aeffa779a402b8bb0e094058342314cbc8caf3822,2652
1d172b67-8bad-44d4-bb62-d37ecb91f432,"Student Outcomes Program Goal 2: By graduation, the student identified as gifted will be able to create, adapt, and assess multifaceted questions in a variety of fields/disciplines.",1060017dee0aed542551fd019fe8c55b3e71474f343e2520c9835b771174e8a1,2656
3a652b67-8bad-44d5-bb62-d37ecb91f432,Vocabulary,c6e05a4e1d63c519b31090ac38bba2f6a1f46dfd5d0788fde6c09f93b2743c32,2659
15c42b67-8bad-44d4-bb62-d37ecb91f432,Functions: Interpreting Functions,122b9cff4f7c8e58b521b86f7873f371e8029e2e39c0d83287e983d14e9433bf,2664
16092b67-8bad-44d4-bb62-d37ecb91f432,Statistics &amp; Probability: Interpreting Categorical &amp; Quantitative Data,ca429fda2633576ba8f8a3257b47d4e920edba800600f2142db4bbbe14455875,2665
139c2b67-8bad-44d4-bb62-d37ecb91f432,Intermediate Low,0c0298a8266e296c2e92b5706ef42190432c65aa560948bb0f6384f84f8fe444,2671
22042b67-8bad-44d4-bb62-d37ecb91f432,Computer Science - Communication and Collaboration,a8436399bad24dcad0aadd4925019918efd33324eaa030a72cde2b4488da6c81,2673
15ae2b67-8bad-44d4-bb62-d37ecb91f432,Algebra: Arithmetic with Polynomials &amp; Rational Expressions,b3bfee32283ce3b373729e32456b199d51d30d073c52a225ad4865c0133f7f75,2679
185f2b67-8bad-44d4-bb62-d37ecb91f432,"Writing Standards for Literacy in History/Social Studies, Science, and Technical Subjects",d46cbe3996a1e78695641e1e918fb3deafb9b26ece19c754cee1b02c66ccc3e5,2680
146b2b67-8bad-44d4-bb62-d37ecb91f432,Advanced High,65f17f1e10f8f661928901d3dd9bc3fc35cc53b108ec2065fd251555ef22b64d,2686
3b422b67-8bad-44d5-bb62-d37ecb91f432,Vocabulary,fa553ac384f7165f648b3ce78dd6b6ce236e0cab89a4da2351997339a934d5e2,2692
18492b67-8bad-44d4-bb62-d37ecb91f432,Reading Standards for Literacy in Science and Technical Subjects 6-12,8ba9810bf24050566219354cfeb888d145c46d7363599a11e4bd94d933892e60,2702
1b4e2b67-8bad-44d4-bb62-d37ecb91f432,Deaf and Hard of Hearing,8e0ad0ef34038895c7a19dcb1c029914ded0462429edb7dc3c136d0fc2284423,2703
1d1a7457-8bad-45d6-bb62-d37ecb91f432,Consumer Health,3d3a52d3f89fd94d87dddc8022de5b9bf5f36ee7333dc98bfc4c043ba90f2bb1,2704
137e2b67-8bad-44d4-bb62-d37ecb91f432,Novice High,10bb21ed82722cf4b8ab576c3404f4014951978fd5fdf1d74aa30c83084b25f7,2708
15602b67-8bad-44d4-bb62-d37ecb91f432,Expressions &amp; Equations,39f5c8df7c780e083cc9f48970c36b9eaded08ccdd40a5beb91556b89fef931a,2709
15b22b67-8bad-44d4-bb62-d37ecb91f432,Algebra: Creating Equations,6232b555906b5d1e83f2d9c6e7790c0173bbd74b72c8fc9216326fdfca6e3c8c,2710
18bf2b67-8bad-44d4-bb62-d37ecb91f432,Mathematical Practice,83f84ca593648844ce3d7005a937cfb93a609b0a84f3185a74e5f361e889c212,2711
1d9e2b67-8bad-44d4-bb62-d37ecb91f432,"Student Outcomes Program Goal 4: By graduation, the student identified as gifted will be able to think creatively and critically to identify and solve real-world problems.",935593b05411f27701a194f4243bafa534f3ab5b55b3413a6a47c703f561d7d0,2712
139b2b67-8bad-44d4-bb62-d37ecb91f432,Intermediate Low,2712b043ab2bcc9efaa8f17e7d85fdae81cb7ab535377129f3bdd4f00a322b82,2717
18242b67-8bad-44d4-bb62-d37ecb91f432,Reading Standards for Literacy in History/Social Studies 6–12,bb9b942da27311d3a7cca9faefaad115152e45b293372cb935cfd640073f123d,2718
14722b67-8bad-44d4-bb62-d37ecb91f432,Advanced High,434e7af28c3af8da48e759732083b0e8922b440c1d1f7c509d9f28a694547c28,2722
14b62b67-8bad-44d4-bb62-d37ecb91f432,Geometry,ec9a3cec92fbe621329fa23a9612dd89d24b3fc1a529e544cf8a9c99d3f8554c,2723
3e402b67-8bad-44d5-bb62-d37ecb91f432,Substance Use and Abuse Standards,6c21871c487dc0301a94f8e3f022b0cd5adcbcff0bcdccb7a59bf7c721022c28,2729
13542b67-8bad-44d4-bb62-d37ecb91f432,Novice Low/Mid,25f6101e44e655954d064fab2cb497e49af6ab3674cf2ba4aa2f072fa25c3fc7,2733
14112b67-8bad-44d4-bb62-d37ecb91f432,Advanced Low,d3b91143f7841dc7a99276981856f5d4266f687eaa6278552aa7966b25de0539,2735
3d7b2b67-8bad-44d5-bb62-d37ecb91f432,Trigonometry,85892ff6a1786b8d4008a29c29b3c16a64273ce7d887094d77e508732d9edafc,2740
3e3a2b67-8bad-44d5-bb62-d37ecb91f432,Substance Use and Abuse Standards,784336f397ed297b3773f76fc6471b3110d31117c96fc993abc70de782df3e82,2741
14fd2b67-8bad-44d4-bb62-d37ecb91f432,Measurement and Data,27eccb1439bbe679a4c73fe3811026e6733200aa8467dd9c663d8b54e1de5fa4,2744
22022b67-8bad-44d4-bb62-d37ecb91f432,Computer Science - Communication and Collaboration,7919fa844d9182abfbddffe42577892ebc0e67c27455d3af4476ea746585aeee,2747
139f2b67-8bad-44d4-bb62-d37ecb91f432,Intermediate Low,15885e99cbaf282e3da26b0b988825312b9f51d47563571866c362dff2cbd870,2752
148f2b67-8bad-44d4-bb62-d37ecb91f432,Superior,6cb754f321996df6fafc14d996d476ec3ad564e94cf362509d58cfad9dea1976,2753
158b2b67-8bad-44d4-bb62-d37ecb91f432,Statistics &amp; Probability,3a49417816b1ab4e044f0517cbeecf619fb51e348bc629bda0075b3365fa2d42,2754
13502b67-8bad-44d4-bb62-d37ecb91f432,Novice Low/Mid,044176e0a024ea74ea5c7a28b657507b47610ce0618ff1ff173701652c8b3ffb,2763
1a172b67-8bad-44d4-bb62-d37ecb91f432,Deaf and Hard of Hearing,b30f7a375eb21e4c3ae8f6f0f97d926be9f4795fee2961121531614b72372e20,2765
18bc2b67-8bad-44d4-bb62-d37ecb91f432,Mathematical Practice,dab97913c170212d50da85cce4e69459193727e4ad3f44c87bc881b247f91625,2770
1d592b67-8bad-44d4-bb62-d37ecb91f432,"Student Outcomes Program Goal 3: By graduation, the student identified as gifted will be able to conduct thoughtful research/exploration in multiple fields.",6725dd699c15174a93514bf68a1911acfb8af1cd1fb65d049c9276e624d50f94,2771
1d23f457-8bad-45d6-bb62-d37ecb91f432,Consumer Health,000be8867083d74aedbb0ab10a945e33f942185d8ebb48238d1d35f21d8c8352,2779
13cd2b67-8bad-44d4-bb62-d37ecb91f432,Intermediate Mid,2b4c23b370302ec3cc0cf22948011b66a6a3f6ac73b5e09fc623a41d95d9d860,2789
18442b67-8bad-44d4-bb62-d37ecb91f432,Reading Standards for Literacy in Science and Technical Subjects 6-12,3e9c4a26636528617054d36abead52f98be8a8e5a104bbeaa6e2d30892753c75,2790
3a472b67-8bad-44d5-bb62-d37ecb91f432,Vocabulary,679098c7f7e180a0f183f57fe034163328efa859e4ed39d1399aa844a17f4330,2796
3ba62b67-8bad-44d5-bb62-d37ecb91f432,Measurement,4bce4ad95c4e1ea625158cbad45fc3e199554ed53b357d400acea035c5075250,2797
16a82b67-8bad-44d4-bb62-d37ecb91f432,Reading Standards: Foundational Skills (K-5),7a8a77391dcadb770d31164168842c0f14f99e48166c90d5c42fe9ee072b6d90,2802
1d282b67-8bad-44d4-bb62-d37ecb91f432,"Student Outcomes Program Goal 6: By graduation, the student identified as gifted will be able to set and achieve personal, academic, and career goals.",ebd9b44efc029f69b25914b34fc8b1b18f60fcfedecc259a50c3ce27f25e8836,2804
15aa2b67-8bad-44d4-bb62-d37ecb91f432,Algebra: Seeing Structure in Expressions,e8128a9f9007828413c1907f1f5cc1920559d918d43877830014ef078804d700,2809
18632b67-8bad-44d4-bb62-d37ecb91f432,"Writing Standards for Literacy in History/Social Studies, Science, and Technical Subjects",03e05480058498385fee8b2f4c7389ad377572c9b0bdf3d8b83c51bfb35efe72,2810
15fb2b67-8bad-44d4-bb62-d37ecb91f432,Geometry: Expressing Geometric Properties with Equations,434e0bc83a615515830ba03d5829580bf2050a219d21a594ef1b593c74bc3c31,2818
1ce42b67-8bad-44d4-bb62-d37ecb91f432,"Student Outcomes Program Goal 5: By graduation, the student identified as gifted will be able to assume leadership and participatory roles in both gifted and heterogeneous group learning situations.",9919635b7a8d0176dfbb3ab6431df9887f9fd809ab26cecb9185131bb5dd5141,2819
3c1e2b67-8bad-44d5-bb62-d37ecb91f432,Fractions,abe83b861bb0a42add293d6066269368f05c7fade645215553eb0029d5851380,2820
14d72b67-8bad-44d4-bb62-d37ecb91f432,Number and Operations in Base Ten,e3dc86ba9a23d33b0ab73feb50e0918acecef895fd9c8e5408a783ac1429ca23,2825
1b602b67-8bad-44d4-bb62-d37ecb91f432,Therapies,10bd20a2b9eb4ca305ec118915ace3099efc514fdb59c15c8dc332c357f82bb9,2826
3e0f2b67-8bad-44d5-bb62-d37ecb91f432,Trigonometry,3c8775412db02eb82d29f37d0c07f5d5b348e4fe2878bc3d8678f46850c70572,2827
1ab92b67-8bad-44d4-bb62-d37ecb91f432,Visual Impairment,dc37462905bd59a93dfc5c1654e2914dcc70caed24b77b43b97129829bb813ec,2828
147c2b67-8bad-44d4-bb62-d37ecb91f432,Advanced High,0990fade199907f704c8e0afbff4f57fe59395360971f698b042a8e962807f1d,2831
149a2b67-8bad-44d4-bb62-d37ecb91f432,Superior,08caa16d780ff0b46392e865386b68b2eaf80612d7bcae059116562f635dd763,2832
15042b67-8bad-44d4-bb62-d37ecb91f432,Operations and Algebraic Thinking,c2ad84256e819823fd4cd60ef44351f532460f33354bcaaf0f4e2c26f56084f5,2833
15322b67-8bad-44d4-bb62-d37ecb91f432,Measurement and Data,04e31f84a83823824e26fe2760f2bf928405df9883d7fbeb787da54c67ab4e4b,2834
22c22b67-8bad-44d4-bb62-d37ecb91f432,Computer Science - Computer Practices and Programming,caba0aa339afc78c55dccf3140591abac4feeb6705f412f6ca59e1e8d7c21e43,2837
1d942b67-8bad-44d4-bb62-d37ecb91f432,"Student Outcomes Program Goal 4: By graduation, the student identified as gifted will be able to think creatively and critically to identify and solve real-world problems.",0ce9fc697facafb0310d4a7ef5943824ab46de8f680bc8d25237c408ce2117b8,2843
15ce2b67-8bad-44d4-bb62-d37ecb91f432,Functions: Building Functions,253b8b5ec2f644337e608b9d0e6862456876914ee61c0ab950a5322258749727,2847
1d302b67-8bad-44d4-bb62-d37ecb91f432,"Student Outcomes Program Goal 2: By graduation, the student identified as gifted will be able to create, adapt, and assess multifaceted questions in a variety of fields/disciplines.",3a659a3b6eedaa6a8515429a0f4075053e0e27d2e565ebd4455e2f4d028ec21d,2848
132e2b67-8bad-44d4-bb62-d37ecb91f432,Novice Low/Mid,9e786bfb0cced6e1a9dc83334f9ad5347739f733830c384a74e2e8935364f122,2857
13702b67-8bad-44d4-bb62-d37ecb91f432,Novice High,e953bcba740ada8dec88083429d1888ef3050bde4f9d0c17ca6d5a6581a9170d,2858
15ba2b67-8bad-44d4-bb62-d37ecb91f432,Algebra: Reasoning with Equations &amp; Inequalities,5b9c69befa8dca7cd70034fe3f7048b492d7d5769338f04121f01ce9d40bf936,2859
16102b67-8bad-44d4-bb62-d37ecb91f432,Statistics &amp; Probability: Interpreting Categorical &amp; Quantitative Data,ed7692b5c438f9dcbcdba26305552a5cdb157d198ff4bf97ea79f664607d7f21,2860
22cb2b67-8bad-44d4-bb62-d37ecb91f432,Computer Science - Computer Practices and Programming,3364e22b54fc2ff89c4dd31149c45adf656210865a3dd1199f1b1e03b5577d0b,2862
13552b67-8bad-44d4-bb62-d37ecb91f432,Novice Low/Mid,dde6b2bc3a10cf2d8dc482fd1c0c4b0659fd25b6a48c4a95bbacc54dc15b5b46,2864
14592b67-8bad-44d4-bb62-d37ecb91f432,Advanced High,917a2360deee882e0227c5e3f6e9f196441eecd3152d63dd54c7fa1a17658d5a,2865
1a442b67-8bad-44d4-bb62-d37ecb91f432,Deaf and Hard of Hearing,a1e81b3605ed9f683d746ef5dc95260e303a38ca6a88e9040d9c5f1e6f92d4b3,2866
3f3d2b67-8bad-44d5-bb62-d37ecb91f432,Holocaust Education (Starting 2023-2024),5d73f16cd890fbe9d590fd86a6ac27a4effd06c93bc094c64bb2bb684df0f166,2872
15b42b67-8bad-44d4-bb62-d37ecb91f432,Algebra: Creating Equations,b2cd19e302a57ae71088fab5b6bec5754905ce50e6f2321d7d68dcc48f7d574f,2877
16a32b67-8bad-44d4-bb62-d37ecb91f432,Reading Standards: Foundational Skills (K-5),e1773de4cd4e615a5b99aea559cc33b19f33845c474c4a10c1e07815b5acf832,2878
1cd32b67-8bad-44d4-bb62-d37ecb91f432,"Student Outcomes Program Goal 5: By graduation, the student identified as gifted will be able to assume leadership and participatory roles in both gifted and heterogeneous group learning situations.",52cc2102a314e6e5be93d32d8305f419cbafadd85e4cf3cf33e1433db32243b1,2880
1da72b67-8bad-44d4-bb62-d37ecb91f432,"Student Outcomes Program Goal 4: By graduation, the student identified as gifted will be able to think creatively and critically to identify and solve real-world problems.",55b7fe05eac34ce7cc96b939af7056c8de0fe388f1f700f9fc3ad9798d857355,2882
3d762b67-8bad-44d5-bb62-d37ecb91f432,Trigonometry,5c61832fede0bcea7ca23ad4484f39887856fe029f0a41f2dceb9c9c82d1b4ab,2885
15132b67-8bad-44d4-bb62-d37ecb91f432,Number and Operations - Fractions,37e4a7fbbbcb7a78a6eae8fabf415203132712817f67162e42323f2b5c77ae74,2898
156c2b67-8bad-44d4-bb62-d37ecb91f432,Statistics &amp; Probability,dbcb31d3156b08ad469539e515521add12077753ff754eb2c9dd3fc063736a53,2899
14de2b67-8bad-44d4-bb62-d37ecb91f432,Measurement and Data,ee5bd110e22868e45fd29470d3ac29f676dd01c170923897a5d78397bc0de235,2904
15252b67-8bad-44d4-bb62-d37ecb91f432,Number and Operations in Base Ten,3ab84ca8a4fdc7299a1c604a48a3bae37b4ca113d4e2bf8c0f765fac981dbbd6,2912
1d082b67-8bad-44d4-bb62-d37ecb91f432,"Student Outcomes Program Goal 2: By graduation, the student identified as gifted will be able to create, adapt, and assess multifaceted questions in a variety of fields/disciplines.",3d23f70a19a518373f7095f61d7648555d46b09ce1fe05115ddf6d9803064a30,2913
1d17d457-8bad-45d6-bb62-d37ecb91f432,Consumer Health,f9be5804bf4edd523d3ee210aeb79cf6f19bb9a6eb18e48e69c6e0238ee26f11,2914
1d8c2b67-8bad-44d4-bb62-d37ecb91f432,Student Outcomes Program Goal 7: By graduation the student identified as gifted will be able to develop and deliver a variety of authentic products/performances that demonstrate understanding in multiple fields/disciplines.,eaab147e7886256df02f9c88a4e6445544c3ca21632fc4818508b0b2fecc1d4c,2915
13992b67-8bad-44d4-bb62-d37ecb91f432,Intermediate Low,d9a1e138df9e46732b1a4287019dd898fb0ca28b932c94a8311da7629d7725ef,2923
143c2b67-8bad-44d4-bb62-d37ecb91f432,Advanced Mid,76f4aa3eed94103e1008901459c337dd4b71cf192ec7ca7c2038d24b11c2d947,2929
14672b67-8bad-44d4-bb62-d37ecb91f432,Advanced High,26f1d3377653798e88f9ba4b775970c2bf608c8c2103dda7aa916b34a9888114,2930
16162b67-8bad-44d4-bb62-d37ecb91f432,Statistics &amp; Probability: Making Inferences &amp; Justifying Conclusions,1e847f13787baee006347e3b4def4119a675e2f2144a69e0b6217c3b0526bf4e,2935
16202b67-8bad-44d4-bb62-d37ecb91f432,Statistics &amp; Probability: Conditional Probability &amp; the Rules of Probability,4295f957ee298c82e646a1bb6f8050812a130e0622d59ae459d2d313ed30b982,2936
1cc52b67-8bad-44d4-bb62-d37ecb91f432,"Student Outcomes Program Goal 1: By graduation, the student identified as gifted will be able to critically examine the complexity of knowledge: the location, definition, and organization of a variety of fields of knowledge.",9036a7d7b0cf705d8f29274b164addada392ac7503eb7b54cf3345faa5cae1eb,2938
3afc2b67-8bad-44d5-bb62-d37ecb91f432,Vocabulary,492872b5b06699f6d3893f2f93dd3b8dbdabc98146a96795335c1de24c418a5f,2940
152c2b67-8bad-44d4-bb62-d37ecb91f432,Number and Operations - Fractions,3d8ed5e43704c84ea0b5039e6bba3540deaf1f9a61e5351ec3c2579306bead68,2943
1abc2b67-8bad-44d4-bb62-d37ecb91f432,Visual Impairment,7a03d60634dabcd998e4357a535eb60d9c1526274d19d9f2ae33958cd5a0fc70,2945
13922b67-8bad-44d4-bb62-d37ecb91f432,Intermediate Low,ef49e799bab318a540c8e26c623726958f9b57b148667724a653b1742259a1af,2960
15812b67-8bad-44d4-bb62-d37ecb91f432,Geometry,33e1f56902e30dcae7d36d71138ec3552653dafaf4f489ca23e12e477070b153,2961
14562b67-8bad-44d4-bb62-d37ecb91f432,Advanced High,02c5baf01453909a92d62f7f5f652d71b2afe8e68bd727bdbbb039749bec6288,2966
14fb2b67-8bad-44d4-bb62-d37ecb91f432,Measurement and Data,e9fd748b8bbdfaa3159d7e9360237b9270dfabe4fbfa7a33c8d4c7c5afab89b2,2967
3a842b67-8bad-44d5-bb62-d37ecb91f432,Vocabulary,f91c515c9d01536791af4b95133ec589a5bab764118a2fa3069c23f053717b41,2972
3e0d2b67-8bad-44d5-bb62-d37ecb91f432,Functions,a3c94f9a76d819eb40ec992772ef89a0704c1751c54f618ce9e025114e3e0fdc,2973
14992b67-8bad-44d4-bb62-d37ecb91f432,Superior,25dc7ee9cb93aec5eaa15e35f8b9edaf565fbf253af4396654e19a1f2fd797d8,2988
18b82b67-8bad-44d4-bb62-d37ecb91f432,Mathematical Practice,38a38ea1d5e497c9197d7dcedbdd066cce229279145e58dfe70c5e66b80e9f9f,2989
21d22b67-8bad-44d4-bb62-d37ecb91f432,Computer Science - Communication and Collaboration,fcb64427c61a54b2716ed76429cee67bcaf0b2848863130d43d1595b8477558e,2992
3c002b67-8bad-44d5-bb62-d37ecb91f432,Fractions,4d5bfa433dc66801d0a55cc49c96f47185f0ea9f2691c72254d10d33214edf78,2995
14272b67-8bad-44d4-bb62-d37ecb91f432,Advanced Low,cbbb92ace59266825ad9be30a987ecd19d9b3d02303d0fa45cb3d30f911f66d8,2999
13e62b67-8bad-44d4-bb62-d37ecb91f432,Intermediate High,2023f520ef330e99cee31b602c054a1bcb2576f89d4b4a5df70654874b801d48,3013
15d02b67-8bad-44d4-bb62-d37ecb91f432,"Functions: Linear, Quadratic, &amp; Exponential Models",18199881667d23203adc4c1fd5352cdad3470ff5badfa78bd05be8928d368651,3014
1cc12b67-8bad-44d4-bb62-d37ecb91f432,"Student Outcomes Program Goal 1: By graduation, the student identified as gifted will be able to critically examine the complexity of knowledge: the location, definition, and organization of a variety of fields of knowledge.",49b531d4020a9d485fdb3adecc6186305d4d21108fbf9f71d7389bca110877f8,3017
3ba92b67-8bad-44d5-bb62-d37ecb91f432,Measurement,8c337aafd2473b96bae03264acaac2e3d4ada6025f9165ca90bddde503342c41,3020
14be2b67-8bad-44d4-bb62-d37ecb91f432,Operations and Algebraic Thinking,1d6ba93bf7fbf8b8a5654154bf7a44c049d789e386c999abb014a9aa2f493325,3026
1a932b67-8bad-44d4-bb62-d37ecb91f432,Visual Impairment,6a69628e1a980088c022d7c252620f6550c4274d02d24afe747eb9bd26d11d88,3028
1d242457-8bad-45d6-bb62-d37ecb91f432,Consumer Health,80d1df86c7be11b1e0546a0c5546b682fe1766c0376b92cf5da7c2ca74b55ccb,3029
1dac2b67-8bad-44d4-bb62-d37ecb91f432,"Student Outcomes Program Goal 4: By graduation, the student identified as gifted will be able to think creatively and critically to identify and solve real-world problems.",7cd5cb5939e6d134e0059ea5b02d7e930aa47da1d73142311d05e9f730e06b16,3030
3c082b67-8bad-44d5-bb62-d37ecb91f432,Measurement,bb5f2880e548e6d14bd98bdfee175a25b9857910fb66dee1c9b9de6266799a1d,3033
185a2b67-8bad-44d4-bb62-d37ecb91f432,"Writing Standards for Literacy in History/Social Studies, Science, and Technical Subjects",8e1bb1e1d66c85807c56e37c8a1384417de7088d9a22f2e462eb61de23f5af8f,3038
1d6b2b67-8bad-44d4-bb62-d37ecb91f432,"Student Outcomes Program Goal 3: By graduation, the student identified as gifted will be able to conduct thoughtful research/exploration in multiple fields.",92029924d8c3feb1d47e66e89101ea2a16cc6deda24ea3e9ca5d1f329562c27d,3041
1d772b67-8bad-44d4-bb62-d37ecb91f432,Student Outcomes Program Goal 7: By graduation the student identified as gifted will be able to develop and deliver a variety of authentic products/performances that demonstrate understanding in multiple fields/disciplines.,186b98807c1387dd2fc47a61a1c31d4275ac726851a18ce395daf81b4b5b8dc9,3042
3e302b67-8bad-44d5-bb62-d37ecb91f432,Substance Use and Abuse Standards,6bc7391a92181f5a7c1369897b856c369e9ac3f3826fceb185a43315aff275b6,3044
14522b67-8bad-44d4-bb62-d37ecb91f432,Advanced Mid,0ea8461fdacb6fc827d924fe4c9f75e413cd596a2e26de4dcef3410796f891f1,3060
1b5e2b67-8bad-44d4-bb62-d37ecb91f432,Therapies,907c513a158d3ff8d99cdf6cfc63d94f9589778ff03565cbc57464c79e9585da,3061
1d262b67-8bad-44d4-bb62-d37ecb91f432,"Student Outcomes Program Goal 6: By graduation, the student identified as gifted will be able to set and achieve personal, academic, and career goals.",238193c42a9356d2fa6389c6f20fcd3f6c7067e9b8dd415c0fc8a5d888649c24,3062
18552b67-8bad-44d4-bb62-d37ecb91f432,"Writing Standards for Literacy in History/Social Studies, Science, and Technical Subjects",74ac4d809ef2a592f179b527cd6d3460e0bc801c134f97f77d19c6993646d15b,3069
18572b67-8bad-44d4-bb62-d37ecb91f432,"Writing Standards for Literacy in History/Social Studies, Science, and Technical Subjects",bbc8f624ac42dee504912498a10fc363740f9cc3f340b70901329b6d0ea219d8,3070
1cc82b67-8bad-44d4-bb62-d37ecb91f432,"Student Outcomes Program Goal 5: By graduation, the student identified as gifted will be able to assume leadership and participatory roles in both gifted and heterogeneous group learning situations.",6657706230c74c032b21c83237fc96e90ea65b93e994e775b3129ad0adff1776,3071
3bd32b67-8bad-44d5-bb62-d37ecb91f432,Fractions,5b1cf6d8de2af6fa1af87415363e4022bede5bbaa6eadf22b4e989adc790079f,3082
15a22b67-8bad-44d4-bb62-d37ecb91f432,Number &amp; Quantity: Vector &amp; Matrix Quantities,9a488c6ee7afe9ae4bda282191d635b0f49d498394e97b0e7242743cf187da06,3086
21102b67-8bad-44d4-bb62-d37ecb91f432,Operations and Algebraic Thinking,a4965f94bbcff028f9f6d240cf746773f4d91600ef4bb42632fc9be37be0a5d7,3087
15f32b67-8bad-44d4-bb62-d37ecb91f432,"Geometry: Similarity, Right Triangles, &amp; Trigonometry",eff0c13d07a6e6bafb3a4b47bbd6d84110028b97f09d3a80603eda38d89e7471,3094
13cf2b67-8bad-44d4-bb62-d37ecb91f432,Intermediate Mid,7e748387fcffe4a81a81a1a8ed9793418d626fc74d35a0697de139c463831b6a,3101
148a2b67-8bad-44d4-bb62-d37ecb91f432,Superior,f6e2ac732e864be7d2acf67d255927b624b9c48f175fc4d77f4ee62e9fdf6932,3102
3a9d2b67-8bad-44d5-bb62-d37ecb91f432,Foundational Skills,5c5e3094802c387f177e6f1d1f8cbff2463f14793efed26cec5a42b14efce353,3109
14352b67-8bad-44d4-bb62-d37ecb91f432,Advanced Mid,11047973e93b77a3eafceb44b9984a85352016c582563a57591f9312c5936cd1,3122
15f92b67-8bad-44d4-bb62-d37ecb91f432,Geometry: Circles,12f083da7d285e419efa0313b3fb44ad25bc7fe6fc390d24f5cb1a3a0f134dc5,3123
1b432b67-8bad-44d4-bb62-d37ecb91f432,Deaf and Hard of Hearing,d655e82751539023a74c0a17b7bebadc40e73417bde439255786fa7acab1ca70,3124
3d2e2b67-8bad-44d5-bb62-d37ecb91f432,Financial Literacy,6beab427c432717c76f4f8dd8228c52aeae2d3c3e6b477916744834074839e72,3131
1ad42b67-8bad-44d4-bb62-d37ecb91f432,Therapies,5570e38b14e74822799501d26349c4db64b393ecff57f44c38ee531fe4f76268,3141
1b402b67-8bad-44d4-bb62-d37ecb91f432,Deaf and Hard of Hearing,93ee14e19a4d7dc6190b3cc1421997b758e613b5b42c2963861fa2f5f4fb3260,3142
1d012b67-8bad-44d4-bb62-d37ecb91f432,"Student Outcomes Program Goal 5: By graduation, the student identified as gifted will be able to assume leadership and participatory roles in both gifted and heterogeneous group learning situations.",da6b6b6974f3ea770684bd0fce38e3f10d5dc15b87c5e466e635b833e1e36c68,3143
15f02b67-8bad-44d4-bb62-d37ecb91f432,"Geometry: Similarity, Right Triangles, &amp; Trigonometry",9421af5b70991160827bb977a5cd158716da89ba6c2ce1eb05fa201fc05f820d,3157
1a422b67-8bad-44d4-bb62-d37ecb91f432,Visual Impairment,f8ca74eda24d44dbcbf59a062e179a567ce5a924025140b417e393cf68066193,3159
14832b67-8bad-44d4-bb62-d37ecb91f432,Superior,63fc7cc36f95f16fe3954c198eca4b77e857e0bdaedc02d152f7cc8090afdd7a,3169
15ed2b67-8bad-44d4-bb62-d37ecb91f432,"Geometry: Similarity, Right Triangles, &amp; Trigonometry",eec0dc8e054cf324981477ff7dc6036c3f5e486de24525b3c285b2655baffeb0,3170
1a512b67-8bad-44d4-bb62-d37ecb91f432,Visual Impairment,1d325ed4a67566a3c227c0c44806893375f176b53d639fcbcd5fbeba3a3be15e,3184
3a992b67-8bad-44d5-bb62-d37ecb91f432,Vocabulary,206648d4f0cc22a0208b527d4ec684b632373c6d20a00e45b1fb5cd47f610afe,3189
142c2b67-8bad-44d4-bb62-d37ecb91f432,Advanced Mid,84a519c254b2b36191ced15cd8701a0f7c6c5e4e20e9ba58a26ab5d146a3219f,3191
14862b67-8bad-44d4-bb62-d37ecb91f432,Superior,962f6e522c649b5e3fb233ffae2da7756b4885edd24e8229e4b12ecef3dbe765,3192
14e42b67-8bad-44d4-bb62-d37ecb91f432,Measurement and Data,f8189f574550c21a7c21e68d6a0849bb77a18cf0c5a9aa99324b69b1037a6ecd,3193
14f02b67-8bad-44d4-bb62-d37ecb91f432,Operations and Algebraic Thinking,2102a1f5277ae57cdc30793eaec20e380f57d2657d3429b035f67656ab543ece,3194
15522b67-8bad-44d4-bb62-d37ecb91f432,Geometry,1356ea8c575b4ca5d14c62dec67dd870d80a407893c7471ad988875d01a9316f,3195
13472b67-8bad-44d4-bb62-d37ecb91f432,Novice Low/Mid,fb31e368a69859730161135e9ccf5e255995e5dce6dc26a53066d42dfec5b8a0,3202
14dd2b67-8bad-44d4-bb62-d37ecb91f432,Number and Operations in Base Ten,ede89743b13c04744044c4ecedda8e0bb9df35731448d699b695d4577ba5bbe6,3203
13dc2b67-8bad-44d4-bb62-d37ecb91f432,Intermediate High,2eeccb09985a274ce70a1fe6f41b2fb39aa697a6c6e6311b8876c90bb641b6b8,3216
154a2b67-8bad-44d4-bb62-d37ecb91f432,Expressions &amp; Equations,f569f060ee96d229986e225fe3b05036025dfb41a672cad25452f7ebf673e6bb,3217
3e382b67-8bad-44d5-bb62-d37ecb91f432,Substance Use and Abuse Standards,a297908a457764e950794e911beb16ac2ac59f94d0649759623159477c7125fb,3221
13802b67-8bad-44d4-bb62-d37ecb91f432,Novice High,7c86ddd462db482ff7dcf45ff1124dee3e04055627287e3c9ed1fa7b8158469a,3223
15ef2b67-8bad-44d4-bb62-d37ecb91f432,"Geometry: Similarity, Right Triangles, &amp; Trigonometry",20aaba9ede5109dd343966dfbf2bfea3231b6f32ce052cb716853f1819013482,3224
17654457-8bad-45d5-bb62-d37ecb91f432,Consumer Health,a6789a51ba12e73ee93ea7b23461a3e4fe31eff028b50708adf3eb60e7c8e95d,3225
1b2a2b67-8bad-44d4-bb62-d37ecb91f432,Deaf and Hard of Hearing,373af104485fbb50e861eddb128de72aab7f5e97b4f000e3748ec59e20b95f59,3226
218b2b67-8bad-44d4-bb62-d37ecb91f432,Financial Literacy (Discontinued after 2023-2024),3babf5c2c4ca3bd045823f1785939e19fe0a0bd4d036731b97d08757a5a2f1e5,3228
15e52b67-8bad-44d4-bb62-d37ecb91f432,Geometry: Congruence,f0736473b9e64cd778fb3968b29fddbf0eea8c0b1a88de8b031f07a70dd355ec,3233
14652b67-8bad-44d4-bb62-d37ecb91f432,Advanced High,489ab414264b43db72766c9a01dfdc8a70bdd2fcd3f881bb8060de60e604c5f0,3242
180b2b67-8bad-44d4-bb62-d37ecb91f432,Reading Standards for Literacy in History/Social Studies 6–12,7b8ed3e97f68c587c0f5035572fd684667a637d898f1cfbb0514cb535e093977,3244
3db62b67-8bad-44d5-bb62-d37ecb91f432,Logic and Discrete Theory,38156618b912f989015db6147d21cd0381745b4b616cc14468069d29f839795c,3247
13562b67-8bad-44d4-bb62-d37ecb91f432,Novice Low/Mid,ca313516d5b8f039dff5d783fc60495f2eb56d4dd297dc19e1a293e328bc2e68,3252
15012b67-8bad-44d4-bb62-d37ecb91f432,Measurement and Data,f0498bb6c31524a163444bb60920710ba0ae02bc42ee8057a8cda7d82c4c4c45,3253
1d332b67-8bad-44d4-bb62-d37ecb91f432,"Student Outcomes Program Goal 2: By graduation, the student identified as gifted will be able to create, adapt, and assess multifaceted questions in a variety of fields/disciplines.",5deb4c9b1ce3c957e44e34347090fc7336192980d20dee673d5c76981b5f105c,3254
3db22b67-8bad-44d5-bb62-d37ecb91f432,Logic and Discrete Theory,e339a3e81b466a84326800719f03a04811ba546cdd91713b5ceeb89065b61273,3257
13be2b67-8bad-44d4-bb62-d37ecb91f432,Intermediate Mid,b870764e506b08aeeceebc17e8cf98e1602222dd3494869dc749eb5b5001e3fd,3263
1da42b67-8bad-44d4-bb62-d37ecb91f432,"Student Outcomes Program Goal 4: By graduation, the student identified as gifted will be able to think creatively and critically to identify and solve real-world problems.",07cfa88254c4088953031d67424ebe12104cff09a2ee4a07341e1f28dc738ec1,3264
3a672b67-8bad-44d5-bb62-d37ecb91f432,Foundational Skills,ee0bc74d241e2b96cd2550043fb4729f386dd59f6ac84bbf72708961da1d5e95,3266
13ac2b67-8bad-44d4-bb62-d37ecb91f432,Intermediate Mid,90c451fc2950f5a7ffce9129a116c5348a1fbba8d18da9aec11b4942a059052a,3273
1d218457-8bad-45d6-bb62-d37ecb91f432,Consumer Health,2683f95999ae46dfafab9ebf3cb00c3bb7e1189430acbdca15c305f1903b2e75,3275
1d752b67-8bad-44d4-bb62-d37ecb91f432,Student Outcomes Program Goal 7: By graduation the student identified as gifted will be able to develop and deliver a variety of authentic products/performances that demonstrate understanding in multiple fields/disciplines.,571251ecc43d5357c5fc5b9f9aa410e1c1ab24c9dd433f835e476967b1b7f40f,3276
13b32b67-8bad-44d4-bb62-d37ecb91f432,Intermediate Mid,eaa86e7fecf5a70d142daba5575cc000bdc6f2aed6cb1508630c5bd2a28ad8bb,3282
15d52b67-8bad-44d4-bb62-d37ecb91f432,Functions: Trigonometric Functions,7625f9bbf3dd44a752a61a79434959a4297fb18ec85892551d001024aecbc3bf,3283
3dbb2b67-8bad-44d5-bb62-d37ecb91f432,Logic and Discrete Theory,e65ba2e4ab9eeb816d0832c65f94aa2831f2dca02b98c646903d0ad8a0fcd07c,3286
140c2b67-8bad-44d4-bb62-d37ecb91f432,Advanced Low,3b48990ca9bf1286b799676a3406f221ddd6857404828090cef3345c38dd47eb,3291
18b72b67-8bad-44d4-bb62-d37ecb91f432,Mathematical Practice,bd3e64b0ac23c445d045c71246731612443e77f41b30fc39f8c8298005952500,3292
14882b67-8bad-44d4-bb62-d37ecb91f432,Superior,a9869cd992e198d933422934740dac35c622d5a9b50ee86e7f7e8a65bc2cfd8c,3299
14e02b67-8bad-44d4-bb62-d37ecb91f432,Measurement and Data,2b1dfd55cec055579baab5e786e802635d5316e328194699ee37231a3904359a,3300
159d2b67-8bad-44d4-bb62-d37ecb91f432,Number &amp; Quantity: Vector &amp; Matrix Quantities,1b66f98d505890e06d011b4b3c4c620b0d813819a6e75d52b3f887e603cbcdec,3301
16052b67-8bad-44d4-bb62-d37ecb91f432,Geometry: Geometric Measurement &amp; Dimension,95fbc644598fde169742c4be54b4847ad84ad58c70fe3017541d3d49080fafba,3302
16212b67-8bad-44d4-bb62-d37ecb91f432,Statistics &amp; Probability: Using Probability to Make Decisions,223bd062ca797438a1b7f170911f4c99211f17fc3fba39a85ea36300da307e03,3303
22c42b67-8bad-44d4-bb62-d37ecb91f432,Computer Science - Computer Practices and Programming,288a4c8c8ea5ef80f512f7d75f75fa4dd050b9bffef7dd2f16e14bfffc9f575a,3314
139a2b67-8bad-44d4-bb62-d37ecb91f432,Intermediate Low,66eea37478dbcfff9400b387f56ab628fb7791a06535c8e2963cdef62122e98a,3320
14852b67-8bad-44d4-bb62-d37ecb91f432,Superior,a2aecdc6f442d42ed54cbb9a6103fe6f79c076490d6ef203996b2a42bbd035fc,3321
1a5b2b67-8bad-44d4-bb62-d37ecb91f432,Visual Impairment,d0a8591ac30a3ce3b30a85d279690211c0b33ddad9f82faa0efed893e19fa07b,3322
1dbd2b67-8bad-44d4-bb62-d37ecb91f432,"Student Outcomes Program Goal 4: By graduation, the student identified as gifted will be able to think creatively and critically to identify and solve real-world problems.",813f346876b2b54e4ac61340e4585bb08bd49fb089bac88a82918ab3b079201f,3324
147b2b67-8bad-44d4-bb62-d37ecb91f432,Advanced High,be7f2088195ba37c0e18cc557ad1b491af8a754f43013cf6a10306c579bcdc25,3329
1d4b2b67-8bad-44d4-bb62-d37ecb91f432,"Student Outcomes Program Goal 3: By graduation, the student identified as gifted will be able to conduct thoughtful research/exploration in multiple fields.",6ac13db7ccf10afb722fc743eb0586714c1a2105ea042dd19e9136616202aa56,3330
3d132b67-8bad-44d5-bb62-d37ecb91f432,Functions,9ba8b3d3be453127a51366e236e5d854b4933ab2316cc5b98bc20818233de5cc,3335
13b72b67-8bad-44d4-bb62-d37ecb91f432,Intermediate Mid,1b18a6322adea5db5b341c0671b117b2bff49281641e42bac83486498b3454c4,3340
13f62b67-8bad-44d4-bb62-d37ecb91f432,Intermediate High,66fe96f989ae1b499c7dd4c235fa4294ba0e9dd89abac280ba15ae60c3444fb0,3341
219f2b67-8bad-44d4-bb62-d37ecb91f432,Financial Literacy (Discontinued after 2023-2024),0f58f01df01fcb4955baca939735eed6e913d8f787a4f4ecac32fc7abbfcb380,3342
15d82b67-8bad-44d4-bb62-d37ecb91f432,Functions: Trigonometric Functions,45ad3e6b4da39815eac2532d1202e54e4b7609e74d5fdb34892696861748f329,3355
1cdd2b67-8bad-44d4-bb62-d37ecb91f432,"Student Outcomes Program Goal 1: By graduation, the student identified as gifted will be able to critically examine the complexity of knowledge: the location, definition, and organization of a variety of fields of knowledge.",5bd720e3cded6312bfdf55690c6fc94714f914f0770d98467dd50d4bec6dc2d3,3357
3db82b67-8bad-44d5-bb62-d37ecb91f432,Logic and Discrete Theory,b257d89cdeb61fdf84770e486d2a100ff680c4b944019e4d68155483b892c03f,3362
15e42b67-8bad-44d4-bb62-d37ecb91f432,Geometry: Congruence,5d3674a18d42739ef91fc23173b6139105fe03520c659a93dff18b118bb06d60,3367
18432b67-8bad-44d4-bb62-d37ecb91f432,Reading Standards for Literacy in Science and Technical Subjects 6-12,2396e75d5dbc7abab1d01e35dfd4fc9ce7a45332b636d508d61998f81e0e79eb,3369
18462b67-8bad-44d4-bb62-d37ecb91f432,Reading Standards for Literacy in Science and Technical Subjects 6-12,b2aba6e1ac4e575e5c1fac555a4fe6fc5128320b43c925a11eb7247f1813b347,3377
3afd2b67-8bad-44d5-bb62-d37ecb91f432,Vocabulary,e875ab052e727d7e048be3b95fb78e7aa3b8a2f0ef5d95b5a20fc03876569352,3379
13792b67-8bad-44d4-bb62-d37ecb91f432,Novice High,40c431be8d13e217dd734713b0c75bc739431e109857ec552f1300fd26c09de3,3388
3bd72b67-8bad-44d5-bb62-d37ecb91f432,Fractions,20567c67ff9d569d98fc60990e3d233802dad249a965ec69c78335de1a336ad2,3392
3e4f2b67-8bad-44d5-bb62-d37ecb91f432,Substance Use and Abuse Standards,c468c50782732f395a483ad2c2d10afa0492f4b6ae37b1ab03d7add82915d433,3393
3f412b67-8bad-44d5-bb62-d37ecb91f432,Holocaust Education (Starting 2023-2024),22e1fb18775bae99455ddf40b7a068b96daa95f6263341724dc3c14efbf0adf9,3394
1db92b67-8bad-44d4-bb62-d37ecb91f432,"Student Outcomes Program Goal 4: By graduation, the student identified as gifted will be able to think creatively and critically to identify and solve real-world problems.",9dbfed3f94262376210f94ba054e2610e4895e79c10472f332d00fd62ade276e,3400
1b322b67-8bad-44d4-bb62-d37ecb91f432,Deaf and Hard of Hearing,cc7be2c0e0a62283f6d375785a131453b2a2626981e5524ff174952f2b51c586,3411
1cb22b67-8bad-44d4-bb62-d37ecb91f432,"Student Outcomes Program Goal 1: By graduation, the student identified as gifted will be able to critically examine the complexity of knowledge: the location, definition, and organization of a variety of fields of knowledge.",7aac47ded715fe08c0cbfe1d6712db1b143a8d3169d3cbadeb90bf5a575c98f9,3412
135c2b67-8bad-44d4-bb62-d37ecb91f432,Novice High,8805a7f3e5f1cd5bf45b74445c4d5ffeb28908bce36f58671db42daa67e9cb49,3420
15652b67-8bad-44d4-bb62-d37ecb91f432,Geometry,51f3745f80cae62b42d1d89cbcfee9ed37183d17bb5effe6799bda66cdc0e304,3421
3b5a2b67-8bad-44d5-bb62-d37ecb91f432,Vocabulary,71b7033b272aa56a26c7feb0d7bba7b7f71c3505e4106db32b9280d8a4c726c5,3432
140e2b67-8bad-44d4-bb62-d37ecb91f432,Advanced Low,ece1515ff2f9c9b3e5513fe9f68256f2141c268d27566559a09b9d51ec8fb865,3441
1b412b67-8bad-44d4-bb62-d37ecb91f432,Deaf and Hard of Hearing,f2a0f2b691fff5523409dda39f8f63bfb7d3a83fbe4d7ef8c5ba21e83fca0037,3446
15c32b67-8bad-44d4-bb62-d37ecb91f432,Functions: Interpreting Functions,61beefbb272beea1b18b5e3c179c1aeb1688afb53e5c1ab3b7610e7a2c864aeb,3452
1a302b67-8bad-44d4-bb62-d37ecb91f432,Visual Impairment,b9215ef7ecb0d133dc6a6275a451e97d370a9ed407bcab94bad8a83c91baf460,3454
1b202b67-8bad-44d4-bb62-d37ecb91f432,Deaf and Hard of Hearing,e5e16a17abeabfcbcbb8288c0860112fda91f8bcd7e6cf6afcd93647886fb7a5,3456
1a0e2b67-8bad-44d4-bb62-d37ecb91f432,Visual Impairment,5399fb28f1a24bf67f066982d381b7f5e04d53a4225007e9afa4b8428e7e7083,3464
3dc92b67-8bad-44d5-bb62-d37ecb91f432,Logic and Discrete Theory,cfe4fccba33da4d854417981461590d09440a04280c82dcc3fded91f2d5848de,3465
3e0e2b67-8bad-44d5-bb62-d37ecb91f432,Functions,4222e53fe3c51adced6ed43463d1ca9e988958b19efc4b82fcf3c1b73551e87a,3466
13342b67-8bad-44d4-bb62-d37ecb91f432,Novice Low/Mid,907a2bc63997db174d9c8bbf5e5b3c2631581af11619f5d4d5ecc8aa86369427,3473
15332b67-8bad-44d4-bb62-d37ecb91f432,Measurement and Data,dcf539441b8638bbe0adceb5360bfe29f3dcc31068cf23c692ffb323b6b16129,3474
18092b67-8bad-44d4-bb62-d37ecb91f432,Reading Standards for Literacy in History/Social Studies 6–12,491cf81e5b0512d017bee549a92348aa2f53fa52d2956aad4e44b142a0af23be,3476
1b312b67-8bad-44d4-bb62-d37ecb91f432,Deaf and Hard of Hearing,e0a4dfaf327ffc6ce9d124e4958d67927c8294adafea286f575633b4bc298b51,3477
1d3e2b67-8bad-44d4-bb62-d37ecb91f432,"Student Outcomes Program Goal 3: By graduation, the student identified as gifted will be able to conduct thoughtful research/exploration in multiple fields.",f71fdebd7f4a6b529da0579c3728d6a56665752ebaac852902d86087e0d4c516,3480
13e22b67-8bad-44d4-bb62-d37ecb91f432,Intermediate High,a232a9ea9ca6b72479d7ff97f39010cbc8d2b4df8fc7547d848d072240d58862,3484
1a582b67-8bad-44d4-bb62-d37ecb91f432,Visual Impairment,0b7b9782943f287147618f3e16390463d40e2749e8b21c6e731fb95889b0aa4d,3486
1b5f2b67-8bad-44d4-bb62-d37ecb91f432,Therapies,e464e4aab0126093af8ac38ab667a4325baab2172179472f70e48067a79d0f0d,3487
3e422b67-8bad-44d5-bb62-d37ecb91f432,Substance Use and Abuse Standards,295d914c7fa736f7c2807fdd271830bc88163cfd3b05ac035f286fe04b32803d,3488
15cb2b67-8bad-44d4-bb62-d37ecb91f432,Functions: Building Functions,e36c438cebc0d818360ae2da7d072646116c012abf5dcc5a12967bb76ab31828,3489
1d1bd457-8bad-45d6-bb62-d37ecb91f432,Consumer Health,b479d0c86f1c51ed6f9f1171f49a6486ab5a388b36f2d11e201b898618ddb14b,3491
219b2b67-8bad-44d4-bb62-d37ecb91f432,Financial Literacy (Discontinued after 2023-2024),1f5313474e5a5404c9e5be370da19a2ececfb02b0fddf046732fc2df199ed39b,3493
22232b67-8bad-44d4-bb62-d37ecb91f432,Computer Science - Computer Practices and Programming,265c2db60a2718d4267cf1639537fc7c2621376c09f94a408ddda22f5610f760,3494
15a02b67-8bad-44d4-bb62-d37ecb91f432,Number &amp; Quantity: Vector &amp; Matrix Quantities,429c72c59e505c198a82887aaf6e6d5074958bf3d3844ec2a496f73435790f20,3500
1ccf2b67-8bad-44d4-bb62-d37ecb91f432,"Student Outcomes Program Goal 1: By graduation, the student identified as gifted will be able to critically examine the complexity of knowledge: the location, definition, and organization of a variety of fields of knowledge.",c00ded28a19b74bb8919d06a7dc7cf6aca0a1df39fbdd066dd67dea7a72aa39c,3504
1d442b67-8bad-44d4-bb62-d37ecb91f432,"Student Outcomes Program Goal 3: By graduation, the student identified as gifted will be able to conduct thoughtful research/exploration in multiple fields.",e7b650a71079d05fff1de8a39c85c57be5ceec073656a90f0db8f23803a1e6ab,3505
1b562b67-8bad-44d4-bb62-d37ecb91f432,Speech and Auditory Training,841ae704e9b6868952e34342bea0bd23c234350817baa476d522184f51c74e8a,3511
3d072b67-8bad-44d5-bb62-d37ecb91f432,Functions,33fc61a99bd27547566169da04414d5b153bb89c1c4c012e6540c20b083befe5,3514
132c2b67-8bad-44d4-bb62-d37ecb91f432,Counting and Cardinality,8a28bc67bf2b76e58fe1ca3cacfa4047a8cffc775504585200d08b1a7cd653a8,3517
1b5a2b67-8bad-44d4-bb62-d37ecb91f432,Speech and Auditory Training,3408fc5e5a21468c75b7e720a9bb87b51a19d3a160406fc58a9b3a838da570b2,3519
1d132b67-8bad-44d4-bb62-d37ecb91f432,"Student Outcomes Program Goal 2: By graduation, the student identified as gifted will be able to create, adapt, and assess multifaceted questions in a variety of fields/disciplines.",bfc7753f2243f4e02b68797a1b5658ec08163d092a97c3fd956da5401f94dd3b,3520
13da2b67-8bad-44d4-bb62-d37ecb91f432,Intermediate High,49bbc78ecbb1af170bc2a7a66b28900bf2b085a45b8797366a1a7863803160af,3532
3acb2b67-8bad-44d5-bb62-d37ecb91f432,Vocabulary,db61a001588ca0d039303f931225baf3450b4b5f9ec0316bc57b0bdccb337bd2,3534
14ce2b67-8bad-44d4-bb62-d37ecb91f432,Geometry,23fd47fba9f35c7a76c4721d1f03f2437d7e08d58910d848707c710f1e923c57,3540
1ce92b67-8bad-44d4-bb62-d37ecb91f432,"Student Outcomes Program Goal 5: By graduation, the student identified as gifted will be able to assume leadership and participatory roles in both gifted and heterogeneous group learning situations.",89949d2f37f7e9f8b994a395c96dfcb1d15dd0da51b9b9220976fd4e23b11ed8,3541
15c82b67-8bad-44d4-bb62-d37ecb91f432,Functions: Interpreting Functions,b2da79a97e66e198653a4af98e665ba2a3f823a6577f60f62531d58a461c2dce,3547
13672b67-8bad-44d4-bb62-d37ecb91f432,Novice High,b28513df6611c8e124f65b8c31f8216a30de716b31ade2201d719a3460a9b7f1,3551
13b52b67-8bad-44d4-bb62-d37ecb91f432,Intermediate Mid,23940a793c85aad79fecced8baaf5d4ee29f125e5bee21eb32c532a6a152616f,3552
13ff2b67-8bad-44d4-bb62-d37ecb91f432,Intermediate High,4622b2dac3696a7ee73ab3adfc6f5993f0207c167b97fa83816ec1964e1cea7c,3553
15b02b67-8bad-44d4-bb62-d37ecb91f432,Algebra: Arithmetic with Polynomials &amp; Rational Expressions,192d4190c12ababe8323dfdd4a9c0714d06e7ecfb8d9d484f0ffe10fb7f8811e,3555
1cb12b67-8bad-44d4-bb62-d37ecb91f432,"Student Outcomes Program Goal 1: By graduation, the student identified as gifted will be able to critically examine the complexity of knowledge: the location, definition, and organization of a variety of fields of knowledge.",de02681a43da8581fa1bc557f60b1be761561ab8de68dda252442684fd47b02f,3556
3a322b67-8bad-44d5-bb62-d37ecb91f432,Foundational Skills,47881fe873540dbbdf63a1fcd26cb6101b7337e448319efc0498a1de01934722,3560
3f382b67-8bad-44d5-bb62-d37ecb91f432,Holocaust Education (Starting 2023-2024),f58764a4a074865fbde996a4ff73ab609fd7cbea724d95dd6e84a206519da1e3,3562
14b82b67-8bad-44d4-bb62-d37ecb91f432,Geometry,baff7cf6e33998f14be13e18bd902c90d859e32aab4ddb2a6fae6d67610ab11f,3566
154d2b67-8bad-44d4-bb62-d37ecb91f432,Expressions &amp; Equations,79fce6f8687bc057d574ed679ebc245c7d8f09391224e1a21d52c750ea203ffd,3567
16072b67-8bad-44d4-bb62-d37ecb91f432,Geometry: Modeling with Geometry,339db51ee25e36d53bf3beba02267786c38622e883a3bb99456f0833960591ae,3568
14582b67-8bad-44d4-bb62-d37ecb91f432,Advanced High,a35d0d77ea63400461a1b4e47738ea2fa51ef22838c9f42b7877e0f40ddf9ff9,3580
3f462b67-8bad-44d5-bb62-d37ecb91f432,Holocaust Education (Starting 2023-2024),9cdfc7ccf5ed0b807e3fc804c0bd9618dcefa6451d48052b498fff602b63eb25,3585
1b242b67-8bad-44d4-bb62-d37ecb91f432,Deaf and Hard of Hearing,eee80ccc3ef87b10de1ddf530a8d4a7cfa73884ff5a7fa8c94e5d6c0748c1846,3588
15492b67-8bad-44d4-bb62-d37ecb91f432,Expressions &amp; Equations,a393ab74bf93c70a4295a5751382f1a46995482fcd5615770577bc5bf64fcbfb,3602
15202b67-8bad-44d4-bb62-d37ecb91f432,Geometry,3522c473bc204accedc5d684e95e14491a918b7120f894d4cef90aa238d2fef7,3612
15212b67-8bad-44d4-bb62-d37ecb91f432,Operations and Algebraic Thinking,c1be95d6ea6cba83573aab121730411a3ce1cbd3524e5dfc7c6e8f06b1a9682e,3613
16a72b67-8bad-44d4-bb62-d37ecb91f432,Reading Standards: Foundational Skills (K-5),3aa12cc19a54b96155d78e296014c58d182f7ab243270bfb6720b7f489409df9,3615
3bbf2b67-8bad-44d5-bb62-d37ecb91f432,Measurement,6afaf1cdd1321a09915bedce5d7e72f68e1d7ac7dbcd81502f5058d05aca5c04,3616
14602b67-8bad-44d4-bb62-d37ecb91f432,Advanced High,db507260869c5738401c886309fc743b9072b92aa5f03be2781f73cb26b1cad5,3621
157f2b67-8bad-44d4-bb62-d37ecb91f432,Geometry,73b1488d7a52952340bea6222a8245802b2f23f3adc3876dbaa21545fd3b02dd,3622
158a2b67-8bad-44d4-bb62-d37ecb91f432,Statistics &amp; Probability,108c8dadd13f4f82d0e1712928b34498305f83d6c54c69523aafdef2396b9fa5,3623
15e02b67-8bad-44d4-bb62-d37ecb91f432,Geometry: Congruence,3c8eff48d78d8e9195c32cb20977703bdbc89e32c039bfe51a209e5c6d8bf24b,3624
22c32b67-8bad-44d4-bb62-d37ecb91f432,Computer Science - Computer Practices and Programming,bded27d7c05ba3c7ba65f37c417959245c8002013c5adc00188e50529c987558,3630
1b2b2b67-8bad-44d4-bb62-d37ecb91f432,Deaf and Hard of Hearing,802092e844bdb664aa49e98e45319e145008e1a48c50550676b393c64ef168e9,3635
14042b67-8bad-44d4-bb62-d37ecb91f432,Advanced Low,ddfed8e9dd6f56cb05ee7c58a5fb7d8f887d65df8a24167e35db47abd04ec120,3639
3be32b67-8bad-44d5-bb62-d37ecb91f432,Measurement,3184adee7f67fc06bd27740f6dbc9a4cce6defd3e99cbb3b22c722c878b6806c,3642
3e492b67-8bad-44d5-bb62-d37ecb91f432,Substance Use and Abuse Standards,16a816c500473b57c3b854c0fe4bbf0f28838ca16c3a1cbfedcf326e2d85cf68,3643
14e22b67-8bad-44d4-bb62-d37ecb91f432,Measurement and Data,99a2ed06555606da6678352188afb04f167331c68b450e9508aad8a878521ea4,3646
226e2b67-8bad-44d4-bb62-d37ecb91f432,Computer Science - Computer Practices and Programming,539c6ef37a11e4ee456422d285f97f8a3863903e4301a588aae9e1d5a3f14c25,3647
160c2b67-8bad-44d4-bb62-d37ecb91f432,Statistics &amp; Probability: Interpreting Categorical &amp; Quantitative Data,6f4fd504766f0ced36845ffc75b9cd0b22dc56e5ffcc28bf396d719aa601fe55,3649
14782b67-8bad-44d4-bb62-d37ecb91f432,Advanced High,b71f776731c54873a32418361ed23daf53031359e9d08fda53a8c3c557fe4626,3660
1b532b67-8bad-44d4-bb62-d37ecb91f432,Speech and Auditory Training,59754d19d8a3666d604d0653212ead544f5b6f8c94853ac646b5a1d555ae082f,3662
14022b67-8bad-44d4-bb62-d37ecb91f432,Advanced Low,2af9e0b2ea7331105307089c31d7badc2695b1dff2974a9adcef0d635a32c3a3,3668
14f22b67-8bad-44d4-bb62-d37ecb91f432,Operations and Algebraic Thinking,a8c6acfc402ceafea4e79018d58b800b72bb0b4f03aa798e4381fd5329d0a393,3669
1d632b67-8bad-44d4-bb62-d37ecb91f432,"Student Outcomes Program Goal 6: By graduation, the student identified as gifted will be able to set and achieve personal, academic, and career goals.",92305027a54b1dd6be36d376da3c2fe9dc394379981269580d35eb90fefb793b,3672
1d142b67-8bad-44d4-bb62-d37ecb91f432,"Student Outcomes Program Goal 6: By graduation, the student identified as gifted will be able to set and achieve personal, academic, and career goals.",a94ab4bf868f2b449300f61d43c2811d424ebea38c9af82582c34c6397649d76,3677
3f2f2b67-8bad-44d5-bb62-d37ecb91f432,Holocaust Education (Starting 2023-2024),a05df299b7e7873b2f0c1d32e27ad607bc971b02b106b36b4277d6a132100a6c,3679
15b92b67-8bad-44d4-bb62-d37ecb91f432,Algebra: Reasoning with Equations &amp; Inequalities,3b82262f259dc178954aaa54e4761bd3618159bd620d1dfcd1065c86cc458187,3684
1d2f2b67-8bad-44d4-bb62-d37ecb91f432,"Student Outcomes Program Goal 6: By graduation, the student identified as gifted will be able to set and achieve personal, academic, and career goals.",2a165ecb1867871aaaca177ac4d0ee8b17748046bb9d96dc63a39b0b4ef966f8,3686
3e442b67-8bad-44d5-bb62-d37ecb91f432,Substance Use and Abuse Standards,ab7d056cc6271c6375fc83a24524957b7b3f825d0c2d616ecc044d21ce3324ed,3688
143b2b67-8bad-44d4-bb62-d37ecb91f432,Advanced Mid,1fd3369eb0975059ffcb19ffe24115abefc6f4acfcf8138723b48b0d26c64dc7,3692
15342b67-8bad-44d4-bb62-d37ecb91f432,Measurement and Data,3016ea06c63b05ca0d43aa9af9583b474e997eb5cd80e7e762eb670e985b198f,3693
1d682b67-8bad-44d4-bb62-d37ecb91f432,"Student Outcomes Program Goal 3: By graduation, the student identified as gifted will be able to conduct thoughtful research/exploration in multiple fields.",c74da5c0b743383b3ee2e9037fdf509deb7e4b8d6d23d2c4183eea098dac9ef7,3696
15d12b67-8bad-44d4-bb62-d37ecb91f432,"Functions: Linear, Quadratic, &amp; Exponential Models",96e46b8a587681414d6eb5c172e2d1a2178cb49af79aa4ce3ff0f23d4fe827e2,3701
13532b67-8bad-44d4-bb62-d37ecb91f432,Novice Low/Mid,577d0e8fd8aaa179a432912753394231ee3191c076108c34f8506ea1b5184679,3709
1acb2b67-8bad-44d4-bb62-d37ecb91f432,Deaf and Hard of Hearing,8575761d3b79708dde252323f5339b3c91145170e98dbdf39b2df9f39e6658d3,3710
3e472b67-8bad-44d5-bb62-d37ecb91f432,Substance Use and Abuse Standards,11239ea37c903129d269510d3695dcc71f5ec7a32c8ef74ea8ef00efe49a2c4e,3712
3c092b67-8bad-44d5-bb62-d37ecb91f432,Measurement,a7408ff661c903e586f75f296c5e680bc34f31afcb41996337e518c04238366d,3723
13f02b67-8bad-44d4-bb62-d37ecb91f432,Intermediate High,21cc582ac95a14e94654ad24d18f2370076d2300deb5c73f677fc1dddef9fa45,3726
14b42b67-8bad-44d4-bb62-d37ecb91f432,Measurement and Data,03337efcd6abea9572ba2e59e5d2ab861c5622d68b49fd56c3279261b34bc49a,3727
16222b67-8bad-44d4-bb62-d37ecb91f432,Statistics &amp; Probability: Using Probability to Make Decisions,8bd0b8453205d3c735bad5cf19420b1dc9886217f2b4d13bee0b70db4295cf9b,3728
3c0a2b67-8bad-44d5-bb62-d37ecb91f432,Measurement,946c6616f18cf41d5543b4762a076191b5b71ec2d1551482126ffc3edee63da8,3734
22272b67-8bad-44d4-bb62-d37ecb91f432,Computer Science - Computer Practices and Programming,2ff5f98317f9d994eaba105c679c3d9befe099e1b9d8e31a770bd984d684b88a,3738
14952b67-8bad-44d4-bb62-d37ecb91f432,Superior,0199ce5b85f0fd72ca768bc1bb41b27a4923c91ae8613cbbd0f858cb65995e7f,3739
161b2b67-8bad-44d4-bb62-d37ecb91f432,Statistics &amp; Probability: Conditional Probability &amp; the Rules of Probability,ec32874d06ad05c3e28d0d570ea62d07a9b54fb57be3bd5886fb166f34ad8daa,3740
1a232b67-8bad-44d4-bb62-d37ecb91f432,Visual Impairment,c8ed4f9b38d9b38cf220959043c724bdfb8a86a94e81ea173d0ec1ef3d54c329,3741
15a62b67-8bad-44d4-bb62-d37ecb91f432,Number &amp; Quantity: Vector &amp; Matrix Quantities,c2a8d78de6fce03f59a85fbab6a89aa0a82907d7eb89ccef49502e12ccb1aab6,3742
3e1b2b67-8bad-44d5-bb62-d37ecb91f432,Financial Literacy,b80723a719e478d5410bd4743b2baf02f1d5730eabc413cc86e27833c9a5432a,3747
15692b67-8bad-44d4-bb62-d37ecb91f432,Statistics &amp; Probability,70c27105a9c56c17b92f6d5afa7922631f0fb63b2883dca60d9cd260de5f88a4,3751
13f82b67-8bad-44d4-bb62-d37ecb91f432,Intermediate High,2e8fae59effda2bd484982620961ec7c1b1df7c2b9b4d69ce0bb8cd488a175fb,3765
1cf72b67-8bad-44d4-bb62-d37ecb91f432,"Student Outcomes Program Goal 5: By graduation, the student identified as gifted will be able to assume leadership and participatory roles in both gifted and heterogeneous group learning situations.",f687c2bbdaf0137025fd0435799da0c0f726e3e61cf7015b083cc6c409163fdf,3768
1d0d2b67-8bad-44d4-bb62-d37ecb91f432,"Student Outcomes Program Goal 2: By graduation, the student identified as gifted will be able to create, adapt, and assess multifaceted questions in a variety of fields/disciplines.",59bc32e823489541b1b46c98087941456d7680b5ef709595996d954577b77ec2,3774
15832b67-8bad-44d4-bb62-d37ecb91f432,Geometry,62da3fea09efa0c3cccf65289c3853daba70b6ed0af5c8e4691bceaf050e8f2e,3781
1a022b67-8bad-44d4-bb62-d37ecb91f432,Speech and Auditory Training,5b33502dda053355a84f8a6e114b322acc05280d54d709ce69fa9e997d67abd1,3789
3e052b67-8bad-44d5-bb62-d37ecb91f432,Mathematical Thinking and Reasoning,c64aa3bee96fedb4f917e26edc0909eac30b46b4a158ba57f2733cf7dde09b24,3794
14892b67-8bad-44d4-bb62-d37ecb91f432,Superior,c1b7b1f656c29e1ac72ba2cbe0f9916a993e53966f81ae80190247e6b570b95b,3798
15512b67-8bad-44d4-bb62-d37ecb91f432,Geometry,6b19aaf9ab67e73cea824b2049fa585037c2d7c4c48f35b2c66d9a5c2f12272d,3799
1d8a2b67-8bad-44d4-bb62-d37ecb91f432,"Student Outcomes Program Goal 4: By graduation, the student identified as gifted will be able to think creatively and critically to identify and solve real-world problems.",7fae0e5345daa3703086574674ba3f38fd7d56e634431e76cfee4b031d8a89d1,3801
13642b67-8bad-44d4-bb62-d37ecb91f432,Novice High,b8a16fe60af60dc61451026d9f3e9964f7064e11e4e947917ffa1aedf9599936,3816
13fc2b67-8bad-44d4-bb62-d37ecb91f432,Intermediate High,c7ce2754db6611039de7032fcd65c0cae7c5a2f5bafd6cc0895e4205a2c4cc13,3817
14052b67-8bad-44d4-bb62-d37ecb91f432,Advanced Low,eaa7f27bbe68e76f469a6da93324177c07e981a9251422b7c051e5aff18357b2,3821
14b52b67-8bad-44d4-bb62-d37ecb91f432,Geometry,98261c998ab5626f3310e71bb0586ea4e113666eecec7f0e313499d240ce633a,3822
14982b67-8bad-44d4-bb62-d37ecb91f432,Superior,8008693ba2a02590bf1917ab97d805fe7075cb9c8d18c53f9af7143ca665f18b,3830
1ccb2b67-8bad-44d4-bb62-d37ecb91f432,"Student Outcomes Program Goal 1: By graduation, the student identified as gifted will be able to critically examine the complexity of knowledge: the location, definition, and organization of a variety of fields of knowledge.",b3cf93e84828edac04dab46b4f48df898d6ca0ddc017ff45904224b81d9be5a5,3832
3e032b67-8bad-44d5-bb62-d37ecb91f432,Mathematical Thinking and Reasoning,e902800a6274278ac93529139aa97ddd0e86a4f8de877a883e0faadd0357c041,3837
141d2b67-8bad-44d4-bb62-d37ecb91f432,Advanced Low,faefaf4c06cafa67d14e5d6b15cbaaf864b282884888e97ddab7ebe586986bae,3842
1d219457-8bad-45d6-bb62-d37ecb91f432,Consumer Health,06dd7bdf75175ef299d718a801714035e3ffb33c8b36b7507669afcf0caffb2b,3844
1d962b67-8bad-44d4-bb62-d37ecb91f432,"Student Outcomes Program Goal 4: By graduation, the student identified as gifted will be able to think creatively and critically to identify and solve real-world problems.",a6b266678b00f35127ea3c70ebf955d08d0e6619c71ce7c5b695fa732bc6d342,3846
13f92b67-8bad-44d4-bb62-d37ecb91f432,Intermediate High,81fb48bccc99d4e507b940279ff06a4674b0d5243df624a1853245ad2715e22c,3853
14612b67-8bad-44d4-bb62-d37ecb91f432,Advanced High,0e94c40cdfcc1dddf1887aa23a6b42f6a2602a9559a7fc221474e3d7ab269124,3854
1abe2b67-8bad-44d4-bb62-d37ecb91f432,Visual Impairment,01e4aa847a4f808a5bcbf1e5d88f205cecbf04b9451d815cc07dd3884c4e1255,3856
3bc22b67-8bad-44d5-bb62-d37ecb91f432,Measurement,d46af4218a913d0d36e1f210421c44bef45099936fc6aad0ae50d909e569e8ab,3858
15fa2b67-8bad-44d4-bb62-d37ecb91f432,Geometry: Circles,405ad98b37a7d62ebe91c63e0b44985458d0a68cbc8c939a6e0119f56b855ada,3864
3e2e2b67-8bad-44d5-bb62-d37ecb91f432,Substance Use and Abuse Standards,4578ccdf0965b3f0540ca6a1352387c945abcf515e77e6a1343d63bbebf0678c,3870
3f492b67-8bad-44d5-bb62-d37ecb91f432,Holocaust Education (Starting 2023-2024),25434b75df4ddbaf023ef6c87a5996f9049c23f8321d8c05b6abad3704c1c9dd,3871
18532b67-8bad-44d4-bb62-d37ecb91f432,"Writing Standards for Literacy in History/Social Studies, Science, and Technical Subjects",9f172381c16ff3aa461b2d1a08c56210fdca9448a4b2bac8947ead5b21e18a34,3881
1ce62b67-8bad-44d4-bb62-d37ecb91f432,"Student Outcomes Program Goal 1: By graduation, the student identified as gifted will be able to critically examine the complexity of knowledge: the location, definition, and organization of a variety of fields of knowledge.",e86f9669267a2beb0a6e010c1a36378b6ba3c6ac7f4607db57017c308e81f402,3882
3a4c2b67-8bad-44d5-bb62-d37ecb91f432,Foundational Skills,5a5fdf559fb1ee2a65570997e2fa0700fffc8897a3b4636c4e0c9a64a7946efb,3883
18192b67-8bad-44d4-bb62-d37ecb91f432,Reading Standards for Literacy in Science and Technical Subjects 6-12,04e19d521c53ef1f9123c5d040d07012df0bda85a1ca6273e604beb4d1c4d3d4,3887
1b232b67-8bad-44d4-bb62-d37ecb91f432,Deaf and Hard of Hearing,33aa3b14502dc465846b2f1c870cfaafd753d27131023f4819285b276e6d3db8,3888
21942b67-8bad-44d4-bb62-d37ecb91f432,Financial Literacy (Discontinued after 2023-2024),426ac5ec34829e4f2bb8d6963f22a5d975ef68f8cfc448c2be1da0e022414c6e,3889
16032b67-8bad-44d4-bb62-d37ecb91f432,Geometry: Geometric Measurement &amp; Dimension,7c60a4d24973d67f346c035cd98ebfae416ce0120afedce10c9e53021bdee74d,3893
1b382b67-8bad-44d4-bb62-d37ecb91f432,Deaf and Hard of Hearing,da049d9b41337a7dc7fa1215f26b532b56dad0722d0847107c71a348df5df3d2,3895
1cf92b67-8bad-44d4-bb62-d37ecb91f432,"Student Outcomes Program Goal 1: By graduation, the student identified as gifted will be able to critically examine the complexity of knowledge: the location, definition, and organization of a variety of fields of knowledge.",3bedd501586a675bd54378dc615e2006f3fefa88a0aaabb6b8db735c939748ae,3896
15892b67-8bad-44d4-bb62-d37ecb91f432,Statistics &amp; Probability,93bb402c6191fb873066928dff1dfe84844cc8f17dd41ead7ea383a64f24611b,3904
18302b67-8bad-44d4-bb62-d37ecb91f432,Reading Standards for Literacy in History/Social Studies 6–12,1ef3fe7c4b6874b2612a83c270a1f6895ff7c7ad058828f93ddb814ba094f792,3905
132a2b67-8bad-44d4-bb62-d37ecb91f432,Counting and Cardinality,f62c9162b52dfccb9f43472439242ef425f38157a20e5dbfb8eaf9031581417f,3909
14d82b67-8bad-44d4-bb62-d37ecb91f432,Number and Operations in Base Ten,3c76d1a99bf321cf789d35dc1af6a00520d039fd67c8f635f34378dec81cb889,3910
15b12b67-8bad-44d4-bb62-d37ecb91f432,Algebra: Arithmetic with Polynomials &amp; Rational Expressions,cba64b7c1187f3914fcce29d9e13ca9bd28e5bdfd58389352ed6eb4909171230,3911
1d862b67-8bad-44d4-bb62-d37ecb91f432,"Student Outcomes Program Goal 4: By graduation, the student identified as gifted will be able to think creatively and critically to identify and solve real-world problems.",d4cf9bc64fd99150e4883416471d36034f53c1806294c0e3a5402c92ec9beb2c,3913
21c02b67-8bad-44d4-bb62-d37ecb91f432,English Language Development for English Language Learners,a00f5366c55325d46fd793dab6a1c93219c9c46e63eedc4e50930fae452d3e6d,3914
3acc2b67-8bad-44d5-bb62-d37ecb91f432,Vocabulary,5861823e2017c3f5d38c0518aa4ed1bfcd019beba6ff298d8f2b41d674f67816,3915
21922b67-8bad-44d4-bb62-d37ecb91f432,Financial Literacy (Discontinued after 2023-2024),f56dda744f562bbefe85b832fa01a9a0f26d1a21b18d49ae0959407aec3c11f7,3922
18412b67-8bad-44d4-bb62-d37ecb91f432,Reading Standards for Literacy in Science and Technical Subjects 6-12,f806b7b6ea62319f623f018cbcd2e0a224dd18773ac4b67dfa9e51a18be61e65,3926
134e2b67-8bad-44d4-bb62-d37ecb91f432,Novice Low/Mid,913b919d0938ecccb1497d4a6c7ae25fa93063935e9bc98b748f5eb2ce21bb8c,3939
13ca2b67-8bad-44d4-bb62-d37ecb91f432,Intermediate Mid,5025485edd5cb0333c099aad94c9d64a3831d57a899512eea6d1804d71514d89,3940
13e82b67-8bad-44d4-bb62-d37ecb91f432,Intermediate High,d5e31054d2974b62f92af5592dffbcaea1a5ca8d534926d26fafda66802cb51a,3941
13902b67-8bad-44d4-bb62-d37ecb91f432,Intermediate Low,f90ea03285ee223aa5782335256527ebf309e3ff8f5b7ae0373cdf9325072c5a,3948
3d2c2b67-8bad-44d5-bb62-d37ecb91f432,Financial Literacy,41a757b82293731bdaa8580e85058cb44f43b2c3a53643ac3c25431fd1fccc44,3950
3e3b2b67-8bad-44d5-bb62-d37ecb91f432,Substance Use and Abuse Standards,e4aa9cf535890272173bd36dcade84aec3d201f727e9d85d98297044894457d4,3960
3e4b2b67-8bad-44d5-bb62-d37ecb91f432,Substance Use and Abuse Standards,2219d1d270ee64a49afc27e922f49080effbcc0340a60298ceaab5ddb87cc228,3961
13ef2b67-8bad-44d4-bb62-d37ecb91f432,Intermediate High,8867b21ea234b9dcf0c3b066133974febcc213fcb3e5468317325daa28248103,3964
14432b67-8bad-44d4-bb62-d37ecb91f432,Advanced Mid,a68007e81b55cdd0847cc03cc73cf3242b46c430f46862573713fb0c62b86100,3965
15c02b67-8bad-44d4-bb62-d37ecb91f432,Algebra: Reasoning with Equations &amp; Inequalities,5e6f8fb50fd2765d701598721d192b5ab9d3ed3dc84029cdc63bd2f3c9ba028f,3966
15e82b67-8bad-44d4-bb62-d37ecb91f432,Geometry: Congruence,f52e12cfc1df465f6a147437baf0c109627a1fafdd83000383ebf5c4d916a9cd,3967
17582457-8bad-45d5-bb62-d37ecb91f432,Consumer Health,ac110a8eed9ce0ba38aa5e2229a49d068476f944d7455be699f3616691d330ab,3968
3e2a2b67-8bad-44d5-bb62-d37ecb91f432,Substance Use and Abuse Standards,d79935e794a581637e6e112deeec559d364760589dda67d19bec1f8b7999573e,3972
14212b67-8bad-44d4-bb62-d37ecb91f432,Advanced Low,8ac915f5e291abc4e997caa589cdde99099a3ee4112a3113ff0f097d92debfb7,3977
15bc2b67-8bad-44d4-bb62-d37ecb91f432,Algebra: Reasoning with Equations &amp; Inequalities,7b6dc99d0a978c24215de22bab292a34e044fbac94d1e1738542455089d880e1,3978
15f72b67-8bad-44d4-bb62-d37ecb91f432,Geometry: Circles,da0dcb9651c07707dffc23ac5cd25bf663706259f3e1141fe486bfd9079f0036,3979
145e2b67-8bad-44d4-bb62-d37ecb91f432,Advanced High,6eb623bacae367526b7b49d65399477636fde9c017d1f46a55f99e8ca35a05aa,3983
15762b67-8bad-44d4-bb62-d37ecb91f432,Expressions &amp; Equations,5ab1680cdc520c3629f619fdfffbee3d2eda65c62e86c2122c4fdf1f51adf7d3,3984
175b1457-8bad-45d5-bb62-d37ecb91f432,Consumer Health,a08c33c61a2952df6a1f109c39e02634581ff6fbed3104d8b7786d099a894793,3998
183f2b67-8bad-44d4-bb62-d37ecb91f432,Reading Standards for Literacy in Science and Technical Subjects 6-12,ef8697cb9d6d49e987bf9d22b3c0603a770916c15ccc42dd66522e7661a9963d,4005
3b662b67-8bad-44d5-bb62-d37ecb91f432,Expectations,dc1be1e8f681847782468cd839980e0dd582a1506336656c8a0b6fccaa3cd86d,4006
3f392b67-8bad-44d5-bb62-d37ecb91f432,Holocaust Education (Starting 2023-2024),1a95d2c56cf68a058e3a17943fc4d5e46b1ad59eb1f08f82e2b67350439fe1ff,4008
155e2b67-8bad-44d4-bb62-d37ecb91f432,Expressions &amp; Equations,33ca898851905e09b3603f652a1e9640e95e9ba37c0b53ba345c178a6a3578f5,4010
15a32b67-8bad-44d4-bb62-d37ecb91f432,Number &amp; Quantity: Vector &amp; Matrix Quantities,e880b35f02989bbeec4fa4881feb0a22e9955e22c0d4ed04a6f4cbb094f25097,4011
15a92b67-8bad-44d4-bb62-d37ecb91f432,Algebra: Seeing Structure in Expressions,e7c802d5c865cbe0d3a7d9e71261eefb3f5b6617bf59779cf067ae4252466c4e,4012
15d22b67-8bad-44d4-bb62-d37ecb91f432,"Functions: Linear, Quadratic, &amp; Exponential Models",2f2befcab59146bcf5df036df92c3d97415c1fe8675d468bb416ae226c691958,4013
169c2b67-8bad-44d4-bb62-d37ecb91f432,Reading Standards: Foundational Skills (K-5),f10a799b6d1ca6f683845d74486ff9e16fc2649cb827d55eb19c5817ab1d778a,4014
1b4a2b67-8bad-44d4-bb62-d37ecb91f432,Deaf and Hard of Hearing,4f00e068d050495b4eae55a1875402016b5a0eae5df56f05d504af8b9f4e561f,4018
1d3f2b67-8bad-44d4-bb62-d37ecb91f432,"Student Outcomes Program Goal 6: By graduation, the student identified as gifted will be able to set and achieve personal, academic, and career goals.",1225031085cba94a71e87ca42dd69a195a3e876e4be8d4faab04acc4fdbcd65c,4027
1d212b67-8bad-44d4-bb62-d37ecb91f432,"Student Outcomes Program Goal 2: By graduation, the student identified as gifted will be able to create, adapt, and assess multifaceted questions in a variety of fields/disciplines.",9b066b7fa017ca14f0b1ac40b25bad28f0e43b1756f19507853391a8b4ca1a49,4035
3a332b67-8bad-44d5-bb62-d37ecb91f432,Foundational Skills,6d7470ce1c8e3f837669b1b418bbf78e838285ab72d81e3f052da2e877bc77ab,4038
3f402b67-8bad-44d5-bb62-d37ecb91f432,Holocaust Education (Starting 2023-2024),a80b505577bb01c763ae76b8d4d22a5db1b1cf1be8fccf0a5a380bc79d9d75cc,4040
142f2b67-8bad-44d4-bb62-d37ecb91f432,Advanced Mid,78d224b11c0d19f3074d0f3a469dc7a79345357e8894d26f7a59aa41697f8a1c,4050
1a902b67-8bad-44d4-bb62-d37ecb91f432,Visual Impairment,42fdeb68ffc0324abeaa6e83e50a8c4bb3b4d61500d40ef25cc0be9ff1050d21,4051
1ced2b67-8bad-44d4-bb62-d37ecb91f432,"Student Outcomes Program Goal 5: By graduation, the student identified as gifted will be able to assume leadership and participatory roles in both gifted and heterogeneous group learning situations.",5f1dc3eba4c9110f040edbefa6ced4c2c52272ff1fce1e64ae6217fd6dd92976,4052
148e2b67-8bad-44d4-bb62-d37ecb91f432,Superior,8308913c3822519c53b3e3316240c969247bd897c7627414647decbb394eb416,4061
14762b67-8bad-44d4-bb62-d37ecb91f432,Advanced High,ad57a2bc6751b7e43a761aca49ab46b6fda165991dff59984e88c6199faab310,4066
1b442b67-8bad-44d4-bb62-d37ecb91f432,Deaf and Hard of Hearing,2094f3185b7006ed4652c29fb768d02aca13f6e60f58dd303ad902b6cec5a819,4071
14402b67-8bad-44d4-bb62-d37ecb91f432,Advanced Mid,2f3beb6738b14467e9d1fc428fc0c6be3b9816d64eb69720a79758a34b96b82a,4084
14bd2b67-8bad-44d4-bb62-d37ecb91f432,Operations and Algebraic Thinking,a0c050bf2bdaa39cec84556a7db62e4cf6349f51683eb1433134bf8a2e182822,4085
1b452b67-8bad-44d4-bb62-d37ecb91f432,Deaf and Hard of Hearing,a2ac35f5f34dee3e2cdefbff3c6161b04f783617d6e1e2cea94a65d4b4854b40,4087
22ca2b67-8bad-44d4-bb62-d37ecb91f432,Computer Science - Computer Practices and Programming,b62a769ac96472a1e8ef73c6eba7a769f09135b5a757efee697eb069d2ffd7a2,4097
3a972b67-8bad-44d5-bb62-d37ecb91f432,Vocabulary,f08e8ebaa7c31a8827dd594672550940df53f8d51db49aab4a72b015fafd414c,4098
147f2b67-8bad-44d4-bb62-d37ecb91f432,Superior,b32843d4b0a88989cbc0f3fc660df9358fe15ac3906e9389f9a3681b6055b51a,4105
149b2b67-8bad-44d4-bb62-d37ecb91f432,Superior,ae0d838100b8d75d00d8f0543e980c1356cdde8e6e910738056c026e313acaa1,4106
14a32b67-8bad-44d4-bb62-d37ecb91f432,Superior,dc91e854c59cc776b5d252f0c1dd3fd2c5a51fbe864dd83bf90ae1caa3c05642,4107
1d1a6457-8bad-45d6-bb62-d37ecb91f432,Consumer Health,52f51884aa96252ba716604c46cc6487bcdab0784019ecd94c09ef6623d2a00e,4108
15f82b67-8bad-44d4-bb62-d37ecb91f432,Geometry: Circles,25fc37c93ec3f465b1481381098e64c3492674b7791eb220ad8ab4de9a61c6ae,4115
1cef2b67-8bad-44d4-bb62-d37ecb91f432,"Student Outcomes Program Goal 5: By graduation, the student identified as gifted will be able to assume leadership and participatory roles in both gifted and heterogeneous group learning situations.",c28d0fafdd627cd5d656cabd3ce831b56023b36d149740d1b4e6ad7eeb0fb3f4,4118
3dc62b67-8bad-44d5-bb62-d37ecb91f432,Logic and Discrete Theory,73ee1423680cea35d4c2d156ae131e1bc557fd55aff1dcffddf934a224ed8136,4121
226d2b67-8bad-44d4-bb62-d37ecb91f432,Computer Science - Computer Practices and Programming,c4c9d5471d5fe800b7181555b298e43bd3c54ea95672a818e635c80835792a41,4124
142d2b67-8bad-44d4-bb62-d37ecb91f432,Advanced Mid,8563557679941f007255b4836c64cecd0cd2e25909dd3eda2800475bf43a6c1d,4128
1d1a8457-8bad-45d6-bb62-d37ecb91f432,Consumer Health,efb7ace4f18ad79303b56d8bbd7447300604335cd7086a2f86fedd4a490f9d2b,4134
3e182b67-8bad-44d5-bb62-d37ecb91f432,Financial Literacy,b22bc47a5abc04e09876780b2bc9ab4bb022242ab369ac80ea3a0c8427d3c8f6,4137
1cb32b67-8bad-44d4-bb62-d37ecb91f432,"Student Outcomes Program Goal 1: By graduation, the student identified as gifted will be able to critically examine the complexity of knowledge: the location, definition, and organization of a variety of fields of knowledge.",3057f2cb1cf9c63aab6bae4a1f1f820b34660293e0814231e409fe2697266aba,4141
15242b67-8bad-44d4-bb62-d37ecb91f432,Number and Operations in Base Ten,24af656a356b5bd3e18e23926f3b02ce4668af81bbade903364337e03157b396,4145
18202b67-8bad-44d4-bb62-d37ecb91f432,Reading Standards for Literacy in History/Social Studies 6–12,f13ffb467f7a8492ab4fe4b682a85ea0c4becaaf1d173b203b28f8164835c986,4154
3c0b2b67-8bad-44d5-bb62-d37ecb91f432,Measurement,e03ca1524a3777e089e6317392bd457aabd58fba98ca848ab83c201267a0f1f8,4156
145b2b67-8bad-44d4-bb62-d37ecb91f432,Advanced High,39e0ec4fa9fff76bb6d4c609bcbf258ff2cdecf2f9963ffb05aa134ca4e56f1a,4162
1d190457-8bad-45d6-bb62-d37ecb91f432,Consumer Health,a84995a2fb8182ca03817e707cdd20f381225785dad388637fbcdbabc2acb9dd,4166
158d2b67-8bad-44d4-bb62-d37ecb91f432,Number &amp; Quantity: The Real Number System,8fcf193c2760373098972c40252d39e04aa5262498454d07b99be717b6599d33,4174
1a222b67-8bad-44d4-bb62-d37ecb91f432,Visual Impairment,d167a22f4ea161ff253d67d2ea9f8798395a485e7b700d2564f212c09dc5d516,4177
13892b67-8bad-44d4-bb62-d37ecb91f432,Intermediate Low,c05bb93add6c5d74e8650a3d2e917190b705a9adcb99485271816a9df770e7b5,4185
14a62b67-8bad-44d4-bb62-d37ecb91f432,Superior,282929ab652635e3ae61fe7cb89a1a92a438360f4673aaae5f999f6b1057e8a4,4186
15932b67-8bad-44d4-bb62-d37ecb91f432,Number &amp; Quantity: The Complex Number System,6184aad4906cd8bd450642cf9a5e6bb0ad1a14185987b5ee47e82ccf653daf9c,4187
15fd2b67-8bad-44d4-bb62-d37ecb91f432,Geometry: Expressing Geometric Properties with Equations,a5c0b0c32e6ef3bb7cecafa8e7189231674fb09ef19552fab673a4da8f3944e1,4188
18262b67-8bad-44d4-bb62-d37ecb91f432,Reading Standards for Literacy in History/Social Studies 6–12,f4cd798c91fcc7751877a9a12b2826e4c65173694e4f2319ea37675d13545df0,4189
e341b207-8bad-43d4-bb62-d37ecb91f432,Humanities,ef02a1f4202427228864a29e8cada5d55bbb05813275f740897c3d974e0e6158,4196
13c22b67-8bad-44d4-bb62-d37ecb91f432,Intermediate Mid,c0c3b75cd155e4b45dc9d5ca07dfc079b56c83400eddaf3bcb756fd3f2ee135a,4201
14ac2b67-8bad-44d4-bb62-d37ecb91f432,Operations and Algebraic Thinking,63d84c5da434ca978287a7448f23619b287c95fdca0bfd76aa64c1c1394c7364,4202
1b292b67-8bad-44d4-bb62-d37ecb91f432,Deaf and Hard of Hearing,007b4ba1d2b26bc8ea2046874dbe265b6f7a59423a32443a1deb9764731e17a9,4204
15662b67-8bad-44d4-bb62-d37ecb91f432,Geometry,5a7efe794e856df88f7fc222ed64dc6c5eed799a3ae6640e30d08d88e143cd79,4213
1cf42b67-8bad-44d4-bb62-d37ecb91f432,"Student Outcomes Program Goal 5: By graduation, the student identified as gifted will be able to assume leadership and participatory roles in both gifted and heterogeneous group learning situations.",593520151f5faffae1f0d1067eac32b378b70944b52c02f68fa5405f46430891,4215
22212b67-8bad-44d4-bb62-d37ecb91f432,Computer Science - Computer Practices and Programming,d1627adfab22f2d89fe028034356a2f604931987ffa52d570018b40a113af7ca,4218
13822b67-8bad-44d4-bb62-d37ecb91f432,Intermediate Low,fbcf551a9dd9206359ab808f7964a49565de7d279074a57bfb61d03b7ddc2d93,4223
3a492b67-8bad-44d5-bb62-d37ecb91f432,Vocabulary,0b8348351f80ce8b0952ea39f4ee454e0ac12c085dcede459cb85ccde10f1b19,4225
138a2b67-8bad-44d4-bb62-d37ecb91f432,Intermediate Low,f9da964d3ebcdc212ec451c224515c5e8d5c6ff4b802b2c90ecfba0426753ab4,4229
14f42b67-8bad-44d4-bb62-d37ecb91f432,Number and Operations in Base Ten,bb61e5595bac6c0f51ec8a03b713f8ffcbcc3369d30593bf06c08b6ca19dff8f,4230
1d932b67-8bad-44d4-bb62-d37ecb91f432,"Student Outcomes Program Goal 4: By graduation, the student identified as gifted will be able to think creatively and critically to identify and solve real-world problems.",2ff47c91dfcaf331650eb4aa1ff82872d65795cf37a4f9909b9c1e0f10f5124d,4235
22252b67-8bad-44d4-bb62-d37ecb91f432,Computer Science - Computer Practices and Programming,c53b16a58cec23d6916f0e9558369a30f2b6faf3f63a0455f319c7dd703a5955,4237
14cb2b67-8bad-44d4-bb62-d37ecb91f432,Measurement and Data,881f80a0c7ec906af3b0c252865af1064e04102a491b69f277e0485b5609069f,4244
1b3d2b67-8bad-44d4-bb62-d37ecb91f432,Deaf and Hard of Hearing,f6949232c9d6a4d20d887e22872beaee076ab7ea89592d5db15dce1d9e0c1e64,4247
145f2b67-8bad-44d4-bb62-d37ecb91f432,Advanced High,edc79077252a2b44ee7f0e35ed840baa7062865cfa84f8a78a6bc085b0217272,4253
15272b67-8bad-44d4-bb62-d37ecb91f432,Number and Operations in Base Ten,984724a971bda8bccc574d7a3862f98eff96e1a7ad4b0ec286a93b6a4e957d3a,4254
185b2b67-8bad-44d4-bb62-d37ecb91f432,"Writing Standards for Literacy in History/Social Studies, Science, and Technical Subjects",02fe6b96c3373fe6a5e2ffa20f99f7e6c81fcf7619cec169d273d0c277c514c1,4256
21d02b67-8bad-44d4-bb62-d37ecb91f432,Computer Science - Communication and Collaboration,17c3da22bc73520c003b3daef58b9057398efa8cd953f59e4ec36349447a73c9,4258
13412b67-8bad-44d4-bb62-d37ecb91f432,Novice Low/Mid,c87c34e6e0bc44bf7ba34fdf33dd434418770cd5eb6c1bf5094f74cb0a8c4c80,4266
13572b67-8bad-44d4-bb62-d37ecb91f432,Novice Low/Mid,f6e8cd1d4df03975148f83578399ecebf4552f07b63618098b3c7603ab7ad2a9,4278
1a202b67-8bad-44d4-bb62-d37ecb91f432,Visual Impairment,b0038d5f17e7e1a7fc78735ba79bab38edcfaaceb6e888a0f1a257d6dfc74684,4279
1cba2b67-8bad-44d4-bb62-d37ecb91f432,"Student Outcomes Program Goal 1: By graduation, the student identified as gifted will be able to critically examine the complexity of knowledge: the location, definition, and organization of a variety of fields of knowledge.",4534ec60f0602fdbc1e6a2e6955cd312a83e2af8cdb0f855c8d4b1196de0fa01,4280
3b5b2b67-8bad-44d5-bb62-d37ecb91f432,Vocabulary,102accec09f4e44b8484093efb3b291cc73720d53519d7748487f76081dad666,4281
14372b67-8bad-44d4-bb62-d37ecb91f432,Advanced Mid,e2986d8f989dac2483c9a1fb7a12c6f5de43195611bc2dc694ea1730ba18b261,4286
1b222b67-8bad-44d4-bb62-d37ecb91f432,Deaf and Hard of Hearing,ef847aea15610f33dd42b1213b18130f8d6b0b4d2c2ac3425a07b7e8caeb75b8,4287
13d92b67-8bad-44d4-bb62-d37ecb91f432,Intermediate High,5334377ebcb6fbb2203480cff90ddc64a0a5aed9b02704dcd107c1ba9debcd8d,4295
1b472b67-8bad-44d4-bb62-d37ecb91f432,Deaf and Hard of Hearing,bb8a71aad03363280725c978ee40c0d163047fe2326237ed06a92129228b5f42,4296
1b492b67-8bad-44d4-bb62-d37ecb91f432,Deaf and Hard of Hearing,2bd859c3620df4e92d86c78c4a7551221d571199aad5726541ea579a7d5227d9,4297
1dc72b67-8bad-44d4-bb62-d37ecb91f432,"Student Outcomes Program Goal 4: By graduation, the student identified as gifted will be able to think creatively and critically to identify and solve real-world problems.",2a6aaf2085a1661cb414182e06239801a3dbf7800aec0f2641def01ab4fa05b3,4298
134b2b67-8bad-44d4-bb62-d37ecb91f432,Novice Low/Mid,31f10ab341d07ef5e59710975e23a95c16b30ac00b9334709f452545b27b23ce,4300
14d02b67-8bad-44d4-bb62-d37ecb91f432,Operations and Algebraic Thinking,db2d66a7dafb49e8cb7cd1f638e08d15e12bc860005c68d9d30c7b75afb77609,4301
15c22b67-8bad-44d4-bb62-d37ecb91f432,Functions: Interpreting Functions,f2073b46342368520a53dd1bd587fcd0b9cadcb3e62c40b74463f867144c7d4e,4302
1d722b67-8bad-44d4-bb62-d37ecb91f432,"Student Outcomes Program Goal 3: By graduation, the student identified as gifted will be able to conduct thoughtful research/exploration in multiple fields.",f3ba877f1fa4ee35b665042c7c5f7aa903300dca2f2d67d5550bf0ee6aaf38ed,4304
13602b67-8bad-44d4-bb62-d37ecb91f432,Novice High,afb168dbe3bdc51cff8e0e39937e40f92109a2adcdedba6ba9c0eae9532d1cef,4313
13ba2b67-8bad-44d4-bb62-d37ecb91f432,Intermediate Mid,53f0c54331ba110e9c96d2298fb84d09089a60ab7e76dbb50b81eed186678fb3,4314
175c1457-8bad-45d5-bb62-d37ecb91f432,Consumer Health,1eb09e7f2a3152a7db529b2b1af759ab765e14d54636be9040ac2f3beed2282e,4317
1caf2b67-8bad-44d4-bb62-d37ecb91f432,"Student Outcomes Program Goal 1: By graduation, the student identified as gifted will be able to critically examine the complexity of knowledge: the location, definition, and organization of a variety of fields of knowledge.",5afc634e4f95acae500a57749ea533c18166c8d0cbeb0b7f6e109430a6837480,4318
22c72b67-8bad-44d4-bb62-d37ecb91f432,Computer Science - Computer Practices and Programming,8bb5dbdd0170386070223af2dac5e56139b21b0943286e96046bdfc66a506070,4320
3e072b67-8bad-44d5-bb62-d37ecb91f432,Mathematical Thinking and Reasoning,4cf4dc85bc35deba6515914a68490f69cee505f8ca64b95b755e1292e2fa34f8,4322
13972b67-8bad-44d4-bb62-d37ecb91f432,Intermediate Low,a2451f3c445488deaafb8786f8ef2041c349c862f2ee54438df2029e1a728116,4324
1d1d2457-8bad-45d6-bb62-d37ecb91f432,Consumer Health,7fc8a72598f9a444d09f0c172935108b4b61105d7b42a2c4b44fb454b8c16553,4325
22052b67-8bad-44d4-bb62-d37ecb91f432,Computer Science - Communication and Collaboration,573e0b551369ae640789c72eb1cc56e282aff8c819b2e0a70b18d49a2c37698e,4328
3e362b67-8bad-44d5-bb62-d37ecb91f432,Substance Use and Abuse Standards,76c4af48a684d051aea66ca092a2ac97a88d4477e53e4feb2eec2c2846d99d4b,4329
18222b67-8bad-44d4-bb62-d37ecb91f432,Reading Standards for Literacy in History/Social Studies 6–12,b40c84ccab7070d233d5a110e89cfc0d5d62f5dd7b6235af441c24af8805068a,4335
1d832b67-8bad-44d4-bb62-d37ecb91f432,"Student Outcomes Program Goal 4: By graduation, the student identified as gifted will be able to think creatively and critically to identify and solve real-world problems.",f06f2cdf2c3a3057b61812c458d75d9e7de0e50fc6d6f1baedbab2e9a53bcc7b,4346
3bc12b67-8bad-44d5-bb62-d37ecb91f432,Measurement,5c71c470b2dff4a22686debcca53e082522150582b35193a0b2bfbb95627955a,4348
3e172b67-8bad-44d5-bb62-d37ecb91f432,Financial Literacy,08024e323b9f85b982e49a243dbc335dfef6ded565c9e264c420581e5d185587,4349
14fc2b67-8bad-44d4-bb62-d37ecb91f432,Measurement and Data,571a0032cd40f5e53d51ed7f465369adbc0a4ed15bf0fe1e0b1c928b4661123d,4353
1d4e2b67-8bad-44d4-bb62-d37ecb91f432,"Student Outcomes Program Goal 6: By graduation, the student identified as gifted will be able to set and achieve personal, academic, and career goals.",f38247c17cccfe2dcf0b04b8f09ebb58021eb62dc935be5bf27a3e977edc0ebc,4355
146f2b67-8bad-44d4-bb62-d37ecb91f432,Advanced High,e4b86304fc18e254a90b27e54bfab022d017c89c25891ad458a8d59d61c1039a,4362
14cd2b67-8bad-44d4-bb62-d37ecb91f432,Geometry,437c87de25e9cbecc9fe038fd2e9c36f75f20c85076b8292c08fa91a701f2d82,4363
1cd62b67-8bad-44d4-bb62-d37ecb91f432,"Student Outcomes Program Goal 1: By graduation, the student identified as gifted will be able to critically examine the complexity of knowledge: the location, definition, and organization of a variety of fields of knowledge.",f348c2ba84ed8686df35a3f90eb174ff59aa38e13d16363284e7db9a3a8f035c,4364
3d6a2b67-8bad-44d5-bb62-d37ecb91f432,Trigonometry,9d482518d93b548a6938ae89ff3bd5fc610a276571e4a1d1bd93d154c1e8f887,4367
16012b67-8bad-44d4-bb62-d37ecb91f432,Geometry: Expressing Geometric Properties with Equations,4a1bfb07e8eca66cda9dd0f309cb28f6ca6b1f429f05d1eb2427672a1380c592,4370
1d272b67-8bad-44d4-bb62-d37ecb91f432,"Student Outcomes Program Goal 2: By graduation, the student identified as gifted will be able to create, adapt, and assess multifaceted questions in a variety of fields/disciplines.",280f013a4ecb81b21af23ecdbdf1116dc9edfef0aacddb52659b09e045a5c729,4371
13bf2b67-8bad-44d4-bb62-d37ecb91f432,Intermediate Mid,402bfc134e3f03b2f62377add2abecbc8edfc332a774b105b06c35aad316e152,4377
14572b67-8bad-44d4-bb62-d37ecb91f432,Advanced High,1e84d64ffe46ed7e18e59807ecbf9c7494c74d34f604c1c5ec83cd053dec7b23,4378
1d6e2b67-8bad-44d4-bb62-d37ecb91f432,"Student Outcomes Program Goal 3: By graduation, the student identified as gifted will be able to conduct thoughtful research/exploration in multiple fields.",ecadf122a213320b08b007dfb70fb982493f1947bd63c3bf62ecd07161604421,4381
3a482b67-8bad-44d5-bb62-d37ecb91f432,Vocabulary,15787e3727158c8762dbc01440fd32e9074185fc8076368b076db3739000eb0d,4399
140f2b67-8bad-44d4-bb62-d37ecb91f432,Advanced Low,72d53d5e8347469adb71c404ebceb98176987f986b3d81715f14d1014681ec06,4404
14332b67-8bad-44d4-bb62-d37ecb91f432,Advanced Mid,a615766b9e7fc06b7d5d4cf7485c51a9aca6f643d0f0200445f61e7d2403b5ca,4418
1cdf2b67-8bad-44d4-bb62-d37ecb91f432,"Student Outcomes Program Goal 5: By graduation, the student identified as gifted will be able to assume leadership and participatory roles in both gifted and heterogeneous group learning situations.",096973bb8f080744d1a5f3109a36ef5488aaf83f355b1887e0af8013500967db,4419
18682b67-8bad-44d4-bb62-d37ecb91f432,"Writing Standards for Literacy in History/Social Studies, Science, and Technical Subjects",94f6342ca22967192089cc82c130f6c96b121d5b68c7b64d9689c875b9adee64,4424
1cdc2b67-8bad-44d4-bb62-d37ecb91f432,"Student Outcomes Program Goal 5: By graduation, the student identified as gifted will be able to assume leadership and participatory roles in both gifted and heterogeneous group learning situations.",2bb4f5e85d28de2263b4661cfbbd057055a6475ca8bd8ef01fb467df3089e2ef,4425
1d672b67-8bad-44d4-bb62-d37ecb91f432,"Student Outcomes Program Goal 6: By graduation, the student identified as gifted will be able to set and achieve personal, academic, and career goals.",a25534e574ef98c00e58293790f87ba79d0d86ffc23dfd948a17c8370f8b85dd,4426
140b2b67-8bad-44d4-bb62-d37ecb91f432,Advanced Low,e1928aa09d43b11e2663ff96f7d19326251c01459bd7bd95bdf8511813cb27ff,4438
15882b67-8bad-44d4-bb62-d37ecb91f432,Statistics &amp; Probability,80249a9e4b4c363b169d7dc7c4d6073b7abe5ac0baf3eccdf172eec9081a395b,4439
21832b67-8bad-44d4-bb62-d37ecb91f432,Financial Literacy (Discontinued after 2023-2024),bc8d078e25a5f6a2cdabdd94f15e2bdaf18c564a617d4329acfe184880f9d01c,4442
3dae2b67-8bad-44d5-bb62-d37ecb91f432,Logic and Discrete Theory,eae809b154ca25fa213fe151a25a0195820700935ebaccf5a540095eae3061e4,4450
14282b67-8bad-44d4-bb62-d37ecb91f432,Advanced Low,31f3e6add4567898a7ae13a63eccd84ce0ab647067724e55120f4ad984e5ece8,4456
3ae52b67-8bad-44d5-bb62-d37ecb91f432,Vocabulary,4e7edbb34512e07160b93c05f77c8d55f338b5a722404c59f20c1e6fde757475,4462
147a2b67-8bad-44d4-bb62-d37ecb91f432,Advanced High,b46d35dab6920fceb096f802a1c386fd0147614d7e23ae428603111ca3c187a9,4470
15ea2b67-8bad-44d4-bb62-d37ecb91f432,Geometry: Congruence,e7f1d8bbff702d325861af777d6a0917b62d8ad8e6d8fd0e349ba944025fe69f,4471
21902b67-8bad-44d4-bb62-d37ecb91f432,Financial Literacy (Discontinued after 2023-2024),2e2b4f6ee3a6a189f9e02c30d38aa1d911fe18ce43f08d92b6dd8f682c9dc2f6,4475
22c82b67-8bad-44d4-bb62-d37ecb91f432,Computer Science - Computer Practices and Programming,6f9511d64c7b681e62ef084d6c0da000390f4c8e4ec8ee14d4bc78eeab5896e7,4477
13752b67-8bad-44d4-bb62-d37ecb91f432,Novice High,350cf819000f9a3a075add0c5d41a1c47ea0005159700ff4da4fd737776f9c70,4492
13db2b67-8bad-44d4-bb62-d37ecb91f432,Intermediate High,6ce8a8c1343d668dc3e3b02b06194d792951614367072cd96c23e1f009ce104b,4493
13fe2b67-8bad-44d4-bb62-d37ecb91f432,Intermediate High,6904a6f73ce287b5370a6809b4130921cddcac7cba38e0b7d9f7f8655b00be7a,4494
152f2b67-8bad-44d4-bb62-d37ecb91f432,Number and Operations - Fractions,2991a685347d8706a7b1cf86f69c0a14ed4fed0c9f188be5300d5ae097b7addd,4495
1abb2b67-8bad-44d4-bb62-d37ecb91f432,Visual Impairment,22934ffa9bdceaf3579ca89f0dc6bcaa374e77fad8237e2e4053b9c5a0550988,4497
1ac82b67-8bad-44d4-bb62-d37ecb91f432,Visual Impairment,ba199271f44ca3ac120c9fb2adc988c152a7455f458cab7f551853324fa210a2,4498
21712b67-8bad-44d4-bb62-d37ecb91f432,Financial Literacy (Discontinued after 2023-2024),212d713591a39442bec663b205b10907f2546057935e91618da96e7d4bed1f32,4499
13f22b67-8bad-44d4-bb62-d37ecb91f432,Intermediate High,901d9ed4ba8e36dd51e81663dc07981cb1e655522c397c9845cc91013739e900,4507
1b372b67-8bad-44d4-bb62-d37ecb91f432,Deaf and Hard of Hearing,1de2a0348f5477fee1bf7e9cbea43641e735d7d688633559a9dd49acf6425d16,4510
3a6c2b67-8bad-44d5-bb62-d37ecb91f432,Foundational Skills,9e7cf42e95059660d9164597aa254b31c32544a9f76736791bb3841725054239,4512
3d082b67-8bad-44d5-bb62-d37ecb91f432,Functions,7e047273b97ccf3175c7e3d562771c4c7f03fe06cca158887c416fa06f070d54,4513
3d0f2b67-8bad-44d5-bb62-d37ecb91f432,Functions,2e9628d39a3721df8a60cb1f6533aa6b528d3f1f6875dd2ee6ccdd5fa5610708,4514
3e092b67-8bad-44d5-bb62-d37ecb91f432,Mathematical Thinking and Reasoning,32843104afe543aa78b4977c985c5fc0cbd2dd16324b2d1c086a88dec3a201bf,4515
161a2b67-8bad-44d4-bb62-d37ecb91f432,Statistics &amp; Probability: Conditional Probability &amp; the Rules of Probability,13b14d02d043795832367f8ee84c1f340650bc8dc90951c260dba30f11e34e7d,4518
14512b67-8bad-44d4-bb62-d37ecb91f432,Advanced Mid,4e225307fd8d38252c430e69dea772a64a69fcce1ecda9738cb500ff4ed43958,4526
1d112b67-8bad-44d4-bb62-d37ecb91f432,"Student Outcomes Program Goal 2: By graduation, the student identified as gifted will be able to create, adapt, and assess multifaceted questions in a variety of fields/disciplines.",7fd25d5e28cefba61deea4a2bb538139746a469c3ffe77ee9e58a856d3ae174b,4528
3f3a2b67-8bad-44d5-bb62-d37ecb91f432,Holocaust Education (Starting 2023-2024),19868d0667f85fcc853be6d05f320c1e388b834876930c569724bfaf8ed34e93,4531
15712b67-8bad-44d4-bb62-d37ecb91f432,The Number System,37901a8a75ef1e65d7ff5dd7a8ae957a47040cda854259290b51aa16030b72a5,4534
15d62b67-8bad-44d4-bb62-d37ecb91f432,Functions: Trigonometric Functions,bd9496e11cae0e9641b841ce40ceadf1f6aa59e963d48c0f170dccd4693d0d2a,4535
1b512b67-8bad-44d4-bb62-d37ecb91f432,Deaf and Hard of Hearing,6620d38b6ec6cff334185d76b18d8331cae0d5723eaa68b3fb684132e345e374,4548
1db62b67-8bad-44d4-bb62-d37ecb91f432,"Student Outcomes Program Goal 4: By graduation, the student identified as gifted will be able to think creatively and critically to identify and solve real-world problems.",28f42347d923ac448ec8a9525d059882dbd2b203479aefd3493fc268e8c01aaa,4551
21e82b67-8bad-44d4-bb62-d37ecb91f432,Computer Science - Computer Practices and Programming,afad79e3dba1f1acca2d328ec79b472460bdf8de1c0b773a45a1ca20a9ff4268,4553
1ad52b67-8bad-44d4-bb62-d37ecb91f432,Therapies,0bc9c8b50822622db50127e61f81809de00d91cd348fad123317b8510115895d,4557
1b332b67-8bad-44d4-bb62-d37ecb91f432,Deaf and Hard of Hearing,13599345cea520f82581caa2ccec0d8e87d320501c31544775c61415929ff405,4558
3e232b67-8bad-44d5-bb62-d37ecb91f432,Substance Use and Abuse Standards,91ff7d181f5df42f42f77266c3b1d59bdd1546bd33c727c0b666545422cea221,4562
147d2b67-8bad-44d4-bb62-d37ecb91f432,Advanced High,298a4ef3980d64f2f6eb1897efcaadcdbf73f7d5d477d0fb9d12992904754f72,4564
1cc02b67-8bad-44d4-bb62-d37ecb91f432,"Student Outcomes Program Goal 1: By graduation, the student identified as gifted will be able to critically examine the complexity of knowledge: the location, definition, and organization of a variety of fields of knowledge.",353632575adc57d581cddcd34f6629f983093fed9cb7934775bf4604e59ad612,4572
1d240457-8bad-45d6-bb62-d37ecb91f432,Consumer Health,9a2b5202bf123733bcd074ee93b16b2f89838200fa61384ca06c45f105eee521,4573
22c12b67-8bad-44d4-bb62-d37ecb91f432,Computer Science - Computer Practices and Programming,b6ad69696a6e8c35b887d6d459613eb05aff6924a62ca0c3de942cbd644d1882,4588
3f322b67-8bad-44d5-bb62-d37ecb91f432,Holocaust Education (Starting 2023-2024),1448794be618f2fb0792959ee512930246f69815996c7b0825e9db29f456f221,4589
13d02b67-8bad-44d4-bb62-d37ecb91f432,Intermediate Mid,534e875ef7be16acfd4ea9e9fce971f33c60e5ffe04df061a78635c46efe0793,4591
13ea2b67-8bad-44d4-bb62-d37ecb91f432,Intermediate High,9d81dff0e8afaf99b7f5a675720605752974cfd56450fcbbe8ddfd35459c8e43,4592
21802b67-8bad-44d4-bb62-d37ecb91f432,Financial Literacy (Discontinued after 2023-2024),92b66fd412a15a2ba87a3ef2cb3c300446fd46a94e550b8580ca0d27c1393f24,4595
15d32b67-8bad-44d4-bb62-d37ecb91f432,"Functions: Linear, Quadratic, &amp; Exponential Models",2319866ef802ab1eced790caacdcd1187613b9df78fdb4bb2db5da424c55142f,4598
1d1d7457-8bad-45d6-bb62-d37ecb91f432,Consumer Health,8faa477cf8eaec4f5e548d5b3d1db604578c4a51743e6774ede727e40f83faa3,4600
13e02b67-8bad-44d4-bb62-d37ecb91f432,Intermediate High,2ba65fd1e2f1211d8deca79f2bb233ae62f7b97164a901aae8c5ed92a8368a4c,4609
14b72b67-8bad-44d4-bb62-d37ecb91f432,Geometry,065173517121bc5e25416d258936b1354cfad3b5946e0e3c841cfc915bbb965c,4610
14912b67-8bad-44d4-bb62-d37ecb91f432,Superior,4bca80ba2c23f93720858bd61e98a84aaba16c2f564ec7ce4fb19ae095633502,4622
16182b67-8bad-44d4-bb62-d37ecb91f432,Statistics &amp; Probability: Conditional Probability &amp; the Rules of Probability,772ac096aaa10344f996d359eedc64d1654353de6a85f42b4da0a2f543b86c48,4623
157b2b67-8bad-44d4-bb62-d37ecb91f432,Functions,843e684680c87361c6eee64949b35ecbe72f79b84af17c462dba02ba314af286,4635
1a632b67-8bad-44d4-bb62-d37ecb91f432,Visual Impairment,d7c2e2b6eed272600ddb08ee299b1476a0cf8b3987ce9457a7b9e5842d90fdb7,4637
14da2b67-8bad-44d4-bb62-d37ecb91f432,Number and Operations in Base Ten,9dbbd2691c225a89f6d50261fcb8bc006e9bad4fbfda078abf0d586a77c8caa8,4646
16a12b67-8bad-44d4-bb62-d37ecb91f432,Reading Standards: Foundational Skills (K-5),eda653232f9a7663cceadee52228004c0d853c29f96b144588b37df5d23e5733,4647
185d2b67-8bad-44d4-bb62-d37ecb91f432,"Writing Standards for Literacy in History/Social Studies, Science, and Technical Subjects",feff112b861f024246ead58102d05895b4f5f62231ca359af1d213153faeb2c1,4648
3d6e2b67-8bad-44d5-bb62-d37ecb91f432,Trigonometry,1f1a9b9e6b1f57051a86ca8ef34d3fbde44dd96cdb4eeac896cf86f413019205,4652
1a492b67-8bad-44d4-bb62-d37ecb91f432,Visual Impairment,1ffca324b813c1a074248cc6f38229dba7ac155f7e9b9599e9108cb6c02d8682,4654
1d992b67-8bad-44d4-bb62-d37ecb91f432,Student Outcomes Program Goal 7: By graduation the student identified as gifted will be able to develop and deliver a variety of authentic products/performances that demonstrate understanding in multiple fields/disciplines.,d35bad3742947ac7a7f74b9e3f98b71399757100b9415df157f029e3267628e9,4655
21112b67-8bad-44d4-bb62-d37ecb91f432,Measurement and Data,9a7f7c0bb04d06b4c90103e9f29a157ab15752af0775c0247374f784fe7e4a7e,4656
14032b67-8bad-44d4-bb62-d37ecb91f432,Advanced Low,89b87883721f34170552cedf4f13b11bb1dfd33900e19aa57d5f5528d956e351,4664
1b342b67-8bad-44d4-bb62-d37ecb91f432,Deaf and Hard of Hearing,13c90cc4566d62e5ed2977e4e932b55ebb912440f8c5d54818b4c5ac25b34608,4665
1cb02b67-8bad-44d4-bb62-d37ecb91f432,"Student Outcomes Program Goal 1: By graduation, the student identified as gifted will be able to critically examine the complexity of knowledge: the location, definition, and organization of a variety of fields of knowledge.",b1aa99942116db70d5db7ea5843dd7fc5bcbe391fb015f83a2a2e2f9056b1d80,4666
22242b67-8bad-44d4-bb62-d37ecb91f432,Computer Science - Computer Practices and Programming,e5f5f2591325f7ddc16ff13d7835f64163ce495d50adc59bc81698aad97f3566,4667
1da12b67-8bad-44d4-bb62-d37ecb91f432,Student Outcomes Program Goal 7: By graduation the student identified as gifted will be able to develop and deliver a variety of authentic products/performances that demonstrate understanding in multiple fields/disciplines.,0051e094a2afb9e67ea68ce90bbe85df73fddef1bb7ed1d564c3a2620e839807,4673
144f2b67-8bad-44d4-bb62-d37ecb91f432,Advanced Mid,9535b85f2a04629997da0f3a8c1a72fbfe41296af4649a30b836e7fba999e8fd,4681
14af2b67-8bad-44d4-bb62-d37ecb91f432,Operations and Algebraic Thinking,19cc55bfa1e7ffdc54ae98b4a4c064decee7533352dc6639f6ca7009bffaf8d7,4682
1d542b67-8bad-44d4-bb62-d37ecb91f432,"Student Outcomes Program Goal 6: By graduation, the student identified as gifted will be able to set and achieve personal, academic, and career goals.",0a9dd314e0995ffbc557a521a342ab0c85eb08de579b39ccc652fb4229d5ac82,4684
13d32b67-8bad-44d4-bb62-d37ecb91f432,Intermediate Mid,16e8678451f6bbb965379741854410501817b2c357dd94ef6f761b85e818d870,4687
16262b67-8bad-44d4-bb62-d37ecb91f432,Statistics &amp; Probability: Using Probability to Make Decisions,b9e6310074496605316329f63ddcb6e16e4107b84bd5b74aeac42660d6405328,4688
1db72b67-8bad-44d4-bb62-d37ecb91f432,"Student Outcomes Program Goal 4: By graduation, the student identified as gifted will be able to think creatively and critically to identify and solve real-world problems.",b6a28dd6bfd3d0d77761ceed7ee10f0c00e547e4eeb16b1da40689210363926a,4690
3daf2b67-8bad-44d5-bb62-d37ecb91f432,Logic and Discrete Theory,eb141f7a0b5b7dde5c95a665c62d629300c35edd22652a66678e9052c6800875,4692
1a722b67-8bad-44d4-bb62-d37ecb91f432,Visual Impairment,adfb873675c63ee1db3738b74e7e24aa97bceaab330c539bb17eafc5b7f6fce5,4702
14ed2b67-8bad-44d4-bb62-d37ecb91f432,Operations and Algebraic Thinking,b751a1d40724eedcbba14081baccdffd03a661b969673d21f0aff4679024f630,4707
21702b67-8bad-44d4-bb62-d37ecb91f432,Financial Literacy (Discontinued after 2023-2024),b498e657600de933d2f8b60f86f578857c7d1c44a451afbd0ed0c50d18f5a051,4715
1d1a5457-8bad-45d6-bb62-d37ecb91f432,Consumer Health,b81233c4fca369e0bcc90405e49b3ffdd580f6a72aaa5f109bf0747e3636c722,4730
1d1e2b67-8bad-44d4-bb62-d37ecb91f432,"Student Outcomes Program Goal 2: By graduation, the student identified as gifted will be able to create, adapt, and assess multifaceted questions in a variety of fields/disciplines.",a4c935b0ffa4b2e482af756e7b1714caca5d75c00414532985c92482fe98f16f,4731
13322b67-8bad-44d4-bb62-d37ecb91f432,Novice Low/Mid,31b13ca84f0f2b31c5f385d33cc5de9d0543b56319329b320cba89616a2ed991,4737
136d2b67-8bad-44d4-bb62-d37ecb91f432,Novice High,c640c42444018bada3b99c2c49bf8d6a918fc96b5450765f2cbbb67577f7b071,4738
151b2b67-8bad-44d4-bb62-d37ecb91f432,Measurement and Data,a788961cb40c1702824ed8a01ae1b341e45edc9d19752acf202bfe80e3b58e5b,4739
153d2b67-8bad-44d4-bb62-d37ecb91f432,Ratios &amp; Proportional Relationships,58e05cda0096482f7ffad60cdef6395538c2d7c7645ac658e94841051f676275,4740
18692b67-8bad-44d4-bb62-d37ecb91f432,"Writing Standards for Literacy in History/Social Studies, Science, and Technical Subjects",9618f629e8249f2f21217fe29e61374b1a96615b6ab1ec90fd2c3be1c86e7d53,4741
1d4f2b67-8bad-44d4-bb62-d37ecb91f432,"Student Outcomes Program Goal 6: By graduation, the student identified as gifted will be able to set and achieve personal, academic, and career goals.",4682ab3376b0edc40f3d33b490d7f56697b957ed5ba9f87e4dd898690c387f7e,4742
13c12b67-8bad-44d4-bb62-d37ecb91f432,Intermediate Mid,2e38ad22accda36ee8bd8d9b464011a22b738d28a3d6c6fa32b6841d445172d7,4748
13a62b67-8bad-44d4-bb62-d37ecb91f432,Intermediate Low,bcb9b601bc5709f331ea4efc5e3b237bdcb79017f021cbe1d96a8528065089d7,4750
17635457-8bad-45d5-bb62-d37ecb91f432,Consumer Health,f79a7f34da85996237b0beb49b3e81073f5619ef39000aee04d9188e33aaba5e,4752
21952b67-8bad-44d4-bb62-d37ecb91f432,Financial Literacy (Discontinued after 2023-2024),8fa218c6554c2770e91a0372340f85a4647b6643aed15065e6e36e6ccdb8a9a6,4763
1ac22b67-8bad-44d4-bb62-d37ecb91f432,Visual Impairment,82cefb916dfdaadb2a45f4f6eebbe0169ccc6c3652aef86356d4130aa679b966,4768
1d0e2b67-8bad-44d4-bb62-d37ecb91f432,"Student Outcomes Program Goal 2: By graduation, the student identified as gifted will be able to create, adapt, and assess multifaceted questions in a variety of fields/disciplines.",04cb73d0e65f6fe838672370cf39ddf187932747c19a387e2283a5ebff1ef220,4769
3f422b67-8bad-44d5-bb62-d37ecb91f432,Holocaust Education (Starting 2023-2024),7bedd98f96dc27a6f276f32edf5d22df8232ff14ced84e069e2a7c5dd05652e1,4770
15452b67-8bad-44d4-bb62-d37ecb91f432,The Number System,3820b2a4f74bbcedd92561985038ccb99a9021a3f178dead143ecd9112c3e061,4785
e311b207-8bad-43d4-bb62-d37ecb91f432,Humanities,5ae8320a7f3df65908eaef4b85f8e191d5a76899320582f7d20b02f0eb32f4e7,4799
13422b67-8bad-44d4-bb62-d37ecb91f432,Novice Low/Mid,14a0d8002d0b524d7b0dd8f0aa16866e7c4eee3db157ded7971c4b256a22ab04,4800
1a5e2b67-8bad-44d4-bb62-d37ecb91f432,Therapies,7c3910239cbaf297760f1fa852e2af4691053047ab7cafff1fdef89b7aa64bd6,4802
1d032b67-8bad-44d4-bb62-d37ecb91f432,"Student Outcomes Program Goal 1: By graduation, the student identified as gifted will be able to critically examine the complexity of knowledge: the location, definition, and organization of a variety of fields of knowledge.",264cce6397f4dda36e6e616e50382278bd570889a98996e2f733cc7654e202db,4803
1b3a2b67-8bad-44d4-bb62-d37ecb91f432,Deaf and Hard of Hearing,f08662c522675d09c18c0f2363e31cf9cb1d16e2e692dd3f466a1343e84ca111,4806
1dbe2b67-8bad-44d4-bb62-d37ecb91f432,"Student Outcomes Program Goal 4: By graduation, the student identified as gifted will be able to think creatively and critically to identify and solve real-world problems.",37a72888529de8874442e008bc864aea16199fcb89100a7c16702f7abb9a255c,4807
145c2b67-8bad-44d4-bb62-d37ecb91f432,Advanced High,4abde050b66c11e8920814df595cb85116e377d9ea72feab406dd303ae78363c,4812
14ef2b67-8bad-44d4-bb62-d37ecb91f432,Operations and Algebraic Thinking,b8bc01b3c5ff30b488c8316b217d9a9fec18439c986b4d80ebac10ed52599a62,4813
157d2b67-8bad-44d4-bb62-d37ecb91f432,Functions,9a90069393c78a8943f1763331959409addb8c765545bb36e3e602de4b1eaec9,4814
160f2b67-8bad-44d4-bb62-d37ecb91f432,Statistics &amp; Probability: Interpreting Categorical &amp; Quantitative Data,a8ae15a4ba277f8d4b284263ec5676c4d1157d00f5afd6bc8bbba6c8b257809c,4815
15f42b67-8bad-44d4-bb62-d37ecb91f432,"Geometry: Similarity, Right Triangles, &amp; Trigonometry",8112b4c8774444e7fda5198e774d79cdcf41e504c8e97fb51cf326c63928093f,4817
3d1e2b67-8bad-44d5-bb62-d37ecb91f432,Financial Literacy,26a278b0b40ea1c8d19e09860c229009a3487dc150664cdc8066edfb1d9f37d0,4821
e381b207-8bad-43d4-bb62-d37ecb91f432,Humanities,573b83c66e2ccf84e10071595b273dac4afa893b3dc5dd0fdfc1a125cc5b5a6f,4825
16252b67-8bad-44d4-bb62-d37ecb91f432,Statistics &amp; Probability: Using Probability to Make Decisions,f0bd712b9a88b71d1a78f49b113e6d3d80e91c99d7205d41c0dd89215effd303,4826
1d8f2b67-8bad-44d4-bb62-d37ecb91f432,"Student Outcomes Program Goal 4: By graduation, the student identified as gifted will be able to think creatively and critically to identify and solve real-world problems.",9683dc10601c224dc8fc7e18e6cd657d178f9fe0b0ce6fc4a385cf8d6ce7365d,4828
14ea2b67-8bad-44d4-bb62-d37ecb91f432,Geometry,e6cbf1d5511c6fdfaba59f3a6871ddde1d92a930a62e805eafa0fcabcdae88ef,4837
15232b67-8bad-44d4-bb62-d37ecb91f432,Operations and Algebraic Thinking,96fd421b34be49190edf4f8b58754299e4f7c8c8e5748ab998030768fd4e8c74,4838
3dc02b67-8bad-44d5-bb62-d37ecb91f432,Logic and Discrete Theory,de015b1f4ced979181e1c433f24064261d6b3c09ae4b7f39ff9133659d31391d,4845
15162b67-8bad-44d4-bb62-d37ecb91f432,Number and Operations - Fractions,34a23f0725d98337e03e26cf14b2167af70237abeed4127ec3c29aa5275ac82a,4849
21ea2b67-8bad-44d4-bb62-d37ecb91f432,Computer Science - Computer Practices and Programming,93107c623380b38457ee2742af7c388646fcbf03650137b03c3e3ca7faf42fb8,4852
3e042b67-8bad-44d5-bb62-d37ecb91f432,Mathematical Thinking and Reasoning,02fb976f33b4d4c7100edcb3a69e906aab09230122e33965550127937d0f578e,4853
13bb2b67-8bad-44d4-bb62-d37ecb91f432,Intermediate Mid,d66e24720b87f2a2e575c058436508b5c29d139a327cf9cbeebc4eed592a656b,4861
3dbd2b67-8bad-44d5-bb62-d37ecb91f432,Logic and Discrete Theory,cb324eb16fa9b7f7bb4b558d464b06e7b88c96c6b5c539782400948ede5db492,4870
143a2b67-8bad-44d4-bb62-d37ecb91f432,Advanced Mid,821413b8f871cb1693170abe52264dda3d4d27bf149800a1b527c039bdf02874,4872
1d7e2b67-8bad-44d4-bb62-d37ecb91f432,"Student Outcomes Program Goal 3: By graduation, the student identified as gifted will be able to conduct thoughtful research/exploration in multiple fields.",63f5c8e33fc3978679cec8eddd505c8fabffbaeabbbdad5fe63ccb46bb455639,4874
13612b67-8bad-44d4-bb62-d37ecb91f432,Novice High,a327b6cc76546b8b80e007c29880f36b896f0503bf5c1d5e263e52d32de6b2cb,4881
14a92b67-8bad-44d4-bb62-d37ecb91f432,Counting and Cardinality,988c7e5e333b972bab8226a2eb23badc4bd742cc7fb86bcd2030c87ec3290c12,4888
15052b67-8bad-44d4-bb62-d37ecb91f432,Operations and Algebraic Thinking,562ad2e5f1e8d09743b1b79062e3b62c8c42733fdf0837b726472e9a3d7631fd,4889
152b2b67-8bad-44d4-bb62-d37ecb91f432,Number and Operations - Fractions,bc2609a30fab854e4f665273c9345bf4b68b45602919cfe065ce1ecc587259b9,4890
15352b67-8bad-44d4-bb62-d37ecb91f432,Measurement and Data,e12fb7ed77917fb5ed7b9fd90c1f26fd1ac89fb7ca72bfe05aea231e695eaeaa,4891
13942b67-8bad-44d4-bb62-d37ecb91f432,Intermediate Low,55c76ede22777696c9685dc10e42ead55032d94c0d8cc4a1b444902e6943d050,4896
16a42b67-8bad-44d4-bb62-d37ecb91f432,Reading Standards: Foundational Skills (K-5),9ad5948153f5af1919631ef3d9db4abab6906aff5ae01c2d8dce3dbb94a3e053,4897
217a2b67-8bad-44d4-bb62-d37ecb91f432,Financial Literacy (Discontinued after 2023-2024),d919250f0d5c1bfa86775f57d5cb04d8e0da02c9f3334d9e64681dd3a2050bfd,4908
1ac32b67-8bad-44d4-bb62-d37ecb91f432,Visual Impairment,df91ec719f23398a5cee94f28b7e1e6aa50f52633544bc0aad8ffba0b3e367db,4916
3c222b67-8bad-44d5-bb62-d37ecb91f432,Fractions,0ffe16478d0bdcba870184d023883826ae8a86aabeed379172b8d46d89702cda,4917
14d92b67-8bad-44d4-bb62-d37ecb91f432,Number and Operations in Base Ten,5ff5aa53e9aa07ed840b68fac465260c154fc82970b405cde1412ad6b5836885,4923
15a82b67-8bad-44d4-bb62-d37ecb91f432,Algebra: Seeing Structure in Expressions,64d450638be58177b626385140b6cbb3c5df814f9b134d0a5b1c473b65377cd4,4924
1d192b67-8bad-44d4-bb62-d37ecb91f432,"Student Outcomes Program Goal 6: By graduation, the student identified as gifted will be able to set and achieve personal, academic, and career goals.",b1727eece16fa7772c36f7d8a4fa7b8b31c6ece829139d6eb85526bca60680f9,4927
1d2c2b67-8bad-44d4-bb62-d37ecb91f432,"Student Outcomes Program Goal 6: By graduation, the student identified as gifted will be able to set and achieve personal, academic, and career goals.",3864459f6b46cbcfed34378b04442cafbd9c9a1cfa66060f720915efbcb282dc,4928
13ce2b67-8bad-44d4-bb62-d37ecb91f432,Intermediate Mid,ad0f13911b1f4331feb3465650c0a45fd189ed6fc4884344c8b3d78cd2650862,4934
15532b67-8bad-44d4-bb62-d37ecb91f432,Statistics &amp; Probability,750daa22b46a97c4f978b5e9dfc89b1bc29c93bb17634928bda53edf267c40e2,4935
15962b67-8bad-44d4-bb62-d37ecb91f432,Number &amp; Quantity: The Complex Number System,43e43fde8a037ef924914fed36e979f73b8135d430a315b99acd5ab5046ccec1,4936
1acc2b67-8bad-44d4-bb62-d37ecb91f432,Therapies,4845dfc1eb092e6b8100e92f124a4337d346904fd97a54fbfc35ddd003da7944,4939
1d6c2b67-8bad-44d4-bb62-d37ecb91f432,"Student Outcomes Program Goal 3: By graduation, the student identified as gifted will be able to conduct thoughtful research/exploration in multiple fields.",ea1a26a8d17a830620156cc464342fe194c0286cba5ebaa76d2f7190edeff01a,4941
21e92b67-8bad-44d4-bb62-d37ecb91f432,Computer Science - Computer Practices and Programming,dc472351de852f1fc80a1685e59a03c511658136fd223a5fddabdaf9c2cdc097,4944
21992b67-8bad-44d4-bb62-d37ecb91f432,Financial Literacy (Discontinued after 2023-2024),910ac0f933e338842d31027981e08060d4bb093daa9f96cf8b6a481aa09494d9,4951
15e72b67-8bad-44d4-bb62-d37ecb91f432,Geometry: Congruence,5852555637a3e7c6b7d2f5b45df57b80df4fafa095f3cd3c199530ea930a5c91,4957
1d222b67-8bad-44d4-bb62-d37ecb91f432,"Student Outcomes Program Goal 6: By graduation, the student identified as gifted will be able to set and achieve personal, academic, and career goals.",7423c7608de4bf606ea764459dc45adaba5845365ac7c2cf15dde1f593c9a85e,4961
3f312b67-8bad-44d5-bb62-d37ecb91f432,Holocaust Education (Starting 2023-2024),020d2404038676009b94251fe7c36420bb168a6dd86a7ec9ced63aafd113816b,4966
15402b67-8bad-44d4-bb62-d37ecb91f432,The Number System,a4305452451340eb2b1c6d6eb4aaf0c69fed4ef86edb878e0a5e9e73c1d43dc5,4969
1ce72b67-8bad-44d4-bb62-d37ecb91f432,"Student Outcomes Program Goal 5: By graduation, the student identified as gifted will be able to assume leadership and participatory roles in both gifted and heterogeneous group learning situations.",3fbb9fd069acf9bfd6c3e2206e36f68aa6372c26df55293241211975ee0988b1,4971
3b602b67-8bad-44d5-bb62-d37ecb91f432,Foundational Skills,7f437e0cee25f566466c66967562c1ead59fa5158ad1e8a70b39afffe61d67e1,4972
14412b67-8bad-44d4-bb62-d37ecb91f432,Advanced Mid,58a91c9cf1e17a45f162401335d65990dc5a8f83f99a7ebed16bd6d87a4eb22d,4977
18062b67-8bad-44d4-bb62-d37ecb91f432,Number and Operations in Base Ten,364d16ee6da46da433153d3f649f064eea00eaa3259dee2c267c6ebb49ce429f,4979
3ba82b67-8bad-44d5-bb62-d37ecb91f432,Measurement,a9f07603dfbff29d18864be894f53987b0f3b4f6503a58c7f05ccbd4ea48d96e,4981
184e2b67-8bad-44d4-bb62-d37ecb91f432,Reading Standards for Literacy in Science and Technical Subjects 6-12,53b8fbf8e3d9c7885a68110a90d56d7b651eb6bdf8860afb80112e8e732c410c,4988
1cff2b67-8bad-44d4-bb62-d37ecb91f432,"Student Outcomes Program Goal 1: By graduation, the student identified as gifted will be able to critically examine the complexity of knowledge: the location, definition, and organization of a variety of fields of knowledge.",90db61592f472f2968105f73ef95ede9e277c331045009def4e41dfcda4cc2f5,4989
169a2b67-8bad-44d4-bb62-d37ecb91f432,Reading Standards: Foundational Skills (K-5),a1ab0a7f0553dacbe439197ebfddc3b89c48a8db9ab16e823de3cacef64bf516,5002
1a612b67-8bad-44d4-bb62-d37ecb91f432,Therapies,cf2e8e9099179a7199d56b1cb8f752ddcba68afd512e9509aefd248ae2edd58b,5003
15a12b67-8bad-44d4-bb62-d37ecb91f432,Number &amp; Quantity: Vector &amp; Matrix Quantities,7acfc1c69a1c9da8d1c662b5a76383d5e8d78d75a49f19381e334b9ef82d1b7e,5008
185e2b67-8bad-44d4-bb62-d37ecb91f432,"Writing Standards for Literacy in History/Social Studies, Science, and Technical Subjects",a5b41dff0159a65b3e3ef5fb150261b4e252cb350abced3bb31bc03dd5c2a3fa,5009
1b1e2b67-8bad-44d4-bb62-d37ecb91f432,Deaf and Hard of Hearing,09a4bbd0183042e7579d341c75f89a22109e049686aacdc9202485cf80b14719,5012
18602b67-8bad-44d4-bb62-d37ecb91f432,"Writing Standards for Literacy in History/Social Studies, Science, and Technical Subjects",6c69ab4268b6fc8359225a4623f4aadaabb20a18eea0fa6a8e72355b0bd8dca2,5021
22942b67-8bad-44d4-bb62-d37ecb91f432,Computer Science - Communication and Collaboration,1a4a85b8580e794e061123d3b8dd79c7ce25e6f5ec548dadcac7ce810076c13b,5022
14b92b67-8bad-44d4-bb62-d37ecb91f432,Geometry,c5b71144ee23e6c7169320f70ae6c7939bc19da97931b865184bb6cce2c94c38,5025
13c92b67-8bad-44d4-bb62-d37ecb91f432,Intermediate Mid,2337b288c35fa9bcf41ef31fddbdabded05031366d2b4e79b104ceb0dac80e50,5034
13dd2b67-8bad-44d4-bb62-d37ecb91f432,Intermediate High,06c523f8be98dca7fca18d1717ff8c32ad6f27132d21de5a0d4e2ed757f34692,5046
1d8e2b67-8bad-44d4-bb62-d37ecb91f432,Student Outcomes Program Goal 7: By graduation the student identified as gifted will be able to develop and deliver a variety of authentic products/performances that demonstrate understanding in multiple fields/disciplines.,b50dbd4e5334a25a1197e6b42f3cb7f2aed35732be560cab8a6deec7d553bc0a,5054
3d182b67-8bad-44d5-bb62-d37ecb91f432,Functions,bf992e26de3acebd80ccd338ba40e4f6c27ed8032ae14447328d60e21dae4d78,5058
146a2b67-8bad-44d4-bb62-d37ecb91f432,Advanced High,41432bb9a172eb1846f21852d2282a725fd45632c2aa47c7591a151f15f827b7,5062
160d2b67-8bad-44d4-bb62-d37ecb91f432,Statistics &amp; Probability: Interpreting Categorical &amp; Quantitative Data,0121823c71012172d46974f213c395cab458f43e9585dcd24b5173c99f74de5f,5063
1b4f2b67-8bad-44d4-bb62-d37ecb91f432,Deaf and Hard of Hearing,c6ad759848d2e8ac2defc2bdb617be3a5793c44986ccf103d48d668b30bb6be8,5068
1d422b67-8bad-44d4-bb62-d37ecb91f432,"Student Outcomes Program Goal 6: By graduation, the student identified as gifted will be able to set and achieve personal, academic, and career goals.",4579a107c80e08fa74b253cd477401530e4bc06abd393681704912b020c069cd,5070
3bfe2b67-8bad-44d5-bb62-d37ecb91f432,Fractions,4b40c352ccafb63aa87e8662bd5f75a498a817fb4a0d5622dc262c8836301497,5075
3f302b67-8bad-44d5-bb62-d37ecb91f432,Holocaust Education (Starting 2023-2024),b8e177192481df9d9e2cac2af67c65b0c3c16020f01acc58ec02d78a5799387d,5076
14e12b67-8bad-44d4-bb62-d37ecb91f432,Measurement and Data,eb603b1bfc2ba20a820f3fcdff90bd7ec1a71f569f0f673fa3b4ecd4b4c1c6db,5080
1cca2b67-8bad-44d4-bb62-d37ecb91f432,"Student Outcomes Program Goal 5: By graduation, the student identified as gifted will be able to assume leadership and participatory roles in both gifted and heterogeneous group learning situations.",47ab0724d55e875a051b0716ab30e8a476f7ef83d1998f6d9f5854af25d6078f,5081
1cfe2b67-8bad-44d4-bb62-d37ecb91f432,"Student Outcomes Program Goal 5: By graduation, the student identified as gifted will be able to assume leadership and participatory roles in both gifted and heterogeneous group learning situations.",66c506551a30786ac6fdfb1a24c5f0bf3932e742f490707af40a258a062ed375,5090
226a2b67-8bad-44d4-bb62-d37ecb91f432,Computer Science - Computer Practices and Programming,70b8905cead73b0dd712412e8019ba218d0e00207f358290cbd519853aa9cfd9,5096
183d2b67-8bad-44d4-bb62-d37ecb91f432,Reading Standards for Literacy in Science and Technical Subjects 6-12,79b4924c864905b87ec20871fdb6ad21b1d571a27451f59916111677f64c8f5a,5103
14422b67-8bad-44d4-bb62-d37ecb91f432,Advanced Mid,fac1fc95d4933b6382b5bf199da54703f8b0af3428ff3f5ec96efc9008e28797,5108
3bc02b67-8bad-44d5-bb62-d37ecb91f432,Measurement,4b9a521a583b0becfb068a841af43eb8e570b4c9f34c4f927642e2ea751c9caf,5111
150b2b67-8bad-44d4-bb62-d37ecb91f432,Number and Operations in Base Ten,41376439828c3298b3e684483e2283c09892b71337fa5bac4e26e3c17c63c97f,5119
15382b67-8bad-44d4-bb62-d37ecb91f432,Geometry,3178704d73ce51eb8f2dfff89f05ae3fb01970e4e080bb45d2be489b6f61e9dc,5120
18592b67-8bad-44d4-bb62-d37ecb91f432,"Writing Standards for Literacy in History/Social Studies, Science, and Technical Subjects",f89c377caa3d1713cebcf89430a80d3fc5e8393265100ba0f0cb595b7f7c0884,5126
3e1a2b67-8bad-44d5-bb62-d37ecb91f432,Financial Literacy,bd950631825280993d9dc3e3261fc6eea6e7476daa54455dba3d94faf4abaad1,5130
160a2b67-8bad-44d4-bb62-d37ecb91f432,Statistics &amp; Probability: Interpreting Categorical &amp; Quantitative Data,3d6f8787857497d3358af04ff1430f7f7f0e47f12fd925ace2d830adc71814ec,5137
1d2a2b67-8bad-44d4-bb62-d37ecb91f432,"Student Outcomes Program Goal 6: By graduation, the student identified as gifted will be able to set and achieve personal, academic, and career goals.",4cceb033bb29149d9e2561eda8ec549250cedbbd5f082c21317df63694534454,5140
3db92b67-8bad-44d5-bb62-d37ecb91f432,Logic and Discrete Theory,4f57419e45aad9c01ee6f84b2aaf1ce1e368944502d67682de1720fc564724bd,5144
152e2b67-8bad-44d4-bb62-d37ecb91f432,Number and Operations - Fractions,04b09d65b3a4cbbffba1375e48f7b0221ab6c2f2a162bb608a149c22b261aafe,5145
1a5d2b67-8bad-44d4-bb62-d37ecb91f432,Visual Impairment,3c6abf8280e21c2599f4f7a7d85b7deefd128ea26a28ad294c6eca0345eb82de,5146
3a9a2b67-8bad-44d5-bb62-d37ecb91f432,Foundational Skills,7deb366f01be1deaf9dd955eb1b1b81d2b37d49b341466462cc86e5f2e17921c,5147
3b7c2b67-8bad-44d5-bb62-d37ecb91f432,Vocabulary,8732e81fa4bed0c279b2cafe87624f2f30221fd40055a24d0ee0258998b4f711,5149
18642b67-8bad-44d4-bb62-d37ecb91f432,"Writing Standards for Literacy in History/Social Studies, Science, and Technical Subjects",77235860cd4d02fcdf31b1291c57264d1d2818180492e5215bbc54a9093cfe7f,5158
3f2e2b67-8bad-44d5-bb62-d37ecb91f432,Holocaust Education (Starting 2023-2024),2a609cbe291342b9ae11d8fcd6dd259c4e329dcaebbe15a45a0c576579c1130e,5161
15372b67-8bad-44d4-bb62-d37ecb91f432,Geometry,d89982887675f6cd4dc0f0ae7a264cec9635d84b456012133cdeb926b2776a0b,5165
16232b67-8bad-44d4-bb62-d37ecb91f432,Statistics &amp; Probability: Using Probability to Make Decisions,aab1825a8f201de06ab18bdd673251ed2330ac98f824d3b4b39e6bc07188f3d2,5166
3d7e2b67-8bad-44d5-bb62-d37ecb91f432,Trigonometry,83a89c6fc7cdc9e41e7da1121b9e6d2b648f77630375f7e027f46c1a6b21a19f,5173
133b2b67-8bad-44d4-bb62-d37ecb91f432,Novice Low/Mid,53108f7cd76964502a51822b7a59ca4e7eb6515fe3472f506c194ed839f04821,5184
153f2b67-8bad-44d4-bb62-d37ecb91f432,The Number System,27801bce061c07d649aa3605678da6b2db70c7181be9fc7e67bda7c12097bb5d,5185
1d162b67-8bad-44d4-bb62-d37ecb91f432,"Student Outcomes Program Goal 6: By graduation, the student identified as gifted will be able to set and achieve personal, academic, and career goals.",75603406157f3db7a11f6c0fa75fdcdeb69f6bcb88f3bb49fd147787ea39b16b,5187
1d1bb457-8bad-45d6-bb62-d37ecb91f432,Consumer Health,30698a080d0dba987ecb8cd7ae545cc6fc0691af544212f5cf31848f16be4ea5,5188
150f2b67-8bad-44d4-bb62-d37ecb91f432,Number and Operations in Base Ten,751df7b4c4f7267a28ad82a77b5b1b5286a5cbf1c9f0747d20f8b73737a1d1c3,5198
1d8d2b67-8bad-44d4-bb62-d37ecb91f432,"Student Outcomes Program Goal 4: By graduation, the student identified as gifted will be able to think creatively and critically to identify and solve real-world problems.",50563817788593c60c6efc7821540a095cd74f719af474b2be46b427359d7ef1,5200
15552b67-8bad-44d4-bb62-d37ecb91f432,Statistics &amp; Probability,0188d9b99b91a7cfeaa8ef96ad4843387ced9ef7be6e1903505ea08aff6e34e1,5210
3e062b67-8bad-44d5-bb62-d37ecb91f432,Mathematical Thinking and Reasoning,b46328839d277ea11076dc632a577d7011aaea8843b04a51e609ade4de1afc25,5227
14362b67-8bad-44d4-bb62-d37ecb91f432,Advanced Mid,3a00efb187c61a057d41967d0cc6e7841dd98477b294014ba0724be1890462b3,5231
182a2b67-8bad-44d4-bb62-d37ecb91f432,Reading Standards for Literacy in History/Social Studies 6–12,5a58b4b235c45dec494dafbd05f76a6623e67c78df03d47dbabf22360cbe73f6,5232
1d002b67-8bad-44d4-bb62-d37ecb91f432,"Student Outcomes Program Goal 5: By graduation, the student identified as gifted will be able to assume leadership and participatory roles in both gifted and heterogeneous group learning situations.",6dc7d64ff32b35c08938dcca10f2b041131e8d0501e5a0b136efbaaa45f063d6,5233
169f2b67-8bad-44d4-bb62-d37ecb91f432,Reading Standards: Foundational Skills (K-5),f835c8cb50e39a72ab14b5cb1fd5963656db2f78e2926f1e8e4026ccc78b5491,5238
22402b67-8bad-44d4-bb62-d37ecb91f432,Computer Science - Communication and Collaboration,13443b5e8bb6952a072aeb70236c9da1dc38a094564b787fadf59096e1b97187,5242
13ee2b67-8bad-44d4-bb62-d37ecb91f432,Intermediate High,8bfec563fad3152ccf60069384c985c6629b4ff8b4f7b3ca1cf8a2219551d41e,5248
15742b67-8bad-44d4-bb62-d37ecb91f432,Expressions &amp; Equations,adf7645f94a22ce41e4afdd6a78f3b31c8cff16d8397daea9cb67b8507a34174,5249
180a2b67-8bad-44d4-bb62-d37ecb91f432,Reading Standards for Literacy in History/Social Studies 6–12,cb757768f774709491bc84c16c34e8f786e75c3121409f1e3d27ab3553f30752,5260
15942b67-8bad-44d4-bb62-d37ecb91f432,Number &amp; Quantity: The Complex Number System,87ef056f0466fc7ebb802b2a451f8a3003e1c745e5be7f147f0343ad8f4212e2,5264
1b5b2b67-8bad-44d4-bb62-d37ecb91f432,Speech and Auditory Training,93d3d580472763ecf91574db244d4663d62eeafd5e596e1d07f8afa3f351a7c3,5265
1caa2b67-8bad-44d4-bb62-d37ecb91f432,"Student Outcomes Program Goal 1: By graduation, the student identified as gifted will be able to critically examine the complexity of knowledge: the location, definition, and organization of a variety of fields of knowledge.",09c613de1503b78b75d3a00e5a31c4d20b1a92b411894e5926648b7060c98c85,5282
15b52b67-8bad-44d4-bb62-d37ecb91f432,Algebra: Creating Equations,9f03e4c8e9495d70e1a46c72d1b62c7082d74e51fbf1bb558a9dacf719baef36,5286
21752b67-8bad-44d4-bb62-d37ecb91f432,Financial Literacy (Discontinued after 2023-2024),5e160649edd6344400712c508b9dcb499f363ce1c88913a34251f69b8fe4529e,5289
3d2f2b67-8bad-44d5-bb62-d37ecb91f432,Financial Literacy,9181def833d53580dfa4361a98594f3178af0e8e57b5423c436d09163b26a9f7,5290
136b2b67-8bad-44d4-bb62-d37ecb91f432,Novice High,f669ee373424c55f4ae1712d73c2b7bde3d6ea92c17e0fee47267601ef7acf4b,5294
14482b67-8bad-44d4-bb62-d37ecb91f432,Advanced Mid,cea14a99c3fccc368274b5a5dbcfdc0666d13f80316fcf358a0c03eb9f3a1932,5295
15ac2b67-8bad-44d4-bb62-d37ecb91f432,Algebra: Arithmetic with Polynomials &amp; Rational Expressions,2ef2a8ef1a8f0605eb7c1723e62f9e0de0ceff3635d505ede6e05fa82de7ead4,5296
1d912b67-8bad-44d4-bb62-d37ecb91f432,"Student Outcomes Program Goal 4: By graduation, the student identified as gifted will be able to think creatively and critically to identify and solve real-world problems.",2539a4b82b339de0a00f2cfcf7b691e0b1182e0c174367a2dd9f9ace508433ba,5297
3db52b67-8bad-44d5-bb62-d37ecb91f432,Logic and Discrete Theory,26a7193dc8539620a59f2d862de8c5c1fe77d1966e94d6f213ff4b3b7b72d468,5301
13452b67-8bad-44d4-bb62-d37ecb91f432,Novice Low/Mid,de0d05999d181725c1b052cdf5b58fba3cb9aa1d9e13b4e9e1c2a7a7821b7802,5305
13a82b67-8bad-44d4-bb62-d37ecb91f432,Intermediate Low,5e55846210a8c2a58e723588a62856680f37311e44bf079ec418cbd88b264b41,5306
14df2b67-8bad-44d4-bb62-d37ecb91f432,Measurement and Data,fe51d05e60bf163cac7e8d17b99c1985eb1c8dcd96981ea99d93f796d2e36e02,5307
1b502b67-8bad-44d4-bb62-d37ecb91f432,Deaf and Hard of Hearing,14f0a4c527971a8e71f587ce7e4e2aef8c5a666ab515adc31ac7209fda6605ce,5309
1d7b2b67-8bad-44d4-bb62-d37ecb91f432,"Student Outcomes Program Goal 3: By graduation, the student identified as gifted will be able to conduct thoughtful research/exploration in multiple fields.",b1e11c5db439f13c0051e4277cc6794b3db2c692dca4321aad270c7b889b186e,5311
3b132b67-8bad-44d5-bb62-d37ecb91f432,Vocabulary,e4b6fa4f85cadd9f2889cf0f83c6fa6fb6e61be76244fcf930418738cde37af2,5314
18612b67-8bad-44d4-bb62-d37ecb91f432,"Writing Standards for Literacy in History/Social Studies, Science, and Technical Subjects",03ea0ff6da63bb4ace349d22a2e76fadc7bd8cc799bb2522d4e812f2982e7e6c,5319
3d102b67-8bad-44d5-bb62-d37ecb91f432,Functions,2d31969b15afdcb1ba74399ca83b9614c1d9039d8cbb7aa24a21132f0aedee82,5322
136c2b67-8bad-44d4-bb62-d37ecb91f432,Novice High,af5271bb6c603ffe8923b997acfdab3f0b5959b0382ee60108785c50b9cf6d04,5324
1cc42b67-8bad-44d4-bb62-d37ecb91f432,"Student Outcomes Program Goal 1: By graduation, the student identified as gifted will be able to critically examine the complexity of knowledge: the location, definition, and organization of a variety of fields of knowledge.",fdd791420651a3521dc33639ad5c59f198f098f7527e66a85c7ec95ff3ab0339,5326
18162b67-8bad-44d4-bb62-d37ecb91f432,Reading Standards for Literacy in Science and Technical Subjects 6-12,86d4b8c4ece2a03327f101e949cb6e333da291972fa6c56f2754ca1d764c8c2c,5330
1d215457-8bad-45d6-bb62-d37ecb91f432,Consumer Health,8fd641e2f01c720acbdf32daca3afb565d2013d2d9e025e1f07e3261dffb1b54,5331
3a312b67-8bad-44d5-bb62-d37ecb91f432,Foundational Skills,95ac05beb990ec454b4f339d4db437895585b55013886df5a42d2da6193eedf9,5332
1ab62b67-8bad-44d4-bb62-d37ecb91f432,Therapies,52a4aaf7e79d3de03740791f57cbb88e436d5daae143ed37438593b39cc7afd2,5337
15952b67-8bad-44d4-bb62-d37ecb91f432,Number &amp; Quantity: The Complex Number System,c68ebdffc8468f8fa602a033b9024920e36094128099bbe77bcc0c2e19d5a535,5348
1d0a2b67-8bad-44d4-bb62-d37ecb91f432,"Student Outcomes Program Goal 6: By graduation, the student identified as gifted will be able to set and achieve personal, academic, and career goals.",0670f59d09985eed5ebf298e38aba7cb79a0fdb4e57e21612db9b9a18e04c0b9,5351
1d17c457-8bad-45d6-bb62-d37ecb91f432,Consumer Health,f13188f931bc8071974c1e0c578ddbb4b0b2972de8bfd31fc7a965dc3a1e4e82,5352
1d1bf457-8bad-45d6-bb62-d37ecb91f432,Consumer Health,8d10c2d56d83a89786d5dc01737be6ad7ef411f0f56b33b6cb5f7a39ac14c1e2,5353
3d0e2b67-8bad-44d5-bb62-d37ecb91f432,Functions,e0ff527b7b31c24f89fe318d403401605ef748fac7612d11401e9642dd8b4fe9,5355
1d3c2b67-8bad-44d4-bb62-d37ecb91f432,"Student Outcomes Program Goal 2: By graduation, the student identified as gifted will be able to create, adapt, and assess multifaceted questions in a variety of fields/disciplines.",a9418f237b4e1460ef75d09830d1f209e49abf3ad7cd91118cec705f9e7139f6,5359
1dbf2b67-8bad-44d4-bb62-d37ecb91f432,"Student Outcomes Program Goal 4: By graduation, the student identified as gifted will be able to think creatively and critically to identify and solve real-world problems.",34100dc183357c419330d424b65362b3ebacf0113a8bf76b6a2c94db7f8270fe,5360
13c72b67-8bad-44d4-bb62-d37ecb91f432,Intermediate Mid,53e554567230e1a961b8c284786c8c0bde92ce09637b74cb41ca56cba4f39935,5366
15da2b67-8bad-44d4-bb62-d37ecb91f432,Functions: Trigonometric Functions,4838db63556d036fbd4b0d1f28077e8e677cd83d7200df2123001197cdca4fe6,5367
21692b67-8bad-44d4-bb62-d37ecb91f432,Financial Literacy (Discontinued after 2023-2024),8b09ce15f4c9dab18c1d485608b4955047b3a1860fad0726e6a7ced228493d75,5369
137c2b67-8bad-44d4-bb62-d37ecb91f432,Novice High,8169947c7421324ff3eb94a98c141e44ddb5eb605f57c3ffad9909790ef3ec79,5372
14192b67-8bad-44d4-bb62-d37ecb91f432,Advanced Low,13289ec59b2b6aa4e447fec677cd2dc593ea5fe4845c38fde45895002d65eeae,5373
142b2b67-8bad-44d4-bb62-d37ecb91f432,Advanced Mid,8848362efd533879a5a843cbc89818392b6cf467fd27ddf4ac8a5e7dee67f934,5374
16a52b67-8bad-44d4-bb62-d37ecb91f432,Reading Standards: Foundational Skills (K-5),090ff60d1d92db89ad33b99ac84b6b97ed4b6f36168abf358a9421abba795cef,5375
3dc72b67-8bad-44d5-bb62-d37ecb91f432,Logic and Discrete Theory,c69e549155d92efe7284423951630f1ac12f3274612fa21e5daa79961d24ef89,5380
3e3d2b67-8bad-44d5-bb62-d37ecb91f432,Substance Use and Abuse Standards,8237012c42d82327d58853a04e0be4a94061294f4dd8ae69bafda0ae9e166e49,5381
14c02b67-8bad-44d4-bb62-d37ecb91f432,Operations and Algebraic Thinking,085790626ab03bd8bf017ce803a514d27eb0ed748c0b54cf1d1f7502b7fb0611,5399
159a2b67-8bad-44d4-bb62-d37ecb91f432,Number &amp; Quantity: The Complex Number System,53dc91d306e842fba05538f6e86cbd83d2fc672e8bb28ad889e3f708c0dcccf9,5400
14ff2b67-8bad-44d4-bb62-d37ecb91f432,Measurement and Data,ccded5acb180abb3e25c9a95218b26915b6ea2da523d183f368c680dec673325,5405
181d2b67-8bad-44d4-bb62-d37ecb91f432,Reading Standards for Literacy in History/Social Studies 6–12,373bbba491eef467e59b9cfafd057b2ca51a93348698713b525cf8f035558cb4,5407
18212b67-8bad-44d4-bb62-d37ecb91f432,Reading Standards for Literacy in History/Social Studies 6–12,6a26f230498839071c57003f36f1ce68b413dbbfd7abec1a4d34131d259a17e3,5408
21172b67-8bad-44d4-bb62-d37ecb91f432,Functions: Building Functions,ff979ea125f79abf724f5990f3ef6cb49dfdbabf38b5d85712610fd874d3f858,5410
3d6d2b67-8bad-44d5-bb62-d37ecb91f432,Trigonometry,bf50d7be0aa8a8686805f5a630f1491a2090b29dca322fa5dc321e3af35f004e,5411
1cd22b67-8bad-44d4-bb62-d37ecb91f432,"Student Outcomes Program Goal 1: By graduation, the student identified as gifted will be able to critically examine the complexity of knowledge: the location, definition, and organization of a variety of fields of knowledge.",c24b11e67c7a0c1a7208aa4dddc0aa10a52a7da18760a5b6cb7e80a610cf3a82,5415
1d5d2b67-8bad-44d4-bb62-d37ecb91f432,"Student Outcomes Program Goal 6: By graduation, the student identified as gifted will be able to set and achieve personal, academic, and career goals.",53a931950b60d0538c4f5eeeb6724b8863a817489bbc8af8389502efbfb63819,5416
1db12b67-8bad-44d4-bb62-d37ecb91f432,Student Outcomes Program Goal 7: By graduation the student identified as gifted will be able to develop and deliver a variety of authentic products/performances that demonstrate understanding in multiple fields/disciplines.,22e5179733a3b7a6dbd058cc70ee3450e46e85f8a83ca3a75b16b50e97899d89,5417
22682b67-8bad-44d4-bb62-d37ecb91f432,Computer Science - Computer Practices and Programming,3d4187baae59d33beae75e347be118cd561a1e02a75d68986eb9a312d1cacf71,5418
13ab2b67-8bad-44d4-bb62-d37ecb91f432,Intermediate Low,baf031f0a5c8022699773f1a562f8d4cbf5452f576f74f5df3cafe60b61a3dfa,5423
1b612b67-8bad-44d4-bb62-d37ecb91f432,Visual Impairment,3b6ab8b0bd0f53ff3b7de5d797fb1673088c96708201fcdef7b2687635f0b13d,5424
1dbb2b67-8bad-44d4-bb62-d37ecb91f432,"Student Outcomes Program Goal 4: By graduation, the student identified as gifted will be able to think creatively and critically to identify and solve real-world problems.",30fe8546d320109d21ce009708c2e00304c4a7f3851530cf0f4b7cabdc1a2c73,5425
1b3c2b67-8bad-44d4-bb62-d37ecb91f432,Deaf and Hard of Hearing,9399c2caf54ca438f70e79d602909dae5696717020c5366e5534b30ceacfabe8,5427
1d26b457-8bad-45d6-bb62-d37ecb91f432,Consumer Health,f113afa4cd1d5fdf7ebab1c30654bc76fd87bfc92a9e7e79e31241c38937a6e4,5428
1abf2b67-8bad-44d4-bb62-d37ecb91f432,Visual Impairment,3779dd0ebf60b290696a588b631b148bfc1631f3470169a78281c6ce353265a2,5450
1b4d2b67-8bad-44d4-bb62-d37ecb91f432,Deaf and Hard of Hearing,f0c77d56b4ca634b35e109fcdde84dd5f0c2f870ce26b3cbf4d74ca87064ec79,5451
1cda2b67-8bad-44d4-bb62-d37ecb91f432,"Student Outcomes Program Goal 1: By graduation, the student identified as gifted will be able to critically examine the complexity of knowledge: the location, definition, and organization of a variety of fields of knowledge.",6bc6987e4f7a98cbc1a4fdb28610924bb9faaaa441aa63aff4e7ffc5ecefb3b2,5452
223f2b67-8bad-44d4-bb62-d37ecb91f432,Computer Science - Communication and Collaboration,ca54ab5aa6664eb58b1f322f387af6b0573c3a5432469ff619378344fac2253c,5455
14002b67-8bad-44d4-bb62-d37ecb91f432,Advanced Low,fd9432a9041abaf63c4ef5bd4ebae036b477cbb8e349a3549b2e0c040c63cecc,5460
14f12b67-8bad-44d4-bb62-d37ecb91f432,Operations and Algebraic Thinking,ed4429cd35f57f6e8c05beb0f588ee4ef4c798a7d2fc3779bfa5cf235367b519,5461
1ac42b67-8bad-44d4-bb62-d37ecb91f432,Visual Impairment,57ef71c0c5b9b3494d4f1cdf4b569375be3d341e1a0a8f5229b491110b55630b,5463
3d2b2b67-8bad-44d5-bb62-d37ecb91f432,Financial Literacy,e1473d128100536eb00791a2cd8febb7026ddb9949e847569fb563a2503ae802,5465
3e4d2b67-8bad-44d5-bb62-d37ecb91f432,Substance Use and Abuse Standards,1eb070b4997a0312a1d93728ad58b477d962afb342638bf9352b87248aa33877,5466
14492b67-8bad-44d4-bb62-d37ecb91f432,Advanced Mid,1b2bca475489617a7875068e0cdd7f42c698282b7891f72f0038443b8fe5d053,5468
1d782b67-8bad-44d4-bb62-d37ecb91f432,"Student Outcomes Program Goal 3: By graduation, the student identified as gifted will be able to conduct thoughtful research/exploration in multiple fields.",a57897a65d1fc7e577d39a025b64589371fb9f6d0a52b3a851e2490be9e7fd3c,5469
1d512b67-8bad-44d4-bb62-d37ecb91f432,"Student Outcomes Program Goal 3: By graduation, the student identified as gifted will be able to conduct thoughtful research/exploration in multiple fields.",27cea9f55f94a02d409dbbe77b4c68b5c6d281aa150bbea91efcb5d9042e9f84,5482
14f32b67-8bad-44d4-bb62-d37ecb91f432,Operations and Algebraic Thinking,b966a1803323cee6979e2b778d336f946c21c5579a2095aa2e193699eb840a2d,5490
3b632b67-8bad-44d5-bb62-d37ecb91f432,Expectations,be913f0ed7b2aac55ed8cb1c6a619bd1a3542cdc287d5c4fded5e7d0a981892f,5492
13cb2b67-8bad-44d4-bb62-d37ecb91f432,Intermediate Mid,fbbb6754fc7a2fbd7d468ce5972cde490a9a807959392ea4fd2c11516434da75,5502
15f22b67-8bad-44d4-bb62-d37ecb91f432,"Geometry: Similarity, Right Triangles, &amp; Trigonometry",cf547eb53fe8e029ada3c7b0691e1c1c255d4cb587a91fa1c4953452058de0e6,5504
3d232b67-8bad-44d5-bb62-d37ecb91f432,Financial Literacy,7231e5bef108bc523c77c9c2566fe5dab5e8e3bf33a441834b7cfd7e789636f5,5508
13b82b67-8bad-44d4-bb62-d37ecb91f432,Intermediate Mid,62be1f319c002e34d9d0f69dd1100a28645da4ac0f68fdf34b94b939d0c134c3,5511
143e2b67-8bad-44d4-bb62-d37ecb91f432,Advanced Mid,7ff2cc3edfb8820ee229f92d4616419e48a3288e7275d7d408d6357b871e23a3,5512
14fa2b67-8bad-44d4-bb62-d37ecb91f432,Measurement and Data,57c121b2f141e59f181c27346a2621cd46dda1849f25eaa059967651dc604ca5,5513
13982b67-8bad-44d4-bb62-d37ecb91f432,Intermediate Low,57900075cf3191a5979b122c5d162aa2a38dae00db71932a654c0340fcd87ce5,5525
22952b67-8bad-44d4-bb62-d37ecb91f432,Computer Science - Communication and Collaboration,64acd30b9c4aaff1a960ce4012255ba2f56b4e285f8995b01a0e6881f20840d8,5530
14ba2b67-8bad-44d4-bb62-d37ecb91f432,Geometry,afbef7d95b154c468132d813e59bd7228a0a9815d22192a73ac57200c842fb36,5536
15a72b67-8bad-44d4-bb62-d37ecb91f432,Algebra: Seeing Structure in Expressions,6bdd5e425baf4f1a7bed77eb1067347e3c939524833fad79994fde5b1c0e8beb,5537
135a2b67-8bad-44d4-bb62-d37ecb91f432,Novice High,0742a6f6927eacdd75f38b72eadb8fe00c8fe115ffc7004bb1356f2f9314f53b,5551
1ce52b67-8bad-44d4-bb62-d37ecb91f432,"Student Outcomes Program Goal 5: By graduation, the student identified as gifted will be able to assume leadership and participatory roles in both gifted and heterogeneous group learning situations.",8e6940fdb20c3d5f356703309dfa7e4981efafcc767395d892e30839889abf8d,5552
1d822b67-8bad-44d4-bb62-d37ecb91f432,"Student Outcomes Program Goal 4: By graduation, the student identified as gifted will be able to think creatively and critically to identify and solve real-world problems.",224036a7f27e2481eaa234e0a91d2f293864828cfa014ae3354f54bb8cee2f82,5554
3b142b67-8bad-44d5-bb62-d37ecb91f432,Vocabulary,97fa3c3b4b8079cfe3bad6c73fd3081409d6220a06cd6dbf751b788118f9dcfc,5557
3d312b67-8bad-44d5-bb62-d37ecb91f432,Financial Literacy,e1f7c374425494e28e2414db3126bdc52cd573fab336b87ee6d958c1d8e16747,5558
13df2b67-8bad-44d4-bb62-d37ecb91f432,Intermediate High,cffba596e6dc4e9fb98cd5381b8ac680291e4995153817e503e40ff144af4c91,5571
141b2b67-8bad-44d4-bb62-d37ecb91f432,Advanced Low,1aa681920216bc1f3fc3777986e48be04b7d15b1db457f0e1d68e1a54d6ec88c,5572
14f52b67-8bad-44d4-bb62-d37ecb91f432,Number and Operations in Base Ten,fea45552dd3404d18247599aac586748cb7c30b030c17eb9d351f341a9e61e9a,5573
14f82b67-8bad-44d4-bb62-d37ecb91f432,Number and Operations - Fractions,1c4e65d25f423a7dc09661f088aba9a04978699ec2680b4b655ba6687328d3f0,5574
15bb2b67-8bad-44d4-bb62-d37ecb91f432,Algebra: Reasoning with Equations &amp; Inequalities,9e42a91c51bd5471b56e331ebdab53e6e144af627c586ad10402e76afe5fa9bc,5575
1b212b67-8bad-44d4-bb62-d37ecb91f432,Deaf and Hard of Hearing,2d68fecac83459d5b14475697312783f0850a479aa0c8d6f21d7649d21579596,5578
3d282b67-8bad-44d5-bb62-d37ecb91f432,Financial Literacy,4a02451542e60ead28d3797104f40eb08cbb37bb218f82647673e0401a20c930,5580
3e2c2b67-8bad-44d5-bb62-d37ecb91f432,Substance Use and Abuse Standards,429b2785e861309750e7a394fac17e78326d0203ebcda2bc61623b45bf7fa6b4,5581
14db2b67-8bad-44d4-bb62-d37ecb91f432,Number and Operations in Base Ten,ea2f7d36a341cb424b75d16779895e03df4fba69d648677246fb9ee3a9ad222c,5582
13692b67-8bad-44d4-bb62-d37ecb91f432,Novice High,ca5b573b89137fc8d9524a641199af2e4d080052c2f55f8492c4017edd8089bb,5596
13d82b67-8bad-44d4-bb62-d37ecb91f432,Intermediate High,0e3104d8f57190131333785d37c14ec3b93403116c2b1792c343d1165597b9d7,5597
1d742b67-8bad-44d4-bb62-d37ecb91f432,"Student Outcomes Program Goal 3: By graduation, the student identified as gifted will be able to conduct thoughtful research/exploration in multiple fields.",6d3fc7be299865df6d46bd3d89099d19de9e2e63dbcb04d5f07c1dc9dfd418b5,5598
3f482b67-8bad-44d5-bb62-d37ecb91f432,Holocaust Education (Starting 2023-2024),d4c25ed72243219e3cf9da3d625709247e92d4fb6ff844a2ee203064bc613abb,5601
15982b67-8bad-44d4-bb62-d37ecb91f432,Number &amp; Quantity: The Complex Number System,d63ab9c06d6a3c994037b2849ef3791662e07a42c80d957ed8172d767bb336b4,5603
15c62b67-8bad-44d4-bb62-d37ecb91f432,Functions: Interpreting Functions,5c5e2107e542660d765efa0b83429ba0d2a9a67797198aa0df6aa38517e7d62a,5604
18112b67-8bad-44d4-bb62-d37ecb91f432,Reading Standards for Literacy in History/Social Studies 6–12,14dbc159df7d014af9ea7c7dab72ab8fa3bc482ae5d6c2b1625b13334beb9172,5605
3b5c2b67-8bad-44d5-bb62-d37ecb91f432,Vocabulary,a128114db0071ff7e5a4fffa91a093648c43e845c4f0ed2e0586e2ff4213fd87,5612
13d12b67-8bad-44d4-bb62-d37ecb91f432,Intermediate Mid,659cbe8ab1d24dfe572edb2f687350acb89ba51b6daf3af8ea122ae8f2ce90d4,5613
1cce2b67-8bad-44d4-bb62-d37ecb91f432,"Student Outcomes Program Goal 5: By graduation, the student identified as gifted will be able to assume leadership and participatory roles in both gifted and heterogeneous group learning situations.",02a803990417b21993e2b8a4c23800d2e8e6a6f995f42b89ca8c22efc57ae7d9,5614
1d7d2b67-8bad-44d4-bb62-d37ecb91f432,Student Outcomes Program Goal 7: By graduation the student identified as gifted will be able to develop and deliver a variety of authentic products/performances that demonstrate understanding in multiple fields/disciplines.,1a15efa86d9ab81ab904cd72f43bd8f2197335fd15edf1cdc0ea0fdce9a22790,5615
3d0d2b67-8bad-44d5-bb62-d37ecb91f432,Functions,ccba8b8cec0492619d12721513ea4503f76bedb8f5dd5435f24a61450a056aed,5616
1d5f2b67-8bad-44d4-bb62-d37ecb91f432,"Student Outcomes Program Goal 3: By graduation, the student identified as gifted will be able to conduct thoughtful research/exploration in multiple fields.",9c4102c7b0131f996cd2108d164bc8541d948db3a9d58bd9c95e97a7b2535118,5626
13c82b67-8bad-44d4-bb62-d37ecb91f432,Intermediate Mid,4509bcc6f7f845e7f23d59c5c7eee7751cdae38442cea11cbc1254a71708c647,5633
1d292b67-8bad-44d4-bb62-d37ecb91f432,"Student Outcomes Program Goal 6: By graduation, the student identified as gifted will be able to set and achieve personal, academic, and career goals.",07c726da779ba1bbb0e2ae0f3176ec90d26e84771c7f966f722d7e7cfee072da,5634
14b02b67-8bad-44d4-bb62-d37ecb91f432,Operations and Algebraic Thinking,79144487317144263c4adf5be40861fcdf91a4c622fcf84ed4cb6d8c7bef996a,5638
1cf62b67-8bad-44d4-bb62-d37ecb91f432,"Student Outcomes Program Goal 5: By graduation, the student identified as gifted will be able to assume leadership and participatory roles in both gifted and heterogeneous group learning situations.",e43b432d8086fd10559146c8a259cb2411022fba48a4551cf3c3c551cffb5fc1,5641
13d52b67-8bad-44d4-bb62-d37ecb91f432,Intermediate Mid,fa6c41baf285e2f4716870d94c86f6f8c4744e41906f5bbec5297d21b4140644,5645
150a2b67-8bad-44d4-bb62-d37ecb91f432,Number and Operations in Base Ten,7e63ed9667e0bbc714028ab3f0a8543290bf322db234c239fb0f16c0bc2d4b26,5646
151d2b67-8bad-44d4-bb62-d37ecb91f432,Measurement and Data,0bc41c04605664fe967adf506417b4ed5a2fe69255a1a27f1ab62e8b31e30182,5647
1d432b67-8bad-44d4-bb62-d37ecb91f432,"Student Outcomes Program Goal 6: By graduation, the student identified as gifted will be able to set and achieve personal, academic, and career goals.",b8a633fecd92e5a5ccee22df66e209e1224b09805f8dba3770ab858e5dbf9c24,5649
13852b67-8bad-44d4-bb62-d37ecb91f432,Intermediate Low,07b9031aa328844ee37474c8e7674627af163d07b3dcd6d33cd07dbefd7755ee,5656
21792b67-8bad-44d4-bb62-d37ecb91f432,Financial Literacy (Discontinued after 2023-2024),7543e8fc4f0ffb8f624b71d2655549fd8469873787e1a19a7355165918419072,5664
14e72b67-8bad-44d4-bb62-d37ecb91f432,Measurement and Data,fb8f71ebf23503aac5f999f571961750b3e81b5c9f48a7dd4f1c07f53d04a632,5666
14242b67-8bad-44d4-bb62-d37ecb91f432,Advanced Low,964466a71a7be773c9746f7ab3305788edfafe0f3dc11b86d29c5aff0ddb338e,5682
3b2a2b67-8bad-44d5-bb62-d37ecb91f432,Vocabulary,0b31250a12511ae1af6899ea3ffd8660c6449f0effc98c008258d4b7d5b99039,5689
15142b67-8bad-44d4-bb62-d37ecb91f432,Number and Operations - Fractions,7d629c90687ae91870da82564c1d34fb3a6e2607f971ef7e42fc109d5d5b6127,5693
15502b67-8bad-44d4-bb62-d37ecb91f432,Geometry,275a201f7c83f9099e164c3ca4a4b1f49f68e62cb3f8c411528edfe86f02e387,5694
21d32b67-8bad-44d4-bb62-d37ecb91f432,Computer Science - Communication and Collaboration,a11ec11b6e3889655565d803f959c7c64915003f7b222265983fbda5fbf5cf6e,5697
1d16c457-8bad-45d6-bb62-d37ecb91f432,Consumer Health,fc255285d85e9dc28792b8a21a264b84314255034ee4acb22aa16ee8e607840c,5700
1d362b67-8bad-44d4-bb62-d37ecb91f432,"Student Outcomes Program Goal 6: By graduation, the student identified as gifted will be able to set and achieve personal, academic, and career goals.",ea5c4026e3e0197f387832b8384e579cf370ab03f7bad6873c0b47ee636d04b4,5701
15f52b67-8bad-44d4-bb62-d37ecb91f432,"Geometry: Similarity, Right Triangles, &amp; Trigonometry",95495d9ad9b3db6a9a2b2d6bda04fcc641fb5c09b90dd195eea2800502ad5ad2,5721
13a12b67-8bad-44d4-bb62-d37ecb91f432,Intermediate Low,098bc48e48d51290cfcc46912e5e0c065c8322b73be2b833e25e8112b0881abc,5733
1d3b2b67-8bad-44d4-bb62-d37ecb91f432,"Student Outcomes Program Goal 2: By graduation, the student identified as gifted will be able to create, adapt, and assess multifaceted questions in a variety of fields/disciplines.",46503a0b9d16c796823a5048a7d9fb365d1303595ae9e3f3c91cfc733250aa0b,5737
14eb2b67-8bad-44d4-bb62-d37ecb91f432,Operations and Algebraic Thinking,f1cc7c0cfd666c311c80148ed39ec5f9ba79e6825d34f144e72d029dc4fb117c,5742
14692b67-8bad-44d4-bb62-d37ecb91f432,Advanced High,568af20fe562fc112e9109d28e7c0f2c376a47e4f5a53cc2e9354a929c511346,5748
14742b67-8bad-44d4-bb62-d37ecb91f432,Advanced High,ff21fc134c99703e89a28afa3ba1a07037c647b1c059ce9c37c154f0ce4129fa,5749
153b2b67-8bad-44d4-bb62-d37ecb91f432,Ratios &amp; Proportional Relationships,3eb762f2b7d1e7220b18b5f8daa907984f60d1d156b9774ca2ab21fb0bbcc85f,5750
3f3c2b67-8bad-44d5-bb62-d37ecb91f432,Holocaust Education (Starting 2023-2024),21e84e8e984f36799db10a5f6738acd2746eca8c1095daf54b08310832b90523,5753
3ae42b67-8bad-44d5-bb62-d37ecb91f432,Vocabulary,89836a58a61c6126ed1180250ec47c9b4ce9ace3f37a42b6cad15cd3e4c745a6,5763
3c1f2b67-8bad-44d5-bb62-d37ecb91f432,Fractions,4a4b74056101d0d3cd749613bde507b7a0645ebc87828a7d53d90836645ec9db,5765
e371b207-8bad-43d4-bb62-d37ecb91f432,Humanities,ac16900cdae95949e4fe86d597e73c470199bacf84f3f21124e0cb5cea7834b8,5767
13b02b67-8bad-44d4-bb62-d37ecb91f432,Intermediate Mid,e87caca1658ec1ecd2682a24916e5074ba002cfc0d3345f477791d4fc1144ee5,5769
13c32b67-8bad-44d4-bb62-d37ecb91f432,Intermediate Mid,114bd04f84d00e40c8e8ab4381da58cfcc2dbb34a21e5c4d9fe0e02f0350e7d2,5770
14442b67-8bad-44d4-bb62-d37ecb91f432,Advanced Mid,212f40add267b64511e11158a2d5d886207e5e8776d2e9e04ce8b54d592279ca,5771
1ce32b67-8bad-44d4-bb62-d37ecb91f432,"Student Outcomes Program Goal 1: By graduation, the student identified as gifted will be able to critically examine the complexity of knowledge: the location, definition, and organization of a variety of fields of knowledge.",1503bd8d2e114f46645c15f46c9bdfec2941de904aa724786ccd74edf085122b,5772
3d272b67-8bad-44d5-bb62-d37ecb91f432,Financial Literacy,fa8085c34b88500b94ca21138f448626d44f7003eaeb9c8f6a761722ceec0e52,5774
1ac72b67-8bad-44d4-bb62-d37ecb91f432,Visual Impairment,dfd406ca763171d3e87501e19ace4c845250b4d3895b04281c85535dd7f2d354,5790
1d1a2b67-8bad-44d4-bb62-d37ecb91f432,"Student Outcomes Program Goal 2: By graduation, the student identified as gifted will be able to create, adapt, and assess multifaceted questions in a variety of fields/disciplines.",230a49118ae3784c9c1832101ac30eaf3a7580c4c25a429a45481ea247ea1786,5791
135b2b67-8bad-44d4-bb62-d37ecb91f432,Novice High,71dbae50aea48e71afb9da22f9e67f6d9a129219edd858b267ac9c3beddcc4f7,5803
1daf2b67-8bad-44d4-bb62-d37ecb91f432,Student Outcomes Program Goal 7: By graduation the student identified as gifted will be able to develop and deliver a variety of authentic products/performances that demonstrate understanding in multiple fields/disciplines.,6245897c478f44a7e476ed8d483a86cc4090359a317ca5fafc2f0758ec491f77,5804
13a72b67-8bad-44d4-bb62-d37ecb91f432,Intermediate Low,3a67a8972382e28e74b3e4b91518fab48bf458c1971bd007bcd9fe2cfb8456a1,5823
1d342b67-8bad-44d4-bb62-d37ecb91f432,"Student Outcomes Program Goal 2: By graduation, the student identified as gifted will be able to create, adapt, and assess multifaceted questions in a variety of fields/disciplines.",f9373e67185e5faf3c7f130186e961688c71c5564e58af991b4a7bf7a4dc2112,5826
3dc32b67-8bad-44d5-bb62-d37ecb91f432,Logic and Discrete Theory,10ad4035eb87e7b4cdd27baf5e0257dee38432df78677c14491838045830ef7d,5828
13362b67-8bad-44d4-bb62-d37ecb91f432,Novice Low/Mid,4ef44bd05a318be7ad922f0a4622d1eb97e7d87989d6e5f45c77d308fa4a134b,5840
15642b67-8bad-44d4-bb62-d37ecb91f432,Geometry,9692871fe46a94db871aedb2a885e1018d03afa1ae38d956429618a812201ced,5841
1dbc2b67-8bad-44d4-bb62-d37ecb91f432,"Student Outcomes Program Goal 4: By graduation, the student identified as gifted will be able to think creatively and critically to identify and solve real-world problems.",c434a6d6a5ee478b734bbcc9540d70050586437fd7698834b357d0146d944049,5845
15312b67-8bad-44d4-bb62-d37ecb91f432,Number and Operations - Fractions,718863f873115a6c49c8ac206b962b1078493b53027f35ce70a4234b26a5e065,5849
1cfc2b67-8bad-44d4-bb62-d37ecb91f432,"Student Outcomes Program Goal 5: By graduation, the student identified as gifted will be able to assume leadership and participatory roles in both gifted and heterogeneous group learning situations.",09c885e7b88b223302b3951fc9f82ecc104df5320d7716574579610f5a5baaad,5850
3f352b67-8bad-44d5-bb62-d37ecb91f432,Holocaust Education (Starting 2023-2024),0adea405205ff600a8368da722a737fba4552992c7462da3adce9b224ac5fc43,5852
15e62b67-8bad-44d4-bb62-d37ecb91f432,Geometry: Congruence,b5b46263a1901c24d894854cec5ce31598b914fa9bcfcf8a60730ba89634ce38,5857
1d0b2b67-8bad-44d4-bb62-d37ecb91f432,"Student Outcomes Program Goal 2: By graduation, the student identified as gifted will be able to create, adapt, and assess multifaceted questions in a variety of fields/disciplines.",4080dca3088e3ba7004432a70a735c43dac0d18cd95cf104377df09dd4a50cd2,5862
1d852b67-8bad-44d4-bb62-d37ecb91f432,"Student Outcomes Program Goal 4: By graduation, the student identified as gifted will be able to think creatively and critically to identify and solve real-world problems.",349a8db87078e6acd499feb2a0f27700804a3edb7a2c00027e1fe74c63da678b,5863
13592b67-8bad-44d4-bb62-d37ecb91f432,Novice High,b9a448c750465574ff8900085280e21ce3f11d5c21974e0ce64154634d441f7f,5867
18322b67-8bad-44d4-bb62-d37ecb91f432,Reading Standards for Literacy in History/Social Studies 6–12,aea23611fcbccf9ea2b834c4bbcb1384cf5c187002a02099fc95871f63ead480,5869
21162b67-8bad-44d4-bb62-d37ecb91f432,Operations and Algebraic Thinking,951770a87eacc63c381206270f247dca39d3cdf0b070cd2a73658d7a51df1433,5871
15122b67-8bad-44d4-bb62-d37ecb91f432,Number and Operations - Fractions,721356d51054394db294845bdaf4ec38d99e059e6d3cd3f68037d85bac006039,5874
1d214457-8bad-45d6-bb62-d37ecb91f432,Consumer Health,b65078e41f18128545b3d97143bbfa29cb565dfa92100900b6ccb44076bb0e1d,5879
1d652b67-8bad-44d4-bb62-d37ecb91f432,"Student Outcomes Program Goal 6: By graduation, the student identified as gifted will be able to set and achieve personal, academic, and career goals.",5a7924b7cb08447923704c47ea225c673027259b2cb9b33fdd78b202e44b74d6,5880
13a52b67-8bad-44d4-bb62-d37ecb91f432,Intermediate Low,07c372be0ba77d213081ef2a5947c114cf908c6c3add7f2f65a61decffd689e9,5888
136e2b67-8bad-44d4-bb62-d37ecb91f432,Novice High,81742b480665ce50a0c9c7d5139a95344399e7e1a4adbb83efecb67eceba5c30,5890
1b262b67-8bad-44d4-bb62-d37ecb91f432,Deaf and Hard of Hearing,6fec7df7d80a74369db4786941252e845285575f8fee18f9d736725febb27ce7,5903
219a2b67-8bad-44d4-bb62-d37ecb91f432,Financial Literacy (Discontinued after 2023-2024),a9ce8ad79e0197ef212c2cff99fd234d6db67b066a5edcafa15152a6977bf854,5905
139e2b67-8bad-44d4-bb62-d37ecb91f432,Intermediate Low,2771a28c85cd5f37210c06a493fb15e2534aae1cce9d7c80171c902ddde5ece4,5911
15032b67-8bad-44d4-bb62-d37ecb91f432,Geometry,64ec2d7dafdf92600b5f480ae0a97c5245046903f0505942cbeaa1a75d993ada,5912
226b2b67-8bad-44d4-bb62-d37ecb91f432,Computer Science - Computer Practices and Programming,dcbbdbe8867b36d34565abdafc0e0cf6b0923aac7667ae5ecaa32c47fe01b407,5919
14e52b67-8bad-44d4-bb62-d37ecb91f432,Measurement and Data,aaf6fea2f68f0e34a5a8f1d5119b0b7e516467df1cc3dc777cb90a39eb24823c,5930
1da22b67-8bad-44d4-bb62-d37ecb91f432,"Student Outcomes Program Goal 4: By graduation, the student identified as gifted will be able to think creatively and critically to identify and solve real-world problems.",eb9b4eebe77751441446313ac62af07a7542af667185958930415c9c6eecda70,5932
1d612b67-8bad-44d4-bb62-d37ecb91f432,"Student Outcomes Program Goal 6: By graduation, the student identified as gifted will be able to set and achieve personal, academic, and career goals.",5fd047a559d41765f61ae992715a841030eecff00e333e6e639123b384ce30cf,5938
175ea457-8bad-45d5-bb62-d37ecb91f432,Consumer Health,8c20c893714d1eaf25b6b05a2368c2a0b81f586721ab970cfed3f483bae1ed56,5947
22902b67-8bad-44d4-bb62-d37ecb91f432,Computer Science - Communication and Collaboration,7a851b4924ca4d99a548416e0978f2a36b1de4c572c637e491702b4d3f4fbb8a,5951
143d2b67-8bad-44d4-bb62-d37ecb91f432,Advanced Mid,81218fddb6a23e34c9f80b976c60cd9dba74675f5edeb87f4c6fcdd663b02e80,5956
3b5f2b67-8bad-44d5-bb62-d37ecb91f432,Foundational Skills,2ba8c1b673b4752c737c82e1302bd9673beb5d18c5131c6e25204133f7ee8600,5960
15292b67-8bad-44d4-bb62-d37ecb91f432,Number and Operations in Base Ten,07f992ff04de818166ab745bfde26a5ec7bf74b1c457deaee43551045c963032,5967
3dc82b67-8bad-44d5-bb62-d37ecb91f432,Logic and Discrete Theory,5738246b578f5445d8ddebd92c625caef18fa2b1171978abf825004abcb39c7f,5975
1d26f457-8bad-45d6-bb62-d37ecb91f432,Consumer Health,e334278a8b307449305813d89385db7143db7111ee7285496ce30bcc151be747,5977
3d142b67-8bad-44d5-bb62-d37ecb91f432,Functions,523c57fcd85cc9e8aac2fd416019d297b025cf22d0d14b5297d6f49bd1199648,5989
15af2b67-8bad-44d4-bb62-d37ecb91f432,Algebra: Arithmetic with Polynomials &amp; Rational Expressions,3ce0327147fa25b4c21ad4eda16839e6cb501d242d209060c3ddb47346faaa3c,5993
18bd2b67-8bad-44d4-bb62-d37ecb91f432,Mathematical Practice,00d96432d9b389f933647e9c58269a29d2fd5222ecc7634ed0f3697d21e23b8e,5996
138e2b67-8bad-44d4-bb62-d37ecb91f432,Intermediate Low,f96118dde53ba5af63e0fa04e28e32ade14f3b576e4167535513b66248b9d118,6003
3b652b67-8bad-44d5-bb62-d37ecb91f432,Expectations,fb582efd09b4d9a07425ba51b71641490ef7679bfabf2c580ec68d3bdeea43f2,6007
15472b67-8bad-44d4-bb62-d37ecb91f432,Expressions &amp; Equations,e1b6d04c80d30e527bc8f0010f3915b2f03feeca117748eefb743abf8243b4e6,6015
216b2b67-8bad-44d4-bb62-d37ecb91f432,Financial Literacy (Discontinued after 2023-2024),be3b58c801ce8a3baa9aba350145117a509168bd3681c7fce27204ba282dba14,6018
21782b67-8bad-44d4-bb62-d37ecb91f432,Financial Literacy (Discontinued after 2023-2024),bba379692208c47e6b281351aa94128f7e166283104e2a3bab58407434994e97,6019
14752b67-8bad-44d4-bb62-d37ecb91f432,Advanced High,569c10d041f9dc18a1403b7af3e28500054ca881b9652e69efcc634ee7e91cc6,6021
1ce12b67-8bad-44d4-bb62-d37ecb91f432,"Student Outcomes Program Goal 5: By graduation, the student identified as gifted will be able to assume leadership and participatory roles in both gifted and heterogeneous group learning situations.",71b391531fb7c327083fcdbd8edbc309f938cfc8c5b495d57e1232d97e4708a0,6025
21ee2b67-8bad-44d4-bb62-d37ecb91f432,Computer Science - Computer Practices and Programming,a60596d0094a86b8d17f0f90fc0bd500650fcbe152c6486dd62a2e50bb3581a5,6031
180d2b67-8bad-44d4-bb62-d37ecb91f432,Reading Standards for Literacy in History/Social Studies 6–12,cbfd84954ad9810c337b0b9ca71cac5a4a1187ae0d74b59081fa05ddd3d82e2c,6050
1ccc2b67-8bad-44d4-bb62-d37ecb91f432,"Student Outcomes Program Goal 5: By graduation, the student identified as gifted will be able to assume leadership and participatory roles in both gifted and heterogeneous group learning situations.",fe613c63d4e2b9ed8cf087ad1e8e5cdc7d0b06a7e0964aa040bdb14e43196344,6052
3e352b67-8bad-44d5-bb62-d37ecb91f432,Substance Use and Abuse Standards,2559afa1a90e1910ccb0ea160cd230c21dd2022d1411bd6608baebbf797a947e,6053
15432b67-8bad-44d4-bb62-d37ecb91f432,The Number System,e10ada3de81291a1eec99d75bdbdccb5dcac04695c3ed6296e7b5412b1c33404,6056
219d2b67-8bad-44d4-bb62-d37ecb91f432,Financial Literacy (Discontinued after 2023-2024),350182cd61401f3a75ae09d97f640f7b696d77cefcd7232f6fb163e2a37c831e,6057
161e2b67-8bad-44d4-bb62-d37ecb91f432,Statistics &amp; Probability: Conditional Probability &amp; the Rules of Probability,2d6ef1f3cf220996b49992b6d84e80e1f3edfca42cf9f81591f2f9c39fbb1edc,6062
1a1f2b67-8bad-44d4-bb62-d37ecb91f432,Visual Impairment,07d7b34510c9a467f1e29854fae438911ecf4cdcefc5fd5b82c71e4f0aadb128,6065
1b482b67-8bad-44d4-bb62-d37ecb91f432,Deaf and Hard of Hearing,fde0ae638802672de2c6a1985c822c4f98ceea036e8ae7e32f721fa5c7a67f4c,6066
1d202b67-8bad-44d4-bb62-d37ecb91f432,"Student Outcomes Program Goal 2: By graduation, the student identified as gifted will be able to create, adapt, and assess multifaceted questions in a variety of fields/disciplines.",3a681b228b263590c176e050d6548c1da50df98aa5cda3b784b836af92064699,6068
14232b67-8bad-44d4-bb62-d37ecb91f432,Advanced Low,d79ee77d48020ca3cde51599abefe24cf70f5595e271238cdf7c507af397af6b,6079
1cbe2b67-8bad-44d4-bb62-d37ecb91f432,"Student Outcomes Program Goal 1: By graduation, the student identified as gifted will be able to critically examine the complexity of knowledge: the location, definition, and organization of a variety of fields of knowledge.",e1b860fc33b39ef8be75f2848c227e4df80d6b652b8c44d0b5b1df595a083214,6080
15102b67-8bad-44d4-bb62-d37ecb91f432,Number and Operations - Fractions,1ccb3040a190f612aa6924e6d992a45cebeeea5d922bb1b3c14bd66cd3b619b0,6089
18292b67-8bad-44d4-bb62-d37ecb91f432,Reading Standards for Literacy in History/Social Studies 6–12,83a1a99ff139ddf027baa231b2685223b2b3f6e939e4a343f28f4335dc63efde,6090
3d322b67-8bad-44d5-bb62-d37ecb91f432,Financial Literacy,4530a9a2c5db932f3dbec447c3e94f718b01245cb6797385b7ecc463ed3cb047,6094
15cf2b67-8bad-44d4-bb62-d37ecb91f432,Functions: Building Functions,01a581fe1c2623e7366ffb136b899b75b30e769e50dfcaaf771aa2dbc478fb31,6100
15852b67-8bad-44d4-bb62-d37ecb91f432,Geometry,7e59f47ed42da4edcd2357038f71f08f8e37a6ca899542f4000b6863192d75dd,6109
218d2b67-8bad-44d4-bb62-d37ecb91f432,Financial Literacy (Discontinued after 2023-2024),52b367e4c078d71fa9a4d8acc12c2a78e6cfb6eca6e7f393ebdfe47b008fe8b3,6111
3be02b67-8bad-44d5-bb62-d37ecb91f432,Measurement,f6fa5fba09c5f7adfe5405d7572bd9959447392936258ba3833036cc8d9a1f35,6112
3e122b67-8bad-44d5-bb62-d37ecb91f432,Trigonometry,cdd424463666e8cf9e71b0c5002510d2831a601bd713a9cd87c59967f1510d73,6120
1cdb2b67-8bad-44d4-bb62-d37ecb91f432,"Student Outcomes Program Goal 5: By graduation, the student identified as gifted will be able to assume leadership and participatory roles in both gifted and heterogeneous group learning situations.",42a9c3e7ff7badeb04b1da9d8d0d4d8ca5357723a379c1b0679a35aab00732c3,6135
14172b67-8bad-44d4-bb62-d37ecb91f432,Advanced Low,798aed340697a6b52df75a3d811be14235d164abdcca9d8d3d248533c1bda7ee,6144
14312b67-8bad-44d4-bb62-d37ecb91f432,Advanced Mid,f76670636c124d830c6ce8970f7c18d799f61bda7b4341fb1de4bc2f969f7981,6149
1a602b67-8bad-44d4-bb62-d37ecb91f432,Visual Impairment,c6e8e259532763d9f6705d8e5ff1845d78ea12edf2147509a7c60fc99a7221f6,6150
1d792b67-8bad-44d4-bb62-d37ecb91f432,Student Outcomes Program Goal 7: By graduation the student identified as gifted will be able to develop and deliver a variety of authentic products/performances that demonstrate understanding in multiple fields/disciplines.,fb212426316bd708834f37d7eaaab79e314acf0811f12e78dde16ec8704a88a8,6151
22932b67-8bad-44d4-bb62-d37ecb91f432,Computer Science - Communication and Collaboration,34f290ce9f391609a45478767087d3524810a3f62967cca215f0eb75e2daecda,6153
153a2b67-8bad-44d4-bb62-d37ecb91f432,Geometry,43dfc5136f7d3809348a168fee57f80391227f6aa7a128cae74eb698abf3d5f1,6160
1a112b67-8bad-44d4-bb62-d37ecb91f432,Visual Impairment,82edce76021de9239537646d768e1d3d8b2cc22740501f41f555724de9051094,6164
180e2b67-8bad-44d4-bb62-d37ecb91f432,Reading Standards for Literacy in History/Social Studies 6–12,3aab87d1e4f42ec02507a6d695c65355f464d82bf2b434f23709e0d3126d76f3,6170
1ceb2b67-8bad-44d4-bb62-d37ecb91f432,"Student Outcomes Program Goal 5: By graduation, the student identified as gifted will be able to assume leadership and participatory roles in both gifted and heterogeneous group learning situations.",87c8c5c25441c22addafbfa72be776e33fdf659add7f66a1869034aa6ff08203,6171
3c982b67-8bad-44d5-bb62-d37ecb91f432,Functions,043dec384ae564a98e5f7133a7073424ca91c90837782818b279fc64ac92ad9d,6174
13e32b67-8bad-44d4-bb62-d37ecb91f432,Intermediate High,e1d11c397cebf3a8b796e7b567c7eecedf20ac89afe69a14dd57d1e51d530748,6179
1cf82b67-8bad-44d4-bb62-d37ecb91f432,"Student Outcomes Program Goal 5: By graduation, the student identified as gifted will be able to assume leadership and participatory roles in both gifted and heterogeneous group learning situations.",5a534bcc3af3c2a54f6c348987cbfec8fed5a479fb6fb7d65c0b6f7cf8df11b5,6180
1cfa2b67-8bad-44d4-bb62-d37ecb91f432,"Student Outcomes Program Goal 1: By graduation, the student identified as gifted will be able to critically examine the complexity of knowledge: the location, definition, and organization of a variety of fields of knowledge.",cc107aba58a812d3ac552c62f6afcc4b2505d19dba85374562118403964974f7,6181
1da82b67-8bad-44d4-bb62-d37ecb91f432,"Student Outcomes Program Goal 4: By graduation, the student identified as gifted will be able to think creatively and critically to identify and solve real-world problems.",14438c1e6551a4fda817f4e86ca847c537a86fd2830409bd60f957d395586b47,6182
3f3e2b67-8bad-44d5-bb62-d37ecb91f432,Holocaust Education (Starting 2023-2024),4fe2779883424c3254743cf3226c62f06da164e4962863eadcd66bcea07de607,6184
15562b67-8bad-44d4-bb62-d37ecb91f432,Statistics &amp; Probability,a45acfdeebacf237fd88dedf8390e0b22c6083392f5b382bf30135665f7e35fa,6187
15752b67-8bad-44d4-bb62-d37ecb91f432,Expressions &amp; Equations,2f19e78eadf7e32645d8ad8c6b7e978d38ff9de5a122407b8c4c1fe55f19cf60,6188
1d9a2b67-8bad-44d4-bb62-d37ecb91f432,"Student Outcomes Program Goal 4: By graduation, the student identified as gifted will be able to think creatively and critically to identify and solve real-world problems.",6a302dbffd28fa61852ef73b5cc709fef6114f717b180674a84590e9d87e042d,6189
22202b67-8bad-44d4-bb62-d37ecb91f432,Computer Science - Computer Practices and Programming,b1be7487d08d3c819d4cb98c6597ced8006be69b69838dffce63c7a36bfd05c6,6191
3d062b67-8bad-44d5-bb62-d37ecb91f432,Functions,13c8b8a331c891a2b9bf300cd8889e266d8713fe422bf093b42ba08e19100363,6193
3e482b67-8bad-44d5-bb62-d37ecb91f432,Substance Use and Abuse Standards,1180867ef32ff792160feb9176b1f665377c11be161375de8c85870e75a50b4f,6194
3d092b67-8bad-44d5-bb62-d37ecb91f432,Functions,2512af0640624ba2f4bd21f9402c4898e6dba29fdc32dd7b5acd951c3d1a56d2,6201
13432b67-8bad-44d4-bb62-d37ecb91f432,Novice Low/Mid,42ba505e542609919b8dc9d674fa1e9a88d283a466480ae67cbed4dd9f1ae837,6207
1cae2b67-8bad-44d4-bb62-d37ecb91f432,"Student Outcomes Program Goal 1: By graduation, the student identified as gifted will be able to critically examine the complexity of knowledge: the location, definition, and organization of a variety of fields of knowledge.",2f39258887754f584f8c7b313cb00fb32812e7a19f85a84f4babd6c580fb2efb,6209
21882b67-8bad-44d4-bb62-d37ecb91f432,Financial Literacy (Discontinued after 2023-2024),edd66144822d56f9dab2ee598931d8e0d6bfd6fe9e9a043b18b4995e29c4b02a,6210
3b612b67-8bad-44d5-bb62-d37ecb91f432,Expectations,426b502418081fd27288a622ccb5aad8cd4f62e7145eecbf526218e270d2b8bc,6211
3e102b67-8bad-44d5-bb62-d37ecb91f432,Trigonometry,5c7dade07c36e2e0698e99f8b98b887bd672aa456075365bc12e7196bfc39c5d,6213
1ce82b67-8bad-44d4-bb62-d37ecb91f432,"Student Outcomes Program Goal 5: By graduation, the student identified as gifted will be able to assume leadership and participatory roles in both gifted and heterogeneous group learning situations.",e6ca4f7c40c1b7ea929a99ac44748c7a685a8ddda9f6fe57666c2e59c8a19662,6216
3f342b67-8bad-44d5-bb62-d37ecb91f432,Holocaust Education (Starting 2023-2024),f739887df255e134dfda0ec7b5150d9fb6f51796a5bb0260fb33a9593b263e79,6221
13512b67-8bad-44d4-bb62-d37ecb91f432,Novice Low/Mid,54215f746134a9843a3cd5aecdb717a1824550008d6c932ae0347999212181d4,6228
141f2b67-8bad-44d4-bb62-d37ecb91f432,Advanced Low,f4ad34bb036426deb4c14b5bd51316477c06f6309316339f99328c11dfe42d6a,6229
14712b67-8bad-44d4-bb62-d37ecb91f432,Advanced High,dfefb6060ae871bc28a1ebdfc30c235f7f4591aa7173db957ddf983f7cdc79c9,6230
1d16b457-8bad-45d6-bb62-d37ecb91f432,Consumer Health,b31efa631aea9797cacc045c6861b3d3c6bf4cfa00b8096ccff211e218473dd9,6232
1dc22b67-8bad-44d4-bb62-d37ecb91f432,"Student Outcomes Program Goal 4: By graduation, the student identified as gifted will be able to think creatively and critically to identify and solve real-world problems.",7445ec03fd64eb0bf4ee73be3e912f3914b66ed26151373c6a97e3c468f41fd5,6233
13932b67-8bad-44d4-bb62-d37ecb91f432,Intermediate Low,c3792f0b506342441b9b2aedfea7f6b966943d39678769bd21cbfc58021324ca,6237
1d0c2b67-8bad-44d4-bb62-d37ecb91f432,"Student Outcomes Program Goal 6: By graduation, the student identified as gifted will be able to set and achieve personal, academic, and career goals.",7229090be969f75e82b2a2a7acf85ea28f26f73d2281793bf56c04886a87cb39,6241
1dc62b67-8bad-44d4-bb62-d37ecb91f432,"Student Outcomes Program Goal 4: By graduation, the student identified as gifted will be able to think creatively and critically to identify and solve real-world problems.",7363328f70922a6ab1e8fc16fd2ce2b18ea23d8eea68b2c2bdaee49077da1775,6242
3f432b67-8bad-44d5-bb62-d37ecb91f432,Holocaust Education (Starting 2023-2024),ff137a407d66eaa40a8ad588fea347d16041a4319761cf715903ba79b3286d48,6247
1cc22b67-8bad-44d4-bb62-d37ecb91f432,"Student Outcomes Program Goal 1: By graduation, the student identified as gifted will be able to critically examine the complexity of knowledge: the location, definition, and organization of a variety of fields of knowledge.",ce805e6afbbc512c366cab384950ef91d517024a62deb8a70a155149ee0d4ab4,6250
140a2b67-8bad-44d4-bb62-d37ecb91f432,Advanced Low,42bfce246754e0209165f3c94e5a392a0361198a040e3cbd7f38086b0b67678d,6256
1cad2b67-8bad-44d4-bb62-d37ecb91f432,"Student Outcomes Program Goal 1: By graduation, the student identified as gifted will be able to critically examine the complexity of knowledge: the location, definition, and organization of a variety of fields of knowledge.",8b07f0da5f2360f5436aaff80b06b123d2ba547a70ac000155283c6093e52c47,6257
1d1d2b67-8bad-44d4-bb62-d37ecb91f432,"Student Outcomes Program Goal 6: By graduation, the student identified as gifted will be able to set and achieve personal, academic, and career goals.",0bfd07145ab74b53c7bb8e888fdd286efae1f2f7bc85cc1a783596adf88ce1ee,6258
3afb2b67-8bad-44d5-bb62-d37ecb91f432,Vocabulary,753803fad839f1e46919f0977d02a4d62c44db0fc2896c2503ac7b01cb791939,6260
3e012b67-8bad-44d5-bb62-d37ecb91f432,Fractions,9a56e5dd9e9c987325f8e9dd5df3bf86adb1ec0e3f88ff30047a8da1ea36d61f,6264
13722b67-8bad-44d4-bb62-d37ecb91f432,Novice High,09b6ae13bb0e106ab10c3dd62d742a97cfa3561dc4fd0cc3995e964edec82008,6268
150c2b67-8bad-44d4-bb62-d37ecb91f432,Number and Operations in Base Ten,6cd6e4ec49d95528241cdd0b3c38e9feacd0b4c5d638fd57d97e1897d8e8a36d,6269
150d2b67-8bad-44d4-bb62-d37ecb91f432,Number and Operations in Base Ten,924f33b899142bc13d124a67a9d793bf8f970982265315f792199ca4c3d8ad37,6270
156f2b67-8bad-44d4-bb62-d37ecb91f432,Statistics &amp; Probability,456a29f182e0eef2dd8aae765cb96f5faf232fc49cd3f6c78550ca88c0457c8c,6271
1d972b67-8bad-44d4-bb62-d37ecb91f432,Student Outcomes Program Goal 7: By graduation the student identified as gifted will be able to develop and deliver a variety of authentic products/performances that demonstrate understanding in multiple fields/disciplines.,acdef64c0062cea60c6295360d05516cc6aed5fa7952ed9ba0018b9dd20309b4,6272
1a182b67-8bad-44d4-bb62-d37ecb91f432,Deaf and Hard of Hearing,c3433cde380c01e561656d51be70b682563ffbed04f7c998fbe938b06efd78bf,6280
1d072b67-8bad-44d4-bb62-d37ecb91f432,"Student Outcomes Program Goal 6: By graduation, the student identified as gifted will be able to set and achieve personal, academic, and career goals.",3d6d6bc7f8f4bdd52d920f0944213760b14856f8b08699687b465fea4415ff8f,6282
13742b67-8bad-44d4-bb62-d37ecb91f432,Novice High,c2d7c94c8c3a58ff9b4ef7ab677f1b8c976cefd5ab529d16f485d64fc31114f1,6292
1d26d457-8bad-45d6-bb62-d37ecb91f432,Consumer Health,3fb807afb846673ebfe87233993182db8f9ee656adb976c77560ca3d6d5b336e,6295
1dc52b67-8bad-44d4-bb62-d37ecb91f432,"Student Outcomes Program Goal 4: By graduation, the student identified as gifted will be able to think creatively and critically to identify and solve real-world problems.",07a55e135d4335026f9669133a1876e6e1d85b926bfd97413b625adc35c2e7ea,6296
3b8f2b67-8bad-44d5-bb62-d37ecb91f432,Measurement,ee3e0bc8c5a2587527ec3ac7b86d5ddf24d1edddf73153f50795680f2c67da32,6297
15152b67-8bad-44d4-bb62-d37ecb91f432,Number and Operations - Fractions,8f1863dc05613470e32a36514784440aa1ee8fb7925e0ae6d4d45e5af8f47d6f,6301
3b9f2b67-8bad-44d5-bb62-d37ecb91f432,Fractions,94de06bdff9ca0fda437320d9bd6157a7ae05bbef12ceece04d1847fbc3b29fd,6304
3d6c2b67-8bad-44d5-bb62-d37ecb91f432,Trigonometry,c4a7b4c425eec21bf4715bcefca28aaa33fe00279878e808efd45e06c2d6c999,6305
1cab2b67-8bad-44d4-bb62-d37ecb91f432,"Student Outcomes Program Goal 1: By graduation, the student identified as gifted will be able to critically examine the complexity of knowledge: the location, definition, and organization of a variety of fields of knowledge.",71e6399be1f900eb9b8bfc8aad8f24ae603a0288f5133e0213500ff0740a30c9,6310
1cc62b67-8bad-44d4-bb62-d37ecb91f432,"Student Outcomes Program Goal 5: By graduation, the student identified as gifted will be able to assume leadership and participatory roles in both gifted and heterogeneous group learning situations.",2b2c2edacf22741af1b4d9a0e29afa3844ddcbd4e92a53ca0071c7f0eaa53c1d,6311
1cd52b67-8bad-44d4-bb62-d37ecb91f432,"Student Outcomes Program Goal 5: By graduation, the student identified as gifted will be able to assume leadership and participatory roles in both gifted and heterogeneous group learning situations.",f31ce54f8091a26a2cb2db378c895dab38c60aa29b724ce7f459c7334628d1c2,6312
1d902b67-8bad-44d4-bb62-d37ecb91f432,Student Outcomes Program Goal 7: By graduation the student identified as gifted will be able to develop and deliver a variety of authentic products/performances that demonstrate understanding in multiple fields/disciplines.,beaf765863cc8827fcc0887f34087ec144236ea128e85bf1473435759415ee35,6313
3bfb2b67-8bad-44d5-bb62-d37ecb91f432,Fractions,b1027a491a4651e4034c58282b9f585433a5b56e027a7ec114abee287ce1be22,6314
3d112b67-8bad-44d5-bb62-d37ecb91f432,Functions,2a946c608992283d8f682bac8e64d310fdcca53bf85e1e910e63cac289725337,6315
3e3c2b67-8bad-44d5-bb62-d37ecb91f432,Substance Use and Abuse Standards,54cd6beeeab23e32108b8e5e19451eb9befe903b8c8d7e954aea414d866ac42c,6316
13a42b67-8bad-44d4-bb62-d37ecb91f432,Intermediate Low,7c5a042d1d4b20ee7200b941b06266c78c34a440c0136e36a91892470f3c84ba,6320
14082b67-8bad-44d4-bb62-d37ecb91f432,Advanced Low,54266c0904ba94cfedb835b64a205d5304b3f190c851853527c3982be694811a,6321
15922b67-8bad-44d4-bb62-d37ecb91f432,Number &amp; Quantity: The Complex Number System,26501dc08f97846f1f44f48bf375596732df00b9165789c3b5e98848c7af2f69,6322
18bb2b67-8bad-44d4-bb62-d37ecb91f432,Mathematical Practice,507d05499a383b4e255c875ababa79df9882c4a34fce4d6c6b391a7b997df241,6324
3d6b2b67-8bad-44d5-bb62-d37ecb91f432,Trigonometry,230468675620289edc9f87d2c52d18e262c5715fd388e11aca69712ca68b86c5,6331
1d882b67-8bad-44d4-bb62-d37ecb91f432,"Student Outcomes Program Goal 4: By graduation, the student identified as gifted will be able to think creatively and critically to identify and solve real-world problems.",28dc19cf2f099ebfb81d208fa173f83d6ae535f85963a6a2cdd1fb0d81a9e3df,6337
22062b67-8bad-44d4-bb62-d37ecb91f432,Computer Science - Communication and Collaboration,5fd8239a386b8af82f644fb3097de607a4d9d217426f0e5b73a165c2a19d2e09,6340
137b2b67-8bad-44d4-bb62-d37ecb91f432,Novice High,07b8d371ed34e60848126891beda948c3d550be45d55756e316674fb2197beb4,6343
13832b67-8bad-44d4-bb62-d37ecb91f432,Intermediate Low,91386a20c9eaa5376a489e591186a2329ac1a33ab209daf6b1f9171d40caf9db,6344
14b32b67-8bad-44d4-bb62-d37ecb91f432,Measurement and Data,947e562c3ada18c09dd240f707d97fc7db73b26e4cb5fe74cec8a0c47a88d2e8,6345
14e92b67-8bad-44d4-bb62-d37ecb91f432,Geometry,6cbf1c187c31833190a5f196f11e63f903b737b881032b8926e109d960c9b8d6,6346
218f2b67-8bad-44d4-bb62-d37ecb91f432,Financial Literacy (Discontinued after 2023-2024),592f7ce212f50a4faf37a6988812d85a3742032d5126cd42eedda1a9de861258,6350
13622b67-8bad-44d4-bb62-d37ecb91f432,Novice High,0e4b076abd3fe310d0d2cb976f8223f585de0cbc87dadfeb86cf84f65e86ca09,6360
13eb2b67-8bad-44d4-bb62-d37ecb91f432,Intermediate High,c3d95f10964a0f9a8d0fd137b41f5d761390077f6f0d813ab160cdb4dcf20c5b,6361
21c12b67-8bad-44d4-bb62-d37ecb91f432,English Language Development for English Language Learners,fdb9fb2996816d1f71774f3a0b324f0167878976100dcf140a7f859db972cdee,6367
14292b67-8bad-44d4-bb62-d37ecb91f432,Advanced Low,4d080dc04ead22cadefbcf32e5bba718b322fcd04ef5f7e553acca4b17ca7a90,6375
15842b67-8bad-44d4-bb62-d37ecb91f432,Geometry,e9f6c93d8b116f4854ccae0e7e58dcac94e06dcea2bce862074cc3a367cdd5f1,6376
18102b67-8bad-44d4-bb62-d37ecb91f432,Reading Standards for Literacy in History/Social Studies 6–12,5c9efa4bb99e909435f7c302e7e8fd910e3185011733c0624962fff101c5b03d,6377
1cd12b67-8bad-44d4-bb62-d37ecb91f432,"Student Outcomes Program Goal 5: By graduation, the student identified as gifted will be able to assume leadership and participatory roles in both gifted and heterogeneous group learning situations.",51e8e85ee9d395e5c8ba93b39b7aceea6e647486a6ec7d62207c67118a1f02c9,6379
3bfa2b67-8bad-44d5-bb62-d37ecb91f432,Fractions,496ea969024a2e178e4e9e00a874a52e0aad1c32be3cbf7d30b471e040c3f35f,6382
3d252b67-8bad-44d5-bb62-d37ecb91f432,Financial Literacy,6f04389da9fa3ef273e609b2267cbb49a98a47cf8f0fd6e0f5a2959b9ae6d1a2,6383
14bf2b67-8bad-44d4-bb62-d37ecb91f432,Operations and Algebraic Thinking,9bdbe7a9376f88883f53e9c43fa6731e112806e9120a26f10f6a09ba270c0c3f,6386
1a372b67-8bad-44d4-bb62-d37ecb91f432,Visual Impairment,4970b8eb2a2c234ca19be4b72514309ed9af33d30cf9ab0dfec9fc5ad4fe5f5a,6387
1ac62b67-8bad-44d4-bb62-d37ecb91f432,Visual Impairment,bd3cc898aaa9adb909c5535c6b34f3ae847cafeca8ca4f0a5bcdca190940a56e,6388
1b1c2b67-8bad-44d4-bb62-d37ecb91f432,Deaf and Hard of Hearing,eadccf601650f7fcf5e7644e249a97eca66379b07e10798ce2565ccbd9a21f0f,6389
13b42b67-8bad-44d4-bb62-d37ecb91f432,Intermediate Mid,c38afedddcd064f75bac0d648f682c1927d21f469c1652c37cf97ab600667708,6396
15902b67-8bad-44d4-bb62-d37ecb91f432,Number &amp; Quantity: Quantities,4ea54308b43cfd7caeb1019469f393ce02bbfcf9c8d260797d8ba89eeffb7717,6397
13952b67-8bad-44d4-bb62-d37ecb91f432,Intermediate Low,218889bdaf801d27a36a16ee473c278bb92e5b1091bde4a166e8daa80c7e1d0a,6409
1d392b67-8bad-44d4-bb62-d37ecb91f432,"Student Outcomes Program Goal 2: By graduation, the student identified as gifted will be able to create, adapt, and assess multifaceted questions in a variety of fields/disciplines.",8d45c1b75d7bb88e9e4d99f2b8339365f1a4a2fdb54eeb23b86a448c74b37b4e,6421
13812b67-8bad-44d4-bb62-d37ecb91f432,Novice High,99e4e4a22ac3ae0042bb5b949fd396cc7b9952cd629f0c835a71106c7c10a728,6427
14d42b67-8bad-44d4-bb62-d37ecb91f432,Operations and Algebraic Thinking,d58c046f0dc01dad5ef7a6c12e57af1895deea64d03fe80fb42143a76dd7a50a,6428
1a1e2b67-8bad-44d4-bb62-d37ecb91f432,Visual Impairment,d8d6696147ed81661cfe98c3d93d750433d153ee373e1dbc9476018d66be2e82,6429
1a3b2b67-8bad-44d4-bb62-d37ecb91f432,Visual Impairment,2e37936dfd4fa518257d48586f941719a8ad0e39044d451451a60d0d735aefa0,6430
136a2b67-8bad-44d4-bb62-d37ecb91f432,Novice High,5255f6c274ab4ddac81fc6c3091773607e8064eb48f2da0f83b92a1b65c25ff7,6435
21742b67-8bad-44d4-bb62-d37ecb91f432,Financial Literacy (Discontinued after 2023-2024),27b36a132105768f6243209a4b72041d6f18b80e52003cf5fce38268caf90c73,6437
15362b67-8bad-44d4-bb62-d37ecb91f432,Measurement and Data,7847fd52ae4b5a8a15007fe7402347570c73c0839ece77a1f6162e466a9621ed,6442
15112b67-8bad-44d4-bb62-d37ecb91f432,Number and Operations - Fractions,1449f805baadd0f9cdb3a368f4c3a3d9f65c30f6ddd479e84d1aa3a49489072d,6446
1a072b67-8bad-44d4-bb62-d37ecb91f432,Visual Impairment,2d8fccaccecab37801a09e4a9ed370eff4fb00ccc7a037f6cd2a64994d9ff321,6448
21862b67-8bad-44d4-bb62-d37ecb91f432,Financial Literacy (Discontinued after 2023-2024),8557f5fb272fb2c63254e069ac58f903c448f572f465f9dc692f6f45891f494e,6452
1b2e2b67-8bad-44d4-bb62-d37ecb91f432,Deaf and Hard of Hearing,f96f413aab813d89271f33b90b278d432da6ac314079c211c52e6aa23905a3e5,6458
1d472b67-8bad-44d4-bb62-d37ecb91f432,"Student Outcomes Program Goal 3: By graduation, the student identified as gifted will be able to conduct thoughtful research/exploration in multiple fields.",c33a776df08c73832e9099663e96df43f9e7ae1b4f28b2dd8b2a42300d8c4028,6469
21c32b67-8bad-44d4-bb62-d37ecb91f432,English Language Development for English Language Learners,6f69bc7b192310f38a87a2fe9bca828c3e079fb3f21938518b37554fefbfecd0,6470
133a2b67-8bad-44d4-bb62-d37ecb91f432,Novice Low/Mid,77787b5de9ffaed0743662cfb0334d0b3ae500a2a3f715bf6de98c0eb3fdc770,6473
1ab52b67-8bad-44d4-bb62-d37ecb91f432,Therapies,313ca5e1261e3d40c78a4600717fe10007ec01f369e3a1c4ec8e124a7c8fdc72,6474
21142b67-8bad-44d4-bb62-d37ecb91f432,Operations and Algebraic Thinking,36dec8e292ce9a6fc140f422e80c2cd85a3cfc86ef43144a4234afb27d222794,6489
145a2b67-8bad-44d4-bb62-d37ecb91f432,Advanced High,2ff2787cebaaae2e618fbee16be212a3063828755251c0b53124d9b444102ac3,6495
1d9f2b67-8bad-44d4-bb62-d37ecb91f432,Student Outcomes Program Goal 7: By graduation the student identified as gifted will be able to develop and deliver a variety of authentic products/performances that demonstrate understanding in multiple fields/disciplines.,c1dad79a9d46d54f5b0128b34fdf9e8f8fcd3b120476a950d81b2c701ca432bb,6497
3e342b67-8bad-44d5-bb62-d37ecb91f432,Substance Use and Abuse Standards,ee957c2cc9986ecad8a4a9f28510fad47633d688d13250476d0b6d35bbcb8a1e,6499
14a72b67-8bad-44d4-bb62-d37ecb91f432,Superior,cdf55674a6b204f23662a90166072d45f2ab058b79783d0dc3efc529c8dd514e,6506
1b272b67-8bad-44d4-bb62-d37ecb91f432,Deaf and Hard of Hearing,de1245a0733f4d8990fa88540ae7037940930434adbb0f66da4b950756efea53,6508
1dc32b67-8bad-44d4-bb62-d37ecb91f432,"Student Outcomes Program Goal 4: By graduation, the student identified as gifted will be able to think creatively and critically to identify and solve real-world problems.",5c4ea544069ba4595db9ba68d5ffb823933d3c305d2638871cfc44fda3585337,6509
156a2b67-8bad-44d4-bb62-d37ecb91f432,Statistics &amp; Probability,263f733eff18c3a15334c35d316b740ca5d04124cc02976c5a6ec594282110b2,6514
1cc32b67-8bad-44d4-bb62-d37ecb91f432,"Student Outcomes Program Goal 1: By graduation, the student identified as gifted will be able to critically examine the complexity of knowledge: the location, definition, and organization of a variety of fields of knowledge.",9223141d3bd2e7c097375342205f02835d0f575a6d1a7aa321ab568deffb83e8,6515
1d26c457-8bad-45d6-bb62-d37ecb91f432,Consumer Health,d174b4771b02fff950de7f8d2bc462f143a43860569a49258e324a13b1a49014,6522
3f472b67-8bad-44d5-bb62-d37ecb91f432,Holocaust Education (Starting 2023-2024),66cdee49c77eb2a60f777810646a2053535911a343911535591b92ac10fa2173,6536
14792b67-8bad-44d4-bb62-d37ecb91f432,Advanced High,10d774e5c81ef3931e5c091c35491ef0b82d25463760211494c8f0cfbf45f3c4,6547
1ad32b67-8bad-44d4-bb62-d37ecb91f432,Therapies,32412ffd55489d14bdc9410e1126d809775d6bde06c6932e2d36bacbc2f37c94,6548
1d802b67-8bad-44d4-bb62-d37ecb91f432,"Student Outcomes Program Goal 4: By graduation, the student identified as gifted will be able to think creatively and critically to identify and solve real-world problems.",43db36f1078304b863e628edea8d7f79bbcee2374f1f1fa4c9c8871fd519d401,6552
3d0a2b67-8bad-44d5-bb62-d37ecb91f432,Functions,3c02e5646ddc7854d3b4137deef36fc49a37072bd1c7b047944300b974798c7f,6554
149e2b67-8bad-44d4-bb62-d37ecb91f432,Superior,b89faea79e44721dfc06a8d80869afe3cf8026e5d7aeb94e25ccb9727b52f724,6561
22bf2b67-8bad-44d4-bb62-d37ecb91f432,Computer Science - Computer Practices and Programming,c3a4c4ead502473d0635f3252738e14e8f3bc2451c866dc310704408115058ae,6565
3ae32b67-8bad-44d5-bb62-d37ecb91f432,Vocabulary,2df07135435b64e9c21c5a347e9b2936e92653a93925c7b7703e264bf7326838,6566
18272b67-8bad-44d4-bb62-d37ecb91f432,Reading Standards for Literacy in History/Social Studies 6–12,a01434ebe65bc82e46dc9254e7aeb3e9dadc592fbde2d177550326f8fb58a0b1,6571
3e2d2b67-8bad-44d5-bb62-d37ecb91f432,Substance Use and Abuse Standards,b8207b1b7b476c81fa676fe46a85c6b7bd89cfb14907a10f01ebe0511326def2,6576
155f2b67-8bad-44d4-bb62-d37ecb91f432,Expressions &amp; Equations,56063495bff97652883a911e3718810996d1a9dc2630897d35e59b7d9b04c366,6578
1d102b67-8bad-44d4-bb62-d37ecb91f432,"Student Outcomes Program Goal 2: By graduation, the student identified as gifted will be able to create, adapt, and assess multifaceted questions in a variety of fields/disciplines.",37f261de558ce2b82b6d670e46f4b07f415382db6bd66ec8f411cdbb06607250,6579
1d5a2b67-8bad-44d4-bb62-d37ecb91f432,"Student Outcomes Program Goal 3: By graduation, the student identified as gifted will be able to conduct thoughtful research/exploration in multiple fields.",f75258f6d7b634392939445b5cf8b78f8265049544f3db1f2c3c421195e20e04,6580
151c2b67-8bad-44d4-bb62-d37ecb91f432,Measurement and Data,e318d36d14b146f4a31f2785577f04633a3f5a758dc02cc1fce0a93249c06cc5,6585
15482b67-8bad-44d4-bb62-d37ecb91f432,Expressions &amp; Equations,9bd17aeacdf0bfe76565175c7747ef9d9d1e30dc998c0299ad33fe398b45ce4c,6586
1d4d2b67-8bad-44d4-bb62-d37ecb91f432,"Student Outcomes Program Goal 6: By graduation, the student identified as gifted will be able to set and achieve personal, academic, and career goals.",b35079f036e4b2936ce5bfbd84abc2cb7892369a5de353451dafb3f80e44ee30,6588
21d12b67-8bad-44d4-bb62-d37ecb91f432,Computer Science - Communication and Collaboration,ecb4e00e9252d46c7aad6335249c1fda4cdd29a2d141deca18bb73ebe96ebfa0,6589
13ed2b67-8bad-44d4-bb62-d37ecb91f432,Intermediate High,9dbd5a0f2945dac5f5910a3c99880c82713428e486ac629e5e2c3689737aaf64,6590
1dab2b67-8bad-44d4-bb62-d37ecb91f432,Student Outcomes Program Goal 7: By graduation the student identified as gifted will be able to develop and deliver a variety of authentic products/performances that demonstrate understanding in multiple fields/disciplines.,df6357a702040a46b4e84a28b6fa10f2365ddcde10dfabbf13bceb87f38bd904,6595
217d2b67-8bad-44d4-bb62-d37ecb91f432,Financial Literacy (Discontinued after 2023-2024),ae5b4100cebaeb6a13b1a695f8fb1042cd389219491be42b470ae156ce635e7d,6596
3e332b67-8bad-44d5-bb62-d37ecb91f432,Substance Use and Abuse Standards,c581e0da9266ad50b8dd528935aa7b98eab0c6455aa3130b5217ac6b3cf48749,6598
18652b67-8bad-44d4-bb62-d37ecb91f432,"Writing Standards for Literacy in History/Social Studies, Science, and Technical Subjects",7e69c3dbb0e1710340aac4a5fd16ab659c0bdfb227112e66df23e998083c59c4,6603
3a4a2b67-8bad-44d5-bb62-d37ecb91f432,Foundational Skills,e61bd424fa5b7af0bbe0ff228ea38a473dfda0b454bf94da0db7450693f68d6f,6604
160e2b67-8bad-44d4-bb62-d37ecb91f432,Statistics &amp; Probability: Interpreting Categorical &amp; Quantitative Data,caefc3b438811e36d7a0eacd27ae3e582f3c106a01aef38796932bd076024b99,6608
1d462b67-8bad-44d4-bb62-d37ecb91f432,"Student Outcomes Program Goal 3: By graduation, the student identified as gifted will be able to conduct thoughtful research/exploration in multiple fields.",e535d5d67269e4365137fd2213cc44a0da6c5db731011cde9530ee4487067ad1,6610
142e2b67-8bad-44d4-bb62-d37ecb91f432,Advanced Mid,ca016f89340742e01a15acfb3de4ff7c6b0726ce14ff01515640d074450435c3,6613
1d1d5457-8bad-45d6-bb62-d37ecb91f432,Consumer Health,5f30da7cfa2b8f974d3889fc13c8c330a527687c0e999482088e1057dae1a5c2,6615
1d322b67-8bad-44d4-bb62-d37ecb91f432,"Student Outcomes Program Goal 6: By graduation, the student identified as gifted will be able to set and achieve personal, academic, and career goals.",a385f4ffd812ef68dcf75afd056ce85926c26695b708ee6d467254ccbfa580f2,6616
14962b67-8bad-44d4-bb62-d37ecb91f432,Superior,0a66a4677b49835d7572f2de45aa172803bbeba8a2626ee4c226f61e0b9ae33d,6624
17530457-8bad-45d5-bb62-d37ecb91f432,Consumer Health,99dfaf9f843cb297b29d2a2f7eab79082776bfadc944f13953c85f898fa99623,6635
157e2b67-8bad-44d4-bb62-d37ecb91f432,Functions,e40e20fe1caac53d4b549f80c42f119482d2231b1c654488e01fc157a9e27508,6641
3dbe2b67-8bad-44d5-bb62-d37ecb91f432,Logic and Discrete Theory,c1424cebdcba1ac91d55ac8216cd75991e8bfd39360c525626bd091bf158966c,6646
14942b67-8bad-44d4-bb62-d37ecb91f432,Superior,86a5c8558c5ade6fbe8687b39042bc63849a28e15f3664d23d8db6b97f99a46f,6654
1a272b67-8bad-44d4-bb62-d37ecb91f432,Visual Impairment,0e481e97349f83ee9d1010937f3dff576e9aa78d0c0718559e3abfd58f17dfc8,6655
e2c1b207-8bad-43d4-bb62-d37ecb91f432,Humanities,48ca79fc6682136971939236ee86acc95a0ac9360c58d601514ea89e4dcc7ce1,6660
14932b67-8bad-44d4-bb62-d37ecb91f432,Superior,b5b8ec34772535a0f195f02f86a65979343fafa69920991d70992a00fcc5ecd6,6662
15282b67-8bad-44d4-bb62-d37ecb91f432,Number and Operations in Base Ten,5beb04d43f8ca9e0439910b20ea2a23c4d47a0f81d6d8a2c2faea8d3a3feb27c,6663
1d21a457-8bad-45d6-bb62-d37ecb91f432,Consumer Health,d3acacaa057c190c61d892a52fb337902ab5326367d77ce07c41ff6147f6314b,6666
148d2b67-8bad-44d4-bb62-d37ecb91f432,Superior,1a7b5cd67919c488ab19cd0e2670b323449f80df6a1bfa2b25ac4b35079fa0f0,6670
159c2b67-8bad-44d4-bb62-d37ecb91f432,Number &amp; Quantity: Vector &amp; Matrix Quantities,6ffd5d155d0b249a73c50da4f63e88c6582b442c2de2d6234b732d04f3818250,6681
15fc2b67-8bad-44d4-bb62-d37ecb91f432,Geometry: Expressing Geometric Properties with Equations,dd0897700d7e3149c8298fe195f4ea0f105081e98cc39d97e62a5e9e562e9a14,6682
1d452b67-8bad-44d4-bb62-d37ecb91f432,"Student Outcomes Program Goal 6: By graduation, the student identified as gifted will be able to set and achieve personal, academic, and career goals.",c28e5254297d37adfc534451b0284597e535fbd0b1ff36e1067eb8ca11320457,6688
3e252b67-8bad-44d5-bb62-d37ecb91f432,Substance Use and Abuse Standards,f8f03cc33ae04dd08dbce26e9096a6cd3ad91203971811328959fd57c775dff9,6689
15ec2b67-8bad-44d4-bb62-d37ecb91f432,"Geometry: Similarity, Right Triangles, &amp; Trigonometry",0d751467d019dcfb00444a1304a8d56e0a6fa19ac3dec825fa6ab1d8e299c1a1,6694
226f2b67-8bad-44d4-bb62-d37ecb91f432,Computer Science - Computer Practices and Programming,9af14e008e16277a1a2eda09bdb95ded08cc3306902fa9bf4d930fe6cb479652,6695
3db12b67-8bad-44d5-bb62-d37ecb91f432,Logic and Discrete Theory,83ede7b2171e531cf383b90dba289b0e521f15b79f115996d442417c820a2207,6697
3dba2b67-8bad-44d5-bb62-d37ecb91f432,Logic and Discrete Theory,69001d582728e1771d725190f31616f491a7ecaf50ec4827c5fd4190a4695f04,6698
13f42b67-8bad-44d4-bb62-d37ecb91f432,Intermediate High,f417bc114e2085699cff5dd5977dbd26fe41529dc01bc38b5ad0c346c4ea7dcc,6700
14872b67-8bad-44d4-bb62-d37ecb91f432,Superior,7d6e925b61cda4a3d1649195efbaf610ec272a1bb1f4d8e3e7f606796d4d8cac,6701
14c32b67-8bad-44d4-bb62-d37ecb91f432,Number and Operations in Base Ten,aa4cdee939619d29051ec14e685465c2976219f9c43540d816dd1b3407654c03,6702
1b5c2b67-8bad-44d4-bb62-d37ecb91f432,Speech and Auditory Training,fc091ac78a4c43d21ed5f8554c2989d2861c950afe94591e022a022ac23c73f7,6703
21c22b67-8bad-44d4-bb62-d37ecb91f432,English Language Development for English Language Learners,b6012dc1d0ce562c64f4ca513528535ec4c5e90ca8ecb604bdefec45f0e57665,6713
16152b67-8bad-44d4-bb62-d37ecb91f432,Statistics &amp; Probability: Making Inferences &amp; Justifying Conclusions,656d6b25559b158b6caaa3d1621e84388e61ff260a8790b7eb4094c6ad276cfd,6720
13372b67-8bad-44d4-bb62-d37ecb91f432,Novice Low/Mid,56f120771047da6a7281cb3a95ba3731889b4afd763c56f76e5a55386799fe7b,6729
18172b67-8bad-44d4-bb62-d37ecb91f432,Reading Standards for Literacy in Science and Technical Subjects 6-12,89f314c98f1d79d4175ce99f4649d5787e1112d89dda57047b755953d5ed0522,6730
1cb82b67-8bad-44d4-bb62-d37ecb91f432,"Student Outcomes Program Goal 1: By graduation, the student identified as gifted will be able to critically examine the complexity of knowledge: the location, definition, and organization of a variety of fields of knowledge.",c9a560a272f8a07e79a2b392ca04a7a2cc0bb266dc7cd6096f20cd9eba23d77f,6731
1d092b67-8bad-44d4-bb62-d37ecb91f432,"Student Outcomes Program Goal 2: By graduation, the student identified as gifted will be able to create, adapt, and assess multifaceted questions in a variety of fields/disciplines.",fb00153816486b7fa8a58df5ee0b19f384825a3a03dfbcf462133f76dc8fe728,6736
1d532b67-8bad-44d4-bb62-d37ecb91f432,"Student Outcomes Program Goal 3: By graduation, the student identified as gifted will be able to conduct thoughtful research/exploration in multiple fields.",17827b8af7e648e83dd613a4144c1b7cb80ed83f13e9961d7d21e3e30907d106,6737
18232b67-8bad-44d4-bb62-d37ecb91f432,Reading Standards for Literacy in History/Social Studies 6–12,3251c578ac0abd945ba593138eac8a460bec0f9ac3aa5cefc8a02ffa94af7e25,6741
18522b67-8bad-44d4-bb62-d37ecb91f432,"Writing Standards for Literacy in History/Social Studies, Science, and Technical Subjects",e2c70717ac8003b3cc617988d0a1617f8a4f04d3e214e8346b97d37d39e70f8a,6742
1d1a4457-8bad-45d6-bb62-d37ecb91f432,Consumer Health,2639ba0c027df58b4f5c6943461165fa3843d90788f318a2e586a2e4747ffd7d,6745
137d2b67-8bad-44d4-bb62-d37ecb91f432,Novice High,387adeed62a473bea5b080a115a6c2a4be6055a7ca70fad3a5d12484a91dce65,6753
15bf2b67-8bad-44d4-bb62-d37ecb91f432,Algebra: Reasoning with Equations &amp; Inequalities,dda145fd7cc8298a20b977d892f1bf2298a1018a30e67fbbc270a77f9f0d4112,6754
1d1f4457-8bad-45d6-bb62-d37ecb91f432,Consumer Health,f3d5a55cc045a68c7a94a6762268bcde220e7102d4b6d572973feaa3b6996b7b,6763
3db72b67-8bad-44d5-bb62-d37ecb91f432,Logic and Discrete Theory,d0afe98a325e4a57ebe394d994273124d382eceadf104c9dcdeeb3180516c718,6764
13492b67-8bad-44d4-bb62-d37ecb91f432,Novice Low/Mid,fa34c897ccb2ea3e5d998104f1bf4c0ab5387dd4eb10a7ef893c739ad9914ecc,6768
13662b67-8bad-44d4-bb62-d37ecb91f432,Novice High,ba3101ee9bf897660438a7c8e3bf01b4d31cbf5525fe2152b9af4714405a38f0,6769
15872b67-8bad-44d4-bb62-d37ecb91f432,Geometry,0eb863769cee97d490997f1a8b109182d6a83b634a184c512c5da89005e6b75e,6770
15702b67-8bad-44d4-bb62-d37ecb91f432,The Number System,62e3cbae1042c2fe2f342ae19088993066ee10d1491782b9c995c1458574a40e,6778
15e32b67-8bad-44d4-bb62-d37ecb91f432,Geometry: Congruence,3f95b4884218153644a049091368ad53d7fd0d06dea34e38867532df634d09ec,6779
1b1f2b67-8bad-44d4-bb62-d37ecb91f432,Deaf and Hard of Hearing,acd41111a3f9fce3c8726596b38c06364468e208f78c98586d8e484340344107,6781
1cb62b67-8bad-44d4-bb62-d37ecb91f432,"Student Outcomes Program Goal 1: By graduation, the student identified as gifted will be able to critically examine the complexity of knowledge: the location, definition, and organization of a variety of fields of knowledge.",16476b7c90c9010ee7e1bff8618d7da2fca5fe8c87b720ec14621e26f5ffd105,6790
176a0457-8bad-45d5-bb62-d37ecb91f432,Consumer Health,46eb8a51e2b4f26090269d6dbcdb0c3690bc98ad109888bc8d2982e56edec209,6798
3a632b67-8bad-44d5-bb62-d37ecb91f432,Vocabulary,b021eda11d78b557cbb6f3d1d9ed29b30edc95f1d35ebef2ff46391a8916f398,6800
14322b67-8bad-44d4-bb62-d37ecb91f432,Advanced Mid,b9ab2910564af54eaca0fb3f13a8c87f575feb204a73a16f24e6d4c707ca33ff,6806
1d6a2b67-8bad-44d4-bb62-d37ecb91f432,"Student Outcomes Program Goal 3: By graduation, the student identified as gifted will be able to conduct thoughtful research/exploration in multiple fields.",4980e389f8e1306573b990b62475d499158af5bd46b04e623ca9bb70a0f7d77b,6809
1d7c2b67-8bad-44d4-bb62-d37ecb91f432,"Student Outcomes Program Goal 3: By graduation, the student identified as gifted will be able to conduct thoughtful research/exploration in multiple fields.",6c49e26a6f655d88ef133198071f3196d325e4375a6a5ef0b3cd93b4914696f7,6810
13632b67-8bad-44d4-bb62-d37ecb91f432,Novice High,f9e3da30226567e91bea2a0fa2e320838aef270f3cd56687da7c5a43d90d5de6,6816
13a02b67-8bad-44d4-bb62-d37ecb91f432,Intermediate Low,1f942eb722b06ef490b470539062219dd9766db199832a4ec702594fc5cfd4ad,6817
16062b67-8bad-44d4-bb62-d37ecb91f432,Geometry: Modeling with Geometry,382cae60465deddf7c16b294615dfc21d20b4239d6031628e7625b29a1247b13,6818
14662b67-8bad-44d4-bb62-d37ecb91f432,Advanced High,57df167dec79d914634ae608c7bc6a98e04f17e3a477bbfdc4f572578a6a7235,6827
21ec2b67-8bad-44d4-bb62-d37ecb91f432,Computer Science - Computer Practices and Programming,171fc3439a1e07f11f62f8431369f5df5a8fed467f170ba6afc807f44c80f1b5,6832
3e462b67-8bad-44d5-bb62-d37ecb91f432,Substance Use and Abuse Standards,6247b1c7112bcf25775abe3ae950ffa6e4fcfd740cc2ba2548625a469cd75906,6833
21ef2b67-8bad-44d4-bb62-d37ecb91f432,Computer Science - Computer Practices and Programming,f91553341ef3ddfde731c480aee0e2803e5f35e61e4cda27513f2abb77c9cf68,6843
3a4d2b67-8bad-44d5-bb62-d37ecb91f432,Foundational Skills,a94d2d709b4ec7def6b783afd6ca87015c077e4cd9d61e48690942061d29bb4e,6844
3f452b67-8bad-44d5-bb62-d37ecb91f432,Holocaust Education (Starting 2023-2024),e27bf2c120b245e253cf545dc14f2ec80960c92619ddbad8251d5efca563b7e9,6846
13442b67-8bad-44d4-bb62-d37ecb91f432,Novice Low/Mid,bc06964fb07941cd0125f1c46d7b5968094c19a73140928be886f681826b242e,6849
155a2b67-8bad-44d4-bb62-d37ecb91f432,Ratios &amp; Proportional Relationships,6d277b6e0fd50774b5c7fb8830c6747f55b46581f71abfb458ee4c45d36e69c5,6850
1b3b2b67-8bad-44d4-bb62-d37ecb91f432,Deaf and Hard of Hearing,9cb9fcd45a62b1617162ffb6f53a0fd1407ce29e2e264012ecf92c8bf2f1f1b5,6852
13962b67-8bad-44d4-bb62-d37ecb91f432,Intermediate Low,f52d57a70eee027e7a6bcfc22769f95c60fbab731eac7503c23596a669822dce,6861
14a52b67-8bad-44d4-bb62-d37ecb91f432,Superior,b3680deb0f9c364414a67eeb125c2c09c22112cebf5b63883687402d10659675,6862
18502b67-8bad-44d4-bb62-d37ecb91f432,"Writing Standards for Literacy in History/Social Studies, Science, and Technical Subjects",f44c3216064f483d77e0965d86cefe7eb629660a24f229f2b7f72cbdd3127085,6872
1daa2b67-8bad-44d4-bb62-d37ecb91f432,"Student Outcomes Program Goal 4: By graduation, the student identified as gifted will be able to think creatively and critically to identify and solve real-world problems.",264435d5d8d2db69c4b8fcb0eccf3ab5f8ad5748cc4e54704aabe9682b24f553,6874
15422b67-8bad-44d4-bb62-d37ecb91f432,The Number System,5b209b10b5de22f5b475e752c0aad7edf16d8b1c11c732aa7271bdcac6e07ca7,6879
1b392b67-8bad-44d4-bb62-d37ecb91f432,Deaf and Hard of Hearing,ce61f0b79716b801ec76fc2be08e5dcbb3350707f45d0282eed15ac57d9db84f,6881
14bb2b67-8bad-44d4-bb62-d37ecb91f432,Operations and Algebraic Thinking,19d9db8c80788543ba50432beb3adad6adb06994c304eded8058d848a427a913,6886
1cbf2b67-8bad-44d4-bb62-d37ecb91f432,"Student Outcomes Program Goal 1: By graduation, the student identified as gifted will be able to critically examine the complexity of knowledge: the location, definition, and organization of a variety of fields of knowledge.",ae3aaf94178dc476fbbf755237b9d10197514acc3cd917ceff3caaaa15da0dca,6888
22962b67-8bad-44d4-bb62-d37ecb91f432,Computer Science - Communication and Collaboration,95dd4602deab13ce32c3280f2c016e9e13775b39701b34d8598ef2a5aa3729b1,6891
3d672b67-8bad-44d5-bb62-d37ecb91f432,Trigonometry,a85962bcff707908c4900612439d5ebd5df8690c2635432f7094ef1d85182ba8,6893
13aa2b67-8bad-44d4-bb62-d37ecb91f432,Intermediate Low,0782a4d986d9dc86decaa042e445a824c9be4040ae190b35bcd2fe90f6a23fd7,6895
15b32b67-8bad-44d4-bb62-d37ecb91f432,Algebra: Creating Equations,ca14249af6500ef2a2c0f3fee5ed2696d2105aeab88a5b32fe6a2b12946862fa,6897
1d152b67-8bad-44d4-bb62-d37ecb91f432,"Student Outcomes Program Goal 6: By graduation, the student identified as gifted will be able to set and achieve personal, academic, and career goals.",2ba55ae6bb63305fb09158f59136d4583af07040e9d194a15b5b6c358039ef53,6909
3dc42b67-8bad-44d5-bb62-d37ecb91f432,Logic and Discrete Theory,f7450e65a4b9dc6b720ed51d5046326f0ceda0d784943db890f79a8aecd937a9,6911
13fb2b67-8bad-44d4-bb62-d37ecb91f432,Intermediate High,dee107ac57160426b6c9fd6bbe36268babe81f56e05b324917aad8448d7b6d5f,6914
14162b67-8bad-44d4-bb62-d37ecb91f432,Advanced Low,b661e7106bd26f8ccf540c3c0211d7e854f04e3be0d31b49b16d0cbf177b1bf8,6915
14d62b67-8bad-44d4-bb62-d37ecb91f432,Number and Operations in Base Ten,30c256a1e2ab9056257677e0a647d2383f09569b2ef85e2528c15487304b5b73,6916
15592b67-8bad-44d4-bb62-d37ecb91f432,Ratios &amp; Proportional Relationships,4abf062beaa9ec56b785ec3d9178322f34b535978475707583567e88be0ffe59,6917
147e2b67-8bad-44d4-bb62-d37ecb91f432,Superior,c9084eb7cdeee8a48316c50520cfc532eb3cc14598c4347e5f39d94cd95d3e5b,6925
156b2b67-8bad-44d4-bb62-d37ecb91f432,Statistics &amp; Probability,f657556a7670f1f6e26993468f5218307530215f064483ade9eafe8cecabb957,6926
15d72b67-8bad-44d4-bb62-d37ecb91f432,Functions: Trigonometric Functions,7cd7097a1494bfa6e172cf2619d7b5c746fd60709cc52ff9b064c1f6a2c670c4,6927
1d1bc457-8bad-45d6-bb62-d37ecb91f432,Consumer Health,5e4d9d13eb28663677e2df9ef109ade715c64820686915c66c785e3d282a8888,6928
15462b67-8bad-44d4-bb62-d37ecb91f432,Expressions &amp; Equations,98c827b8ef0f0ac3afc2e711de4db55b9f3d8607a550b08862f32b883c578c24,6936
145d2b67-8bad-44d4-bb62-d37ecb91f432,Advanced High,b1e0b222be7193c03501aecd1a7eb753df13183f1d25a875b6972450a409c7e0,6939
18472b67-8bad-44d4-bb62-d37ecb91f432,Reading Standards for Literacy in Science and Technical Subjects 6-12,3d0f93adbe02385d2f67bfc3a0d3b7792bcc8682f31fc2c252393ab6ce40f745,6941
e361b207-8bad-43d4-bb62-d37ecb91f432,Humanities,216e6f2a9f85e686268a41efaa6aacc6b6dc30f0d2f4abbec13ee18f4bcdb81f,6945
15bd2b67-8bad-44d4-bb62-d37ecb91f432,Algebra: Reasoning with Equations &amp; Inequalities,80d3c4702d0552c4ff58b199ae0f4f5b7830aef3c79a5282898ca7e9bdd7a185,6946
1d022b67-8bad-44d4-bb62-d37ecb91f432,"Student Outcomes Program Goal 1: By graduation, the student identified as gifted will be able to critically examine the complexity of knowledge: the location, definition, and organization of a variety of fields of knowledge.",c8888674cb423e1977b43549157bd1639d06eab19c748658f99f858cdac8bfa9,6947
1d2b2b67-8bad-44d4-bb62-d37ecb91f432,"Student Outcomes Program Goal 6: By graduation, the student identified as gifted will be able to set and achieve personal, academic, and career goals.",0bbb1ee910eff141561a935b9058d3813d1acf1884010719a8408e56dca9e551,6948
21772b67-8bad-44d4-bb62-d37ecb91f432,Financial Literacy (Discontinued after 2023-2024),ae532c2b7adf0e7790627bf2ee2853c85e221530d941f4f7f9ea45c6720382a5,6950
22922b67-8bad-44d4-bb62-d37ecb91f432,Computer Science - Communication and Collaboration,275f480fa14d554e98662e9b22a7b6bb4e8642addd49c46784f47a1de544579b,6958
22c92b67-8bad-44d4-bb62-d37ecb91f432,Computer Science - Computer Practices and Programming,88c9c02dd6967f18113aea713245baa18ab4176a6e432fc1e3ab1da550882ee0,6966
SOC.7.SS.7.C.2.11,Civics and Government,3d7e59da85e2fff96b5562b1726e325c3bb752f3739061591599e83644672161,6970
SOC.7.SS.7.C.4.2,Civics and Government,7d6eb41f14a3c27d4f9db99caa36a3b1e7fc49eaacba5f22285371e76e87bc9b,6971
MA.K-12.1,Mathematical Thinking and Reasoning,7e5d81f8a092c0e64713e22ac35b46d4faaab39a6c877ca70f145d6a89bbffce,6972
SOC.7.SS.7.C.1.2,Civics and Government,178dcf90c3a577578a2a7ea5483d1cfc54c1a08d8396f41242d597143ecb630b,6973
SOC.7.SS.7.C.4.3,Civics and Government,259254a9406e5bb466b16ab95840d87da14f23c6c375aa22590857de51e77cd9,6974
SOC.7.SS.7.C.3.2,Civics and Government,aac91f47d74cf2351eccf3fa6642d9eac25909f66ce9b1acd1af3e159f54e0b0,6975
SOC.7.SS.7.C.3.12,Civics and Government,cce05eaff05642c7c62adc393a2b4f84caa4276cf2f3c4c5aeefacbad568141a,6976
SOC.7.SS.7.C.1.7,Civics and Government,01827217d77849e8370fe823b9e81cb84cf6905b20848951e1a3e5d345079e0b,6977
SOC.7.SS.7.C.2.2,Civics and Government,cf36411e6c31d80dec2b0796409bc0a215784c1e3a7e06085a289eb09d9b19e3,6978
SOC.7.SS.7.C.2.13,Civics and Government,412f80c4ae396cf85af268804f6e5e727fc58eac0495353b0258f519ea0ad362,6979
MA.3.MP.1,Measurement,5e00bf3aec085605b32a52597bbda256e1b1de9583c35e40941d00bbbdbf1af7,6980
SOC.7.SS.7.C.4.1,Civics and Government,a0496384e2cd6ed2de1be05800dd33ca5b95665efd189dcea7bddfcda8744661,6981
SOC.8.SS.8.C.1.1,Civics,41c0a2e76bb38a0774cbfc49c3cfb80486a86580a09412068c694a4566c65329,6982
SOC.7.SS.7.C.3.7,Civics and Government,b9eef9094bb2c7aa6323dfcdfefc355a3e0da533194ecbee2dcd9a5471ad9082,6983
SOC.7.SS.7.C.2.8,Civics and Government,36705bc37c96af308fb73168ed8ef9af3014fa7517a7a0dc24fd07b09a0a1e67,6985
SOC.7.SS.7.C.3.11,Civics and Government,f5907698ab4ec54759fea78a99c62c9867e4dc4062f027f57d005884d355ec0b,6986
SOC.7.SS.7.C.3.9,Civics and Government,f43132632e90c65ad52a0ddae2de50aea12892e2ddf863b824523a5c75fb5273,6987
SOC.7.SS.7.C.2.4,Civics and Government,e29c0816116d28f55d5fdbffc8bc4489dfa13bb21b95bae1c3f9c802632da4d2,6988
SOC.7.SS.7.C.3.3,Civics and Government,bac4f7caa284f36a5abac87fbb24e9195e754843da3e195c8cdd59302b0458de,6989
SOC.7.SS.7.C.3.5,Civics and Government,4b6475e66ae8321631e99964f6fe5c062c5b700cfa3e62055617306c2c10d5f1,6990
SOC.6.SS.6.C.1.1,Civics and Government,005a2e2aa5f5f4922164bb94cac7d9e5901aebf7f45a5a96f1a9aa20b03d1203,6991
SOC.7.SS.7.C.1.8,Civics and Government,7b9aaed341d54cf4455cb81eb8f74157912bb425a9d933d92f9f6ec815ca5199,6992
SS.8.C.1.3,Civics,89724fc00b4fed71985787fa328f8c92d2489754cd8b03e44abfdb0388931285,6993
SOC.7.SS.7.C.3.14,Civics and Government,0263ebfb3780cd0034a2b4ab9e7fc11299ed2ab8b7fb9146849d83e844a449bf,6994
SOC.7.SS.7.C.3.1,Civics and Government,3fc0ce27775feb4bf53644246f9fa70a3609df356016a7d4086614d231cb9b13,6995
SOC.8.SS.8.C.1.5,Civics and Government,f0fe15c63c77dcc0c71cd53bbc57ed85210978a1598a1fc507e51ee9a3a25586,6996
SS.8.C.2.1,Civics and Government,b3fef558d5373d870910fc981b0a0c8a9dcf7a97169927812a123ed5d320c59a,6997
MA.K.3.1,Mathematics,484331a3acdc062aad4bcb49daf3e91d9c812612ee62ef01aca867282f6153c8,6998
SOC.7.SS.7.C.2.5,Civics and Government,f73f26d38487c64515bcf357c1037e52ac4844f073a16a4cbcaa0e374b23cbbd,6999
SOC.7.SS.7.C.3.4,Civics and Government,eecc1bae2059884aa31e8d7263e64a900e5e175aadc5df163a57fdf965be448a,7000
SOC.7.SS.7.C.1.1,Civics and Government,3cba90972961a0dcbcc10c7dbacbbad0cf419ec40d0ddd9f18c39cbdc5b7487f,7001
SS.8.C.1.4,Civics,1f4f3df6a581cfa400a3d9ec68f3ec0d1bab7ad88f0dd69b141bbfa30dbbc9b4,7002
MA.5.5.M.1.1,Measurement,aff14fc7c4f798a48de03fffd443558e3d71cc3c315ba759d01bb7d88d0241de,7003
SOC.7.SS.7.C.3.6,Civics and Government,5bd25c5c7c1974127502d891b800f8c64208734278b478afa8c74bf6ab9e2e6d,7004
SOC.7.SS.7.C.1.3,Civics and Government,1c880644ec518924ddae419f4e23368ada640af758ea84df16f50b33ea6e4108,7006
SOC.7.SS.7.C.3.8,Civics and Government,754b3c39efd5d6005bafc6f23cdee756a96484d2d56fee3d6f84bd5caa6f415f,7007
SOC.7.SS.7.C.1.5,Civics and Government,e93f84b1e1085f1a66f11de4ad6c73f85a8561692403d93962c518c05766b58f,7008
MA.5.MACC.5.NF.2.4.a,Number and Operations - Fractions,32d92815311ef4726c0dfd3b5371f8eef6a448f5abc6669e531c663c2b102d13,7009
SOC.7.SS.7.C.2.9,Civics and Government,e23e20c2e4cab9a5e7abd8ac5bc2fef5275e175a0ca67e95fc03e10aed024d04,7010
SOC.7.SS.7.C.2.1,Civics and Government,b2cd5fd4e97cf48103da8f6794ea7b3c796d390f148e7eed1f6cda1d818f87ad,7011
SOC.7.SS.7.C.2.3,Civics and Government,14b4c28f72504379ddcbba96fa699e4dc2e7d9f251f8357dee468a758ad438fd,7012
SS.6.C.1.2,Civics and Government,ed6b0e03d0951b3d9535c095afda34fffc0f46d018cf091efeef6fc1777300a6,7013
SOC.7.SS.7.C.2.10,Civics and Government,1345baec34764ec3118f9ab7a11faf0535342e22b3a73da54ababca63bd3a583,7014
SOC.7.SS.7.C.1.4,Civics and Government,ea24203fa3a323d136f6887a8dc45a87211625e58ddf54a2626d098bf40d2904,7015
SOC.7.SS.7.C.3.10,Civics and Government,0451e6fdc1ae43fb85062f03fa626c3bbaa9cff6da34fa9fdfad9b4e448c1aad,7016
SOC.7.SS.7.C.1.9,Civics and Government,c30893278f8d8f945c952816036b8e943cc969d1aceba8112fce56d65b319169,7017
SOC.7.SS.7.C.2.12,Civics and Government,e408493b2df966f4e8a32cce5496b8d16d9891b1560caa9d562c4a4ea69decd2,7018
SOC.7.SS.7.C.3.13,Civics and Government,27315bf1bcb9da68db081af7f07b48637122ff3e2050dc034827c76efb2d1f6d,7019
SOC.7.SS.7.C.1.6,Civics and Government,57ce59100282982e93f067b5689bd4cd117eb2965f17a492004cdf623494122e,7020
Other,Other,c2274081263d4fa76e509feb459c23756f90c6a949479fcb4c426054096d0826,7021
SOC.7.SS.7.C.3.9,Civics,792b115fd332751892a8937f7868609329e05472232d5a73e87efed4081df77b,7025
SOC.7.SS.7.C.2.12,Civics,1e1493f43b92e1b781b73d5f9e0609317968206757b0b966debc1bd0d5486c8e,7026
SOC.7.SS.7.C.3.11,Civics,ca03f6559cd80aed671dc6fbbaa422e52cb595e7a6a968d01b1d775295a11792,7027
SOC.7.SS.7.C.1.3,Civics,ebca4362992b8e3a9d72e6bbd6f6e1ebb69d7cc3470af5b86e7888258040b1a7,7028
SOC.7.SS.7.C.3.5,Civics,ad51fa80de2fbfc0cf8ab08bbe9d960e63c5a980cf0ab13201ae23227553f0dd,7029
SOC.7.SS.7.C.2.5,Civics,c210dd61648e649342d5a374f05cecdbd9109c75dba2d30f1f36df7ca3aff6c6,7030
SOC.7.SS.7.C.2.10,Civics,7139f15dda95d05c3d570e8558e53771c62e97611ec0b0499e660e46911828da,7031
SOC.7.SS.7.C.2.2,Civics,4e73c626c97496df041778789d96102849ec65c3fc4bc236f173fb7cac749839,7032
SOC.7.SS.7.C.3.3,Civics,b27de06c5c318ea6e8238808a0c19dd91a2e72631fd9dadc8f70b8d964ac004c,7033
SOC.7.SS.7.C.3.2,Civics,9d27c17c31cfbdc1e587a6e0df8cefa0c0c8778e1765acdf28b719d2400123c7,7034
SOC.7.SS.7.C.3.13,Civics,618a8760c68ba55d27c7c3201c9c3963a639f3a504fe9ae65c50db5d7c3f5b95,7035
SOC.7.SS.7.C.3.1,Civics,719df4ca56cdb08825cc0e6b0cd709aff41888f5310e741d68dc087728276e58,7036
SOC.7.SS.7.C.3.10,Civics,5bf0d901060400368ab24f71d704249852a2282f8e01131ba135e1db965fcad2,7037
SOC.7.SS.7.C.1.4,Civics,907aa2b58d5b6dfcddc3368a4e1224e3347764a0eced73f36ce1751fecd4bd4c,7038
SOC.7.SS.7.C.2.11,Civics,3cb60f9464fd2ed19835f372e741862dfba26f7f9e330de6faa9ed06ccec5391,7039
SOC.7.SS.7.C.1.5,Civics,3cc7eefaed7e69b548255ca4bfe68ec4e037bb38bc4e2dfd9775f070914a85df,7040
SOC.7.SS.7.C.3.4,Civics,5da62d37b009316809375e43bc477731ccde4c902c04767e2a09b587a22215b3,7041
SOC.7.SS.7.C.1.6,Civics,cb2f5beca9ccb4de4cfab354d9677227c16a9ebafeaa68a5406f635d2701f21d,7042
SOC.7.SS.7.C.2.13,Civics,c464add4174f99ba0ef16f1017973be1b56037863a0ca251f87de17d921d83c5,7043
SOC.7.SS.7.C.2.9,Civics,349c714e1a19b59ca581ad12d09eca3bb604e33d4802f501c3e52f5abeebd79c,7044
SOC.7.SS.7.C.3.14,Civics,68170dc6c99af22d29d5ea43adaffe7c7d2e53cdf366a4f2e9c51206725df68c,7045
SOC.7.SS.7.C.2.3,Civics,e1bb3182011d5c981f255e3877eb99b4146e5f017a3d4ea695fdbf19b0e33e8e,7046
MA.K.M.1.2,Mathematics,09d98eec69f57c6a09bc04147beb07b005309d572572d50feb92dd73b26385ad,7047
MA.K.GR.1.1,Mathematics,280417066007de4e2f2f90ff8ab879d88abb63fd5e5ddc391e096ac4d3741f26,7048
SS.6.C.1.2,Social Studies,dbce39a94241e9b1be4916d4147516c0f4bdae5be750842a05a0588c1aacb383,7049
MA.K.AR.1.2,Mathematics,184c509f36c55a6d33f3edc39dbda303ec3e8c36b9c9ceafb85611689c6a7f3f,7050
MA.K.GR.1.4,Mathematics,83cc7173b17df8c16ee995ef131924172c66b6cc971a471f0718958d9cb2483c,7051
SS.6.E.2.1,Social Studies,821a4282210a565fe02f5df6774e1a61b55a0fe0b720854384ef0d1ec0796543,7052
SS.6.G.2.4,Social Studies,523e4ff5cfafcba24ac0a49002a1ba1e2847a6ddf697dd3b8ea0b1ba24f47d13,7053
MA.K.AR.1.1,Mathematics,30c8b3970a3085bad080f0c1986026aec6315434495fff7d00656ac1ed52ffe0,7054
SS.6.G.2.6,Social Studies,29cdf256f3083c822af0ada8d3201b4c8d9e474afdeeed846479e06924a22795,7055
SS.6.G.3.2,Social Studies,68df882b69717e5f17812d66d8cc52c0bde2964f4910b0a475d2dd29bac081cf,7056
MA.8.NSO.1.3,Mathematics,fc9187b6b7d1a0ab8c1f3b8492dc851c9cd4a9e2f21dcb183917bfe72f690162,7057
SS.6.G.2.3,Social Studies,883d585c46c867f1f2c3c99c27a796ca895f0d6b0f009edb697cde95ccd5d098,7058
SS.6.E.1.3,Social Studies,24bc57e9114992412cdb043df115013e48276cb7e086c10b83236b28e6614c24,7059
SS.6.C.2.1,Social Studies,aba1587fdedba0c13c5257fc8d5874b66dc50fa3017443dc9bc525a7020d9afb,7060
MAFS.7.RP.1.2,Mathematics,ae5f27390a5afbc9345ac5557f2ed033f0509c7dd10900e5d598689340261135,7061
MA.K.3.1,Mathematics,484331a3acdc062aad4bcb49daf3e91d9c812612ee62ef01aca867282f6153c8,7062
MA.K.AR.2.1,Mathematics,cf6aee80c0b6f92bf463bd3ddf91ac16c8189c604da65e7d36539226eceeee70,7063
MA.912.GR.4.5,Mathematics,f832671dbc30080e730db247cbb400520d2590505efe2ebcd0e557e63898a58f,7064
MA.K.GR.1.2,Mathematics,5d53df188b248af3ebccff540eb5880983fc3f225dbdc342f58c77e2dc5d9d14,7065
SS.6.G.1.6,Social Studies,ebbe0066baeca5ae5b5ebd94eb9ef8477907c933f2547125880509c036733772,7066
SS.6.E.1.2,Social Studies,11466d4e18af3136155b5caf3ed0bf7aeb5181637171c05522ac62dea3d51042,7067
SOC.8.SS.8.A.3.12,Social Studies,72c3e9ebdeb3fe776be23e252b416f22cf624df43aa839351b4fe13eb884bf9c,7068
SOC.6.SS.6.C.1.1,Social Studies,d9b60a2e3a216f898705964f3dfe5dec132d4dc079512595f6fdc99380ce6094,7069
