check_name,school_id,subject_id,item_id,question_no,position_number,standards,drift_type,cube_score,fact_score,cube_possible,fact_possible
cube_qso_by_item,019eb11c-410a-7ffb-86e6-a0294c669670,9715a10dbf80dae8d94ae01e200df982236ada98bcd79115529f2f5e3d4bc399,7637896011,1,n/a,Other,STALE_CUBE_ROW,16.0000,,17.0000,
cube_qso_by_item,019eb11c-410a-7ffb-86e6-a0294c669670,8ff7d3c471464bf6f707fa164f14a332257879a9d8ef2ce966a4b05d1a22276d,7338033968,9,n/a,SOC.7.SS.7.C.3.14,STALE_CUBE_ROW,5.0000,,5.0000,
cube_qso_by_item,019eb11c-413b-7a66-a7d8-a18f14736ede,93dca55fc1a0fa8988d5f87ce091a098ab0c02fc0df3bc4ec9e01ee180e965ea,7997342490,17,n/a,SCI.5.SC.5.P.11.1,STALE_CUBE_ROW,0.0000,,1.0000,
cube_qso_by_item,019eb11c-410a-7ffb-86e6-a0294c669670,712b284ee4d783f28b8288e22d8b2fbf06bc22958f920698e9705a5c044a1ea9,7687678128,8,n/a,MA.2.FR.1.1,STALE_CUBE_ROW,20.0000,,20.0000,
cube_qso_by_item,019eb11c-410a-7ffb-86e6-a0294c669670,8ff7d3c471464bf6f707fa164f14a332257879a9d8ef2ce966a4b05d1a22276d,7338033968,18,n/a,SOC.7.SS.7.C.2.3,STALE_CUBE_ROW,2.0000,,4.0000,
cube_qso_by_item,019eb11c-410a-7ffb-86e6-a0294c669670,8d09f64792084dbd63d01b6e090c8448fdca27813af839ce179a6c2782f6c0ff,7334679341,9,n/a,ELA.2.R.1.1,STALE_CUBE_ROW,14.0000,,16.0000,
cube_qso_by_item,019eb11c-410a-7ffb-86e6-a0294c669670,9bd8f632236b0acd026a691a3e75b902c4c04155931cf1371fa8313464c25535,7338399404,18,n/a,SCI.3.SC.3.L.14.2,STALE_CUBE_ROW,16.0000,,20.0000,
cube_qso_by_item,019eb11c-413c-7ed9-872e-0fe5e9a947b6,d6885dcaa7c6c9bd62796b6eae7685df775d93bb36d3d14232e34d89e947c020,7935427775,4,n/a,MA.3.GR.1.2,STALE_CUBE_ROW,8.5000,,13.0000,
cube_qso_by_item,019eb11c-410a-7ffb-86e6-a0294c669670,ff14856b47873b9004816d81a15c1eaaeeda5ece624b3821426e632b00a983d9,7702555934,19,n/a,MA.5.DP.1.1,STALE_CUBE_ROW,20.0000,,20.0000,
cube_qso_by_item,019eb11c-410a-7ffb-86e6-a0294c669670,9715a10dbf80dae8d94ae01e200df982236ada98bcd79115529f2f5e3d4bc399,7637896011,2,n/a,Other,STALE_CUBE_ROW,15.0000,,17.0000,
cube_qso_by_item,019eb11c-410a-7ffb-86e6-a0294c669670,7d05f8dffe7639f2bdaaf1852c81fa54dbcd29ae28c99f36950bcacb837fc861,7789640645,17,n/a,MA.4.M.2.1,STALE_CUBE_ROW,17.0000,,21.0000,
cube_qso_by_item,019eb11c-410a-7ffb-86e6-a0294c669670,8ff7d3c471464bf6f707fa164f14a332257879a9d8ef2ce966a4b05d1a22276d,7338033968,25,n/a,SOC.7.SS.7.C.4.2,STALE_CUBE_ROW,18.0000,,18.0000,
cube_qso_by_item,019eb11c-410a-7ffb-86e6-a0294c669670,df6c0856658a84abee3dced09e1e891e3c24630d4f2433dc5242e2ee425e37f8,7702561239,19,n/a,MA.K.GR.1.1,STALE_CUBE_ROW,19.0000,,19.0000,
cube_qso_by_item,019eb11c-413b-7a66-a7d8-a18f14736ede,93dca55fc1a0fa8988d5f87ce091a098ab0c02fc0df3bc4ec9e01ee180e965ea,7997342490,8,n/a,SCI.5.SC.5.P.11.1,STALE_CUBE_ROW,1.0000,,1.0000,
cube_qso_by_item,019eb11c-413b-7a66-a7d8-a18f14736ede,27aa30fd019932f7444692363539d0c2333d8fb5be34bddcca6e59bcb5a0431e,7891794271,5,n/a,SCI.3.SC.3.L.15.1,STALE_CUBE_ROW,9.0000,,17.0000,
cube_qso_by_item,019eb11c-410a-7ffb-86e6-a0294c669670,8ff7d3c471464bf6f707fa164f14a332257879a9d8ef2ce966a4b05d1a22276d,7338033968,17,n/a,SOC.7.SS.7.C.2.13,STALE_CUBE_ROW,3.0000,,3.0000,
cube_qso_by_item,019eb11c-410a-7ffb-86e6-a0294c669670,761ccd209b5e294d6d5e35a8498ece0d62cac0ff4bb349e669127a6556c5bd4d,7893373621,15,n/a,MA.1.NSO.1.1,STALE_CUBE_ROW,14.0000,,20.0000,
cube_qso_by_item,019eb11c-413b-7a66-a7d8-a18f14736ede,93dca55fc1a0fa8988d5f87ce091a098ab0c02fc0df3bc4ec9e01ee180e965ea,7891846801,6,n/a,SCI.5.SC.5.P.11.1,STALE_CUBE_ROW,15.0000,,19.0000,
cube_qso_by_item,019eb11c-410a-7ffb-86e6-a0294c669670,712b284ee4d783f28b8288e22d8b2fbf06bc22958f920698e9705a5c044a1ea9,7687678128,15,n/a,MA.2.FR.1.1,STALE_CUBE_ROW,17.5000,,20.0000,
cube_qso_by_item,019eb11c-410a-7ffb-86e6-a0294c669670,761ccd209b5e294d6d5e35a8498ece0d62cac0ff4bb349e669127a6556c5bd4d,7893373621,12,n/a,MA.1.NSO.1.2,STALE_CUBE_ROW,15.0000,,20.0000,
cube_qso_by_item,019eb11c-410a-7ffb-86e6-a0294c669670,8ff7d3c471464bf6f707fa164f14a332257879a9d8ef2ce966a4b05d1a22276d,7338033968,39,n/a,SOC.7.SS.7.C.3.8,STALE_CUBE_ROW,4.0000,,5.0000,
cube_qso_by_item,019eb11c-410a-7ffb-86e6-a0294c669670,ff14856b47873b9004816d81a15c1eaaeeda5ece624b3821426e632b00a983d9,7702555934,10,n/a,MA.5.DP.1.2,STALE_CUBE_ROW,16.0000,,20.0000,
cube_qso_by_item,019eb11c-410a-7ffb-86e6-a0294c669670,df6c0856658a84abee3dced09e1e891e3c24630d4f2433dc5242e2ee425e37f8,7702561239,11,n/a,MA.K.GR.1.1,STALE_CUBE_ROW,19.0000,,19.0000,
cube_qso_by_item,019eb11c-410a-7ffb-86e6-a0294c669670,9bd8f632236b0acd026a691a3e75b902c4c04155931cf1371fa8313464c25535,7338399404,9,n/a,SCI.3.SC.3.L.14.1,STALE_CUBE_ROW,14.0000,,20.0000,
cube_qso_by_item,019eb11c-413b-7a66-a7d8-a18f14736ede,5f9da398894f7e5436bec90daf65aac33bfe4ffcf8a6e6a58cb1d73500fdcaad,7891742813,1,n/a,SCI.2.SC.2.P.13.3,STALE_CUBE_ROW,15.0000,,17.0000,
cube_qso_by_item,019eb11c-410a-7ffb-86e6-a0294c669670,761ccd209b5e294d6d5e35a8498ece0d62cac0ff4bb349e669127a6556c5bd4d,7893373621,19,1,MA.1.NSO.1.1,STALE_CUBE_ROW,25.0000,,40.0000,
cube_qso_by_item,019eb11c-410a-7ffb-86e6-a0294c669670,1cb82c7bab46cbcc82c6c2e2b39360c42da660b8bf3c2b84a609699ac62b7a6a,8325672509,14,1,MA.6.MAFS.6.SP.1.3,STALE_CUBE_ROW,17.5000,,20.0000,
cube_qso_by_item,019eb11c-410a-7ffb-86e6-a0294c669670,1cb82c7bab46cbcc82c6c2e2b39360c42da660b8bf3c2b84a609699ac62b7a6a,8325672509,15,1,MA.6.MAFS.6.SP.1.2,STALE_CUBE_ROW,16.3335,,20.0000,
cube_qso_by_item,019eb11c-410a-7ffb-86e6-a0294c669670,9bd8f632236b0acd026a691a3e75b902c4c04155931cf1371fa8313464c25535,7338399404,15,n/a,SCI.3.SC.3.L.14.1,STALE_CUBE_ROW,17.0000,,20.0000,
cube_qso_by_item,019eb11c-410a-7ffb-86e6-a0294c669670,8d09f64792084dbd63d01b6e090c8448fdca27813af839ce179a6c2782f6c0ff,7334679341,6,n/a,ELA.2.C.3.1,STALE_CUBE_ROW,12.0000,,16.0000,
cube_qso_by_item,019eb11c-410a-7ffb-86e6-a0294c669670,df6c0856658a84abee3dced09e1e891e3c24630d4f2433dc5242e2ee425e37f8,7702561239,18,n/a,MA.K.GR.1.1,STALE_CUBE_ROW,19.0000,,19.0000,
cube_qso_by_item,019eb11c-410a-7ffb-86e6-a0294c669670,8ff7d3c471464bf6f707fa164f14a332257879a9d8ef2ce966a4b05d1a22276d,7338033968,2,1,SOC.7.SS.7.C.2.13,STALE_CUBE_ROW,17.5000,,18.0000,
cube_qso_by_item,019eb11c-410a-7ffb-86e6-a0294c669670,9dfd47961f78cda8d9695c9dd3a1a530c3d81b8ef65c5fb5b802bd221cefad14,7687741861,11,n/a,MA.K.NSO.2.2,STALE_CUBE_ROW,14.0000,,19.0000,
cube_qso_by_item,019eb11c-413b-7a66-a7d8-a18f14736ede,ff238994c7055067dda58c0c1c16b6f9d0b55941a24adad310734a3e63068cd2,7806926683,9,n/a,Other,STALE_CUBE_ROW,13.0000,,13.0000,
cube_qso_by_item,019eb11c-413c-7ed9-872e-0fe5e9a947b6,db4bf6655b5b7024fb07d171e484028e612e82e080987814c3e80730a8ac439e,8358079682,8,n/a,MA.2.FR.1.1,STALE_CUBE_ROW,16.0000,,16.0000,
cube_qso_by_item,019eb11c-410a-7ffb-86e6-a0294c669670,ea792c51ab8c497ae42b0b95fe74e9b5fadac0efc40a17bef76240595411392b,8346484076,3,1,Other,STALE_CUBE_ROW,16.0000,,17.0000,
cube_qso_by_item,019eb11c-410a-7ffb-86e6-a0294c669670,ff14856b47873b9004816d81a15c1eaaeeda5ece624b3821426e632b00a983d9,7702555934,2,n/a,MA.4.DP.1.1,STALE_CUBE_ROW,19.0000,,20.0000,
cube_qso_by_item,019eb11c-410a-7ffb-86e6-a0294c669670,df6c0856658a84abee3dced09e1e891e3c24630d4f2433dc5242e2ee425e37f8,7702561239,16,n/a,MA.K.GR.1.1,STALE_CUBE_ROW,19.0000,,19.0000,
cube_qso_by_item,019eb11c-413b-7a66-a7d8-a18f14736ede,07c8e49d5072074c54cfbdb917a6910defa630b9401691850e4426bd67b5f44e,7997342490,15,n/a,SCI.5.SC.5.P.11.1,VALUE_DRIFT,14.0000,14.0000,18.0000,19.0000
cube_qso_by_item,019eb11c-410a-7ffb-86e6-a0294c669670,1cb82c7bab46cbcc82c6c2e2b39360c42da660b8bf3c2b84a609699ac62b7a6a,8325672509,12,n/a,MA.6.MAFS.6.SP.1.2,STALE_CUBE_ROW,0.0000,,1.0000,
cube_qso_by_item,019eb11c-410a-7ffb-86e6-a0294c669670,761ccd209b5e294d6d5e35a8498ece0d62cac0ff4bb349e669127a6556c5bd4d,7893373621,7,n/a,MA.1.NSO.1.1,STALE_CUBE_ROW,18.0000,,20.0000,
cube_qso_by_item,019eb11c-413b-7a66-a7d8-a18f14736ede,07c8e49d5072074c54cfbdb917a6910defa630b9401691850e4426bd67b5f44e,7997342490,16,n/a,SCI.5.SC.5.P.11.1,VALUE_DRIFT,14.0000,14.0000,18.0000,19.0000
cube_qso_by_item,019eb11c-410a-7ffb-86e6-a0294c669670,712b284ee4d783f28b8288e22d8b2fbf06bc22958f920698e9705a5c044a1ea9,7687678128,1,n/a,MA.2.FR.1.1,STALE_CUBE_ROW,20.0000,,20.0000,
cube_qso_by_item,019eb11c-410a-7ffb-86e6-a0294c669670,e93f836775458de9c65b5631901b73431a6fe43315a5aa090f429f05f53811b6,7687741861,11,n/a,MA.K.NSO.2.2,STALE_CUBE_ROW,0.0000,,1.0000,
cube_qso_by_item,019eb11c-413b-7a66-a7d8-a18f14736ede,ff238994c7055067dda58c0c1c16b6f9d0b55941a24adad310734a3e63068cd2,7806926683,10,n/a,LA.2.LA.2.1.7.4,STALE_CUBE_ROW,13.0000,,13.0000,
cube_qso_by_item,019eb11c-410a-7ffb-86e6-a0294c669670,712b284ee4d783f28b8288e22d8b2fbf06bc22958f920698e9705a5c044a1ea9,7687678128,9,n/a,MA.2.FR.1.1,STALE_CUBE_ROW,19.0000,,20.0000,
cube_qso_by_item,019eb11c-410a-7ffb-86e6-a0294c669670,761ccd209b5e294d6d5e35a8498ece0d62cac0ff4bb349e669127a6556c5bd4d,7893373621,2,n/a,MA.1.NSO.1.3,STALE_CUBE_ROW,15.0000,,20.0000,
cube_qso_by_item,019eb11c-413b-7a66-a7d8-a18f14736ede,07c8e49d5072074c54cfbdb917a6910defa630b9401691850e4426bd67b5f44e,7997342490,2,n/a,SCI.5.SC.5.N.1.1,VALUE_DRIFT,19.0000,19.0000,19.0000,20.0000
cube_qso_by_item,019eb11c-410a-7ffb-86e6-a0294c669670,7d05f8dffe7639f2bdaaf1852c81fa54dbcd29ae28c99f36950bcacb837fc861,7789640645,11,n/a,MA.4.M.2.1,STALE_CUBE_ROW,16.0000,,21.0000,
cube_qso_by_item,019eb11c-410a-7ffb-86e6-a0294c669670,712b284ee4d783f28b8288e22d8b2fbf06bc22958f920698e9705a5c044a1ea9,7687663925,14,n/a,MA.2.FR.1.2,STALE_CUBE_ROW,18.0000,,18.0000,
cube_qso_by_item,019eb11c-413b-7a66-a7d8-a18f14736ede,5f9da398894f7e5436bec90daf65aac33bfe4ffcf8a6e6a58cb1d73500fdcaad,7891742813,7,n/a,SCI.2.SC.2.P.8.1,STALE_CUBE_ROW,16.0000,,17.0000,
cube_qso_by_item,019eb11c-413b-7a66-a7d8-a18f14736ede,93dca55fc1a0fa8988d5f87ce091a098ab0c02fc0df3bc4ec9e01ee180e965ea,7891846801,2,n/a,SCI.5.SC.5.N.1.1,STALE_CUBE_ROW,16.0000,,19.0000,
cube_qso_by_item,019eb11c-410a-7ffb-86e6-a0294c669670,712b284ee4d783f28b8288e22d8b2fbf06bc22958f920698e9705a5c044a1ea9,7687663925,2,n/a,MA.2.FR.1.1,STALE_CUBE_ROW,18.0000,,18.0000,
cube_qso_by_item,019eb11c-413b-7a66-a7d8-a18f14736ede,ac37ee2bfb7dd9ee549eb48c6e3ecdc90df460bb0c15d5180e5df85a198eadd6,8200948758,8,n/a,MA.2.NSO.2.3,STALE_CUBE_ROW,6.0000,,14.0000,
cube_qso_by_item,019eb11c-413c-7ed9-872e-0fe5e9a947b6,db4bf6655b5b7024fb07d171e484028e612e82e080987814c3e80730a8ac439e,8358079682,6,n/a,MA.2.FR.1.1,STALE_CUBE_ROW,15.0000,,16.0000,
cube_qso_by_item,019eb11c-413b-7a66-a7d8-a18f14736ede,93dca55fc1a0fa8988d5f87ce091a098ab0c02fc0df3bc4ec9e01ee180e965ea,7997342490,14,n/a,SCI.5.SC.5.P.11.1,STALE_CUBE_ROW,0.0000,,1.0000,
cube_qso_by_item,019eb11c-413b-7a66-a7d8-a18f14736ede,07c8e49d5072074c54cfbdb917a6910defa630b9401691850e4426bd67b5f44e,7997342490,1,n/a,SCI.5.SC.5.P.11.1,VALUE_DRIFT,19.0000,20.0000,19.0000,20.0000
cube_qso_by_item,019eb11c-413b-7a66-a7d8-a18f14736ede,93dca55fc1a0fa8988d5f87ce091a098ab0c02fc0df3bc4ec9e01ee180e965ea,7891846801,18,n/a,SCI.5.SC.5.P.11.1,STALE_CUBE_ROW,14.0000,,19.0000,
cube_qso_by_item,019eb11c-410a-7ffb-86e6-a0294c669670,712b284ee4d783f28b8288e22d8b2fbf06bc22958f920698e9705a5c044a1ea9,7687678128,7,1,MA.2.FR.1.1,STALE_CUBE_ROW,20.0000,,20.0000,
cube_qso_by_item,019eb11c-410a-7ffb-86e6-a0294c669670,7d05f8dffe7639f2bdaaf1852c81fa54dbcd29ae28c99f36950bcacb837fc861,7789640645,7,n/a,MA.4.M.1.1,STALE_CUBE_ROW,17.0000,,21.0000,
cube_qso_by_item,019eb11c-413b-7a66-a7d8-a18f14736ede,93dca55fc1a0fa8988d5f87ce091a098ab0c02fc0df3bc4ec9e01ee180e965ea,7891846801,7,n/a,SCI.5.SC.5.P.11.1,STALE_CUBE_ROW,17.0000,,19.0000,
cube_qso_by_item,019eb11c-413b-7a66-a7d8-a18f14736ede,93dca55fc1a0fa8988d5f87ce091a098ab0c02fc0df3bc4ec9e01ee180e965ea,7891846801,4,n/a,SCI.5.SC.5.P.11.1,STALE_CUBE_ROW,17.0000,,19.0000,
cube_qso_by_item,019eb11c-413b-7a66-a7d8-a18f14736ede,93dca55fc1a0fa8988d5f87ce091a098ab0c02fc0df3bc4ec9e01ee180e965ea,7891846801,17,n/a,SCI.5.SC.5.P.11.1,STALE_CUBE_ROW,18.0000,,19.0000,
cube_qso_by_item,019eb11c-410a-7ffb-86e6-a0294c669670,1cb82c7bab46cbcc82c6c2e2b39360c42da660b8bf3c2b84a609699ac62b7a6a,8325672509,7,n/a,MA.6.MAFS.6.SP.2.5.c,STALE_CUBE_ROW,5.0000,,7.0000,
cube_qso_by_item,019eb11c-413b-7a66-a7d8-a18f14736ede,93dca55fc1a0fa8988d5f87ce091a098ab0c02fc0df3bc4ec9e01ee180e965ea,7997342490,10,n/a,SCI.5.SC.5.P.11.1,STALE_CUBE_ROW,0.0000,,1.0000,
cube_qso_by_item,019eb11c-413b-7a66-a7d8-a18f14736ede,93dca55fc1a0fa8988d5f87ce091a098ab0c02fc0df3bc4ec9e01ee180e965ea,7891846801,16,n/a,SCI.5.SC.5.P.11.1,STALE_CUBE_ROW,5.0000,,19.0000,
cube_qso_by_item,019eb11c-410a-7ffb-86e6-a0294c669670,1cb82c7bab46cbcc82c6c2e2b39360c42da660b8bf3c2b84a609699ac62b7a6a,8325672509,12,n/a,MA.6.MAFS.6.SP.1.2,STALE_CUBE_ROW,1.0000,,1.0000,
cube_qso_by_item,019eb11c-410a-7ffb-86e6-a0294c669670,1cb82c7bab46cbcc82c6c2e2b39360c42da660b8bf3c2b84a609699ac62b7a6a,8325672509,17,n/a,MA.6.MAFS.6.SP.2.5.c,STALE_CUBE_ROW,0.0000,,4.0000,
cube_qso_by_item,019eb11c-413b-7a66-a7d8-a18f14736ede,ac37ee2bfb7dd9ee549eb48c6e3ecdc90df460bb0c15d5180e5df85a198eadd6,8200948758,4,n/a,MA.2.NSO.2.3,STALE_CUBE_ROW,13.0000,,14.0000,
cube_qso_by_item,019eb11c-410a-7ffb-86e6-a0294c669670,8ff7d3c471464bf6f707fa164f14a332257879a9d8ef2ce966a4b05d1a22276d,7338033968,9,n/a,SOC.7.SS.7.C.3.14,STALE_CUBE_ROW,3.0000,,3.0000,
cube_qso_by_item,019eb11c-410a-7ffb-86e6-a0294c669670,8ff7d3c471464bf6f707fa164f14a332257879a9d8ef2ce966a4b05d1a22276d,7338033968,35,n/a,SOC.7.SS.7.C.2.13,STALE_CUBE_ROW,13.0000,,18.0000,
cube_qso_by_item,019eb11c-413b-7a66-a7d8-a18f14736ede,3047dc225659950d4163e02e054092b0267bf829dbe0a7375e08229a7e8aa83d,7997317688,14,n/a,SCI.4.SC.4.L.17.3,STALE_CUBE_ROW,10.0000,,11.0000,
cube_qso_by_item,019eb11c-413b-7a66-a7d8-a18f14736ede,93dca55fc1a0fa8988d5f87ce091a098ab0c02fc0df3bc4ec9e01ee180e965ea,7891846801,12,n/a,SCI.5.SC.5.P.11.1,STALE_CUBE_ROW,18.0000,,19.0000,
cube_qso_by_item,019eb11c-410a-7ffb-86e6-a0294c669670,dd601c67ccb4221a6562645e816292d3cd461a0c3a49af42c5446b8052242682,7615829935,4,1,Other,STALE_CUBE_ROW,14.0000,,21.0000,
cube_qso_by_item,019eb11c-410a-7ffb-86e6-a0294c669670,712b284ee4d783f28b8288e22d8b2fbf06bc22958f920698e9705a5c044a1ea9,7687663925,5,1,MA.2.FR.1.1,STALE_CUBE_ROW,16.0000,,18.0000,
cube_qso_by_item,019eb11c-410a-7ffb-86e6-a0294c669670,9bd8f632236b0acd026a691a3e75b902c4c04155931cf1371fa8313464c25535,7338399404,10,n/a,SCI.3.SC.3.L.14.1,STALE_CUBE_ROW,4.0000,,20.0000,
cube_qso_by_item,019eb11c-413b-7a66-a7d8-a18f14736ede,93dca55fc1a0fa8988d5f87ce091a098ab0c02fc0df3bc4ec9e01ee180e965ea,7891846801,13,n/a,SCI.5.SC.5.P.11.1,STALE_CUBE_ROW,15.0000,,19.0000,
cube_qso_by_item,019eb11c-413b-7a66-a7d8-a18f14736ede,27aa30fd019932f7444692363539d0c2333d8fb5be34bddcca6e59bcb5a0431e,7891794271,12,n/a,SCI.3.SC.3.L.15.1,STALE_CUBE_ROW,14.0000,,17.0000,
cube_qso_by_item,019eb11c-413c-7ed9-872e-0fe5e9a947b6,db4bf6655b5b7024fb07d171e484028e612e82e080987814c3e80730a8ac439e,8358079682,9,n/a,MA.2.FR.1.1,STALE_CUBE_ROW,16.0000,,16.0000,
cube_qso_by_item,019eb11c-413b-7a66-a7d8-a18f14736ede,ac37ee2bfb7dd9ee549eb48c6e3ecdc90df460bb0c15d5180e5df85a198eadd6,8200948758,5,1,MA.2.NSO.2.3,STALE_CUBE_ROW,5.3333,,14.0000,
cube_qso_by_item,019eb11c-410a-7ffb-86e6-a0294c669670,9208d4bd314ba55a8288e84d81d0cc8de027e6d9b329f1871ac1640796c4ec83,7624644120,2,1,Other,STALE_CUBE_ROW,14.0000,,19.0000,
cube_qso_by_item,019eb11c-413b-7a66-a7d8-a18f14736ede,27aa30fd019932f7444692363539d0c2333d8fb5be34bddcca6e59bcb5a0431e,7891794271,9,n/a,SCI.3.SC.3.L.15.2,STALE_CUBE_ROW,13.0000,,17.0000,
cube_qso_by_item,019eb11c-410a-7ffb-86e6-a0294c669670,1cb82c7bab46cbcc82c6c2e2b39360c42da660b8bf3c2b84a609699ac62b7a6a,8325672509,22,1,MA.6.MAFS.6.SP.1.3,STALE_CUBE_ROW,17.0000,,20.0000,
cube_qso_by_item,019eb11c-413b-7a66-a7d8-a18f14736ede,93dca55fc1a0fa8988d5f87ce091a098ab0c02fc0df3bc4ec9e01ee180e965ea,7891846801,15,n/a,SCI.5.SC.5.P.11.1,STALE_CUBE_ROW,18.0000,,19.0000,
cube_qso_by_item,019eb11c-410a-7ffb-86e6-a0294c669670,dd601c67ccb4221a6562645e816292d3cd461a0c3a49af42c5446b8052242682,7615829935,1,1,Other,STALE_CUBE_ROW,13.0000,,21.0000,
cube_qso_by_item,019eb11c-413b-7a66-a7d8-a18f14736ede,07c8e49d5072074c54cfbdb917a6910defa630b9401691850e4426bd67b5f44e,7997342490,6,n/a,SCI.5.SC.5.P.11.1,VALUE_DRIFT,13.0000,13.0000,18.0000,19.0000
cube_qso_by_item,019eb11c-410a-7ffb-86e6-a0294c669670,8ff7d3c471464bf6f707fa164f14a332257879a9d8ef2ce966a4b05d1a22276d,7338033968,15,n/a,SOC.7.SS.7.C.2.10,STALE_CUBE_ROW,14.0000,,18.0000,
cube_qso_by_item,019eb11c-410a-7ffb-86e6-a0294c669670,8ff7d3c471464bf6f707fa164f14a332257879a9d8ef2ce966a4b05d1a22276d,7338033968,16,n/a,SOC.7.SS.7.C.2.13,STALE_CUBE_ROW,17.0000,,18.0000,
cube_qso_by_item,019eb11c-410a-7ffb-86e6-a0294c669670,8ff7d3c471464bf6f707fa164f14a332257879a9d8ef2ce966a4b05d1a22276d,7338033968,4,n/a,SS.7.E.1.5,STALE_CUBE_ROW,9.0000,,18.0000,
cube_qso_by_item,019eb11c-410a-7ffb-86e6-a0294c669670,712b284ee4d783f28b8288e22d8b2fbf06bc22958f920698e9705a5c044a1ea9,7687678128,17,n/a,MA.2.FR.1.1,STALE_CUBE_ROW,12.0000,,20.0000,
cube_qso_by_item,019eb11c-410a-7ffb-86e6-a0294c669670,712b284ee4d783f28b8288e22d8b2fbf06bc22958f920698e9705a5c044a1ea9,7687678128,13,n/a,MA.2.FR.1.2,STALE_CUBE_ROW,19.0000,,20.0000,
cube_qso_by_item,019eb11c-410a-7ffb-86e6-a0294c669670,df6c0856658a84abee3dced09e1e891e3c24630d4f2433dc5242e2ee425e37f8,7702561239,5,n/a,MA.K.GR.1.3,STALE_CUBE_ROW,19.0000,,19.0000,
cube_qso_by_item,019eb11c-410a-7ffb-86e6-a0294c669670,e93f836775458de9c65b5631901b73431a6fe43315a5aa090f429f05f53811b6,7687741861,2,n/a,MA.K.NSO.3.1,STALE_CUBE_ROW,0.0000,,1.0000,
cube_qso_by_item,019eb11c-410a-7ffb-86e6-a0294c669670,1cb82c7bab46cbcc82c6c2e2b39360c42da660b8bf3c2b84a609699ac62b7a6a,8325672509,2,1,MA.6.MAFS.6.SP.2.5.c,STALE_CUBE_ROW,20.0000,,20.0000,
cube_qso_by_item,019eb11c-410a-7ffb-86e6-a0294c669670,1cb82c7bab46cbcc82c6c2e2b39360c42da660b8bf3c2b84a609699ac62b7a6a,8325672509,18,n/a,MA.6.MAFS.6.SP.1.3,STALE_CUBE_ROW,7.0000,,9.0000,
cube_qso_by_item,019eb11c-410a-7ffb-86e6-a0294c669670,9715a10dbf80dae8d94ae01e200df982236ada98bcd79115529f2f5e3d4bc399,7637896011,4,n/a,Other,STALE_CUBE_ROW,17.0000,,17.0000,
cube_qso_by_item,019eb11c-410a-7ffb-86e6-a0294c669670,dd601c67ccb4221a6562645e816292d3cd461a0c3a49af42c5446b8052242682,7615829935,3,1,Other,STALE_CUBE_ROW,12.3336,,21.0000,
cube_qso_by_item,019eb11c-410a-7ffb-86e6-a0294c669670,712b284ee4d783f28b8288e22d8b2fbf06bc22958f920698e9705a5c044a1ea9,7687663925,18,1,MA.2.FR.1.1,STALE_CUBE_ROW,18.0000,,18.0000,
cube_qso_by_item,019eb11c-410a-7ffb-86e6-a0294c669670,9715a10dbf80dae8d94ae01e200df982236ada98bcd79115529f2f5e3d4bc399,7637896011,3,n/a,Other,STALE_CUBE_ROW,17.0000,,17.0000,
cube_qso_by_item,019eb11c-413b-7a66-a7d8-a18f14736ede,93dca55fc1a0fa8988d5f87ce091a098ab0c02fc0df3bc4ec9e01ee180e965ea,7997342490,16,n/a,SCI.5.SC.5.P.11.1,STALE_CUBE_ROW,0.0000,,1.0000,
cube_qso_by_item,019eb11c-410a-7ffb-86e6-a0294c669670,1cb82c7bab46cbcc82c6c2e2b39360c42da660b8bf3c2b84a609699ac62b7a6a,8325672509,13,1,MA.6.MAFS.6.SP.2.4,STALE_CUBE_ROW,14.0000,,20.0000,
cube_qso_by_item,019eb11c-413b-7a66-a7d8-a18f14736ede,ff238994c7055067dda58c0c1c16b6f9d0b55941a24adad310734a3e63068cd2,7806926683,2,n/a,ELA.2.V.1.3,STALE_CUBE_ROW,11.0000,,13.0000,
cube_qso_by_item,019eb11c-413b-7a66-a7d8-a18f14736ede,07c8e49d5072074c54cfbdb917a6910defa630b9401691850e4426bd67b5f44e,7997342490,18,n/a,SCI.5.SC.5.P.11.1,VALUE_DRIFT,4.0000,5.0000,18.0000,19.0000
cube_qso_by_item,019eb11c-413c-7ed9-872e-0fe5e9a947b6,db4bf6655b5b7024fb07d171e484028e612e82e080987814c3e80730a8ac439e,8358079682,7,n/a,MA.2.FR.1.2,STALE_CUBE_ROW,15.5000,,16.0000,
cube_qso_by_item,019eb11c-410a-7ffb-86e6-a0294c669670,9dfd47961f78cda8d9695c9dd3a1a530c3d81b8ef65c5fb5b802bd221cefad14,7687741861,7,n/a,MA.K.NSO.3.1,STALE_CUBE_ROW,18.0000,,19.0000,
cube_qso_by_item,019eb11c-410a-7ffb-86e6-a0294c669670,8ff7d3c471464bf6f707fa164f14a332257879a9d8ef2ce966a4b05d1a22276d,7338033968,39,n/a,SOC.7.SS.7.C.3.8,STALE_CUBE_ROW,4.0000,,4.0000,
cube_qso_by_item,019eb11c-413b-7a66-a7d8-a18f14736ede,27aa30fd019932f7444692363539d0c2333d8fb5be34bddcca6e59bcb5a0431e,7891794271,6,n/a,SCI.3.SC.3.L.15.1,STALE_CUBE_ROW,15.0000,,17.0000,
cube_qso_by_item,019eb11c-413b-7a66-a7d8-a18f14736ede,ac37ee2bfb7dd9ee549eb48c6e3ecdc90df460bb0c15d5180e5df85a198eadd6,8200948721,9,1,MA.2.NSO.2.3,STALE_CUBE_ROW,10.6666,,15.0000,
cube_qso_by_item,019eb11c-410a-7ffb-86e6-a0294c669670,ff14856b47873b9004816d81a15c1eaaeeda5ece624b3821426e632b00a983d9,7702555934,7,n/a,MA.5.DP.1.2,STALE_CUBE_ROW,18.0000,,20.0000,
cube_qso_by_item,019eb11c-413b-7a66-a7d8-a18f14736ede,93dca55fc1a0fa8988d5f87ce091a098ab0c02fc0df3bc4ec9e01ee180e965ea,7891846801,5,n/a,SCI.5.SC.5.P.11.1,STALE_CUBE_ROW,13.0000,,19.0000,
cube_qso_by_item,019eb11c-410a-7ffb-86e6-a0294c669670,1cb82c7bab46cbcc82c6c2e2b39360c42da660b8bf3c2b84a609699ac62b7a6a,8325672509,12,n/a,MA.6.MAFS.6.SP.1.2,STALE_CUBE_ROW,0.5000,,1.0000,
cube_qso_by_item,019eb11c-410a-7ffb-86e6-a0294c669670,1cb82c7bab46cbcc82c6c2e2b39360c42da660b8bf3c2b84a609699ac62b7a6a,8325672509,12,n/a,MA.6.MAFS.6.SP.1.2,STALE_CUBE_ROW,1.0000,,2.0000,
cube_qso_by_item,019eb11c-413b-7a66-a7d8-a18f14736ede,93dca55fc1a0fa8988d5f87ce091a098ab0c02fc0df3bc4ec9e01ee180e965ea,7997342490,7,n/a,SCI.5.SC.5.P.11.1,STALE_CUBE_ROW,0.0000,,1.0000,
cube_qso_by_item,019eb11c-413b-7a66-a7d8-a18f14736ede,5f9da398894f7e5436bec90daf65aac33bfe4ffcf8a6e6a58cb1d73500fdcaad,7891742813,9,n/a,SCI.2.SC.2.N.1.1,STALE_CUBE_ROW,13.0000,,17.0000,
cube_qso_by_item,019eb11c-410a-7ffb-86e6-a0294c669670,df6c0856658a84abee3dced09e1e891e3c24630d4f2433dc5242e2ee425e37f8,7702561239,4,n/a,MA.K.GR.1.3,STALE_CUBE_ROW,17.0000,,19.0000,
cube_qso_by_item,019eb11c-410a-7ffb-86e6-a0294c669670,712b284ee4d783f28b8288e22d8b2fbf06bc22958f920698e9705a5c044a1ea9,7687663925,10,n/a,MA.2.FR.1.1,STALE_CUBE_ROW,15.0000,,18.0000,
cube_qso_by_item,019eb11c-413b-7a66-a7d8-a18f14736ede,07c8e49d5072074c54cfbdb917a6910defa630b9401691850e4426bd67b5f44e,7997342490,3,n/a,SCI.5.SC.5.P.11.1,VALUE_DRIFT,16.0000,16.0000,19.0000,20.0000
cube_qso_by_item,019eb11c-410a-7ffb-86e6-a0294c669670,712b284ee4d783f28b8288e22d8b2fbf06bc22958f920698e9705a5c044a1ea9,7687678128,12,1,MA.2.FR.1.1,STALE_CUBE_ROW,20.0000,,20.0000,
cube_qso_by_item,019eb11c-413b-7a66-a7d8-a18f14736ede,3047dc225659950d4163e02e054092b0267bf829dbe0a7375e08229a7e8aa83d,7997317688,19,n/a,SCI.4.SC.4.L.17.4,STALE_CUBE_ROW,5.0000,,11.0000,
cube_qso_by_item,019eb11c-410a-7ffb-86e6-a0294c669670,9715a10dbf80dae8d94ae01e200df982236ada98bcd79115529f2f5e3d4bc399,7637896011,5,n/a,Other,STALE_CUBE_ROW,15.0000,,17.0000,
cube_qso_by_item,019eb11c-410a-7ffb-86e6-a0294c669670,9bd8f632236b0acd026a691a3e75b902c4c04155931cf1371fa8313464c25535,7338399404,11,n/a,SCI.3.SC.3.L.14.1,STALE_CUBE_ROW,15.0000,,20.0000,
cube_qso_by_item,019eb11c-410a-7ffb-86e6-a0294c669670,8d09f64792084dbd63d01b6e090c8448fdca27813af839ce179a6c2782f6c0ff,7334679341,3,n/a,ELA.2.R.2.2,STALE_CUBE_ROW,5.0000,,16.0000,
cube_qso_by_item,019eb11c-410a-7ffb-86e6-a0294c669670,9dfd47961f78cda8d9695c9dd3a1a530c3d81b8ef65c5fb5b802bd221cefad14,7687741861,8,n/a,MA.K.NSO.3.1,STALE_CUBE_ROW,13.0000,,19.0000,
cube_qso_by_item,019eb11c-413b-7a66-a7d8-a18f14736ede,5f9da398894f7e5436bec90daf65aac33bfe4ffcf8a6e6a58cb1d73500fdcaad,7891742813,8,n/a,SCI.2.SC.2.N.1.1,STALE_CUBE_ROW,11.0000,,17.0000,
cube_qso_by_item,019eb11c-413b-7a66-a7d8-a18f14736ede,3047dc225659950d4163e02e054092b0267bf829dbe0a7375e08229a7e8aa83d,7997317688,3,n/a,SCI.4.SC.4.L.17.4,STALE_CUBE_ROW,6.0000,,11.0000,
cube_qso_by_item,019eb11c-410a-7ffb-86e6-a0294c669670,1cb82c7bab46cbcc82c6c2e2b39360c42da660b8bf3c2b84a609699ac62b7a6a,8325672509,17,n/a,MA.6.MAFS.6.SP.2.5.c,STALE_CUBE_ROW,3.0000,,7.0000,
cube_qso_by_item,019eb11c-410a-7ffb-86e6-a0294c669670,761ccd209b5e294d6d5e35a8498ece0d62cac0ff4bb349e669127a6556c5bd4d,7893373621,11,n/a,MA.1.NSO.1.2,STALE_CUBE_ROW,19.0000,,20.0000,
cube_qso_by_item,019eb11c-410a-7ffb-86e6-a0294c669670,712b284ee4d783f28b8288e22d8b2fbf06bc22958f920698e9705a5c044a1ea9,7687678128,18,1,MA.2.FR.1.1,STALE_CUBE_ROW,20.0000,,20.0000,
cube_qso_by_item,019eb11c-410a-7ffb-86e6-a0294c669670,d96da99c4a88cdc32e83e27b6038260321c0233f6f6ca41f5b3cc6fabefcaa14,8336110460,2,1,Other,STALE_CUBE_ROW,138.0000,,160.0000,
cube_qso_by_item,019eb11c-410a-7ffb-86e6-a0294c669670,712b284ee4d783f28b8288e22d8b2fbf06bc22958f920698e9705a5c044a1ea9,7687663925,7,1,MA.2.FR.1.1,STALE_CUBE_ROW,18.0000,,18.0000,
cube_qso_by_item,019eb11c-410a-7ffb-86e6-a0294c669670,ff14856b47873b9004816d81a15c1eaaeeda5ece624b3821426e632b00a983d9,7702555934,12,1,MA.5.DP.1.1,STALE_CUBE_ROW,19.0000,,20.0000,
cube_qso_by_item,019eb11c-410a-7ffb-86e6-a0294c669670,8ff7d3c471464bf6f707fa164f14a332257879a9d8ef2ce966a4b05d1a22276d,7338033968,32,1,SOC.7.SS.7.C.3.11,STALE_CUBE_ROW,11.0000,,18.0000,
cube_qso_by_item,019eb11c-410a-7ffb-86e6-a0294c669670,761ccd209b5e294d6d5e35a8498ece0d62cac0ff4bb349e669127a6556c5bd4d,7893373621,9,n/a,MA.1.NSO.1.2,STALE_CUBE_ROW,14.0000,,20.0000,
cube_qso_by_item,019eb11c-413b-7a66-a7d8-a18f14736ede,07c8e49d5072074c54cfbdb917a6910defa630b9401691850e4426bd67b5f44e,7997342490,17,n/a,SCI.5.SC.5.P.11.1,VALUE_DRIFT,14.0000,14.0000,18.0000,19.0000
cube_qso_by_item,019eb11c-410a-7ffb-86e6-a0294c669670,df6c0856658a84abee3dced09e1e891e3c24630d4f2433dc5242e2ee425e37f8,7702561239,1,n/a,MA.K.GR.1.1,STALE_CUBE_ROW,19.0000,,19.0000,
cube_qso_by_item,019eb11c-410a-7ffb-86e6-a0294c669670,8ff7d3c471464bf6f707fa164f14a332257879a9d8ef2ce966a4b05d1a22276d,7338033968,37,n/a,SOC.7.SS.7.C.3.10,STALE_CUBE_ROW,5.0000,,6.0000,
cube_qso_by_item,019eb11c-413b-7a66-a7d8-a18f14736ede,ac37ee2bfb7dd9ee549eb48c6e3ecdc90df460bb0c15d5180e5df85a198eadd6,8200948721,3,1,MA.2.NSO.2.3,STALE_CUBE_ROW,15.0000,,15.0000,
cube_qso_by_item,019eb11c-410a-7ffb-86e6-a0294c669670,8ff7d3c471464bf6f707fa164f14a332257879a9d8ef2ce966a4b05d1a22276d,7338033968,30,n/a,SS.7.G.2.3,STALE_CUBE_ROW,41.0000,,54.0000,
cube_qso_by_item,019eb11c-410a-7ffb-86e6-a0294c669670,8d09f64792084dbd63d01b6e090c8448fdca27813af839ce179a6c2782f6c0ff,7334679341,13,n/a,ELA.2.R.1.1,STALE_CUBE_ROW,12.0000,,16.0000,
cube_qso_by_item,019eb11c-413b-7a66-a7d8-a18f14736ede,ac37ee2bfb7dd9ee549eb48c6e3ecdc90df460bb0c15d5180e5df85a198eadd6,8200948721,7,1,MA.2.NSO.2.3,STALE_CUBE_ROW,12.0000,,15.0000,
cube_qso_by_item,019eb11c-410a-7ffb-86e6-a0294c669670,712b284ee4d783f28b8288e22d8b2fbf06bc22958f920698e9705a5c044a1ea9,7687663925,11,1,MA.2.FR.1.1,STALE_CUBE_ROW,15.0000,,18.0000,
cube_qso_by_item,019eb11c-410a-7ffb-86e6-a0294c669670,712b284ee4d783f28b8288e22d8b2fbf06bc22958f920698e9705a5c044a1ea9,7687663925,1,n/a,MA.2.FR.1.1,STALE_CUBE_ROW,18.0000,,18.0000,
cube_qso_by_item,019eb11c-410a-7ffb-86e6-a0294c669670,761ccd209b5e294d6d5e35a8498ece0d62cac0ff4bb349e669127a6556c5bd4d,7893373621,20,1,MA.1.NSO.1.1,STALE_CUBE_ROW,17.0000,,20.0000,
cube_qso_by_item,019eb11c-410a-7ffb-86e6-a0294c669670,761ccd209b5e294d6d5e35a8498ece0d62cac0ff4bb349e669127a6556c5bd4d,7893373621,16,n/a,MA.1.NSO.1.3,STALE_CUBE_ROW,16.0000,,20.0000,
cube_qso_by_item,019eb11c-410a-7ffb-86e6-a0294c669670,8ff7d3c471464bf6f707fa164f14a332257879a9d8ef2ce966a4b05d1a22276d,7338033968,31,10,SOC.7.SS.7.C.3.10,STALE_CUBE_ROW,250.0000,,270.0000,
cube_qso_by_item,019eb11c-410a-7ffb-86e6-a0294c669670,ea792c51ab8c497ae42b0b95fe74e9b5fadac0efc40a17bef76240595411392b,8346484076,5,1,Other,STALE_CUBE_ROW,10.0000,,17.0000,
cube_qso_by_item,019eb11c-410a-7ffb-86e6-a0294c669670,1cb82c7bab46cbcc82c6c2e2b39360c42da660b8bf3c2b84a609699ac62b7a6a,8325672509,12,n/a,MA.6.MAFS.6.SP.1.2,STALE_CUBE_ROW,2.0000,,2.0000,
cube_qso_by_item,019eb11c-410a-7ffb-86e6-a0294c669670,ea792c51ab8c497ae42b0b95fe74e9b5fadac0efc40a17bef76240595411392b,8346484076,10,1,Other,STALE_CUBE_ROW,13.0000,,17.0000,
cube_qso_by_item,019eb11c-410a-7ffb-86e6-a0294c669670,761ccd209b5e294d6d5e35a8498ece0d62cac0ff4bb349e669127a6556c5bd4d,7893373621,6,n/a,MA.1.NSO.1.1,STALE_CUBE_ROW,9.0000,,20.0000,
cube_qso_by_item,019eb11c-413b-7a66-a7d8-a18f14736ede,93dca55fc1a0fa8988d5f87ce091a098ab0c02fc0df3bc4ec9e01ee180e965ea,7891846801,10,n/a,SCI.5.SC.5.P.11.1,STALE_CUBE_ROW,17.0000,,19.0000,
cube_qso_by_item,019eb11c-413b-7a66-a7d8-a18f14736ede,27aa30fd019932f7444692363539d0c2333d8fb5be34bddcca6e59bcb5a0431e,7891794271,10,n/a,SCI.3.SC.3.L.15.1,STALE_CUBE_ROW,16.0000,,17.0000,
cube_qso_by_item,019eb11c-413b-7a66-a7d8-a18f14736ede,07c8e49d5072074c54cfbdb917a6910defa630b9401691850e4426bd67b5f44e,7997342490,19,n/a,SCI.5.SC.5.P.11.1,VALUE_DRIFT,13.0000,13.0000,18.0000,19.0000
cube_qso_by_item,019eb11c-410a-7ffb-86e6-a0294c669670,761ccd209b5e294d6d5e35a8498ece0d62cac0ff4bb349e669127a6556c5bd4d,7893373621,13,n/a,MA.1.NSO.1.2,STALE_CUBE_ROW,19.0000,,20.0000,
cube_qso_by_item,019eb11c-410a-7ffb-86e6-a0294c669670,1cb82c7bab46cbcc82c6c2e2b39360c42da660b8bf3c2b84a609699ac62b7a6a,8325672509,12,n/a,MA.6.MAFS.6.SP.1.2,STALE_CUBE_ROW,0.5000,,1.0000,
cube_qso_by_item,019eb11c-410a-7ffb-86e6-a0294c669670,8ff7d3c471464bf6f707fa164f14a332257879a9d8ef2ce966a4b05d1a22276d,7338033968,37,n/a,SOC.7.SS.7.C.3.10,STALE_CUBE_ROW,3.0000,,4.0000,
cube_qso_by_item,019eb11c-410a-7ffb-86e6-a0294c669670,1cb82c7bab46cbcc82c6c2e2b39360c42da660b8bf3c2b84a609699ac62b7a6a,8325672509,11,n/a,MA.6.MAFS.6.SP.2.4,STALE_CUBE_ROW,5.0000,,7.0000,
cube_qso_by_item,019eb11c-410a-7ffb-86e6-a0294c669670,ea792c51ab8c497ae42b0b95fe74e9b5fadac0efc40a17bef76240595411392b,8346484076,12,1,Other,STALE_CUBE_ROW,8.0000,,17.0000,
cube_qso_by_item,019eb11c-410a-7ffb-86e6-a0294c669670,386e522dbcbadf165567ad4a76daec2adbf8342795065067e4c639b094412abf,7598715892,1,1,Other,STALE_CUBE_ROW,155.0000,,162.0000,
cube_qso_by_item,019eb11c-410a-7ffb-86e6-a0294c669670,8ff7d3c471464bf6f707fa164f14a332257879a9d8ef2ce966a4b05d1a22276d,7338033968,9,n/a,SOC.7.SS.7.C.3.14,STALE_CUBE_ROW,5.0000,,5.0000,
cube_qso_by_item,019eb11c-410a-7ffb-86e6-a0294c669670,444f30efcce21d5743e68fe3b4b0d4ab8ba60e221fdd048befc8b1438e3549ae,7613842590,2,n/a,Other,STALE_CUBE_ROW,15.0000,,19.0000,
cube_qso_by_item,019eb11c-410a-7ffb-86e6-a0294c669670,ea792c51ab8c497ae42b0b95fe74e9b5fadac0efc40a17bef76240595411392b,8346484076,11,1,Other,STALE_CUBE_ROW,13.0000,,17.0000,
cube_qso_by_item,019eb11c-410a-7ffb-86e6-a0294c669670,712b284ee4d783f28b8288e22d8b2fbf06bc22958f920698e9705a5c044a1ea9,7687678128,5,1,MA.2.FR.1.1,STALE_CUBE_ROW,15.0000,,20.0000,
cube_qso_by_item,019eb11c-413b-7a66-a7d8-a18f14736ede,07c8e49d5072074c54cfbdb917a6910defa630b9401691850e4426bd67b5f44e,7997342490,7,n/a,SCI.5.SC.5.P.11.1,VALUE_DRIFT,16.0000,16.0000,19.0000,20.0000
cube_qso_by_item,019eb11c-410a-7ffb-86e6-a0294c669670,df6c0856658a84abee3dced09e1e891e3c24630d4f2433dc5242e2ee425e37f8,7702561239,17,n/a,MA.K.GR.1.1,STALE_CUBE_ROW,18.0000,,19.0000,
cube_qso_by_item,019eb11c-413b-7a66-a7d8-a18f14736ede,93dca55fc1a0fa8988d5f87ce091a098ab0c02fc0df3bc4ec9e01ee180e965ea,7997342490,2,n/a,SCI.5.SC.5.N.1.1,STALE_CUBE_ROW,0.0000,,1.0000,
cube_qso_by_item,019eb11c-410a-7ffb-86e6-a0294c669670,8ff7d3c471464bf6f707fa164f14a332257879a9d8ef2ce966a4b05d1a22276d,7338033968,5,n/a,SOC.7.SS.7.C.3.14,STALE_CUBE_ROW,11.0000,,18.0000,
cube_qso_by_item,019eb11c-413b-7a66-a7d8-a18f14736ede,5f9da398894f7e5436bec90daf65aac33bfe4ffcf8a6e6a58cb1d73500fdcaad,7891742813,6,n/a,SCI.2.SC.2.P.8.1,STALE_CUBE_ROW,12.0000,,17.0000,
cube_qso_by_item,019eb11c-413b-7a66-a7d8-a18f14736ede,93dca55fc1a0fa8988d5f87ce091a098ab0c02fc0df3bc4ec9e01ee180e965ea,7997342490,15,n/a,SCI.5.SC.5.P.11.1,STALE_CUBE_ROW,0.0000,,1.0000,
cube_qso_by_item,019eb11c-413c-7ed9-872e-0fe5e9a947b6,d6885dcaa7c6c9bd62796b6eae7685df775d93bb36d3d14232e34d89e947c020,7935427775,9,1,MA.3.GR.1,STALE_CUBE_ROW,11.3333,,13.0000,
cube_qso_by_item,019eb11c-413c-7ed9-872e-0fe5e9a947b6,db4bf6655b5b7024fb07d171e484028e612e82e080987814c3e80730a8ac439e,8358079682,2,n/a,MA.2.FR.1.1,STALE_CUBE_ROW,16.0000,,16.0000,
cube_qso_by_item,019eb11c-413b-7a66-a7d8-a18f14736ede,ac37ee2bfb7dd9ee549eb48c6e3ecdc90df460bb0c15d5180e5df85a198eadd6,8200948758,3,1,MA.2.NSO.2.3,STALE_CUBE_ROW,8.5000,,14.0000,
cube_qso_by_item,019eb11c-410a-7ffb-86e6-a0294c669670,761ccd209b5e294d6d5e35a8498ece0d62cac0ff4bb349e669127a6556c5bd4d,7893373621,3,1,MA.1.NSO.1.3,STALE_CUBE_ROW,32.0000,,40.0000,
cube_qso_by_item,019eb11c-410a-7ffb-86e6-a0294c669670,df6c0856658a84abee3dced09e1e891e3c24630d4f2433dc5242e2ee425e37f8,7702561239,6,n/a,MA.K.GR.1.1,STALE_CUBE_ROW,18.0000,,19.0000,
cube_qso_by_item,019eb11c-410a-7ffb-86e6-a0294c669670,8ff7d3c471464bf6f707fa164f14a332257879a9d8ef2ce966a4b05d1a22276d,7338033968,20,n/a,SS.7.E.1.5,STALE_CUBE_ROW,6.0000,,7.0000,
cube_qso_by_item,019eb11c-413b-7a66-a7d8-a18f14736ede,27aa30fd019932f7444692363539d0c2333d8fb5be34bddcca6e59bcb5a0431e,7891794271,8,n/a,SCI.3.SC.3.L.15.1,STALE_CUBE_ROW,5.0000,,17.0000,
cube_qso_by_item,019eb11c-410a-7ffb-86e6-a0294c669670,712b284ee4d783f28b8288e22d8b2fbf06bc22958f920698e9705a5c044a1ea9,7687678128,14,n/a,MA.2.FR.1.2,STALE_CUBE_ROW,19.0000,,20.0000,
cube_qso_by_item,019eb11c-413b-7a66-a7d8-a18f14736ede,07c8e49d5072074c54cfbdb917a6910defa630b9401691850e4426bd67b5f44e,7997342490,5,n/a,SCI.5.SC.5.P.11.1,VALUE_DRIFT,12.0000,12.0000,19.0000,20.0000
cube_qso_by_item,019eb11c-410a-7ffb-86e6-a0294c669670,10c2d31991c5405ce8b7c857d4c557f468765fc05fb7a12591a7b6268046c876,7620225345,3,n/a,Other,STALE_CUBE_ROW,18.0000,,19.0000,
cube_qso_by_item,019eb11c-410a-7ffb-86e6-a0294c669670,8ff7d3c471464bf6f707fa164f14a332257879a9d8ef2ce966a4b05d1a22276d,7338033968,39,n/a,SOC.7.SS.7.C.3.8,STALE_CUBE_ROW,2.0000,,3.0000,
cube_qso_by_item,019eb11c-410a-7ffb-86e6-a0294c669670,8ff7d3c471464bf6f707fa164f14a332257879a9d8ef2ce966a4b05d1a22276d,7338033968,20,n/a,SS.7.E.1.5,STALE_CUBE_ROW,4.0000,,4.0000,
cube_qso_by_item,019eb11c-410a-7ffb-86e6-a0294c669670,df6c0856658a84abee3dced09e1e891e3c24630d4f2433dc5242e2ee425e37f8,7702561239,8,n/a,MA.K.GR.1.1,STALE_CUBE_ROW,19.0000,,19.0000,
cube_qso_by_item,019eb11c-410a-7ffb-86e6-a0294c669670,9715a10dbf80dae8d94ae01e200df982236ada98bcd79115529f2f5e3d4bc399,7637896011,8,n/a,Other,STALE_CUBE_ROW,9.0000,,17.0000,
cube_qso_by_item,019eb11c-410a-7ffb-86e6-a0294c669670,712b284ee4d783f28b8288e22d8b2fbf06bc22958f920698e9705a5c044a1ea9,7687678128,2,n/a,MA.2.FR.1.1,STALE_CUBE_ROW,20.0000,,20.0000,
cube_qso_by_item,019eb11c-413b-7a66-a7d8-a18f14736ede,07c8e49d5072074c54cfbdb917a6910defa630b9401691850e4426bd67b5f44e,7997342490,10,n/a,SCI.5.SC.5.P.11.1,VALUE_DRIFT,16.0000,16.0000,19.0000,20.0000
cube_qso_by_item,019eb11c-413b-7a66-a7d8-a18f14736ede,93dca55fc1a0fa8988d5f87ce091a098ab0c02fc0df3bc4ec9e01ee180e965ea,7891846801,3,n/a,SCI.5.SC.5.P.11.1,STALE_CUBE_ROW,14.0000,,19.0000,
cube_qso_by_item,019eb11c-410a-7ffb-86e6-a0294c669670,761ccd209b5e294d6d5e35a8498ece0d62cac0ff4bb349e669127a6556c5bd4d,7893373621,8,n/a,MA.1.NSO.1.1,STALE_CUBE_ROW,16.0000,,20.0000,
cube_qso_by_item,019eb11c-410a-7ffb-86e6-a0294c669670,8ff7d3c471464bf6f707fa164f14a332257879a9d8ef2ce966a4b05d1a22276d,7338033968,17,n/a,SOC.7.SS.7.C.2.13,STALE_CUBE_ROW,7.0000,,7.0000,
cube_qso_by_item,019eb11c-410a-7ffb-86e6-a0294c669670,ea792c51ab8c497ae42b0b95fe74e9b5fadac0efc40a17bef76240595411392b,8346484076,1,n/a,Other,STALE_CUBE_ROW,17.0000,,17.0000,
cube_qso_by_item,019eb11c-410a-7ffb-86e6-a0294c669670,8ff7d3c471464bf6f707fa164f14a332257879a9d8ef2ce966a4b05d1a22276d,7338033968,20,n/a,SS.7.E.1.5,STALE_CUBE_ROW,2.0000,,2.0000,
cube_qso_by_item,019eb11c-413b-7a66-a7d8-a18f14736ede,93dca55fc1a0fa8988d5f87ce091a098ab0c02fc0df3bc4ec9e01ee180e965ea,7891846801,1,n/a,SCI.5.SC.5.P.11.1,STALE_CUBE_ROW,15.0000,,19.0000,
cube_qso_by_item,019eb11c-413b-7a66-a7d8-a18f14736ede,93dca55fc1a0fa8988d5f87ce091a098ab0c02fc0df3bc4ec9e01ee180e965ea,7997342490,11,n/a,SCI.5.SC.5.P.11.1,STALE_CUBE_ROW,0.0000,,1.0000,
cube_qso_by_item,019eb11c-410a-7ffb-86e6-a0294c669670,9bd8f632236b0acd026a691a3e75b902c4c04155931cf1371fa8313464c25535,7338399404,14,n/a,SCI.3.SC.3.L.14.1,STALE_CUBE_ROW,18.0000,,20.0000,
cube_qso_by_item,019eb11c-410a-7ffb-86e6-a0294c669670,8ff7d3c471464bf6f707fa164f14a332257879a9d8ef2ce966a4b05d1a22276d,7338033968,9,n/a,SOC.7.SS.7.C.3.14,STALE_CUBE_ROW,5.0000,,5.0000,
cube_qso_by_item,019eb11c-410a-7ffb-86e6-a0294c669670,1cb82c7bab46cbcc82c6c2e2b39360c42da660b8bf3c2b84a609699ac62b7a6a,8325672509,17,n/a,MA.6.MAFS.6.SP.2.5.c,STALE_CUBE_ROW,1.0000,,3.0000,
cube_qso_by_item,019eb11c-410a-7ffb-86e6-a0294c669670,761ccd209b5e294d6d5e35a8498ece0d62cac0ff4bb349e669127a6556c5bd4d,7893373621,1,n/a,MA.1.NSO.1.3,STALE_CUBE_ROW,16.6667,,20.0000,
cube_qso_by_item,019eb11c-410a-7ffb-86e6-a0294c669670,9bd8f632236b0acd026a691a3e75b902c4c04155931cf1371fa8313464c25535,7338399404,7,n/a,SCI.3.SC.3.L.14.1,STALE_CUBE_ROW,17.0000,,20.0000,
cube_qso_by_item,019eb11c-410a-7ffb-86e6-a0294c669670,1cb82c7bab46cbcc82c6c2e2b39360c42da660b8bf3c2b84a609699ac62b7a6a,8325672509,12,n/a,MA.6.MAFS.6.SP.1.2,STALE_CUBE_ROW,1.0000,,2.0000,
cube_qso_by_item,019eb11c-410a-7ffb-86e6-a0294c669670,df6c0856658a84abee3dced09e1e891e3c24630d4f2433dc5242e2ee425e37f8,7702561239,12,n/a,MA.K.GR.1.1,STALE_CUBE_ROW,5.0000,,19.0000,
cube_qso_by_item,019eb11c-410a-7ffb-86e6-a0294c669670,712b284ee4d783f28b8288e22d8b2fbf06bc22958f920698e9705a5c044a1ea9,7687678128,20,1,MA.2.FR.1.1,STALE_CUBE_ROW,20.0000,,20.0000,
cube_qso_by_item,019eb11c-410a-7ffb-86e6-a0294c669670,9208d4bd314ba55a8288e84d81d0cc8de027e6d9b329f1871ac1640796c4ec83,7624644120,1,1,Other,STALE_CUBE_ROW,13.0000,,19.0000,
cube_qso_by_item,019eb11c-413b-7a66-a7d8-a18f14736ede,93dca55fc1a0fa8988d5f87ce091a098ab0c02fc0df3bc4ec9e01ee180e965ea,7891846801,20,n/a,SCI.5.SC.5.P.11.1,STALE_CUBE_ROW,16.0000,,19.0000,
cube_qso_by_item,019eb11c-410a-7ffb-86e6-a0294c669670,10c2d31991c5405ce8b7c857d4c557f468765fc05fb7a12591a7b6268046c876,7620225345,4,n/a,Other,STALE_CUBE_ROW,18.0000,,19.0000,
cube_qso_by_item,019eb11c-410a-7ffb-86e6-a0294c669670,8d09f64792084dbd63d01b6e090c8448fdca27813af839ce179a6c2782f6c0ff,7334679341,7,n/a,ELA.2.C.3.1,STALE_CUBE_ROW,12.0000,,16.0000,
cube_qso_by_item,019eb11c-410a-7ffb-86e6-a0294c669670,8d09f64792084dbd63d01b6e090c8448fdca27813af839ce179a6c2782f6c0ff,7334679341,2,n/a,ELA.2.V.1.3,STALE_CUBE_ROW,13.0000,,16.0000,
cube_qso_by_item,019eb11c-413b-7a66-a7d8-a18f14736ede,ac37ee2bfb7dd9ee549eb48c6e3ecdc90df460bb0c15d5180e5df85a198eadd6,8200948721,8,n/a,MA.2.NSO.2.3,STALE_CUBE_ROW,7.0000,,15.0000,
cube_qso_by_item,019eb11c-410a-7ffb-86e6-a0294c669670,712b284ee4d783f28b8288e22d8b2fbf06bc22958f920698e9705a5c044a1ea9,7687663925,13,n/a,MA.2.FR.1.2,STALE_CUBE_ROW,17.0000,,18.0000,
cube_qso_by_item,019eb11c-410a-7ffb-86e6-a0294c669670,761ccd209b5e294d6d5e35a8498ece0d62cac0ff4bb349e669127a6556c5bd4d,7893373621,10,1,MA.1.NSO.1.2,STALE_CUBE_ROW,17.0000,,20.0000,
cube_qso_by_item,019eb11c-410a-7ffb-86e6-a0294c669670,ff14856b47873b9004816d81a15c1eaaeeda5ece624b3821426e632b00a983d9,7702555934,14,n/a,MA.5.DP.1.1,STALE_CUBE_ROW,14.0000,,20.0000,
cube_qso_by_item,019eb11c-413c-7ed9-872e-0fe5e9a947b6,db4bf6655b5b7024fb07d171e484028e612e82e080987814c3e80730a8ac439e,8358079682,10,1,MA.2.FR.1.2,STALE_CUBE_ROW,16.0000,,16.0000,
cube_qso_by_item,019eb11c-410a-7ffb-86e6-a0294c669670,8d09f64792084dbd63d01b6e090c8448fdca27813af839ce179a6c2782f6c0ff,7334679341,1,n/a,ELA.2.R.2.2,STALE_CUBE_ROW,12.0000,,16.0000,
cube_qso_by_item,019eb11c-410a-7ffb-86e6-a0294c669670,1cb82c7bab46cbcc82c6c2e2b39360c42da660b8bf3c2b84a609699ac62b7a6a,8325672509,7,n/a,MA.6.MAFS.6.SP.2.5.c,STALE_CUBE_ROW,2.0000,,3.0000,
cube_qso_by_item,019eb11c-413b-7a66-a7d8-a18f14736ede,27aa30fd019932f7444692363539d0c2333d8fb5be34bddcca6e59bcb5a0431e,7891794271,15,n/a,SCI.3.SC.3.L.15.2,STALE_CUBE_ROW,13.0000,,17.0000,
cube_qso_by_item,019eb11c-413b-7a66-a7d8-a18f14736ede,ff238994c7055067dda58c0c1c16b6f9d0b55941a24adad310734a3e63068cd2,7806926683,3,n/a,ELA.2.R.2.4,STALE_CUBE_ROW,6.0000,,13.0000,
cube_qso_by_item,019eb11c-410a-7ffb-86e6-a0294c669670,9208d4bd314ba55a8288e84d81d0cc8de027e6d9b329f1871ac1640796c4ec83,7624644120,3,1,Other,STALE_CUBE_ROW,16.0000,,19.0000,
cube_qso_by_item,019eb11c-410a-7ffb-86e6-a0294c669670,712b284ee4d783f28b8288e22d8b2fbf06bc22958f920698e9705a5c044a1ea9,7687663925,8,n/a,MA.2.FR.1.1,STALE_CUBE_ROW,18.0000,,18.0000,
cube_qso_by_item,019eb11c-410a-7ffb-86e6-a0294c669670,8d09f64792084dbd63d01b6e090c8448fdca27813af839ce179a6c2782f6c0ff,7334679341,12,n/a,ELA.2.R.1.1,STALE_CUBE_ROW,14.0000,,16.0000,
cube_qso_by_item,019eb11c-413b-7a66-a7d8-a18f14736ede,ff238994c7055067dda58c0c1c16b6f9d0b55941a24adad310734a3e63068cd2,7806926683,13,n/a,LA.2.LA.2.1.7.4,STALE_CUBE_ROW,12.0000,,13.0000,
cube_qso_by_item,019eb11c-410a-7ffb-86e6-a0294c669670,df6c0856658a84abee3dced09e1e891e3c24630d4f2433dc5242e2ee425e37f8,7702561239,14,n/a,MA.K.GR.1.1,STALE_CUBE_ROW,19.0000,,19.0000,
cube_qso_by_item,019eb11c-410a-7ffb-86e6-a0294c669670,712b284ee4d783f28b8288e22d8b2fbf06bc22958f920698e9705a5c044a1ea9,7687663925,19,1,MA.2.FR.1.1,STALE_CUBE_ROW,18.0000,,18.0000,
cube_qso_by_item,019eb11c-410a-7ffb-86e6-a0294c669670,1cb82c7bab46cbcc82c6c2e2b39360c42da660b8bf3c2b84a609699ac62b7a6a,8325672509,12,n/a,MA.6.MAFS.6.SP.1.2,STALE_CUBE_ROW,2.0000,,2.0000,
cube_qso_by_item,019eb11c-413b-7a66-a7d8-a18f14736ede,ff238994c7055067dda58c0c1c16b6f9d0b55941a24adad310734a3e63068cd2,7806926683,12,n/a,LA.2.LA.2.1.6.3,STALE_CUBE_ROW,8.0000,,13.0000,
cube_qso_by_item,019eb11c-410a-7ffb-86e6-a0294c669670,9bd8f632236b0acd026a691a3e75b902c4c04155931cf1371fa8313464c25535,7338399404,17,n/a,SCI.3.SC.3.L.14.2,STALE_CUBE_ROW,17.0000,,20.0000,
cube_qso_by_item,019eb11c-410a-7ffb-86e6-a0294c669670,712b284ee4d783f28b8288e22d8b2fbf06bc22958f920698e9705a5c044a1ea9,7687678128,3,n/a,MA.2.FR.1.1,STALE_CUBE_ROW,18.0000,,20.0000,
cube_qso_by_item,019eb11c-410a-7ffb-86e6-a0294c669670,1cb82c7bab46cbcc82c6c2e2b39360c42da660b8bf3c2b84a609699ac62b7a6a,8325672509,7,n/a,MA.6.MAFS.6.SP.2.5.c,STALE_CUBE_ROW,5.0000,,5.0000,
cube_qso_by_item,019eb11c-413b-7a66-a7d8-a18f14736ede,27aa30fd019932f7444692363539d0c2333d8fb5be34bddcca6e59bcb5a0431e,7891794271,20,n/a,SCI.3.SC.3.L.15.2,STALE_CUBE_ROW,9.0000,,17.0000,
cube_qso_by_item,019eb11c-413b-7a66-a7d8-a18f14736ede,5f9da398894f7e5436bec90daf65aac33bfe4ffcf8a6e6a58cb1d73500fdcaad,7891742813,10,n/a,SCI.2.SC.2.N.1.5,STALE_CUBE_ROW,15.0000,,17.0000,
cube_qso_by_item,019eb11c-410a-7ffb-86e6-a0294c669670,df6c0856658a84abee3dced09e1e891e3c24630d4f2433dc5242e2ee425e37f8,7702561239,9,n/a,MA.K.GR.1.1,STALE_CUBE_ROW,14.0000,,19.0000,
cube_qso_by_item,019eb11c-410a-7ffb-86e6-a0294c669670,761ccd209b5e294d6d5e35a8498ece0d62cac0ff4bb349e669127a6556c5bd4d,7893373621,17,n/a,MA.1.NSO.1.3,STALE_CUBE_ROW,11.0000,,20.0000,
cube_qso_by_item,019eb11c-410a-7ffb-86e6-a0294c669670,1cb82c7bab46cbcc82c6c2e2b39360c42da660b8bf3c2b84a609699ac62b7a6a,8325672509,18,n/a,MA.6.MAFS.6.SP.1.3,STALE_CUBE_ROW,3.0000,,4.0000,
cube_qso_by_item,019eb11c-413b-7a66-a7d8-a18f14736ede,93dca55fc1a0fa8988d5f87ce091a098ab0c02fc0df3bc4ec9e01ee180e965ea,7997342490,9,n/a,SCI.5.SC.5.P.11.2,STALE_CUBE_ROW,1.0000,,1.0000,
cube_qso_by_item,019eb11c-410a-7ffb-86e6-a0294c669670,ff14856b47873b9004816d81a15c1eaaeeda5ece624b3821426e632b00a983d9,7702555934,16,1,MA.5.DP.1.1,STALE_CUBE_ROW,11.0000,,20.0000,
cube_qso_by_item,019eb11c-413b-7a66-a7d8-a18f14736ede,3047dc225659950d4163e02e054092b0267bf829dbe0a7375e08229a7e8aa83d,7997317688,1,n/a,SCI.4.SC.4.L.17.4,STALE_CUBE_ROW,5.0000,,11.0000,
cube_qso_by_item,019eb11c-410a-7ffb-86e6-a0294c669670,1cb82c7bab46cbcc82c6c2e2b39360c42da660b8bf3c2b84a609699ac62b7a6a,8325672509,12,n/a,MA.6.MAFS.6.SP.1.2,STALE_CUBE_ROW,1.0000,,1.0000,
cube_qso_by_item,019eb11c-410a-7ffb-86e6-a0294c669670,10c2d31991c5405ce8b7c857d4c557f468765fc05fb7a12591a7b6268046c876,7620225345,2,n/a,Other,STALE_CUBE_ROW,19.0000,,19.0000,
cube_qso_by_item,019eb11c-410a-7ffb-86e6-a0294c669670,1cb82c7bab46cbcc82c6c2e2b39360c42da660b8bf3c2b84a609699ac62b7a6a,8325672509,12,n/a,MA.6.MAFS.6.SP.1.2,STALE_CUBE_ROW,1.0000,,1.0000,
cube_qso_by_item,019eb11c-410a-7ffb-86e6-a0294c669670,8d09f64792084dbd63d01b6e090c8448fdca27813af839ce179a6c2782f6c0ff,7334679341,11,n/a,ELA.2.R.1.1,STALE_CUBE_ROW,13.0000,,16.0000,
cube_qso_by_item,019eb11c-413b-7a66-a7d8-a18f14736ede,93dca55fc1a0fa8988d5f87ce091a098ab0c02fc0df3bc4ec9e01ee180e965ea,7891846801,19,n/a,SCI.5.SC.5.P.11.1,STALE_CUBE_ROW,17.0000,,19.0000,
cube_qso_by_item,019eb11c-413b-7a66-a7d8-a18f14736ede,ac37ee2bfb7dd9ee549eb48c6e3ecdc90df460bb0c15d5180e5df85a198eadd6,8180432402,7,1,MA.2.NSO.2.3,STALE_CUBE_ROW,13.0000,,14.0000,
cube_qso_by_item,019eb11c-413b-7a66-a7d8-a18f14736ede,3047dc225659950d4163e02e054092b0267bf829dbe0a7375e08229a7e8aa83d,7997317688,2,n/a,SCI.4.SC.4.L.17.4,STALE_CUBE_ROW,4.0000,,11.0000,
cube_qso_by_item,019eb11c-410a-7ffb-86e6-a0294c669670,9dfd47961f78cda8d9695c9dd3a1a530c3d81b8ef65c5fb5b802bd221cefad14,7687741861,6,n/a,MA.K.NSO.3.1,STALE_CUBE_ROW,17.0000,,19.0000,
cube_qso_by_item,019eb11c-410a-7ffb-86e6-a0294c669670,ea792c51ab8c497ae42b0b95fe74e9b5fadac0efc40a17bef76240595411392b,8346484076,4,1,Other,STALE_CUBE_ROW,10.8000,,17.0000,
cube_qso_by_item,019eb11c-410a-7ffb-86e6-a0294c669670,9dfd47961f78cda8d9695c9dd3a1a530c3d81b8ef65c5fb5b802bd221cefad14,7687741861,12,n/a,MA.K.NSO.2.2,STALE_CUBE_ROW,14.0000,,19.0000,
cube_qso_by_item,019eb11c-413b-7a66-a7d8-a18f14736ede,3047dc225659950d4163e02e054092b0267bf829dbe0a7375e08229a7e8aa83d,7997317688,15,n/a,SCI.4.SC.4.L.17.3,STALE_CUBE_ROW,8.0000,,11.0000,
cube_qso_by_item,019eb11c-410a-7ffb-86e6-a0294c669670,7d05f8dffe7639f2bdaaf1852c81fa54dbcd29ae28c99f36950bcacb837fc861,7789640645,16,1,MA.4.M.2.1,STALE_CUBE_ROW,16.0000,,21.0000,
cube_qso_by_item,019eb11c-410a-7ffb-86e6-a0294c669670,8ff7d3c471464bf6f707fa164f14a332257879a9d8ef2ce966a4b05d1a22276d,7338033968,33,1,SOC.7.SS.7.C.2.13,STALE_CUBE_ROW,18.0000,,18.0000,
cube_qso_by_item,019eb11c-410a-7ffb-86e6-a0294c669670,9715a10dbf80dae8d94ae01e200df982236ada98bcd79115529f2f5e3d4bc399,7637896011,7,n/a,Other,STALE_CUBE_ROW,13.0000,,17.0000,
cube_qso_by_item,019eb11c-410a-7ffb-86e6-a0294c669670,d96da99c4a88cdc32e83e27b6038260321c0233f6f6ca41f5b3cc6fabefcaa14,8336110460,1,1,Other,STALE_CUBE_ROW,138.0000,,160.0000,
cube_qso_by_item,019eb11c-413b-7a66-a7d8-a18f14736ede,93dca55fc1a0fa8988d5f87ce091a098ab0c02fc0df3bc4ec9e01ee180e965ea,7891846801,14,n/a,SCI.5.SC.5.P.11.1,STALE_CUBE_ROW,13.0000,,19.0000,
cube_qso_by_item,019eb11c-410a-7ffb-86e6-a0294c669670,ff14856b47873b9004816d81a15c1eaaeeda5ece624b3821426e632b00a983d9,7702555934,3,1,MA.5.DP.1.2,STALE_CUBE_ROW,10.0000,,20.0000,
cube_qso_by_item,019eb11c-410a-7ffb-86e6-a0294c669670,8ff7d3c471464bf6f707fa164f14a332257879a9d8ef2ce966a4b05d1a22276d,7338033968,37,n/a,SOC.7.SS.7.C.3.10,STALE_CUBE_ROW,2.0000,,3.0000,
cube_qso_by_item,019eb11c-410a-7ffb-86e6-a0294c669670,8ff7d3c471464bf6f707fa164f14a332257879a9d8ef2ce966a4b05d1a22276d,7338033968,39,n/a,SOC.7.SS.7.C.3.8,STALE_CUBE_ROW,6.0000,,6.0000,
cube_qso_by_item,019eb11c-410a-7ffb-86e6-a0294c669670,712b284ee4d783f28b8288e22d8b2fbf06bc22958f920698e9705a5c044a1ea9,7687663925,12,1,MA.2.FR.1.1,STALE_CUBE_ROW,17.0000,,18.0000,
cube_qso_by_item,019eb11c-413b-7a66-a7d8-a18f14736ede,ff238994c7055067dda58c0c1c16b6f9d0b55941a24adad310734a3e63068cd2,7806926683,6,n/a,ELA.2.C.3.1,STALE_CUBE_ROW,9.0000,,13.0000,
cube_qso_by_item,019eb11c-413b-7a66-a7d8-a18f14736ede,ac37ee2bfb7dd9ee549eb48c6e3ecdc90df460bb0c15d5180e5df85a198eadd6,8200948758,7,1,MA.2.NSO.2.3,STALE_CUBE_ROW,9.0000,,14.0000,
cube_qso_by_item,019eb11c-410a-7ffb-86e6-a0294c669670,1cb82c7bab46cbcc82c6c2e2b39360c42da660b8bf3c2b84a609699ac62b7a6a,8325672509,17,n/a,MA.6.MAFS.6.SP.2.5.c,STALE_CUBE_ROW,6.0000,,6.0000,
cube_qso_by_item,019eb11c-410a-7ffb-86e6-a0294c669670,b8c7f0c9cbb0332b714b3009a7b6ce5fa0c9092d0ce4b832abcc04e8910f8b2e,7625528258,2,1,Other,STALE_CUBE_ROW,16.0000,,18.0000,
cube_qso_by_item,019eb11c-410a-7ffb-86e6-a0294c669670,9bd8f632236b0acd026a691a3e75b902c4c04155931cf1371fa8313464c25535,7338399404,8,n/a,SCI.3.SC.3.L.14.2,STALE_CUBE_ROW,19.0000,,20.0000,
cube_qso_by_item,019eb11c-410a-7ffb-86e6-a0294c669670,1cb82c7bab46cbcc82c6c2e2b39360c42da660b8bf3c2b84a609699ac62b7a6a,8325672509,12,n/a,MA.6.MAFS.6.SP.1.2,STALE_CUBE_ROW,0.5000,,2.0000,
cube_qso_by_item,019eb11c-410a-7ffb-86e6-a0294c669670,ea792c51ab8c497ae42b0b95fe74e9b5fadac0efc40a17bef76240595411392b,8346484076,8,n/a,Other,STALE_CUBE_ROW,16.0000,,17.0000,
cube_qso_by_item,019eb11c-413b-7a66-a7d8-a18f14736ede,07c8e49d5072074c54cfbdb917a6910defa630b9401691850e4426bd67b5f44e,7997342490,12,n/a,SCI.5.SC.5.P.11.1,VALUE_DRIFT,19.0000,20.0000,19.0000,20.0000
cube_qso_by_item,019eb11c-413b-7a66-a7d8-a18f14736ede,ac37ee2bfb7dd9ee549eb48c6e3ecdc90df460bb0c15d5180e5df85a198eadd6,8180432402,3,1,MA.2.NSO.2.3,STALE_CUBE_ROW,14.0000,,14.0000,
cube_qso_by_item,019eb11c-413b-7a66-a7d8-a18f14736ede,07c8e49d5072074c54cfbdb917a6910defa630b9401691850e4426bd67b5f44e,7997342490,20,n/a,SCI.5.SC.5.P.11.1,VALUE_DRIFT,16.0000,16.0000,18.0000,19.0000
cube_qso_by_item,019eb11c-413b-7a66-a7d8-a18f14736ede,93dca55fc1a0fa8988d5f87ce091a098ab0c02fc0df3bc4ec9e01ee180e965ea,7997342490,18,n/a,SCI.5.SC.5.P.11.1,STALE_CUBE_ROW,1.0000,,1.0000,
cube_qso_by_item,019eb11c-410a-7ffb-86e6-a0294c669670,ff14856b47873b9004816d81a15c1eaaeeda5ece624b3821426e632b00a983d9,7702555934,11,n/a,MA.5.DP.1.1,STALE_CUBE_ROW,15.0000,,20.0000,
cube_qso_by_item,019eb11c-410a-7ffb-86e6-a0294c669670,ff14856b47873b9004816d81a15c1eaaeeda5ece624b3821426e632b00a983d9,7702555934,5,1,MA.5.DP.1.2,STALE_CUBE_ROW,16.0000,,20.0000,
cube_qso_by_item,019eb11c-410a-7ffb-86e6-a0294c669670,712b284ee4d783f28b8288e22d8b2fbf06bc22958f920698e9705a5c044a1ea9,7687678128,19,1,MA.2.FR.1.1,STALE_CUBE_ROW,19.0000,,20.0000,
cube_qso_by_item,019eb11c-410a-7ffb-86e6-a0294c669670,ea792c51ab8c497ae42b0b95fe74e9b5fadac0efc40a17bef76240595411392b,8346484076,2,1,Other,STALE_CUBE_ROW,15.0000,,17.0000,
cube_qso_by_item,019eb11c-410a-7ffb-86e6-a0294c669670,712b284ee4d783f28b8288e22d8b2fbf06bc22958f920698e9705a5c044a1ea9,7687678128,6,n/a,MA.2.FR.1.1,STALE_CUBE_ROW,17.5000,,20.0000,
cube_qso_by_item,019eb11c-413b-7a66-a7d8-a18f14736ede,ff238994c7055067dda58c0c1c16b6f9d0b55941a24adad310734a3e63068cd2,7806926683,11,n/a,LA.2.LA.2.1.7.4,STALE_CUBE_ROW,13.0000,,13.0000,
cube_qso_by_item,019eb11c-413b-7a66-a7d8-a18f14736ede,ff238994c7055067dda58c0c1c16b6f9d0b55941a24adad310734a3e63068cd2,7806926683,5,n/a,ELA.K12.EE.3.1,STALE_CUBE_ROW,4.0000,,13.0000,
cube_qso_by_item,019eb11c-413b-7a66-a7d8-a18f14736ede,27aa30fd019932f7444692363539d0c2333d8fb5be34bddcca6e59bcb5a0431e,7891794271,11,n/a,SCI.3.SC.3.L.15.1,STALE_CUBE_ROW,8.0000,,17.0000,
cube_qso_by_item,019eb11c-413b-7a66-a7d8-a18f14736ede,27aa30fd019932f7444692363539d0c2333d8fb5be34bddcca6e59bcb5a0431e,7891794271,14,n/a,SCI.3.SC.3.L.15.2,STALE_CUBE_ROW,16.0000,,17.0000,
cube_qso_by_item,019eb11c-410a-7ffb-86e6-a0294c669670,df6c0856658a84abee3dced09e1e891e3c24630d4f2433dc5242e2ee425e37f8,7702561239,13,n/a,MA.K.GR.1.3,STALE_CUBE_ROW,19.0000,,19.0000,
cube_qso_by_item,019eb11c-410a-7ffb-86e6-a0294c669670,444f30efcce21d5743e68fe3b4b0d4ab8ba60e221fdd048befc8b1438e3549ae,7613842590,3,n/a,Other,STALE_CUBE_ROW,31.5000,,38.0000,
cube_qso_by_item,019eb11c-413b-7a66-a7d8-a18f14736ede,27aa30fd019932f7444692363539d0c2333d8fb5be34bddcca6e59bcb5a0431e,7891794271,2,n/a,SCI.3.SC.3.L.15.1,STALE_CUBE_ROW,11.0000,,17.0000,
cube_qso_by_item,019eb11c-413b-7a66-a7d8-a18f14736ede,07c8e49d5072074c54cfbdb917a6910defa630b9401691850e4426bd67b5f44e,7997342490,9,n/a,SCI.5.SC.5.P.11.2,VALUE_DRIFT,18.0000,19.0000,19.0000,20.0000
cube_qso_by_item,019eb11c-410a-7ffb-86e6-a0294c669670,9208d4bd314ba55a8288e84d81d0cc8de027e6d9b329f1871ac1640796c4ec83,7624644120,7,1,Other,STALE_CUBE_ROW,9.0000,,19.0000,
cube_qso_by_item,019eb11c-413b-7a66-a7d8-a18f14736ede,ac37ee2bfb7dd9ee549eb48c6e3ecdc90df460bb0c15d5180e5df85a198eadd6,8180432402,8,n/a,MA.2.NSO.2.3,STALE_CUBE_ROW,10.0000,,14.0000,
cube_qso_by_item,019eb11c-410a-7ffb-86e6-a0294c669670,7d05f8dffe7639f2bdaaf1852c81fa54dbcd29ae28c99f36950bcacb837fc861,7789640645,3,n/a,MA.4.M.2.1,STALE_CUBE_ROW,17.0000,,21.0000,
cube_qso_by_item,019eb11c-410a-7ffb-86e6-a0294c669670,b8c7f0c9cbb0332b714b3009a7b6ce5fa0c9092d0ce4b832abcc04e8910f8b2e,7625528258,1,1,Other,STALE_CUBE_ROW,17.0000,,18.0000,
cube_qso_by_item,019eb11c-413b-7a66-a7d8-a18f14736ede,ff238994c7055067dda58c0c1c16b6f9d0b55941a24adad310734a3e63068cd2,7806926683,7,n/a,ELA.2.C.3.1,STALE_CUBE_ROW,13.0000,,13.0000,
cube_qso_by_item,019eb11c-410a-7ffb-86e6-a0294c669670,9dfd47961f78cda8d9695c9dd3a1a530c3d81b8ef65c5fb5b802bd221cefad14,7687741861,14,n/a,MA.K.NSO.2.2,STALE_CUBE_ROW,16.0000,,19.0000,
cube_qso_by_item,019eb11c-410a-7ffb-86e6-a0294c669670,1cb82c7bab46cbcc82c6c2e2b39360c42da660b8bf3c2b84a609699ac62b7a6a,8325672509,11,n/a,MA.6.MAFS.6.SP.2.4,STALE_CUBE_ROW,3.0000,,3.0000,
cube_qso_by_item,019eb11c-413b-7a66-a7d8-a18f14736ede,93dca55fc1a0fa8988d5f87ce091a098ab0c02fc0df3bc4ec9e01ee180e965ea,7891846801,11,n/a,SCI.5.SC.5.P.11.1,STALE_CUBE_ROW,16.0000,,19.0000,
cube_qso_by_item,019eb11c-410a-7ffb-86e6-a0294c669670,712b284ee4d783f28b8288e22d8b2fbf06bc22958f920698e9705a5c044a1ea9,7687663925,6,n/a,MA.2.FR.1.1,STALE_CUBE_ROW,14.5000,,18.0000,
cube_qso_by_item,019eb11c-413b-7a66-a7d8-a18f14736ede,ac37ee2bfb7dd9ee549eb48c6e3ecdc90df460bb0c15d5180e5df85a198eadd6,8180432402,6,1,MA.2.NSO.2.3,STALE_CUBE_ROW,13.6667,,14.0000,
cube_qso_by_item,019eb11c-410a-7ffb-86e6-a0294c669670,9dfd47961f78cda8d9695c9dd3a1a530c3d81b8ef65c5fb5b802bd221cefad14,7687741861,5,n/a,MA.K.NSO.3.1,STALE_CUBE_ROW,19.0000,,19.0000,
cube_qso_by_item,019eb11c-413b-7a66-a7d8-a18f14736ede,07c8e49d5072074c54cfbdb917a6910defa630b9401691850e4426bd67b5f44e,7997342490,4,n/a,SCI.5.SC.5.P.11.1,VALUE_DRIFT,7.0000,7.0000,19.0000,20.0000
cube_qso_by_item,019eb11c-410a-7ffb-86e6-a0294c669670,8ff7d3c471464bf6f707fa164f14a332257879a9d8ef2ce966a4b05d1a22276d,7338033968,18,n/a,SOC.7.SS.7.C.2.3,STALE_CUBE_ROW,5.0000,,8.0000,
cube_qso_by_item,019eb11c-410a-7ffb-86e6-a0294c669670,9208d4bd314ba55a8288e84d81d0cc8de027e6d9b329f1871ac1640796c4ec83,7624644120,6,1,Other,STALE_CUBE_ROW,8.0000,,19.0000,
cube_qso_by_item,019eb11c-410a-7ffb-86e6-a0294c669670,712b284ee4d783f28b8288e22d8b2fbf06bc22958f920698e9705a5c044a1ea9,7687663925,20,1,MA.2.FR.1.1,STALE_CUBE_ROW,18.0000,,18.0000,
cube_qso_by_item,019eb11c-413b-7a66-a7d8-a18f14736ede,27aa30fd019932f7444692363539d0c2333d8fb5be34bddcca6e59bcb5a0431e,7891794271,13,n/a,SCI.3.SC.3.L.15.1,STALE_CUBE_ROW,11.0000,,17.0000,
cube_qso_by_item,019eb11c-413b-7a66-a7d8-a18f14736ede,93dca55fc1a0fa8988d5f87ce091a098ab0c02fc0df3bc4ec9e01ee180e965ea,7997342490,1,n/a,SCI.5.SC.5.P.11.1,STALE_CUBE_ROW,1.0000,,1.0000,
cube_qso_by_item,019eb11c-413b-7a66-a7d8-a18f14736ede,93dca55fc1a0fa8988d5f87ce091a098ab0c02fc0df3bc4ec9e01ee180e965ea,7891846801,8,n/a,SCI.5.SC.5.P.11.1,STALE_CUBE_ROW,17.0000,,19.0000,
cube_qso_by_item,019eb11c-410a-7ffb-86e6-a0294c669670,8ff7d3c471464bf6f707fa164f14a332257879a9d8ef2ce966a4b05d1a22276d,7338033968,10,n/a,SS.7.E.3.4,STALE_CUBE_ROW,46.5000,,54.0000,
cube_qso_by_item,019eb11c-410a-7ffb-86e6-a0294c669670,dd601c67ccb4221a6562645e816292d3cd461a0c3a49af42c5446b8052242682,7615829935,2,1,Other,STALE_CUBE_ROW,14.0000,,21.0000,
cube_qso_by_item,019eb11c-410a-7ffb-86e6-a0294c669670,761ccd209b5e294d6d5e35a8498ece0d62cac0ff4bb349e669127a6556c5bd4d,7893373621,21,n/a,MA.1.NSO.1.3,STALE_CUBE_ROW,16.0000,,20.0000,
cube_qso_by_item,019eb11c-410a-7ffb-86e6-a0294c669670,761ccd209b5e294d6d5e35a8498ece0d62cac0ff4bb349e669127a6556c5bd4d,7893373621,5,n/a,MA.1.NSO.1.1,STALE_CUBE_ROW,16.0000,,20.0000,
cube_qso_by_item,019eb11c-413b-7a66-a7d8-a18f14736ede,ac37ee2bfb7dd9ee549eb48c6e3ecdc90df460bb0c15d5180e5df85a198eadd6,8200948721,5,1,MA.2.NSO.2.3,STALE_CUBE_ROW,7.0000,,15.0000,
cube_qso_by_item,019eb11c-413b-7a66-a7d8-a18f14736ede,ac37ee2bfb7dd9ee549eb48c6e3ecdc90df460bb0c15d5180e5df85a198eadd6,8180432402,4,n/a,MA.2.NSO.2.3,STALE_CUBE_ROW,14.0000,,14.0000,
cube_qso_by_item,019eb11c-410a-7ffb-86e6-a0294c669670,761ccd209b5e294d6d5e35a8498ece0d62cac0ff4bb349e669127a6556c5bd4d,7893373621,18,n/a,MA.1.NSO.1.1,STALE_CUBE_ROW,15.0000,,20.0000,
cube_qso_by_item,019eb11c-413b-7a66-a7d8-a18f14736ede,27aa30fd019932f7444692363539d0c2333d8fb5be34bddcca6e59bcb5a0431e,7891794271,4,n/a,SCI.3.SC.3.L.15.1,STALE_CUBE_ROW,7.0000,,17.0000,
cube_qso_by_item,019eb11c-410a-7ffb-86e6-a0294c669670,ea792c51ab8c497ae42b0b95fe74e9b5fadac0efc40a17bef76240595411392b,8346484076,9,1,Other,STALE_CUBE_ROW,14.0000,,17.0000,
cube_qso_by_item,019eb11c-410a-7ffb-86e6-a0294c669670,dd601c67ccb4221a6562645e816292d3cd461a0c3a49af42c5446b8052242682,7615829935,5,1,Other,STALE_CUBE_ROW,1.0000,,21.0000,
cube_qso_by_item,019eb11c-410a-7ffb-86e6-a0294c669670,1cb82c7bab46cbcc82c6c2e2b39360c42da660b8bf3c2b84a609699ac62b7a6a,8325672509,12,n/a,MA.6.MAFS.6.SP.1.2,STALE_CUBE_ROW,1.0000,,2.0000,
cube_qso_by_item,019eb11c-410a-7ffb-86e6-a0294c669670,8d09f64792084dbd63d01b6e090c8448fdca27813af839ce179a6c2782f6c0ff,7334679341,5,n/a,ELA.2.R.1.3,STALE_CUBE_ROW,10.0000,,16.0000,
cube_qso_by_item,019eb11c-413b-7a66-a7d8-a18f14736ede,27aa30fd019932f7444692363539d0c2333d8fb5be34bddcca6e59bcb5a0431e,7891794271,7,n/a,SCI.3.SC.3.L.15.1,STALE_CUBE_ROW,12.0000,,17.0000,
cube_qso_by_item,019eb11c-410a-7ffb-86e6-a0294c669670,ff14856b47873b9004816d81a15c1eaaeeda5ece624b3821426e632b00a983d9,7702555934,9,n/a,MA.5.DP.1.2,STALE_CUBE_ROW,18.0000,,20.0000,
cube_qso_by_item,019eb11c-410a-7ffb-86e6-a0294c669670,1cb82c7bab46cbcc82c6c2e2b39360c42da660b8bf3c2b84a609699ac62b7a6a,8325672509,16,1,MA.6.MAFS.6.SP.2.5.c,STALE_CUBE_ROW,20.0000,,20.0000,
cube_qso_by_item,019eb11c-410a-7ffb-86e6-a0294c669670,10c2d31991c5405ce8b7c857d4c557f468765fc05fb7a12591a7b6268046c876,7620225345,5,n/a,Other,STALE_CUBE_ROW,15.0000,,19.0000,
cube_qso_by_item,019eb11c-410a-7ffb-86e6-a0294c669670,712b284ee4d783f28b8288e22d8b2fbf06bc22958f920698e9705a5c044a1ea9,7687678128,16,n/a,MA.2.FR.1.1,STALE_CUBE_ROW,12.0000,,20.0000,
cube_qso_by_item,019eb11c-410a-7ffb-86e6-a0294c669670,10c2d31991c5405ce8b7c857d4c557f468765fc05fb7a12591a7b6268046c876,7620225345,1,10,Other,STALE_CUBE_ROW,155.0000,,190.0000,
cube_qso_by_item,019eb11c-410a-7ffb-86e6-a0294c669670,df6c0856658a84abee3dced09e1e891e3c24630d4f2433dc5242e2ee425e37f8,7702561239,10,n/a,MA.K.GR.1.1,STALE_CUBE_ROW,19.0000,,19.0000,
cube_qso_by_item,019eb11c-410a-7ffb-86e6-a0294c669670,ff14856b47873b9004816d81a15c1eaaeeda5ece624b3821426e632b00a983d9,7702555934,20,1,MA.5.DP.1.2,STALE_CUBE_ROW,19.0000,,20.0000,
cube_qso_by_item,019eb11c-410a-7ffb-86e6-a0294c669670,8ff7d3c471464bf6f707fa164f14a332257879a9d8ef2ce966a4b05d1a22276d,7338033968,17,n/a,SOC.7.SS.7.C.2.13,STALE_CUBE_ROW,1.0000,,1.0000,
cube_qso_by_item,019eb11c-413b-7a66-a7d8-a18f14736ede,27aa30fd019932f7444692363539d0c2333d8fb5be34bddcca6e59bcb5a0431e,7891794271,3,n/a,SCI.3.SC.3.L.15.1,STALE_CUBE_ROW,13.0000,,17.0000,
cube_qso_by_item,019eb11c-413b-7a66-a7d8-a18f14736ede,27aa30fd019932f7444692363539d0c2333d8fb5be34bddcca6e59bcb5a0431e,7891794271,18,n/a,SCI.3.SC.3.L.15.2,STALE_CUBE_ROW,8.0000,,17.0000,
cube_qso_by_item,019eb11c-410a-7ffb-86e6-a0294c669670,761ccd209b5e294d6d5e35a8498ece0d62cac0ff4bb349e669127a6556c5bd4d,7893373621,4,n/a,MA.1.NSO.1.2,STALE_CUBE_ROW,19.0000,,20.0000,
cube_qso_by_item,019eb11c-413b-7a66-a7d8-a18f14736ede,93dca55fc1a0fa8988d5f87ce091a098ab0c02fc0df3bc4ec9e01ee180e965ea,7891846801,9,n/a,SCI.5.SC.5.P.11.2,STALE_CUBE_ROW,18.0000,,19.0000,
cube_qso_by_item,019eb11c-410a-7ffb-86e6-a0294c669670,df6c0856658a84abee3dced09e1e891e3c24630d4f2433dc5242e2ee425e37f8,7702561239,2,n/a,MA.K.GR.1.4,STALE_CUBE_ROW,19.0000,,19.0000,
cube_qso_by_item,019eb11c-410a-7ffb-86e6-a0294c669670,ff14856b47873b9004816d81a15c1eaaeeda5ece624b3821426e632b00a983d9,7702555934,8,1,MA.5.DP.1.2,STALE_CUBE_ROW,19.0000,,20.0000,
cube_qso_by_item,019eb11c-413b-7a66-a7d8-a18f14736ede,93dca55fc1a0fa8988d5f87ce091a098ab0c02fc0df3bc4ec9e01ee180e965ea,7997342490,3,n/a,SCI.5.SC.5.P.11.1,STALE_CUBE_ROW,0.0000,,1.0000,
cube_qso_by_item,019eb11c-410a-7ffb-86e6-a0294c669670,7d05f8dffe7639f2bdaaf1852c81fa54dbcd29ae28c99f36950bcacb837fc861,7789640645,18,1,MA.4.M.2.1,STALE_CUBE_ROW,15.0000,,21.0000,
cube_qso_by_item,019eb11c-413b-7a66-a7d8-a18f14736ede,93dca55fc1a0fa8988d5f87ce091a098ab0c02fc0df3bc4ec9e01ee180e965ea,7997342490,4,n/a,SCI.5.SC.5.P.11.1,STALE_CUBE_ROW,0.0000,,1.0000,
cube_qso_by_item,019eb11c-410a-7ffb-86e6-a0294c669670,761ccd209b5e294d6d5e35a8498ece0d62cac0ff4bb349e669127a6556c5bd4d,7893373621,14,n/a,MA.1.NSO.1.1,STALE_CUBE_ROW,16.0000,,20.0000,
cube_qso_by_item,019eb11c-410a-7ffb-86e6-a0294c669670,1cb82c7bab46cbcc82c6c2e2b39360c42da660b8bf3c2b84a609699ac62b7a6a,8325672509,7,n/a,MA.6.MAFS.6.SP.2.5.c,STALE_CUBE_ROW,4.0000,,5.0000,
cube_qso_by_item,019eb11c-413b-7a66-a7d8-a18f14736ede,07c8e49d5072074c54cfbdb917a6910defa630b9401691850e4426bd67b5f44e,7997342490,11,n/a,SCI.5.SC.5.P.11.1,VALUE_DRIFT,19.0000,19.0000,19.0000,20.0000
cube_qso_by_item,019eb11c-413b-7a66-a7d8-a18f14736ede,27aa30fd019932f7444692363539d0c2333d8fb5be34bddcca6e59bcb5a0431e,7891794271,16,n/a,SCI.3.SC.3.L.15.2,STALE_CUBE_ROW,9.0000,,17.0000,
cube_qso_by_item,019eb11c-410a-7ffb-86e6-a0294c669670,ff14856b47873b9004816d81a15c1eaaeeda5ece624b3821426e632b00a983d9,7702555934,17,n/a,MA.5.DP.1.1,STALE_CUBE_ROW,20.0000,,20.0000,
cube_qso_by_item,019eb11c-413b-7a66-a7d8-a18f14736ede,93dca55fc1a0fa8988d5f87ce091a098ab0c02fc0df3bc4ec9e01ee180e965ea,7997342490,20,n/a,SCI.5.SC.5.P.11.1,STALE_CUBE_ROW,0.0000,,1.0000,
cube_qso_by_item,019eb11c-413b-7a66-a7d8-a18f14736ede,ac37ee2bfb7dd9ee549eb48c6e3ecdc90df460bb0c15d5180e5df85a198eadd6,8180432402,9,1,MA.2.NSO.2.3,STALE_CUBE_ROW,14.0000,,14.0000,
cube_qso_by_item,019eb11c-410a-7ffb-86e6-a0294c669670,df6c0856658a84abee3dced09e1e891e3c24630d4f2433dc5242e2ee425e37f8,7702561239,7,n/a,MA.K.GR.1.1,STALE_CUBE_ROW,19.0000,,19.0000,
cube_qso_by_item,019eb11c-413b-7a66-a7d8-a18f14736ede,ac37ee2bfb7dd9ee549eb48c6e3ecdc90df460bb0c15d5180e5df85a198eadd6,8180432402,5,1,MA.2.NSO.2.3,STALE_CUBE_ROW,9.6668,,14.0000,
cube_qso_by_item,019eb11c-413b-7a66-a7d8-a18f14736ede,5f9da398894f7e5436bec90daf65aac33bfe4ffcf8a6e6a58cb1d73500fdcaad,7891742813,4,n/a,SCI.2.SC.2.P.13.4,STALE_CUBE_ROW,16.0000,,17.0000,
cube_qso_by_item,019eb11c-410a-7ffb-86e6-a0294c669670,712b284ee4d783f28b8288e22d8b2fbf06bc22958f920698e9705a5c044a1ea9,7687678128,4,n/a,MA.2.FR.1.1,STALE_CUBE_ROW,20.0000,,20.0000,
cube_qso_by_item,019eb11c-410a-7ffb-86e6-a0294c669670,1cb82c7bab46cbcc82c6c2e2b39360c42da660b8bf3c2b84a609699ac62b7a6a,8325672509,18,n/a,MA.6.MAFS.6.SP.1.3,STALE_CUBE_ROW,5.0000,,5.0000,
cube_qso_by_item,019eb11c-410a-7ffb-86e6-a0294c669670,ff14856b47873b9004816d81a15c1eaaeeda5ece624b3821426e632b00a983d9,7702555934,1,1,MA.5.DP.1.1,STALE_CUBE_ROW,17.0000,,20.0000,
cube_qso_by_item,019eb11c-410a-7ffb-86e6-a0294c669670,712b284ee4d783f28b8288e22d8b2fbf06bc22958f920698e9705a5c044a1ea9,7687678128,11,1,MA.2.FR.1.1,STALE_CUBE_ROW,19.0000,,20.0000,
cube_qso_by_item,019eb11c-413b-7a66-a7d8-a18f14736ede,ff238994c7055067dda58c0c1c16b6f9d0b55941a24adad310734a3e63068cd2,7806926683,4,n/a,ELA.K12.EE.3.1,STALE_CUBE_ROW,9.0000,,13.0000,
cube_qso_by_item,019eb11c-410a-7ffb-86e6-a0294c669670,ff14856b47873b9004816d81a15c1eaaeeda5ece624b3821426e632b00a983d9,7702555934,6,1,MA.5.DP.1.2,STALE_CUBE_ROW,18.0000,,20.0000,
cube_qso_by_item,019eb11c-413b-7a66-a7d8-a18f14736ede,ac37ee2bfb7dd9ee549eb48c6e3ecdc90df460bb0c15d5180e5df85a198eadd6,8200948758,6,1,MA.2.NSO.2.3,STALE_CUBE_ROW,11.3335,,14.0000,
cube_qso_by_item,019eb11c-410a-7ffb-86e6-a0294c669670,8d09f64792084dbd63d01b6e090c8448fdca27813af839ce179a6c2782f6c0ff,7334679341,8,n/a,ELA.2.C.3.1,STALE_CUBE_ROW,10.0000,,16.0000,
cube_qso_by_item,019eb11c-410a-7ffb-86e6-a0294c669670,8d09f64792084dbd63d01b6e090c8448fdca27813af839ce179a6c2782f6c0ff,7334679341,4,n/a,ELA.2.V.1.2,STALE_CUBE_ROW,13.0000,,16.0000,
cube_qso_by_item,019eb11c-410a-7ffb-86e6-a0294c669670,ea792c51ab8c497ae42b0b95fe74e9b5fadac0efc40a17bef76240595411392b,8346484076,7,1,Other,STALE_CUBE_ROW,7.0000,,17.0000,
cube_qso_by_item,019eb11c-413b-7a66-a7d8-a18f14736ede,93dca55fc1a0fa8988d5f87ce091a098ab0c02fc0df3bc4ec9e01ee180e965ea,7997342490,5,n/a,SCI.5.SC.5.P.11.1,STALE_CUBE_ROW,0.0000,,1.0000,
cube_qso_by_item,019eb11c-410a-7ffb-86e6-a0294c669670,9dfd47961f78cda8d9695c9dd3a1a530c3d81b8ef65c5fb5b802bd221cefad14,7687741861,2,n/a,MA.K.NSO.3.1,STALE_CUBE_ROW,18.0000,,19.0000,
cube_qso_by_item,019eb11c-413b-7a66-a7d8-a18f14736ede,ff238994c7055067dda58c0c1c16b6f9d0b55941a24adad310734a3e63068cd2,7806926683,8,n/a,ELA.2.C.3.1,STALE_CUBE_ROW,6.0000,,13.0000,
cube_qso_by_item,019eb11c-410a-7ffb-86e6-a0294c669670,1cb82c7bab46cbcc82c6c2e2b39360c42da660b8bf3c2b84a609699ac62b7a6a,8325672509,11,n/a,MA.6.MAFS.6.SP.2.4,STALE_CUBE_ROW,3.0000,,5.0000,
cube_qso_by_item,019eb11c-410a-7ffb-86e6-a0294c669670,712b284ee4d783f28b8288e22d8b2fbf06bc22958f920698e9705a5c044a1ea9,7687663925,17,n/a,MA.2.FR.1.1,STALE_CUBE_ROW,9.0000,,18.0000,
cube_qso_by_item,019eb11c-410a-7ffb-86e6-a0294c669670,444f30efcce21d5743e68fe3b4b0d4ab8ba60e221fdd048befc8b1438e3549ae,7613842590,1,n/a,Other,STALE_CUBE_ROW,16.0000,,19.0000,
cube_qso_by_item,019eb11c-410a-7ffb-86e6-a0294c669670,9715a10dbf80dae8d94ae01e200df982236ada98bcd79115529f2f5e3d4bc399,7637896011,6,n/a,Other,STALE_CUBE_ROW,14.0000,,17.0000,
cube_qso_by_item,019eb11c-413b-7a66-a7d8-a18f14736ede,27aa30fd019932f7444692363539d0c2333d8fb5be34bddcca6e59bcb5a0431e,7891794271,1,n/a,SCI.3.SC.3.L.15.1,STALE_CUBE_ROW,11.0000,,17.0000,
cube_qso_by_item,019eb11c-413b-7a66-a7d8-a18f14736ede,07c8e49d5072074c54cfbdb917a6910defa630b9401691850e4426bd67b5f44e,7997342490,13,n/a,SCI.5.SC.5.P.11.1,VALUE_DRIFT,16.0000,16.0000,19.0000,20.0000
cube_qso_by_item,019eb11c-410a-7ffb-86e6-a0294c669670,e93f836775458de9c65b5631901b73431a6fe43315a5aa090f429f05f53811b6,7687741861,8,n/a,MA.K.NSO.3.1,STALE_CUBE_ROW,0.0000,,2.0000,
cube_qso_by_item,019eb11c-410a-7ffb-86e6-a0294c669670,ff14856b47873b9004816d81a15c1eaaeeda5ece624b3821426e632b00a983d9,7702555934,13,n/a,MA.5.DP.1.1,STALE_CUBE_ROW,20.0000,,20.0000,
cube_qso_by_item,019eb11c-410a-7ffb-86e6-a0294c669670,8ff7d3c471464bf6f707fa164f14a332257879a9d8ef2ce966a4b05d1a22276d,7338033968,20,n/a,SS.7.E.1.5,STALE_CUBE_ROW,5.0000,,5.0000,
cube_qso_by_item,019eb11c-413b-7a66-a7d8-a18f14736ede,93dca55fc1a0fa8988d5f87ce091a098ab0c02fc0df3bc4ec9e01ee180e965ea,7997342490,13,n/a,SCI.5.SC.5.P.11.1,STALE_CUBE_ROW,0.0000,,1.0000,
cube_qso_by_item,019eb11c-413b-7a66-a7d8-a18f14736ede,ac37ee2bfb7dd9ee549eb48c6e3ecdc90df460bb0c15d5180e5df85a198eadd6,8200948721,4,n/a,MA.2.NSO.2.3,STALE_CUBE_ROW,13.0000,,15.0000,
cube_qso_by_item,019eb11c-410a-7ffb-86e6-a0294c669670,712b284ee4d783f28b8288e22d8b2fbf06bc22958f920698e9705a5c044a1ea9,7687663925,3,n/a,MA.2.FR.1.1,STALE_CUBE_ROW,16.0000,,18.0000,
cube_qso_by_item,019eb11c-413b-7a66-a7d8-a18f14736ede,ac37ee2bfb7dd9ee549eb48c6e3ecdc90df460bb0c15d5180e5df85a198eadd6,8200948721,6,1,MA.2.NSO.2.3,STALE_CUBE_ROW,13.3333,,15.0000,
cube_qso_by_item,019eb11c-410a-7ffb-86e6-a0294c669670,9bd8f632236b0acd026a691a3e75b902c4c04155931cf1371fa8313464c25535,7338399404,12,n/a,SCI.3.SC.3.L.14.2,STALE_CUBE_ROW,16.0000,,20.0000,
cube_qso_by_item,019eb11c-413b-7a66-a7d8-a18f14736ede,93dca55fc1a0fa8988d5f87ce091a098ab0c02fc0df3bc4ec9e01ee180e965ea,7997342490,6,n/a,SCI.5.SC.5.P.11.1,STALE_CUBE_ROW,0.0000,,1.0000,
cube_qso_by_item,019eb11c-410a-7ffb-86e6-a0294c669670,b8c7f0c9cbb0332b714b3009a7b6ce5fa0c9092d0ce4b832abcc04e8910f8b2e,7625528258,5,1,Other,STALE_CUBE_ROW,13.0000,,18.0000,
cube_qso_by_item,019eb11c-410a-7ffb-86e6-a0294c669670,8ff7d3c471464bf6f707fa164f14a332257879a9d8ef2ce966a4b05d1a22276d,7338033968,18,n/a,SOC.7.SS.7.C.2.3,STALE_CUBE_ROW,3.0000,,5.0000,
cube_qso_by_item,019eb11c-413b-7a66-a7d8-a18f14736ede,5f9da398894f7e5436bec90daf65aac33bfe4ffcf8a6e6a58cb1d73500fdcaad,7891742813,2,n/a,SCI.2.SC.2.P.13.1,STALE_CUBE_ROW,17.0000,,17.0000,
cube_qso_by_item,019eb11c-410a-7ffb-86e6-a0294c669670,b8c7f0c9cbb0332b714b3009a7b6ce5fa0c9092d0ce4b832abcc04e8910f8b2e,7625528258,3,1,Other,STALE_CUBE_ROW,16.0000,,18.0000,
cube_qso_by_item,019eb11c-410a-7ffb-86e6-a0294c669670,df6c0856658a84abee3dced09e1e891e3c24630d4f2433dc5242e2ee425e37f8,7702561239,3,n/a,MA.K.GR.1.3,STALE_CUBE_ROW,19.0000,,19.0000,
cube_qso_by_item,019eb11c-410a-7ffb-86e6-a0294c669670,ff14856b47873b9004816d81a15c1eaaeeda5ece624b3821426e632b00a983d9,7702555934,18,n/a,MA.5.DP.1.1,STALE_CUBE_ROW,19.0000,,20.0000,
cube_qso_by_item,019eb11c-410a-7ffb-86e6-a0294c669670,8ff7d3c471464bf6f707fa164f14a332257879a9d8ef2ce966a4b05d1a22276d,7338033968,18,n/a,SOC.7.SS.7.C.2.3,STALE_CUBE_ROW,0.0000,,1.0000,
cube_qso_by_item,019eb11c-410a-7ffb-86e6-a0294c669670,1cb82c7bab46cbcc82c6c2e2b39360c42da660b8bf3c2b84a609699ac62b7a6a,8325672509,12,n/a,MA.6.MAFS.6.SP.1.2,STALE_CUBE_ROW,1.0000,,2.0000,
cube_qso_by_item,019eb11c-410a-7ffb-86e6-a0294c669670,8ff7d3c471464bf6f707fa164f14a332257879a9d8ef2ce966a4b05d1a22276d,7338033968,17,n/a,SOC.7.SS.7.C.2.13,STALE_CUBE_ROW,7.0000,,7.0000,
cube_qso_by_item,019eb11c-410a-7ffb-86e6-a0294c669670,1cb82c7bab46cbcc82c6c2e2b39360c42da660b8bf3c2b84a609699ac62b7a6a,8325672509,18,n/a,MA.6.MAFS.6.SP.1.3,STALE_CUBE_ROW,1.0000,,2.0000,
cube_qso_by_item,019eb11c-410a-7ffb-86e6-a0294c669670,712b284ee4d783f28b8288e22d8b2fbf06bc22958f920698e9705a5c044a1ea9,7687663925,15,n/a,MA.2.FR.1.1,STALE_CUBE_ROW,17.0000,,18.0000,
cube_qso_by_item,019eb11c-413b-7a66-a7d8-a18f14736ede,5f9da398894f7e5436bec90daf65aac33bfe4ffcf8a6e6a58cb1d73500fdcaad,7891742813,5,n/a,SCI.2.SC.2.P.8.1,STALE_CUBE_ROW,17.0000,,17.0000,
cube_qso_by_item,019eb11c-413b-7a66-a7d8-a18f14736ede,3047dc225659950d4163e02e054092b0267bf829dbe0a7375e08229a7e8aa83d,7997317688,11,n/a,SCI.4.SC.4.L.17.2,STALE_CUBE_ROW,9.0000,,11.0000,
cube_qso_by_item,019eb11c-410a-7ffb-86e6-a0294c669670,712b284ee4d783f28b8288e22d8b2fbf06bc22958f920698e9705a5c044a1ea9,7687663925,9,n/a,MA.2.FR.1.1,STALE_CUBE_ROW,17.0000,,18.0000,
cube_qso_by_item,019eb11c-410a-7ffb-86e6-a0294c669670,ff14856b47873b9004816d81a15c1eaaeeda5ece624b3821426e632b00a983d9,7702555934,4,n/a,MA.4.DP.1.1,STALE_CUBE_ROW,16.0000,,20.0000,
cube_qso_by_item,019eb11c-410a-7ffb-86e6-a0294c669670,9208d4bd314ba55a8288e84d81d0cc8de027e6d9b329f1871ac1640796c4ec83,7624644120,4,1,Other,STALE_CUBE_ROW,15.0000,,19.0000,
cube_qso_by_item,019eb11c-410a-7ffb-86e6-a0294c669670,712b284ee4d783f28b8288e22d8b2fbf06bc22958f920698e9705a5c044a1ea9,7687663925,4,n/a,MA.2.FR.1.1,STALE_CUBE_ROW,18.0000,,18.0000,
cube_qso_by_item,019eb11c-410a-7ffb-86e6-a0294c669670,ea792c51ab8c497ae42b0b95fe74e9b5fadac0efc40a17bef76240595411392b,8346484076,6,1,Other,STALE_CUBE_ROW,13.0000,,17.0000,
cube_qso_by_item,019eb11c-413b-7a66-a7d8-a18f14736ede,ac37ee2bfb7dd9ee549eb48c6e3ecdc90df460bb0c15d5180e5df85a198eadd6,8200948758,9,1,MA.2.NSO.2.3,STALE_CUBE_ROW,11.0000,,14.0000,
cube_qso_by_item,019eb11c-413b-7a66-a7d8-a18f14736ede,07c8e49d5072074c54cfbdb917a6910defa630b9401691850e4426bd67b5f44e,7997342490,14,n/a,SCI.5.SC.5.P.11.1,VALUE_DRIFT,7.0000,7.0000,19.0000,20.0000
cube_qso_by_item,019eb11c-413b-7a66-a7d8-a18f14736ede,27aa30fd019932f7444692363539d0c2333d8fb5be34bddcca6e59bcb5a0431e,7891794271,19,n/a,SCI.3.SC.3.L.15.1,STALE_CUBE_ROW,9.0000,,17.0000,
cube_qso_by_item,019eb11c-410a-7ffb-86e6-a0294c669670,ff14856b47873b9004816d81a15c1eaaeeda5ece624b3821426e632b00a983d9,7702555934,15,n/a,MA.5.DP.1.1,STALE_CUBE_ROW,14.0000,,20.0000,
cube_qso_by_item,019eb11c-410a-7ffb-86e6-a0294c669670,10c2d31991c5405ce8b7c857d4c557f468765fc05fb7a12591a7b6268046c876,7620225345,6,n/a,Other,STALE_CUBE_ROW,18.0000,,19.0000,
cube_qso_by_item,019eb11c-413b-7a66-a7d8-a18f14736ede,07c8e49d5072074c54cfbdb917a6910defa630b9401691850e4426bd67b5f44e,7997342490,8,n/a,SCI.5.SC.5.P.11.1,VALUE_DRIFT,16.0000,17.0000,18.0000,19.0000
cube_qso_by_item,019eb11c-410a-7ffb-86e6-a0294c669670,8ff7d3c471464bf6f707fa164f14a332257879a9d8ef2ce966a4b05d1a22276d,7338033968,22,n/a,SOC.7.SS.7.C.3.14,STALE_CUBE_ROW,17.0000,,18.0000,
cube_qso_by_item,019eb11c-410a-7ffb-86e6-a0294c669670,df6c0856658a84abee3dced09e1e891e3c24630d4f2433dc5242e2ee425e37f8,7702561239,15,n/a,MA.K.GR.1.1,STALE_CUBE_ROW,15.0000,,19.0000,
cube_qso_by_item,019eb11c-410a-7ffb-86e6-a0294c669670,1cb82c7bab46cbcc82c6c2e2b39360c42da660b8bf3c2b84a609699ac62b7a6a,8325672509,11,n/a,MA.6.MAFS.6.SP.2.4,STALE_CUBE_ROW,2.0000,,5.0000,
cube_qso_by_item,019eb11c-410a-7ffb-86e6-a0294c669670,9208d4bd314ba55a8288e84d81d0cc8de027e6d9b329f1871ac1640796c4ec83,7624644120,5,1,Other,STALE_CUBE_ROW,11.0000,,19.0000,
cube_qso_by_item,019eb11c-410a-7ffb-86e6-a0294c669670,8ff7d3c471464bf6f707fa164f14a332257879a9d8ef2ce966a4b05d1a22276d,7338033968,1,1,SOC.7.SS.7.C.2.13,STALE_CUBE_ROW,18.0000,,18.0000,
cube_qso_by_item,019eb11c-410a-7ffb-86e6-a0294c669670,9dfd47961f78cda8d9695c9dd3a1a530c3d81b8ef65c5fb5b802bd221cefad14,7687741861,9,n/a,MA.K.NSO.1.2,STALE_CUBE_ROW,19.0000,,19.0000,
cube_qso_by_item,019eb11c-410a-7ffb-86e6-a0294c669670,712b284ee4d783f28b8288e22d8b2fbf06bc22958f920698e9705a5c044a1ea9,7687678128,10,n/a,MA.2.FR.1.1,STALE_CUBE_ROW,18.0000,,20.0000,
cube_qso_by_item,019eb11c-413b-7a66-a7d8-a18f14736ede,93dca55fc1a0fa8988d5f87ce091a098ab0c02fc0df3bc4ec9e01ee180e965ea,7997342490,19,n/a,SCI.5.SC.5.P.11.1,STALE_CUBE_ROW,0.0000,,1.0000,
cube_qso_by_item,019eb11c-410a-7ffb-86e6-a0294c669670,712b284ee4d783f28b8288e22d8b2fbf06bc22958f920698e9705a5c044a1ea9,7687663925,16,n/a,MA.2.FR.1.1,STALE_CUBE_ROW,9.0000,,18.0000,
cube_qso_by_item,019eb11c-413b-7a66-a7d8-a18f14736ede,93dca55fc1a0fa8988d5f87ce091a098ab0c02fc0df3bc4ec9e01ee180e965ea,7997342490,12,n/a,SCI.5.SC.5.P.11.1,STALE_CUBE_ROW,1.0000,,1.0000,
cube_qso_by_item,019eb11c-413b-7a66-a7d8-a18f14736ede,ff238994c7055067dda58c0c1c16b6f9d0b55941a24adad310734a3e63068cd2,7806926683,1,n/a,ELA.2.V.1.1,STALE_CUBE_ROW,13.0000,,13.0000,
cube_qso_by_item,019eb11c-410a-7ffb-86e6-a0294c669670,8ff7d3c471464bf6f707fa164f14a332257879a9d8ef2ce966a4b05d1a22276d,7338033968,23,n/a,SOC.7.SS.7.C.4.2,STALE_CUBE_ROW,16.0000,,18.0000,
cube_qso_by_item,019eb11c-413b-7a66-a7d8-a18f14736ede,27aa30fd019932f7444692363539d0c2333d8fb5be34bddcca6e59bcb5a0431e,7891794271,17,n/a,SCI.3.SC.3.L.15.2,STALE_CUBE_ROW,9.0000,,17.0000,
cube_qso_by_item,019eb11c-410a-7ffb-86e6-a0294c669670,8d09f64792084dbd63d01b6e090c8448fdca27813af839ce179a6c2782f6c0ff,7334679341,10,n/a,ELA.2.V.1.3,STALE_CUBE_ROW,13.0000,,16.0000,
cube_qso_by_item,019eb11c-410a-7ffb-86e6-a0294c669670,b8c7f0c9cbb0332b714b3009a7b6ce5fa0c9092d0ce4b832abcc04e8910f8b2e,7625528258,4,1,Other,STALE_CUBE_ROW,13.0000,,18.0000,
cube_qso_by_item,019eb11c-413c-7ed9-872e-0fe5e9a947b6,d6885dcaa7c6c9bd62796b6eae7685df775d93bb36d3d14232e34d89e947c020,7935427775,7,1,MA.3.GR.1.2,STALE_CUBE_ROW,12.0000,,13.0000,
cube_qso_by_item,019eb11c-413b-7a66-a7d8-a18f14736ede,5f9da398894f7e5436bec90daf65aac33bfe4ffcf8a6e6a58cb1d73500fdcaad,7891742813,3,n/a,SCI.2.SC.2.P.13.1,STALE_CUBE_ROW,12.0000,,17.0000,
cube_qso_by_item,019eb11c-410a-7ffb-86e6-a0294c669670,8ff7d3c471464bf6f707fa164f14a332257879a9d8ef2ce966a4b05d1a22276d,7338033968,37,n/a,SOC.7.SS.7.C.3.10,STALE_CUBE_ROW,4.0000,,5.0000,
cube_qso_by_item,019eb11c-413b-7a66-a7d8-a18f14736ede,3047dc225659950d4163e02e054092b0267bf829dbe0a7375e08229a7e8aa83d,7997317688,4,n/a,SCI.4.SC.4.L.17.4,STALE_CUBE_ROW,6.0000,,11.0000,
cube_qso_by_item,019eb11c-410a-7ffb-86e6-a0294c669670,685d58d64f3e9df29c19cb3cd82479a5d13aab49c93aae4f3703a64cfdb9120c,7893373621,7,n/a,MA.1.NSO.1.1,MISSING_FROM_CUBE,,18.0000,,20.0000
cube_qso_by_item,019eb11c-410a-7ffb-86e6-a0294c669670,c9c2d7ea91d505b2de51fc1561835d5aa6c6f5750e0e77193fa74e51596899d5,7687678128,1,n/a,MA.2.FR.1.1,MISSING_FROM_CUBE,,20.0000,,20.0000
cube_qso_by_item,019eb11c-410a-7ffb-86e6-a0294c669670,8ff7d3c471464bf6f707fa164f14a332257879a9d8ef2ce966a4b05d1a22276d,7338033968,20,n/a,SS.7.E.1.5,MISSING_FROM_CUBE,,2.0000,,2.0000
cube_qso_by_item,019eb11c-413b-7a66-a7d8-a18f14736ede,ac37ee2bfb7dd9ee549eb48c6e3ecdc90df460bb0c15d5180e5df85a198eadd6,8200948758,4,n/a,MA.2.NSO.2.3,MISSING_FROM_CUBE,,13.0000,,14.0000
cube_qso_by_item,019eb11c-413b-7a66-a7d8-a18f14736ede,a558411fde85105bca87dc87205258bf647f95cdf493e6d86a2fe2f9594c8890,7806926683,7,n/a,ELA.2.C.3.1,MISSING_FROM_CUBE,,13.0000,,13.0000
cube_qso_by_item,019eb11c-410a-7ffb-86e6-a0294c669670,c9c2d7ea91d505b2de51fc1561835d5aa6c6f5750e0e77193fa74e51596899d5,7687678128,11,1,MA.2.FR.1.1,MISSING_FROM_CUBE,,19.0000,,20.0000
cube_qso_by_item,019eb11c-413b-7a66-a7d8-a18f14736ede,3047dc225659950d4163e02e054092b0267bf829dbe0a7375e08229a7e8aa83d,7997317688,3,n/a,SCI.4.SC.4.L.17.4,MISSING_FROM_CUBE,,6.0000,,11.0000
cube_qso_by_item,019eb11c-410a-7ffb-86e6-a0294c669670,c9c2d7ea91d505b2de51fc1561835d5aa6c6f5750e0e77193fa74e51596899d5,7687678128,17,n/a,MA.2.FR.1.1,MISSING_FROM_CUBE,,12.0000,,20.0000
cube_qso_by_item,019eb11c-410a-7ffb-86e6-a0294c669670,8ff7d3c471464bf6f707fa164f14a332257879a9d8ef2ce966a4b05d1a22276d,7338033968,32,1,SOC.7.SS.7.C.3.11,MISSING_FROM_CUBE,,11.0000,,18.0000
cube_qso_by_item,019eb11c-410a-7ffb-86e6-a0294c669670,685d58d64f3e9df29c19cb3cd82479a5d13aab49c93aae4f3703a64cfdb9120c,7893373621,21,n/a,MA.1.NSO.1.3,MISSING_FROM_CUBE,,16.0000,,20.0000
cube_qso_by_item,019eb11c-413b-7a66-a7d8-a18f14736ede,ac37ee2bfb7dd9ee549eb48c6e3ecdc90df460bb0c15d5180e5df85a198eadd6,8180432402,6,1,MA.2.NSO.2.3,MISSING_FROM_CUBE,,13.6667,,14.0000
cube_qso_by_item,019eb11c-410a-7ffb-86e6-a0294c669670,e93f836775458de9c65b5631901b73431a6fe43315a5aa090f429f05f53811b6,7687741861,2,n/a,MA.K.NSO.3.1,MISSING_FROM_CUBE,,0.0000,,1.0000
cube_qso_by_item,019eb11c-410a-7ffb-86e6-a0294c669670,c9c2d7ea91d505b2de51fc1561835d5aa6c6f5750e0e77193fa74e51596899d5,7687663925,14,n/a,MA.2.FR.1.2,MISSING_FROM_CUBE,,18.0000,,18.0000
cube_qso_by_item,019eb11c-410a-7ffb-86e6-a0294c669670,9dfd47961f78cda8d9695c9dd3a1a530c3d81b8ef65c5fb5b802bd221cefad14,7687741861,7,n/a,MA.K.NSO.3.1,MISSING_FROM_CUBE,,18.0000,,19.0000
cube_qso_by_item,019eb11c-410a-7ffb-86e6-a0294c669670,c9c2d7ea91d505b2de51fc1561835d5aa6c6f5750e0e77193fa74e51596899d5,7687663925,13,n/a,MA.2.FR.1.2,MISSING_FROM_CUBE,,17.0000,,18.0000
cube_qso_by_item,019eb11c-410a-7ffb-86e6-a0294c669670,1cb82c7bab46cbcc82c6c2e2b39360c42da660b8bf3c2b84a609699ac62b7a6a,8325672509,2,1,MA.6.MAFS.6.SP.2.5.c,MISSING_FROM_CUBE,,20.0000,,20.0000
cube_qso_by_item,019eb11c-413c-7ed9-872e-0fe5e9a947b6,db4bf6655b5b7024fb07d171e484028e612e82e080987814c3e80730a8ac439e,8358079682,6,n/a,MA.2.FR.1.1,MISSING_FROM_CUBE,,15.0000,,16.0000
cube_qso_by_item,019eb11c-410a-7ffb-86e6-a0294c669670,259ba97a7f99d495817938642328653a9091652ba10e466d49fe83701079f1db,7620225345,6,n/a,Other,MISSING_FROM_CUBE,,18.0000,,19.0000
cube_qso_by_item,019eb11c-410a-7ffb-86e6-a0294c669670,3b783afe7d3956fcd19dafa6ad0feececa7b2cabcb31a0ed68daef9b10db5377,7702555934,9,n/a,MA.5.DP.1.2,MISSING_FROM_CUBE,,18.0000,,20.0000
cube_qso_by_item,019eb11c-413b-7a66-a7d8-a18f14736ede,4d82ed8f667fe9e0fcfa9ce595aa70d78fef462f764b0b8aedee7ca3addf41f4,7891742813,6,n/a,SCI.2.SC.2.P.8.1,MISSING_FROM_CUBE,,12.0000,,17.0000
cube_qso_by_item,019eb11c-410a-7ffb-86e6-a0294c669670,7f89cc611e5d6b8a4772e76b726afa45668f5f3edb1a668746967c7cc7c0db0f,7334679341,9,n/a,ELA.2.R.1.1,MISSING_FROM_CUBE,,14.0000,,16.0000
cube_qso_by_item,019eb11c-410a-7ffb-86e6-a0294c669670,1cb82c7bab46cbcc82c6c2e2b39360c42da660b8bf3c2b84a609699ac62b7a6a,8325672509,17,n/a,MA.6.MAFS.6.SP.2.5.c,MISSING_FROM_CUBE,,0.0000,,4.0000
cube_qso_by_item,019eb11c-410a-7ffb-86e6-a0294c669670,1cb82c7bab46cbcc82c6c2e2b39360c42da660b8bf3c2b84a609699ac62b7a6a,8325672509,13,1,MA.6.MAFS.6.SP.2.4,MISSING_FROM_CUBE,,14.0000,,20.0000
cube_qso_by_item,019eb11c-410a-7ffb-86e6-a0294c669670,8ff7d3c471464bf6f707fa164f14a332257879a9d8ef2ce966a4b05d1a22276d,7338033968,9,n/a,SOC.7.SS.7.C.3.14,MISSING_FROM_CUBE,,5.0000,,5.0000
cube_qso_by_item,019eb11c-410a-7ffb-86e6-a0294c669670,7f89cc611e5d6b8a4772e76b726afa45668f5f3edb1a668746967c7cc7c0db0f,7334679341,5,n/a,ELA.2.R.1.3,MISSING_FROM_CUBE,,10.0000,,16.0000
cube_qso_by_item,019eb11c-410a-7ffb-86e6-a0294c669670,9bd8f632236b0acd026a691a3e75b902c4c04155931cf1371fa8313464c25535,7338399404,12,n/a,SCI.3.SC.3.L.14.2,MISSING_FROM_CUBE,,16.0000,,20.0000
cube_qso_by_item,019eb11c-413b-7a66-a7d8-a18f14736ede,11d010f3e565dca081e3c19cbbf530a3f75c786e02bf3cc53c9c1f3b2fdbbbf1,7891794271,15,n/a,SCI.3.SC.3.L.15.2,MISSING_FROM_CUBE,,13.0000,,17.0000
cube_qso_by_item,019eb11c-410a-7ffb-86e6-a0294c669670,d33b643b72c6fcb9297c4b32a1e450cd6c75ea742c06b872b9a3a2d4783cde75,7615829935,5,1,Other,MISSING_FROM_CUBE,,1.0000,,21.0000
cube_qso_by_item,019eb11c-413b-7a66-a7d8-a18f14736ede,11d010f3e565dca081e3c19cbbf530a3f75c786e02bf3cc53c9c1f3b2fdbbbf1,7891794271,4,n/a,SCI.3.SC.3.L.15.1,MISSING_FROM_CUBE,,7.0000,,17.0000
cube_qso_by_item,019eb11c-413b-7a66-a7d8-a18f14736ede,4d82ed8f667fe9e0fcfa9ce595aa70d78fef462f764b0b8aedee7ca3addf41f4,7891742813,10,n/a,SCI.2.SC.2.N.1.5,MISSING_FROM_CUBE,,15.0000,,17.0000
cube_qso_by_item,019eb11c-410a-7ffb-86e6-a0294c669670,7f89cc611e5d6b8a4772e76b726afa45668f5f3edb1a668746967c7cc7c0db0f,7334679341,8,n/a,ELA.2.C.3.1,MISSING_FROM_CUBE,,10.0000,,16.0000
cube_qso_by_item,019eb11c-410a-7ffb-86e6-a0294c669670,253cf1d595e25c76b7c0f8df69e24fc5920a0b1e07f73512a6caddc19a6d5403,7702561239,14,n/a,MA.K.GR.1.1,MISSING_FROM_CUBE,,19.0000,,19.0000
cube_qso_by_item,019eb11c-413b-7a66-a7d8-a18f14736ede,ac37ee2bfb7dd9ee549eb48c6e3ecdc90df460bb0c15d5180e5df85a198eadd6,8200948721,9,1,MA.2.NSO.2.3,MISSING_FROM_CUBE,,10.6666,,15.0000
cube_qso_by_item,019eb11c-413b-7a66-a7d8-a18f14736ede,3047dc225659950d4163e02e054092b0267bf829dbe0a7375e08229a7e8aa83d,7997317688,2,n/a,SCI.4.SC.4.L.17.4,MISSING_FROM_CUBE,,4.0000,,11.0000
cube_qso_by_item,019eb11c-410a-7ffb-86e6-a0294c669670,9dfd47961f78cda8d9695c9dd3a1a530c3d81b8ef65c5fb5b802bd221cefad14,7687741861,5,n/a,MA.K.NSO.3.1,MISSING_FROM_CUBE,,19.0000,,19.0000
cube_qso_by_item,019eb11c-410a-7ffb-86e6-a0294c669670,685d58d64f3e9df29c19cb3cd82479a5d13aab49c93aae4f3703a64cfdb9120c,7893373621,15,n/a,MA.1.NSO.1.1,MISSING_FROM_CUBE,,14.0000,,20.0000
cube_qso_by_item,019eb11c-413b-7a66-a7d8-a18f14736ede,4d82ed8f667fe9e0fcfa9ce595aa70d78fef462f764b0b8aedee7ca3addf41f4,7891742813,5,n/a,SCI.2.SC.2.P.8.1,MISSING_FROM_CUBE,,17.0000,,17.0000
cube_qso_by_item,019eb11c-410a-7ffb-86e6-a0294c669670,9dfd47961f78cda8d9695c9dd3a1a530c3d81b8ef65c5fb5b802bd221cefad14,7687741861,14,n/a,MA.K.NSO.2.2,MISSING_FROM_CUBE,,16.0000,,19.0000
cube_qso_by_item,019eb11c-410a-7ffb-86e6-a0294c669670,253cf1d595e25c76b7c0f8df69e24fc5920a0b1e07f73512a6caddc19a6d5403,7702561239,16,n/a,MA.K.GR.1.1,MISSING_FROM_CUBE,,19.0000,,19.0000
cube_qso_by_item,019eb11c-413b-7a66-a7d8-a18f14736ede,07c8e49d5072074c54cfbdb917a6910defa630b9401691850e4426bd67b5f44e,7891846801,15,n/a,SCI.5.SC.5.P.11.1,MISSING_FROM_CUBE,,18.0000,,19.0000
cube_qso_by_item,019eb11c-410a-7ffb-86e6-a0294c669670,5e80a05c31bd43ba9d7fdab5bbd4a8051c7db2a1efbc9aacb0f6d723d4721f19,8346484076,11,1,Other,MISSING_FROM_CUBE,,13.0000,,17.0000
cube_qso_by_item,019eb11c-410a-7ffb-86e6-a0294c669670,1cb82c7bab46cbcc82c6c2e2b39360c42da660b8bf3c2b84a609699ac62b7a6a,8325672509,12,n/a,MA.6.MAFS.6.SP.1.2,MISSING_FROM_CUBE,,0.5000,,2.0000
cube_qso_by_item,019eb11c-410a-7ffb-86e6-a0294c669670,c9c2d7ea91d505b2de51fc1561835d5aa6c6f5750e0e77193fa74e51596899d5,7687678128,15,n/a,MA.2.FR.1.1,MISSING_FROM_CUBE,,17.5000,,20.0000
cube_qso_by_item,019eb11c-410a-7ffb-86e6-a0294c669670,685d58d64f3e9df29c19cb3cd82479a5d13aab49c93aae4f3703a64cfdb9120c,7893373621,11,n/a,MA.1.NSO.1.2,MISSING_FROM_CUBE,,19.0000,,20.0000
cube_qso_by_item,019eb11c-410a-7ffb-86e6-a0294c669670,1cb82c7bab46cbcc82c6c2e2b39360c42da660b8bf3c2b84a609699ac62b7a6a,8325672509,18,n/a,MA.6.MAFS.6.SP.1.3,MISSING_FROM_CUBE,,5.0000,,5.0000
cube_qso_by_item,019eb11c-410a-7ffb-86e6-a0294c669670,8ff7d3c471464bf6f707fa164f14a332257879a9d8ef2ce966a4b05d1a22276d,7338033968,30,n/a,SS.7.G.2.3,MISSING_FROM_CUBE,,41.0000,,54.0000
cube_qso_by_item,019eb11c-410a-7ffb-86e6-a0294c669670,1cb82c7bab46cbcc82c6c2e2b39360c42da660b8bf3c2b84a609699ac62b7a6a,8325672509,11,n/a,MA.6.MAFS.6.SP.2.4,MISSING_FROM_CUBE,,5.0000,,7.0000
cube_qso_by_item,019eb11c-413b-7a66-a7d8-a18f14736ede,a558411fde85105bca87dc87205258bf647f95cdf493e6d86a2fe2f9594c8890,7806926683,8,n/a,ELA.2.C.3.1,MISSING_FROM_CUBE,,6.0000,,13.0000
cube_qso_by_item,019eb11c-413b-7a66-a7d8-a18f14736ede,07c8e49d5072074c54cfbdb917a6910defa630b9401691850e4426bd67b5f44e,7891846801,17,n/a,SCI.5.SC.5.P.11.1,MISSING_FROM_CUBE,,18.0000,,19.0000
cube_qso_by_item,019eb11c-410a-7ffb-86e6-a0294c669670,8ff7d3c471464bf6f707fa164f14a332257879a9d8ef2ce966a4b05d1a22276d,7338033968,5,n/a,SOC.7.SS.7.C.3.14,MISSING_FROM_CUBE,,11.0000,,18.0000
cube_qso_by_item,019eb11c-410a-7ffb-86e6-a0294c669670,1cb82c7bab46cbcc82c6c2e2b39360c42da660b8bf3c2b84a609699ac62b7a6a,8325672509,14,1,MA.6.MAFS.6.SP.1.3,MISSING_FROM_CUBE,,17.5000,,20.0000
cube_qso_by_item,019eb11c-413b-7a66-a7d8-a18f14736ede,ac37ee2bfb7dd9ee549eb48c6e3ecdc90df460bb0c15d5180e5df85a198eadd6,8200948758,7,1,MA.2.NSO.2.3,MISSING_FROM_CUBE,,9.0000,,14.0000
cube_qso_by_item,019eb11c-410a-7ffb-86e6-a0294c669670,259ba97a7f99d495817938642328653a9091652ba10e466d49fe83701079f1db,7620225345,3,n/a,Other,MISSING_FROM_CUBE,,18.0000,,19.0000
cube_qso_by_item,019eb11c-410a-7ffb-86e6-a0294c669670,c9c2d7ea91d505b2de51fc1561835d5aa6c6f5750e0e77193fa74e51596899d5,7687663925,17,n/a,MA.2.FR.1.1,MISSING_FROM_CUBE,,9.0000,,18.0000
cube_qso_by_item,019eb11c-410a-7ffb-86e6-a0294c669670,685d58d64f3e9df29c19cb3cd82479a5d13aab49c93aae4f3703a64cfdb9120c,7893373621,6,n/a,MA.1.NSO.1.1,MISSING_FROM_CUBE,,9.0000,,20.0000
cube_qso_by_item,019eb11c-410a-7ffb-86e6-a0294c669670,7f89cc611e5d6b8a4772e76b726afa45668f5f3edb1a668746967c7cc7c0db0f,7334679341,3,n/a,ELA.2.R.2.2,MISSING_FROM_CUBE,,5.0000,,16.0000
cube_qso_by_item,019eb11c-410a-7ffb-86e6-a0294c669670,8ff7d3c471464bf6f707fa164f14a332257879a9d8ef2ce966a4b05d1a22276d,7338033968,22,n/a,SOC.7.SS.7.C.3.14,MISSING_FROM_CUBE,,17.0000,,18.0000
cube_qso_by_item,019eb11c-410a-7ffb-86e6-a0294c669670,253cf1d595e25c76b7c0f8df69e24fc5920a0b1e07f73512a6caddc19a6d5403,7702561239,15,n/a,MA.K.GR.1.1,MISSING_FROM_CUBE,,15.0000,,19.0000
cube_qso_by_item,019eb11c-410a-7ffb-86e6-a0294c669670,c9c2d7ea91d505b2de51fc1561835d5aa6c6f5750e0e77193fa74e51596899d5,7687663925,3,n/a,MA.2.FR.1.1,MISSING_FROM_CUBE,,16.0000,,18.0000
cube_qso_by_item,019eb11c-410a-7ffb-86e6-a0294c669670,8ff7d3c471464bf6f707fa164f14a332257879a9d8ef2ce966a4b05d1a22276d,7338033968,17,n/a,SOC.7.SS.7.C.2.13,MISSING_FROM_CUBE,,3.0000,,3.0000
cube_qso_by_item,019eb11c-410a-7ffb-86e6-a0294c669670,259ba97a7f99d495817938642328653a9091652ba10e466d49fe83701079f1db,7620225345,5,n/a,Other,MISSING_FROM_CUBE,,15.0000,,19.0000
cube_qso_by_item,019eb11c-410a-7ffb-86e6-a0294c669670,c9c2d7ea91d505b2de51fc1561835d5aa6c6f5750e0e77193fa74e51596899d5,7687663925,11,1,MA.2.FR.1.1,MISSING_FROM_CUBE,,15.0000,,18.0000
cube_qso_by_item,019eb11c-410a-7ffb-86e6-a0294c669670,685d58d64f3e9df29c19cb3cd82479a5d13aab49c93aae4f3703a64cfdb9120c,7893373621,20,1,MA.1.NSO.1.1,MISSING_FROM_CUBE,,17.0000,,20.0000
cube_qso_by_item,019eb11c-410a-7ffb-86e6-a0294c669670,c9c2d7ea91d505b2de51fc1561835d5aa6c6f5750e0e77193fa74e51596899d5,7687663925,1,n/a,MA.2.FR.1.1,MISSING_FROM_CUBE,,18.0000,,18.0000
cube_qso_by_item,019eb11c-410a-7ffb-86e6-a0294c669670,685d58d64f3e9df29c19cb3cd82479a5d13aab49c93aae4f3703a64cfdb9120c,7893373621,8,n/a,MA.1.NSO.1.1,MISSING_FROM_CUBE,,16.0000,,20.0000
cube_qso_by_item,019eb11c-413b-7a66-a7d8-a18f14736ede,3047dc225659950d4163e02e054092b0267bf829dbe0a7375e08229a7e8aa83d,7997317688,19,n/a,SCI.4.SC.4.L.17.4,MISSING_FROM_CUBE,,5.0000,,11.0000
cube_qso_by_item,019eb11c-410a-7ffb-86e6-a0294c669670,69f84f043bcac55206c6b1c01aa2835e2dd1fab62ee36b8903b4f27cba8813d7,7625528258,1,1,Other,MISSING_FROM_CUBE,,17.0000,,18.0000
cube_qso_by_item,019eb11c-413b-7a66-a7d8-a18f14736ede,07c8e49d5072074c54cfbdb917a6910defa630b9401691850e4426bd67b5f44e,7891846801,13,n/a,SCI.5.SC.5.P.11.1,MISSING_FROM_CUBE,,15.0000,,19.0000
cube_qso_by_item,019eb11c-410a-7ffb-86e6-a0294c669670,253cf1d595e25c76b7c0f8df69e24fc5920a0b1e07f73512a6caddc19a6d5403,7702561239,9,n/a,MA.K.GR.1.1,MISSING_FROM_CUBE,,14.0000,,19.0000
cube_qso_by_item,019eb11c-413b-7a66-a7d8-a18f14736ede,07c8e49d5072074c54cfbdb917a6910defa630b9401691850e4426bd67b5f44e,7891846801,20,n/a,SCI.5.SC.5.P.11.1,MISSING_FROM_CUBE,,16.0000,,19.0000
cube_qso_by_item,019eb11c-413b-7a66-a7d8-a18f14736ede,ac37ee2bfb7dd9ee549eb48c6e3ecdc90df460bb0c15d5180e5df85a198eadd6,8180432402,7,1,MA.2.NSO.2.3,MISSING_FROM_CUBE,,13.0000,,14.0000
cube_qso_by_item,019eb11c-410a-7ffb-86e6-a0294c669670,1cb82c7bab46cbcc82c6c2e2b39360c42da660b8bf3c2b84a609699ac62b7a6a,8325672509,12,n/a,MA.6.MAFS.6.SP.1.2,MISSING_FROM_CUBE,,0.0000,,1.0000
cube_qso_by_item,019eb11c-410a-7ffb-86e6-a0294c669670,685d58d64f3e9df29c19cb3cd82479a5d13aab49c93aae4f3703a64cfdb9120c,7893373621,10,1,MA.1.NSO.1.2,MISSING_FROM_CUBE,,17.0000,,20.0000
cube_qso_by_item,019eb11c-410a-7ffb-86e6-a0294c669670,8ff7d3c471464bf6f707fa164f14a332257879a9d8ef2ce966a4b05d1a22276d,7338033968,15,n/a,SOC.7.SS.7.C.2.10,MISSING_FROM_CUBE,,14.0000,,18.0000
cube_qso_by_item,019eb11c-410a-7ffb-86e6-a0294c669670,9dfd47961f78cda8d9695c9dd3a1a530c3d81b8ef65c5fb5b802bd221cefad14,7687741861,2,n/a,MA.K.NSO.3.1,MISSING_FROM_CUBE,,18.0000,,19.0000
cube_qso_by_item,019eb11c-410a-7ffb-86e6-a0294c669670,ab9ccf412f84fd6481413b961c8dd491767e0de24845aff4a588d3a793dff593,7624644120,6,1,Other,MISSING_FROM_CUBE,,8.0000,,19.0000
cube_qso_by_item,019eb11c-413b-7a66-a7d8-a18f14736ede,07c8e49d5072074c54cfbdb917a6910defa630b9401691850e4426bd67b5f44e,7891846801,3,n/a,SCI.5.SC.5.P.11.1,MISSING_FROM_CUBE,,14.0000,,19.0000
cube_qso_by_item,019eb11c-413b-7a66-a7d8-a18f14736ede,a558411fde85105bca87dc87205258bf647f95cdf493e6d86a2fe2f9594c8890,7806926683,5,n/a,ELA.K12.EE.3.1,MISSING_FROM_CUBE,,4.0000,,13.0000
cube_qso_by_item,019eb11c-410a-7ffb-86e6-a0294c669670,c9c2d7ea91d505b2de51fc1561835d5aa6c6f5750e0e77193fa74e51596899d5,7687678128,13,n/a,MA.2.FR.1.2,MISSING_FROM_CUBE,,19.0000,,20.0000
cube_qso_by_item,019eb11c-413b-7a66-a7d8-a18f14736ede,11d010f3e565dca081e3c19cbbf530a3f75c786e02bf3cc53c9c1f3b2fdbbbf1,7891794271,12,n/a,SCI.3.SC.3.L.15.1,MISSING_FROM_CUBE,,14.0000,,17.0000
cube_qso_by_item,019eb11c-410a-7ffb-86e6-a0294c669670,7d05f8dffe7639f2bdaaf1852c81fa54dbcd29ae28c99f36950bcacb837fc861,7789640645,3,n/a,MA.4.M.2.1,MISSING_FROM_CUBE,,17.0000,,21.0000
cube_qso_by_item,019eb11c-410a-7ffb-86e6-a0294c669670,c9c2d7ea91d505b2de51fc1561835d5aa6c6f5750e0e77193fa74e51596899d5,7687678128,14,n/a,MA.2.FR.1.2,MISSING_FROM_CUBE,,19.0000,,20.0000
cube_qso_by_item,019eb11c-413c-7ed9-872e-0fe5e9a947b6,db4bf6655b5b7024fb07d171e484028e612e82e080987814c3e80730a8ac439e,8358079682,2,n/a,MA.2.FR.1.1,MISSING_FROM_CUBE,,16.0000,,16.0000
cube_qso_by_item,019eb11c-410a-7ffb-86e6-a0294c669670,9bd8f632236b0acd026a691a3e75b902c4c04155931cf1371fa8313464c25535,7338399404,17,n/a,SCI.3.SC.3.L.14.2,MISSING_FROM_CUBE,,17.0000,,20.0000
cube_qso_by_item,019eb11c-410a-7ffb-86e6-a0294c669670,1cb82c7bab46cbcc82c6c2e2b39360c42da660b8bf3c2b84a609699ac62b7a6a,8325672509,17,n/a,MA.6.MAFS.6.SP.2.5.c,MISSING_FROM_CUBE,,6.0000,,6.0000
cube_qso_by_item,019eb11c-410a-7ffb-86e6-a0294c669670,3b783afe7d3956fcd19dafa6ad0feececa7b2cabcb31a0ed68daef9b10db5377,7702555934,4,n/a,MA.4.DP.1.1,MISSING_FROM_CUBE,,16.0000,,20.0000
cube_qso_by_item,019eb11c-413b-7a66-a7d8-a18f14736ede,ac37ee2bfb7dd9ee549eb48c6e3ecdc90df460bb0c15d5180e5df85a198eadd6,8200948758,6,1,MA.2.NSO.2.3,MISSING_FROM_CUBE,,11.3335,,14.0000
cube_qso_by_item,019eb11c-413c-7ed9-872e-0fe5e9a947b6,db4bf6655b5b7024fb07d171e484028e612e82e080987814c3e80730a8ac439e,8358079682,7,n/a,MA.2.FR.1.2,MISSING_FROM_CUBE,,15.5000,,16.0000
cube_qso_by_item,019eb11c-410a-7ffb-86e6-a0294c669670,ab9ccf412f84fd6481413b961c8dd491767e0de24845aff4a588d3a793dff593,7624644120,4,1,Other,MISSING_FROM_CUBE,,15.0000,,19.0000
cube_qso_by_item,019eb11c-410a-7ffb-86e6-a0294c669670,8ff7d3c471464bf6f707fa164f14a332257879a9d8ef2ce966a4b05d1a22276d,7338033968,20,n/a,SS.7.E.1.5,MISSING_FROM_CUBE,,4.0000,,4.0000
cube_qso_by_item,019eb11c-410a-7ffb-86e6-a0294c669670,8ff7d3c471464bf6f707fa164f14a332257879a9d8ef2ce966a4b05d1a22276d,7338033968,17,n/a,SOC.7.SS.7.C.2.13,MISSING_FROM_CUBE,,7.0000,,7.0000
cube_qso_by_item,019eb11c-410a-7ffb-86e6-a0294c669670,1cb82c7bab46cbcc82c6c2e2b39360c42da660b8bf3c2b84a609699ac62b7a6a,8325672509,12,n/a,MA.6.MAFS.6.SP.1.2,MISSING_FROM_CUBE,,2.0000,,2.0000
cube_qso_by_item,019eb11c-410a-7ffb-86e6-a0294c669670,9bd8f632236b0acd026a691a3e75b902c4c04155931cf1371fa8313464c25535,7338399404,11,n/a,SCI.3.SC.3.L.14.1,MISSING_FROM_CUBE,,15.0000,,20.0000
cube_qso_by_item,019eb11c-413b-7a66-a7d8-a18f14736ede,ac37ee2bfb7dd9ee549eb48c6e3ecdc90df460bb0c15d5180e5df85a198eadd6,8180432402,4,n/a,MA.2.NSO.2.3,MISSING_FROM_CUBE,,14.0000,,14.0000
cube_qso_by_item,019eb11c-410a-7ffb-86e6-a0294c669670,8ff7d3c471464bf6f707fa164f14a332257879a9d8ef2ce966a4b05d1a22276d,7338033968,20,n/a,SS.7.E.1.5,MISSING_FROM_CUBE,,5.0000,,5.0000
cube_qso_by_item,019eb11c-410a-7ffb-86e6-a0294c669670,d33b643b72c6fcb9297c4b32a1e450cd6c75ea742c06b872b9a3a2d4783cde75,7615829935,2,1,Other,MISSING_FROM_CUBE,,14.0000,,21.0000
cube_qso_by_item,019eb11c-413b-7a66-a7d8-a18f14736ede,ac37ee2bfb7dd9ee549eb48c6e3ecdc90df460bb0c15d5180e5df85a198eadd6,8200948721,3,1,MA.2.NSO.2.3,MISSING_FROM_CUBE,,15.0000,,15.0000
cube_qso_by_item,019eb11c-410a-7ffb-86e6-a0294c669670,8ff7d3c471464bf6f707fa164f14a332257879a9d8ef2ce966a4b05d1a22276d,7338033968,17,n/a,SOC.7.SS.7.C.2.13,MISSING_FROM_CUBE,,1.0000,,1.0000
cube_qso_by_item,019eb11c-413b-7a66-a7d8-a18f14736ede,4d82ed8f667fe9e0fcfa9ce595aa70d78fef462f764b0b8aedee7ca3addf41f4,7891742813,3,n/a,SCI.2.SC.2.P.13.1,MISSING_FROM_CUBE,,12.0000,,17.0000
cube_qso_by_item,019eb11c-410a-7ffb-86e6-a0294c669670,7f89cc611e5d6b8a4772e76b726afa45668f5f3edb1a668746967c7cc7c0db0f,7334679341,12,n/a,ELA.2.R.1.1,MISSING_FROM_CUBE,,14.0000,,16.0000
cube_qso_by_item,019eb11c-410a-7ffb-86e6-a0294c669670,c9c2d7ea91d505b2de51fc1561835d5aa6c6f5750e0e77193fa74e51596899d5,7687663925,15,n/a,MA.2.FR.1.1,MISSING_FROM_CUBE,,17.0000,,18.0000
cube_qso_by_item,019eb11c-410a-7ffb-86e6-a0294c669670,7f89cc611e5d6b8a4772e76b726afa45668f5f3edb1a668746967c7cc7c0db0f,7334679341,7,n/a,ELA.2.C.3.1,MISSING_FROM_CUBE,,12.0000,,16.0000
cube_qso_by_item,019eb11c-410a-7ffb-86e6-a0294c669670,253cf1d595e25c76b7c0f8df69e24fc5920a0b1e07f73512a6caddc19a6d5403,7702561239,1,n/a,MA.K.GR.1.1,MISSING_FROM_CUBE,,19.0000,,19.0000
cube_qso_by_item,019eb11c-413b-7a66-a7d8-a18f14736ede,11d010f3e565dca081e3c19cbbf530a3f75c786e02bf3cc53c9c1f3b2fdbbbf1,7891794271,11,n/a,SCI.3.SC.3.L.15.1,MISSING_FROM_CUBE,,8.0000,,17.0000
cube_qso_by_item,019eb11c-410a-7ffb-86e6-a0294c669670,1cb82c7bab46cbcc82c6c2e2b39360c42da660b8bf3c2b84a609699ac62b7a6a,8325672509,17,n/a,MA.6.MAFS.6.SP.2.5.c,MISSING_FROM_CUBE,,1.0000,,3.0000
cube_qso_by_item,019eb11c-413b-7a66-a7d8-a18f14736ede,4d82ed8f667fe9e0fcfa9ce595aa70d78fef462f764b0b8aedee7ca3addf41f4,7891742813,4,n/a,SCI.2.SC.2.P.13.4,MISSING_FROM_CUBE,,16.0000,,17.0000
cube_qso_by_item,019eb11c-410a-7ffb-86e6-a0294c669670,1cb82c7bab46cbcc82c6c2e2b39360c42da660b8bf3c2b84a609699ac62b7a6a,8325672509,16,1,MA.6.MAFS.6.SP.2.5.c,MISSING_FROM_CUBE,,20.0000,,20.0000
cube_qso_by_item,019eb11c-410a-7ffb-86e6-a0294c669670,624e89a8f7bc9b0ed781a8f4fe30316afc70591b633db10549fce4ab1e94e5c8,7637896011,7,n/a,Other,MISSING_FROM_CUBE,,13.0000,,17.0000
cube_qso_by_item,019eb11c-413b-7a66-a7d8-a18f14736ede,11d010f3e565dca081e3c19cbbf530a3f75c786e02bf3cc53c9c1f3b2fdbbbf1,7891794271,5,n/a,SCI.3.SC.3.L.15.1,MISSING_FROM_CUBE,,9.0000,,17.0000
cube_qso_by_item,019eb11c-410a-7ffb-86e6-a0294c669670,c9c2d7ea91d505b2de51fc1561835d5aa6c6f5750e0e77193fa74e51596899d5,7687678128,3,n/a,MA.2.FR.1.1,MISSING_FROM_CUBE,,18.0000,,20.0000
cube_qso_by_item,019eb11c-410a-7ffb-86e6-a0294c669670,c9c2d7ea91d505b2de51fc1561835d5aa6c6f5750e0e77193fa74e51596899d5,7687678128,8,n/a,MA.2.FR.1.1,MISSING_FROM_CUBE,,20.0000,,20.0000
cube_qso_by_item,019eb11c-413b-7a66-a7d8-a18f14736ede,07c8e49d5072074c54cfbdb917a6910defa630b9401691850e4426bd67b5f44e,7891846801,6,n/a,SCI.5.SC.5.P.11.1,MISSING_FROM_CUBE,,15.0000,,19.0000
cube_qso_by_item,019eb11c-413b-7a66-a7d8-a18f14736ede,a558411fde85105bca87dc87205258bf647f95cdf493e6d86a2fe2f9594c8890,7806926683,3,n/a,ELA.2.R.2.4,MISSING_FROM_CUBE,,6.0000,,13.0000
cube_qso_by_item,019eb11c-413b-7a66-a7d8-a18f14736ede,07c8e49d5072074c54cfbdb917a6910defa630b9401691850e4426bd67b5f44e,7891846801,12,n/a,SCI.5.SC.5.P.11.1,MISSING_FROM_CUBE,,18.0000,,19.0000
cube_qso_by_item,019eb11c-410a-7ffb-86e6-a0294c669670,c9c2d7ea91d505b2de51fc1561835d5aa6c6f5750e0e77193fa74e51596899d5,7687663925,12,1,MA.2.FR.1.1,MISSING_FROM_CUBE,,17.0000,,18.0000
cube_qso_by_item,019eb11c-410a-7ffb-86e6-a0294c669670,624e89a8f7bc9b0ed781a8f4fe30316afc70591b633db10549fce4ab1e94e5c8,7637896011,3,n/a,Other,MISSING_FROM_CUBE,,17.0000,,17.0000
cube_qso_by_item,019eb11c-410a-7ffb-86e6-a0294c669670,624e89a8f7bc9b0ed781a8f4fe30316afc70591b633db10549fce4ab1e94e5c8,7637896011,5,n/a,Other,MISSING_FROM_CUBE,,15.0000,,17.0000
cube_qso_by_item,019eb11c-410a-7ffb-86e6-a0294c669670,69f84f043bcac55206c6b1c01aa2835e2dd1fab62ee36b8903b4f27cba8813d7,7625528258,4,1,Other,MISSING_FROM_CUBE,,13.0000,,18.0000
cube_qso_by_item,019eb11c-410a-7ffb-86e6-a0294c669670,d33b643b72c6fcb9297c4b32a1e450cd6c75ea742c06b872b9a3a2d4783cde75,7615829935,1,1,Other,MISSING_FROM_CUBE,,13.0000,,21.0000
cube_qso_by_item,019eb11c-413c-7ed9-872e-0fe5e9a947b6,db4bf6655b5b7024fb07d171e484028e612e82e080987814c3e80730a8ac439e,8358079682,10,1,MA.2.FR.1.2,MISSING_FROM_CUBE,,16.0000,,16.0000
cube_qso_by_item,019eb11c-410a-7ffb-86e6-a0294c669670,ab9ccf412f84fd6481413b961c8dd491767e0de24845aff4a588d3a793dff593,7624644120,5,1,Other,MISSING_FROM_CUBE,,11.0000,,19.0000
cube_qso_by_item,019eb11c-410a-7ffb-86e6-a0294c669670,3b783afe7d3956fcd19dafa6ad0feececa7b2cabcb31a0ed68daef9b10db5377,7702555934,7,n/a,MA.5.DP.1.2,MISSING_FROM_CUBE,,18.0000,,20.0000
cube_qso_by_item,019eb11c-410a-7ffb-86e6-a0294c669670,69f84f043bcac55206c6b1c01aa2835e2dd1fab62ee36b8903b4f27cba8813d7,7625528258,2,1,Other,MISSING_FROM_CUBE,,16.0000,,18.0000
cube_qso_by_item,019eb11c-410a-7ffb-86e6-a0294c669670,1cb82c7bab46cbcc82c6c2e2b39360c42da660b8bf3c2b84a609699ac62b7a6a,8325672509,12,n/a,MA.6.MAFS.6.SP.1.2,MISSING_FROM_CUBE,,1.0000,,1.0000
cube_qso_by_item,019eb11c-413b-7a66-a7d8-a18f14736ede,ac37ee2bfb7dd9ee549eb48c6e3ecdc90df460bb0c15d5180e5df85a198eadd6,8180432402,8,n/a,MA.2.NSO.2.3,MISSING_FROM_CUBE,,10.0000,,14.0000
cube_qso_by_item,019eb11c-410a-7ffb-86e6-a0294c669670,1cb82c7bab46cbcc82c6c2e2b39360c42da660b8bf3c2b84a609699ac62b7a6a,8325672509,7,n/a,MA.6.MAFS.6.SP.2.5.c,MISSING_FROM_CUBE,,5.0000,,5.0000
cube_qso_by_item,019eb11c-410a-7ffb-86e6-a0294c669670,1cb82c7bab46cbcc82c6c2e2b39360c42da660b8bf3c2b84a609699ac62b7a6a,8325672509,11,n/a,MA.6.MAFS.6.SP.2.4,MISSING_FROM_CUBE,,3.0000,,5.0000
cube_qso_by_item,019eb11c-410a-7ffb-86e6-a0294c669670,1cb82c7bab46cbcc82c6c2e2b39360c42da660b8bf3c2b84a609699ac62b7a6a,8325672509,12,n/a,MA.6.MAFS.6.SP.1.2,MISSING_FROM_CUBE,,2.0000,,2.0000
cube_qso_by_item,019eb11c-410a-7ffb-86e6-a0294c669670,3b783afe7d3956fcd19dafa6ad0feececa7b2cabcb31a0ed68daef9b10db5377,7702555934,19,n/a,MA.5.DP.1.1,MISSING_FROM_CUBE,,20.0000,,20.0000
cube_qso_by_item,019eb11c-410a-7ffb-86e6-a0294c669670,8ff7d3c471464bf6f707fa164f14a332257879a9d8ef2ce966a4b05d1a22276d,7338033968,18,n/a,SOC.7.SS.7.C.2.3,MISSING_FROM_CUBE,,0.0000,,1.0000
cube_qso_by_item,019eb11c-410a-7ffb-86e6-a0294c669670,c9c2d7ea91d505b2de51fc1561835d5aa6c6f5750e0e77193fa74e51596899d5,7687663925,18,1,MA.2.FR.1.1,MISSING_FROM_CUBE,,18.0000,,18.0000
cube_qso_by_item,019eb11c-413b-7a66-a7d8-a18f14736ede,11d010f3e565dca081e3c19cbbf530a3f75c786e02bf3cc53c9c1f3b2fdbbbf1,7891794271,14,n/a,SCI.3.SC.3.L.15.2,MISSING_FROM_CUBE,,16.0000,,17.0000
cube_qso_by_item,019eb11c-410a-7ffb-86e6-a0294c669670,1cb82c7bab46cbcc82c6c2e2b39360c42da660b8bf3c2b84a609699ac62b7a6a,8325672509,12,n/a,MA.6.MAFS.6.SP.1.2,MISSING_FROM_CUBE,,1.0000,,2.0000
cube_qso_by_item,019eb11c-410a-7ffb-86e6-a0294c669670,5e80a05c31bd43ba9d7fdab5bbd4a8051c7db2a1efbc9aacb0f6d723d4721f19,8346484076,1,n/a,Other,MISSING_FROM_CUBE,,17.0000,,17.0000
cube_qso_by_item,019eb11c-410a-7ffb-86e6-a0294c669670,5e80a05c31bd43ba9d7fdab5bbd4a8051c7db2a1efbc9aacb0f6d723d4721f19,8346484076,4,1,Other,MISSING_FROM_CUBE,,10.8000,,17.0000
cube_qso_by_item,019eb11c-413b-7a66-a7d8-a18f14736ede,ac37ee2bfb7dd9ee549eb48c6e3ecdc90df460bb0c15d5180e5df85a198eadd6,8180432402,5,1,MA.2.NSO.2.3,MISSING_FROM_CUBE,,9.6668,,14.0000
cube_qso_by_item,019eb11c-410a-7ffb-86e6-a0294c669670,a868cdad50d1254dadf0d67737d23709876629af79045768e4ae5197c54c8d98,8336110460,2,1,Other,MISSING_FROM_CUBE,,138.0000,,160.0000
cube_qso_by_item,019eb11c-413b-7a66-a7d8-a18f14736ede,4d82ed8f667fe9e0fcfa9ce595aa70d78fef462f764b0b8aedee7ca3addf41f4,7891742813,9,n/a,SCI.2.SC.2.N.1.1,MISSING_FROM_CUBE,,13.0000,,17.0000
cube_qso_by_item,019eb11c-410a-7ffb-86e6-a0294c669670,c9c2d7ea91d505b2de51fc1561835d5aa6c6f5750e0e77193fa74e51596899d5,7687663925,5,1,MA.2.FR.1.1,MISSING_FROM_CUBE,,16.0000,,18.0000
cube_qso_by_item,019eb11c-413b-7a66-a7d8-a18f14736ede,11d010f3e565dca081e3c19cbbf530a3f75c786e02bf3cc53c9c1f3b2fdbbbf1,7891794271,17,n/a,SCI.3.SC.3.L.15.2,MISSING_FROM_CUBE,,9.0000,,17.0000
cube_qso_by_item,019eb11c-410a-7ffb-86e6-a0294c669670,a868cdad50d1254dadf0d67737d23709876629af79045768e4ae5197c54c8d98,8336110460,1,1,Other,MISSING_FROM_CUBE,,138.0000,,160.0000
cube_qso_by_item,019eb11c-410a-7ffb-86e6-a0294c669670,685d58d64f3e9df29c19cb3cd82479a5d13aab49c93aae4f3703a64cfdb9120c,7893373621,17,n/a,MA.1.NSO.1.3,MISSING_FROM_CUBE,,11.0000,,20.0000
cube_qso_by_item,019eb11c-413b-7a66-a7d8-a18f14736ede,11d010f3e565dca081e3c19cbbf530a3f75c786e02bf3cc53c9c1f3b2fdbbbf1,7891794271,1,n/a,SCI.3.SC.3.L.15.1,MISSING_FROM_CUBE,,11.0000,,17.0000
cube_qso_by_item,019eb11c-410a-7ffb-86e6-a0294c669670,c9c2d7ea91d505b2de51fc1561835d5aa6c6f5750e0e77193fa74e51596899d5,7687663925,20,1,MA.2.FR.1.1,MISSING_FROM_CUBE,,18.0000,,18.0000
cube_qso_by_item,019eb11c-413b-7a66-a7d8-a18f14736ede,11d010f3e565dca081e3c19cbbf530a3f75c786e02bf3cc53c9c1f3b2fdbbbf1,7891794271,8,n/a,SCI.3.SC.3.L.15.1,MISSING_FROM_CUBE,,5.0000,,17.0000
cube_qso_by_item,019eb11c-410a-7ffb-86e6-a0294c669670,c9c2d7ea91d505b2de51fc1561835d5aa6c6f5750e0e77193fa74e51596899d5,7687663925,2,n/a,MA.2.FR.1.1,MISSING_FROM_CUBE,,18.0000,,18.0000
cube_qso_by_item,019eb11c-410a-7ffb-86e6-a0294c669670,685d58d64f3e9df29c19cb3cd82479a5d13aab49c93aae4f3703a64cfdb9120c,7893373621,3,1,MA.1.NSO.1.3,MISSING_FROM_CUBE,,32.0000,,40.0000
cube_qso_by_item,019eb11c-413c-7ed9-872e-0fe5e9a947b6,d6885dcaa7c6c9bd62796b6eae7685df775d93bb36d3d14232e34d89e947c020,7935427775,4,n/a,MA.3.GR.1.2,MISSING_FROM_CUBE,,8.5000,,13.0000
cube_qso_by_item,019eb11c-413b-7a66-a7d8-a18f14736ede,4d82ed8f667fe9e0fcfa9ce595aa70d78fef462f764b0b8aedee7ca3addf41f4,7891742813,1,n/a,SCI.2.SC.2.P.13.3,MISSING_FROM_CUBE,,15.0000,,17.0000
cube_qso_by_item,019eb11c-413b-7a66-a7d8-a18f14736ede,11d010f3e565dca081e3c19cbbf530a3f75c786e02bf3cc53c9c1f3b2fdbbbf1,7891794271,7,n/a,SCI.3.SC.3.L.15.1,MISSING_FROM_CUBE,,12.0000,,17.0000
cube_qso_by_item,019eb11c-410a-7ffb-86e6-a0294c669670,253cf1d595e25c76b7c0f8df69e24fc5920a0b1e07f73512a6caddc19a6d5403,7702561239,19,n/a,MA.K.GR.1.1,MISSING_FROM_CUBE,,19.0000,,19.0000
cube_qso_by_item,019eb11c-410a-7ffb-86e6-a0294c669670,c9c2d7ea91d505b2de51fc1561835d5aa6c6f5750e0e77193fa74e51596899d5,7687678128,9,n/a,MA.2.FR.1.1,MISSING_FROM_CUBE,,19.0000,,20.0000
cube_qso_by_item,019eb11c-410a-7ffb-86e6-a0294c669670,685d58d64f3e9df29c19cb3cd82479a5d13aab49c93aae4f3703a64cfdb9120c,7893373621,19,1,MA.1.NSO.1.1,MISSING_FROM_CUBE,,25.0000,,40.0000
cube_qso_by_item,019eb11c-410a-7ffb-86e6-a0294c669670,7f89cc611e5d6b8a4772e76b726afa45668f5f3edb1a668746967c7cc7c0db0f,7334679341,4,n/a,ELA.2.V.1.2,MISSING_FROM_CUBE,,13.0000,,16.0000
cube_qso_by_item,019eb11c-413b-7a66-a7d8-a18f14736ede,ac37ee2bfb7dd9ee549eb48c6e3ecdc90df460bb0c15d5180e5df85a198eadd6,8200948758,5,1,MA.2.NSO.2.3,MISSING_FROM_CUBE,,5.3333,,14.0000
cube_qso_by_item,019eb11c-410a-7ffb-86e6-a0294c669670,253cf1d595e25c76b7c0f8df69e24fc5920a0b1e07f73512a6caddc19a6d5403,7702561239,4,n/a,MA.K.GR.1.3,MISSING_FROM_CUBE,,17.0000,,19.0000
cube_qso_by_item,019eb11c-410a-7ffb-86e6-a0294c669670,2d13c6b9ee88333b837d57eda60e063f4fe154254e914f9a543301178f723fb8,7613842590,3,n/a,Other,MISSING_FROM_CUBE,,31.5000,,38.0000
cube_qso_by_item,019eb11c-410a-7ffb-86e6-a0294c669670,253cf1d595e25c76b7c0f8df69e24fc5920a0b1e07f73512a6caddc19a6d5403,7702561239,18,n/a,MA.K.GR.1.1,MISSING_FROM_CUBE,,19.0000,,19.0000
cube_qso_by_item,019eb11c-410a-7ffb-86e6-a0294c669670,3b783afe7d3956fcd19dafa6ad0feececa7b2cabcb31a0ed68daef9b10db5377,7702555934,14,n/a,MA.5.DP.1.1,MISSING_FROM_CUBE,,14.0000,,20.0000
cube_qso_by_item,019eb11c-410a-7ffb-86e6-a0294c669670,2d13c6b9ee88333b837d57eda60e063f4fe154254e914f9a543301178f723fb8,7613842590,1,n/a,Other,MISSING_FROM_CUBE,,16.0000,,19.0000
cube_qso_by_item,019eb11c-410a-7ffb-86e6-a0294c669670,7d05f8dffe7639f2bdaaf1852c81fa54dbcd29ae28c99f36950bcacb837fc861,7789640645,18,1,MA.4.M.2.1,MISSING_FROM_CUBE,,15.0000,,21.0000
cube_qso_by_item,019eb11c-410a-7ffb-86e6-a0294c669670,c9c2d7ea91d505b2de51fc1561835d5aa6c6f5750e0e77193fa74e51596899d5,7687663925,8,n/a,MA.2.FR.1.1,MISSING_FROM_CUBE,,18.0000,,18.0000
cube_qso_by_item,019eb11c-410a-7ffb-86e6-a0294c669670,9dfd47961f78cda8d9695c9dd3a1a530c3d81b8ef65c5fb5b802bd221cefad14,7687741861,9,n/a,MA.K.NSO.1.2,MISSING_FROM_CUBE,,19.0000,,19.0000
cube_qso_by_item,019eb11c-410a-7ffb-86e6-a0294c669670,5e80a05c31bd43ba9d7fdab5bbd4a8051c7db2a1efbc9aacb0f6d723d4721f19,8346484076,8,n/a,Other,MISSING_FROM_CUBE,,16.0000,,17.0000
cube_qso_by_item,019eb11c-413b-7a66-a7d8-a18f14736ede,ac37ee2bfb7dd9ee549eb48c6e3ecdc90df460bb0c15d5180e5df85a198eadd6,8200948721,8,n/a,MA.2.NSO.2.3,MISSING_FROM_CUBE,,7.0000,,15.0000
cube_qso_by_item,019eb11c-410a-7ffb-86e6-a0294c669670,3b783afe7d3956fcd19dafa6ad0feececa7b2cabcb31a0ed68daef9b10db5377,7702555934,6,1,MA.5.DP.1.2,MISSING_FROM_CUBE,,18.0000,,20.0000
cube_qso_by_item,019eb11c-413b-7a66-a7d8-a18f14736ede,a558411fde85105bca87dc87205258bf647f95cdf493e6d86a2fe2f9594c8890,7806926683,4,n/a,ELA.K12.EE.3.1,MISSING_FROM_CUBE,,9.0000,,13.0000
cube_qso_by_item,019eb11c-410a-7ffb-86e6-a0294c669670,685d58d64f3e9df29c19cb3cd82479a5d13aab49c93aae4f3703a64cfdb9120c,7893373621,9,n/a,MA.1.NSO.1.2,MISSING_FROM_CUBE,,14.0000,,20.0000
cube_qso_by_item,019eb11c-410a-7ffb-86e6-a0294c669670,685d58d64f3e9df29c19cb3cd82479a5d13aab49c93aae4f3703a64cfdb9120c,7893373621,18,n/a,MA.1.NSO.1.1,MISSING_FROM_CUBE,,15.0000,,20.0000
cube_qso_by_item,019eb11c-413b-7a66-a7d8-a18f14736ede,a558411fde85105bca87dc87205258bf647f95cdf493e6d86a2fe2f9594c8890,7806926683,12,n/a,LA.2.LA.2.1.6.3,MISSING_FROM_CUBE,,8.0000,,13.0000
cube_qso_by_item,019eb11c-410a-7ffb-86e6-a0294c669670,c9c2d7ea91d505b2de51fc1561835d5aa6c6f5750e0e77193fa74e51596899d5,7687678128,12,1,MA.2.FR.1.1,MISSING_FROM_CUBE,,20.0000,,20.0000
cube_qso_by_item,019eb11c-410a-7ffb-86e6-a0294c669670,8ff7d3c471464bf6f707fa164f14a332257879a9d8ef2ce966a4b05d1a22276d,7338033968,16,n/a,SOC.7.SS.7.C.2.13,MISSING_FROM_CUBE,,17.0000,,18.0000
cube_qso_by_item,019eb11c-410a-7ffb-86e6-a0294c669670,3b783afe7d3956fcd19dafa6ad0feececa7b2cabcb31a0ed68daef9b10db5377,7702555934,18,n/a,MA.5.DP.1.1,MISSING_FROM_CUBE,,19.0000,,20.0000
cube_qso_by_item,019eb11c-410a-7ffb-86e6-a0294c669670,c9c2d7ea91d505b2de51fc1561835d5aa6c6f5750e0e77193fa74e51596899d5,7687678128,18,1,MA.2.FR.1.1,MISSING_FROM_CUBE,,20.0000,,20.0000
cube_qso_by_item,019eb11c-413b-7a66-a7d8-a18f14736ede,3047dc225659950d4163e02e054092b0267bf829dbe0a7375e08229a7e8aa83d,7997317688,15,n/a,SCI.4.SC.4.L.17.3,MISSING_FROM_CUBE,,8.0000,,11.0000
cube_qso_by_item,019eb11c-410a-7ffb-86e6-a0294c669670,3b783afe7d3956fcd19dafa6ad0feececa7b2cabcb31a0ed68daef9b10db5377,7702555934,10,n/a,MA.5.DP.1.2,MISSING_FROM_CUBE,,16.0000,,20.0000
cube_qso_by_item,019eb11c-410a-7ffb-86e6-a0294c669670,c9c2d7ea91d505b2de51fc1561835d5aa6c6f5750e0e77193fa74e51596899d5,7687678128,5,1,MA.2.FR.1.1,MISSING_FROM_CUBE,,15.0000,,20.0000
cube_qso_by_item,019eb11c-410a-7ffb-86e6-a0294c669670,1cb82c7bab46cbcc82c6c2e2b39360c42da660b8bf3c2b84a609699ac62b7a6a,8325672509,18,n/a,MA.6.MAFS.6.SP.1.3,MISSING_FROM_CUBE,,1.0000,,2.0000
cube_qso_by_item,019eb11c-410a-7ffb-86e6-a0294c669670,5e80a05c31bd43ba9d7fdab5bbd4a8051c7db2a1efbc9aacb0f6d723d4721f19,8346484076,2,1,Other,MISSING_FROM_CUBE,,15.0000,,17.0000
cube_qso_by_item,019eb11c-410a-7ffb-86e6-a0294c669670,3b783afe7d3956fcd19dafa6ad0feececa7b2cabcb31a0ed68daef9b10db5377,7702555934,5,1,MA.5.DP.1.2,MISSING_FROM_CUBE,,16.0000,,20.0000
cube_qso_by_item,019eb11c-410a-7ffb-86e6-a0294c669670,8ff7d3c471464bf6f707fa164f14a332257879a9d8ef2ce966a4b05d1a22276d,7338033968,4,n/a,SS.7.E.1.5,MISSING_FROM_CUBE,,9.0000,,18.0000
cube_qso_by_item,019eb11c-410a-7ffb-86e6-a0294c669670,ab9ccf412f84fd6481413b961c8dd491767e0de24845aff4a588d3a793dff593,7624644120,7,1,Other,MISSING_FROM_CUBE,,9.0000,,19.0000
cube_qso_by_item,019eb11c-410a-7ffb-86e6-a0294c669670,69f84f043bcac55206c6b1c01aa2835e2dd1fab62ee36b8903b4f27cba8813d7,7625528258,3,1,Other,MISSING_FROM_CUBE,,16.0000,,18.0000
cube_qso_by_item,019eb11c-410a-7ffb-86e6-a0294c669670,685d58d64f3e9df29c19cb3cd82479a5d13aab49c93aae4f3703a64cfdb9120c,7893373621,12,n/a,MA.1.NSO.1.2,MISSING_FROM_CUBE,,15.0000,,20.0000
cube_qso_by_item,019eb11c-413b-7a66-a7d8-a18f14736ede,07c8e49d5072074c54cfbdb917a6910defa630b9401691850e4426bd67b5f44e,7891846801,9,n/a,SCI.5.SC.5.P.11.2,MISSING_FROM_CUBE,,18.0000,,19.0000
cube_qso_by_item,019eb11c-413c-7ed9-872e-0fe5e9a947b6,db4bf6655b5b7024fb07d171e484028e612e82e080987814c3e80730a8ac439e,8358079682,9,n/a,MA.2.FR.1.1,MISSING_FROM_CUBE,,16.0000,,16.0000
cube_qso_by_item,019eb11c-413b-7a66-a7d8-a18f14736ede,07c8e49d5072074c54cfbdb917a6910defa630b9401691850e4426bd67b5f44e,7891846801,19,n/a,SCI.5.SC.5.P.11.1,MISSING_FROM_CUBE,,17.0000,,19.0000
cube_qso_by_item,019eb11c-410a-7ffb-86e6-a0294c669670,8ff7d3c471464bf6f707fa164f14a332257879a9d8ef2ce966a4b05d1a22276d,7338033968,39,n/a,SOC.7.SS.7.C.3.8,MISSING_FROM_CUBE,,4.0000,,4.0000
cube_qso_by_item,019eb11c-413b-7a66-a7d8-a18f14736ede,07c8e49d5072074c54cfbdb917a6910defa630b9401691850e4426bd67b5f44e,7891846801,10,n/a,SCI.5.SC.5.P.11.1,MISSING_FROM_CUBE,,17.0000,,19.0000
cube_qso_by_item,019eb11c-410a-7ffb-86e6-a0294c669670,c9c2d7ea91d505b2de51fc1561835d5aa6c6f5750e0e77193fa74e51596899d5,7687663925,9,n/a,MA.2.FR.1.1,MISSING_FROM_CUBE,,17.0000,,18.0000
cube_qso_by_item,019eb11c-410a-7ffb-86e6-a0294c669670,c9c2d7ea91d505b2de51fc1561835d5aa6c6f5750e0e77193fa74e51596899d5,7687678128,20,1,MA.2.FR.1.1,MISSING_FROM_CUBE,,20.0000,,20.0000
cube_qso_by_item,019eb11c-410a-7ffb-86e6-a0294c669670,9bd8f632236b0acd026a691a3e75b902c4c04155931cf1371fa8313464c25535,7338399404,8,n/a,SCI.3.SC.3.L.14.2,MISSING_FROM_CUBE,,19.0000,,20.0000
cube_qso_by_item,019eb11c-410a-7ffb-86e6-a0294c669670,8ff7d3c471464bf6f707fa164f14a332257879a9d8ef2ce966a4b05d1a22276d,7338033968,17,n/a,SOC.7.SS.7.C.2.13,MISSING_FROM_CUBE,,7.0000,,7.0000
cube_qso_by_item,019eb11c-410a-7ffb-86e6-a0294c669670,8ff7d3c471464bf6f707fa164f14a332257879a9d8ef2ce966a4b05d1a22276d,7338033968,1,1,SOC.7.SS.7.C.2.13,MISSING_FROM_CUBE,,18.0000,,18.0000
cube_qso_by_item,019eb11c-410a-7ffb-86e6-a0294c669670,c9c2d7ea91d505b2de51fc1561835d5aa6c6f5750e0e77193fa74e51596899d5,7687678128,2,n/a,MA.2.FR.1.1,MISSING_FROM_CUBE,,20.0000,,20.0000
cube_qso_by_item,019eb11c-410a-7ffb-86e6-a0294c669670,8ff7d3c471464bf6f707fa164f14a332257879a9d8ef2ce966a4b05d1a22276d,7338033968,39,n/a,SOC.7.SS.7.C.3.8,MISSING_FROM_CUBE,,6.0000,,6.0000
cube_qso_by_item,019eb11c-410a-7ffb-86e6-a0294c669670,8ff7d3c471464bf6f707fa164f14a332257879a9d8ef2ce966a4b05d1a22276d,7338033968,39,n/a,SOC.7.SS.7.C.3.8,MISSING_FROM_CUBE,,2.0000,,3.0000
cube_qso_by_item,019eb11c-410a-7ffb-86e6-a0294c669670,7f89cc611e5d6b8a4772e76b726afa45668f5f3edb1a668746967c7cc7c0db0f,7334679341,1,n/a,ELA.2.R.2.2,MISSING_FROM_CUBE,,12.0000,,16.0000
cube_qso_by_item,019eb11c-413b-7a66-a7d8-a18f14736ede,3047dc225659950d4163e02e054092b0267bf829dbe0a7375e08229a7e8aa83d,7997317688,1,n/a,SCI.4.SC.4.L.17.4,MISSING_FROM_CUBE,,5.0000,,11.0000
cube_qso_by_item,019eb11c-410a-7ffb-86e6-a0294c669670,7f89cc611e5d6b8a4772e76b726afa45668f5f3edb1a668746967c7cc7c0db0f,7334679341,10,n/a,ELA.2.V.1.3,MISSING_FROM_CUBE,,13.0000,,16.0000
cube_qso_by_item,019eb11c-413b-7a66-a7d8-a18f14736ede,07c8e49d5072074c54cfbdb917a6910defa630b9401691850e4426bd67b5f44e,7891846801,18,n/a,SCI.5.SC.5.P.11.1,MISSING_FROM_CUBE,,14.0000,,19.0000
cube_qso_by_item,019eb11c-413b-7a66-a7d8-a18f14736ede,11d010f3e565dca081e3c19cbbf530a3f75c786e02bf3cc53c9c1f3b2fdbbbf1,7891794271,9,n/a,SCI.3.SC.3.L.15.2,MISSING_FROM_CUBE,,13.0000,,17.0000
cube_qso_by_item,019eb11c-410a-7ffb-86e6-a0294c669670,1cb82c7bab46cbcc82c6c2e2b39360c42da660b8bf3c2b84a609699ac62b7a6a,8325672509,12,n/a,MA.6.MAFS.6.SP.1.2,MISSING_FROM_CUBE,,0.5000,,1.0000
cube_qso_by_item,019eb11c-410a-7ffb-86e6-a0294c669670,5e80a05c31bd43ba9d7fdab5bbd4a8051c7db2a1efbc9aacb0f6d723d4721f19,8346484076,10,1,Other,MISSING_FROM_CUBE,,13.0000,,17.0000
cube_qso_by_item,019eb11c-410a-7ffb-86e6-a0294c669670,1cb82c7bab46cbcc82c6c2e2b39360c42da660b8bf3c2b84a609699ac62b7a6a,8325672509,7,n/a,MA.6.MAFS.6.SP.2.5.c,MISSING_FROM_CUBE,,2.0000,,3.0000
cube_qso_by_item,019eb11c-410a-7ffb-86e6-a0294c669670,3b783afe7d3956fcd19dafa6ad0feececa7b2cabcb31a0ed68daef9b10db5377,7702555934,1,1,MA.5.DP.1.1,MISSING_FROM_CUBE,,17.0000,,20.0000
cube_qso_by_item,019eb11c-410a-7ffb-86e6-a0294c669670,c9c2d7ea91d505b2de51fc1561835d5aa6c6f5750e0e77193fa74e51596899d5,7687678128,4,n/a,MA.2.FR.1.1,MISSING_FROM_CUBE,,20.0000,,20.0000
cube_qso_by_item,019eb11c-410a-7ffb-86e6-a0294c669670,253cf1d595e25c76b7c0f8df69e24fc5920a0b1e07f73512a6caddc19a6d5403,7702561239,17,n/a,MA.K.GR.1.1,MISSING_FROM_CUBE,,18.0000,,19.0000
cube_qso_by_item,019eb11c-413b-7a66-a7d8-a18f14736ede,4d82ed8f667fe9e0fcfa9ce595aa70d78fef462f764b0b8aedee7ca3addf41f4,7891742813,8,n/a,SCI.2.SC.2.N.1.1,MISSING_FROM_CUBE,,11.0000,,17.0000
cube_qso_by_item,019eb11c-410a-7ffb-86e6-a0294c669670,1cb82c7bab46cbcc82c6c2e2b39360c42da660b8bf3c2b84a609699ac62b7a6a,8325672509,12,n/a,MA.6.MAFS.6.SP.1.2,MISSING_FROM_CUBE,,1.0000,,2.0000
cube_qso_by_item,019eb11c-410a-7ffb-86e6-a0294c669670,1cb82c7bab46cbcc82c6c2e2b39360c42da660b8bf3c2b84a609699ac62b7a6a,8325672509,15,1,MA.6.MAFS.6.SP.1.2,MISSING_FROM_CUBE,,16.3335,,20.0000
cube_qso_by_item,019eb11c-410a-7ffb-86e6-a0294c669670,9bd8f632236b0acd026a691a3e75b902c4c04155931cf1371fa8313464c25535,7338399404,14,n/a,SCI.3.SC.3.L.14.1,MISSING_FROM_CUBE,,18.0000,,20.0000
cube_qso_by_item,019eb11c-413b-7a66-a7d8-a18f14736ede,3047dc225659950d4163e02e054092b0267bf829dbe0a7375e08229a7e8aa83d,7997317688,14,n/a,SCI.4.SC.4.L.17.3,MISSING_FROM_CUBE,,10.0000,,11.0000
cube_qso_by_item,019eb11c-410a-7ffb-86e6-a0294c669670,685d58d64f3e9df29c19cb3cd82479a5d13aab49c93aae4f3703a64cfdb9120c,7893373621,13,n/a,MA.1.NSO.1.2,MISSING_FROM_CUBE,,19.0000,,20.0000
cube_qso_by_item,019eb11c-413b-7a66-a7d8-a18f14736ede,11d010f3e565dca081e3c19cbbf530a3f75c786e02bf3cc53c9c1f3b2fdbbbf1,7891794271,10,n/a,SCI.3.SC.3.L.15.1,MISSING_FROM_CUBE,,16.0000,,17.0000
cube_qso_by_item,019eb11c-410a-7ffb-86e6-a0294c669670,3b783afe7d3956fcd19dafa6ad0feececa7b2cabcb31a0ed68daef9b10db5377,7702555934,3,1,MA.5.DP.1.2,MISSING_FROM_CUBE,,10.0000,,20.0000
cube_qso_by_item,019eb11c-410a-7ffb-86e6-a0294c669670,e93f836775458de9c65b5631901b73431a6fe43315a5aa090f429f05f53811b6,7687741861,11,n/a,MA.K.NSO.2.2,MISSING_FROM_CUBE,,0.0000,,1.0000
cube_qso_by_item,019eb11c-413b-7a66-a7d8-a18f14736ede,a558411fde85105bca87dc87205258bf647f95cdf493e6d86a2fe2f9594c8890,7806926683,1,n/a,ELA.2.V.1.1,MISSING_FROM_CUBE,,13.0000,,13.0000
cube_qso_by_item,019eb11c-410a-7ffb-86e6-a0294c669670,1cb82c7bab46cbcc82c6c2e2b39360c42da660b8bf3c2b84a609699ac62b7a6a,8325672509,12,n/a,MA.6.MAFS.6.SP.1.2,MISSING_FROM_CUBE,,1.0000,,1.0000
cube_qso_by_item,019eb11c-410a-7ffb-86e6-a0294c669670,9bd8f632236b0acd026a691a3e75b902c4c04155931cf1371fa8313464c25535,7338399404,9,n/a,SCI.3.SC.3.L.14.1,MISSING_FROM_CUBE,,14.0000,,20.0000
cube_qso_by_item,019eb11c-410a-7ffb-86e6-a0294c669670,1cb82c7bab46cbcc82c6c2e2b39360c42da660b8bf3c2b84a609699ac62b7a6a,8325672509,7,n/a,MA.6.MAFS.6.SP.2.5.c,MISSING_FROM_CUBE,,4.0000,,5.0000
cube_qso_by_item,019eb11c-410a-7ffb-86e6-a0294c669670,8ff7d3c471464bf6f707fa164f14a332257879a9d8ef2ce966a4b05d1a22276d,7338033968,33,1,SOC.7.SS.7.C.2.13,MISSING_FROM_CUBE,,18.0000,,18.0000
cube_qso_by_item,019eb11c-410a-7ffb-86e6-a0294c669670,9bd8f632236b0acd026a691a3e75b902c4c04155931cf1371fa8313464c25535,7338399404,18,n/a,SCI.3.SC.3.L.14.2,MISSING_FROM_CUBE,,16.0000,,20.0000
cube_qso_by_item,019eb11c-413b-7a66-a7d8-a18f14736ede,07c8e49d5072074c54cfbdb917a6910defa630b9401691850e4426bd67b5f44e,7891846801,16,n/a,SCI.5.SC.5.P.11.1,MISSING_FROM_CUBE,,5.0000,,19.0000
cube_qso_by_item,019eb11c-410a-7ffb-86e6-a0294c669670,7f89cc611e5d6b8a4772e76b726afa45668f5f3edb1a668746967c7cc7c0db0f,7334679341,11,n/a,ELA.2.R.1.1,MISSING_FROM_CUBE,,13.0000,,16.0000
cube_qso_by_item,019eb11c-410a-7ffb-86e6-a0294c669670,685d58d64f3e9df29c19cb3cd82479a5d13aab49c93aae4f3703a64cfdb9120c,7893373621,1,n/a,MA.1.NSO.1.3,MISSING_FROM_CUBE,,16.6667,,20.0000
cube_qso_by_item,019eb11c-410a-7ffb-86e6-a0294c669670,8ff7d3c471464bf6f707fa164f14a332257879a9d8ef2ce966a4b05d1a22276d,7338033968,9,n/a,SOC.7.SS.7.C.3.14,MISSING_FROM_CUBE,,5.0000,,5.0000
cube_qso_by_item,019eb11c-413b-7a66-a7d8-a18f14736ede,07c8e49d5072074c54cfbdb917a6910defa630b9401691850e4426bd67b5f44e,7891846801,7,n/a,SCI.5.SC.5.P.11.1,MISSING_FROM_CUBE,,17.0000,,19.0000
cube_qso_by_item,019eb11c-410a-7ffb-86e6-a0294c669670,3b783afe7d3956fcd19dafa6ad0feececa7b2cabcb31a0ed68daef9b10db5377,7702555934,17,n/a,MA.5.DP.1.1,MISSING_FROM_CUBE,,20.0000,,20.0000
cube_qso_by_item,019eb11c-410a-7ffb-86e6-a0294c669670,624e89a8f7bc9b0ed781a8f4fe30316afc70591b633db10549fce4ab1e94e5c8,7637896011,8,n/a,Other,MISSING_FROM_CUBE,,9.0000,,17.0000
cube_qso_by_item,019eb11c-410a-7ffb-86e6-a0294c669670,7b61b1fce534a45fdae58c2a2e449d9a0a514ffa01add688ca260b1ce0684f2d,7598715892,1,1,Other,MISSING_FROM_CUBE,,155.0000,,162.0000
cube_qso_by_item,019eb11c-413b-7a66-a7d8-a18f14736ede,a558411fde85105bca87dc87205258bf647f95cdf493e6d86a2fe2f9594c8890,7806926683,9,n/a,Other,MISSING_FROM_CUBE,,13.0000,,13.0000
cube_qso_by_item,019eb11c-413b-7a66-a7d8-a18f14736ede,ac37ee2bfb7dd9ee549eb48c6e3ecdc90df460bb0c15d5180e5df85a198eadd6,8200948758,8,n/a,MA.2.NSO.2.3,MISSING_FROM_CUBE,,6.0000,,14.0000
cube_qso_by_item,019eb11c-410a-7ffb-86e6-a0294c669670,3b783afe7d3956fcd19dafa6ad0feececa7b2cabcb31a0ed68daef9b10db5377,7702555934,15,n/a,MA.5.DP.1.1,MISSING_FROM_CUBE,,14.0000,,20.0000
cube_qso_by_item,019eb11c-410a-7ffb-86e6-a0294c669670,c9c2d7ea91d505b2de51fc1561835d5aa6c6f5750e0e77193fa74e51596899d5,7687663925,4,n/a,MA.2.FR.1.1,MISSING_FROM_CUBE,,18.0000,,18.0000
cube_qso_by_item,019eb11c-410a-7ffb-86e6-a0294c669670,69f84f043bcac55206c6b1c01aa2835e2dd1fab62ee36b8903b4f27cba8813d7,7625528258,5,1,Other,MISSING_FROM_CUBE,,13.0000,,18.0000
cube_qso_by_item,019eb11c-410a-7ffb-86e6-a0294c669670,5e80a05c31bd43ba9d7fdab5bbd4a8051c7db2a1efbc9aacb0f6d723d4721f19,8346484076,7,1,Other,MISSING_FROM_CUBE,,7.0000,,17.0000
cube_qso_by_item,019eb11c-413c-7ed9-872e-0fe5e9a947b6,db4bf6655b5b7024fb07d171e484028e612e82e080987814c3e80730a8ac439e,8358079682,8,n/a,MA.2.FR.1.1,MISSING_FROM_CUBE,,16.0000,,16.0000
cube_qso_by_item,019eb11c-410a-7ffb-86e6-a0294c669670,8ff7d3c471464bf6f707fa164f14a332257879a9d8ef2ce966a4b05d1a22276d,7338033968,9,n/a,SOC.7.SS.7.C.3.14,MISSING_FROM_CUBE,,5.0000,,5.0000
cube_qso_by_item,019eb11c-410a-7ffb-86e6-a0294c669670,3b783afe7d3956fcd19dafa6ad0feececa7b2cabcb31a0ed68daef9b10db5377,7702555934,8,1,MA.5.DP.1.2,MISSING_FROM_CUBE,,19.0000,,20.0000
cube_qso_by_item,019eb11c-410a-7ffb-86e6-a0294c669670,8ff7d3c471464bf6f707fa164f14a332257879a9d8ef2ce966a4b05d1a22276d,7338033968,31,10,SOC.7.SS.7.C.3.10,MISSING_FROM_CUBE,,250.0000,,270.0000
cube_qso_by_item,019eb11c-413b-7a66-a7d8-a18f14736ede,07c8e49d5072074c54cfbdb917a6910defa630b9401691850e4426bd67b5f44e,7891846801,1,n/a,SCI.5.SC.5.P.11.1,MISSING_FROM_CUBE,,15.0000,,19.0000
cube_qso_by_item,019eb11c-410a-7ffb-86e6-a0294c669670,3b783afe7d3956fcd19dafa6ad0feececa7b2cabcb31a0ed68daef9b10db5377,7702555934,2,n/a,MA.4.DP.1.1,MISSING_FROM_CUBE,,19.0000,,20.0000
cube_qso_by_item,019eb11c-413b-7a66-a7d8-a18f14736ede,ac37ee2bfb7dd9ee549eb48c6e3ecdc90df460bb0c15d5180e5df85a198eadd6,8200948721,5,1,MA.2.NSO.2.3,MISSING_FROM_CUBE,,7.0000,,15.0000
cube_qso_by_item,019eb11c-413c-7ed9-872e-0fe5e9a947b6,d6885dcaa7c6c9bd62796b6eae7685df775d93bb36d3d14232e34d89e947c020,7935427775,9,1,MA.3.GR.1,MISSING_FROM_CUBE,,11.3333,,13.0000
cube_qso_by_item,019eb11c-413b-7a66-a7d8-a18f14736ede,11d010f3e565dca081e3c19cbbf530a3f75c786e02bf3cc53c9c1f3b2fdbbbf1,7891794271,6,n/a,SCI.3.SC.3.L.15.1,MISSING_FROM_CUBE,,15.0000,,17.0000
cube_qso_by_item,019eb11c-413b-7a66-a7d8-a18f14736ede,a558411fde85105bca87dc87205258bf647f95cdf493e6d86a2fe2f9594c8890,7806926683,2,n/a,ELA.2.V.1.3,MISSING_FROM_CUBE,,11.0000,,13.0000
cube_qso_by_item,019eb11c-413b-7a66-a7d8-a18f14736ede,07c8e49d5072074c54cfbdb917a6910defa630b9401691850e4426bd67b5f44e,7891846801,5,n/a,SCI.5.SC.5.P.11.1,MISSING_FROM_CUBE,,13.0000,,19.0000
cube_qso_by_item,019eb11c-410a-7ffb-86e6-a0294c669670,d33b643b72c6fcb9297c4b32a1e450cd6c75ea742c06b872b9a3a2d4783cde75,7615829935,3,1,Other,MISSING_FROM_CUBE,,12.3336,,21.0000
cube_qso_by_item,019eb11c-410a-7ffb-86e6-a0294c669670,3b783afe7d3956fcd19dafa6ad0feececa7b2cabcb31a0ed68daef9b10db5377,7702555934,20,1,MA.5.DP.1.2,MISSING_FROM_CUBE,,19.0000,,20.0000
cube_qso_by_item,019eb11c-410a-7ffb-86e6-a0294c669670,253cf1d595e25c76b7c0f8df69e24fc5920a0b1e07f73512a6caddc19a6d5403,7702561239,7,n/a,MA.K.GR.1.1,MISSING_FROM_CUBE,,19.0000,,19.0000
cube_qso_by_item,019eb11c-410a-7ffb-86e6-a0294c669670,1cb82c7bab46cbcc82c6c2e2b39360c42da660b8bf3c2b84a609699ac62b7a6a,8325672509,18,n/a,MA.6.MAFS.6.SP.1.3,MISSING_FROM_CUBE,,3.0000,,4.0000
cube_qso_by_item,019eb11c-410a-7ffb-86e6-a0294c669670,5e80a05c31bd43ba9d7fdab5bbd4a8051c7db2a1efbc9aacb0f6d723d4721f19,8346484076,9,1,Other,MISSING_FROM_CUBE,,14.0000,,17.0000
cube_qso_by_item,019eb11c-410a-7ffb-86e6-a0294c669670,8ff7d3c471464bf6f707fa164f14a332257879a9d8ef2ce966a4b05d1a22276d,7338033968,18,n/a,SOC.7.SS.7.C.2.3,MISSING_FROM_CUBE,,5.0000,,8.0000
cube_qso_by_item,019eb11c-410a-7ffb-86e6-a0294c669670,8ff7d3c471464bf6f707fa164f14a332257879a9d8ef2ce966a4b05d1a22276d,7338033968,39,n/a,SOC.7.SS.7.C.3.8,MISSING_FROM_CUBE,,4.0000,,5.0000
cube_qso_by_item,019eb11c-410a-7ffb-86e6-a0294c669670,7d05f8dffe7639f2bdaaf1852c81fa54dbcd29ae28c99f36950bcacb837fc861,7789640645,17,n/a,MA.4.M.2.1,MISSING_FROM_CUBE,,17.0000,,21.0000
cube_qso_by_item,019eb11c-413b-7a66-a7d8-a18f14736ede,a558411fde85105bca87dc87205258bf647f95cdf493e6d86a2fe2f9594c8890,7806926683,13,n/a,LA.2.LA.2.1.7.4,MISSING_FROM_CUBE,,12.0000,,13.0000
cube_qso_by_item,019eb11c-410a-7ffb-86e6-a0294c669670,8ff7d3c471464bf6f707fa164f14a332257879a9d8ef2ce966a4b05d1a22276d,7338033968,9,n/a,SOC.7.SS.7.C.3.14,MISSING_FROM_CUBE,,3.0000,,3.0000
cube_qso_by_item,019eb11c-410a-7ffb-86e6-a0294c669670,7f89cc611e5d6b8a4772e76b726afa45668f5f3edb1a668746967c7cc7c0db0f,7334679341,6,n/a,ELA.2.C.3.1,MISSING_FROM_CUBE,,12.0000,,16.0000
cube_qso_by_item,019eb11c-410a-7ffb-86e6-a0294c669670,9bd8f632236b0acd026a691a3e75b902c4c04155931cf1371fa8313464c25535,7338399404,10,n/a,SCI.3.SC.3.L.14.1,MISSING_FROM_CUBE,,4.0000,,20.0000
cube_qso_by_item,019eb11c-413b-7a66-a7d8-a18f14736ede,07c8e49d5072074c54cfbdb917a6910defa630b9401691850e4426bd67b5f44e,7891846801,8,n/a,SCI.5.SC.5.P.11.1,MISSING_FROM_CUBE,,17.0000,,19.0000
cube_qso_by_item,019eb11c-410a-7ffb-86e6-a0294c669670,8ff7d3c471464bf6f707fa164f14a332257879a9d8ef2ce966a4b05d1a22276d,7338033968,23,n/a,SOC.7.SS.7.C.4.2,MISSING_FROM_CUBE,,16.0000,,18.0000
cube_qso_by_item,019eb11c-413b-7a66-a7d8-a18f14736ede,11d010f3e565dca081e3c19cbbf530a3f75c786e02bf3cc53c9c1f3b2fdbbbf1,7891794271,3,n/a,SCI.3.SC.3.L.15.1,MISSING_FROM_CUBE,,13.0000,,17.0000
cube_qso_by_item,019eb11c-410a-7ffb-86e6-a0294c669670,8ff7d3c471464bf6f707fa164f14a332257879a9d8ef2ce966a4b05d1a22276d,7338033968,20,n/a,SS.7.E.1.5,MISSING_FROM_CUBE,,6.0000,,7.0000
cube_qso_by_item,019eb11c-413b-7a66-a7d8-a18f14736ede,a558411fde85105bca87dc87205258bf647f95cdf493e6d86a2fe2f9594c8890,7806926683,11,n/a,LA.2.LA.2.1.7.4,MISSING_FROM_CUBE,,13.0000,,13.0000
cube_qso_by_item,019eb11c-413c-7ed9-872e-0fe5e9a947b6,d6885dcaa7c6c9bd62796b6eae7685df775d93bb36d3d14232e34d89e947c020,7935427775,7,1,MA.3.GR.1.2,MISSING_FROM_CUBE,,12.0000,,13.0000
cube_qso_by_item,019eb11c-410a-7ffb-86e6-a0294c669670,253cf1d595e25c76b7c0f8df69e24fc5920a0b1e07f73512a6caddc19a6d5403,7702561239,12,n/a,MA.K.GR.1.1,MISSING_FROM_CUBE,,5.0000,,19.0000
cube_qso_by_item,019eb11c-410a-7ffb-86e6-a0294c669670,1cb82c7bab46cbcc82c6c2e2b39360c42da660b8bf3c2b84a609699ac62b7a6a,8325672509,18,n/a,MA.6.MAFS.6.SP.1.3,MISSING_FROM_CUBE,,7.0000,,9.0000
cube_qso_by_item,019eb11c-410a-7ffb-86e6-a0294c669670,685d58d64f3e9df29c19cb3cd82479a5d13aab49c93aae4f3703a64cfdb9120c,7893373621,5,n/a,MA.1.NSO.1.1,MISSING_FROM_CUBE,,16.0000,,20.0000
cube_qso_by_item,019eb11c-410a-7ffb-86e6-a0294c669670,9dfd47961f78cda8d9695c9dd3a1a530c3d81b8ef65c5fb5b802bd221cefad14,7687741861,6,n/a,MA.K.NSO.3.1,MISSING_FROM_CUBE,,17.0000,,19.0000
cube_qso_by_item,019eb11c-410a-7ffb-86e6-a0294c669670,3b783afe7d3956fcd19dafa6ad0feececa7b2cabcb31a0ed68daef9b10db5377,7702555934,16,1,MA.5.DP.1.1,MISSING_FROM_CUBE,,11.0000,,20.0000
cube_qso_by_item,019eb11c-410a-7ffb-86e6-a0294c669670,5e80a05c31bd43ba9d7fdab5bbd4a8051c7db2a1efbc9aacb0f6d723d4721f19,8346484076,5,1,Other,MISSING_FROM_CUBE,,10.0000,,17.0000
cube_qso_by_item,019eb11c-410a-7ffb-86e6-a0294c669670,9dfd47961f78cda8d9695c9dd3a1a530c3d81b8ef65c5fb5b802bd221cefad14,7687741861,11,n/a,MA.K.NSO.2.2,MISSING_FROM_CUBE,,14.0000,,19.0000
cube_qso_by_item,019eb11c-413b-7a66-a7d8-a18f14736ede,3047dc225659950d4163e02e054092b0267bf829dbe0a7375e08229a7e8aa83d,7997317688,11,n/a,SCI.4.SC.4.L.17.2,MISSING_FROM_CUBE,,9.0000,,11.0000
cube_qso_by_item,019eb11c-410a-7ffb-86e6-a0294c669670,259ba97a7f99d495817938642328653a9091652ba10e466d49fe83701079f1db,7620225345,4,n/a,Other,MISSING_FROM_CUBE,,18.0000,,19.0000
cube_qso_by_item,019eb11c-410a-7ffb-86e6-a0294c669670,c9c2d7ea91d505b2de51fc1561835d5aa6c6f5750e0e77193fa74e51596899d5,7687678128,6,n/a,MA.2.FR.1.1,MISSING_FROM_CUBE,,17.5000,,20.0000
cube_qso_by_item,019eb11c-410a-7ffb-86e6-a0294c669670,259ba97a7f99d495817938642328653a9091652ba10e466d49fe83701079f1db,7620225345,2,n/a,Other,MISSING_FROM_CUBE,,19.0000,,19.0000
cube_qso_by_item,019eb11c-410a-7ffb-86e6-a0294c669670,1cb82c7bab46cbcc82c6c2e2b39360c42da660b8bf3c2b84a609699ac62b7a6a,8325672509,11,n/a,MA.6.MAFS.6.SP.2.4,MISSING_FROM_CUBE,,3.0000,,3.0000
cube_qso_by_item,019eb11c-410a-7ffb-86e6-a0294c669670,685d58d64f3e9df29c19cb3cd82479a5d13aab49c93aae4f3703a64cfdb9120c,7893373621,4,n/a,MA.1.NSO.1.2,MISSING_FROM_CUBE,,19.0000,,20.0000
cube_qso_by_item,019eb11c-410a-7ffb-86e6-a0294c669670,8ff7d3c471464bf6f707fa164f14a332257879a9d8ef2ce966a4b05d1a22276d,7338033968,37,n/a,SOC.7.SS.7.C.3.10,MISSING_FROM_CUBE,,5.0000,,6.0000
cube_qso_by_item,019eb11c-410a-7ffb-86e6-a0294c669670,8ff7d3c471464bf6f707fa164f14a332257879a9d8ef2ce966a4b05d1a22276d,7338033968,25,n/a,SOC.7.SS.7.C.4.2,MISSING_FROM_CUBE,,18.0000,,18.0000
cube_qso_by_item,019eb11c-410a-7ffb-86e6-a0294c669670,c9c2d7ea91d505b2de51fc1561835d5aa6c6f5750e0e77193fa74e51596899d5,7687678128,16,n/a,MA.2.FR.1.1,MISSING_FROM_CUBE,,12.0000,,20.0000
cube_qso_by_item,019eb11c-410a-7ffb-86e6-a0294c669670,1cb82c7bab46cbcc82c6c2e2b39360c42da660b8bf3c2b84a609699ac62b7a6a,8325672509,12,n/a,MA.6.MAFS.6.SP.1.2,MISSING_FROM_CUBE,,1.0000,,2.0000
cube_qso_by_item,019eb11c-410a-7ffb-86e6-a0294c669670,1cb82c7bab46cbcc82c6c2e2b39360c42da660b8bf3c2b84a609699ac62b7a6a,8325672509,11,n/a,MA.6.MAFS.6.SP.2.4,MISSING_FROM_CUBE,,2.0000,,5.0000
cube_qso_by_item,019eb11c-410a-7ffb-86e6-a0294c669670,7d05f8dffe7639f2bdaaf1852c81fa54dbcd29ae28c99f36950bcacb837fc861,7789640645,11,n/a,MA.4.M.2.1,MISSING_FROM_CUBE,,16.0000,,21.0000
cube_qso_by_item,019eb11c-410a-7ffb-86e6-a0294c669670,1cb82c7bab46cbcc82c6c2e2b39360c42da660b8bf3c2b84a609699ac62b7a6a,8325672509,12,n/a,MA.6.MAFS.6.SP.1.2,MISSING_FROM_CUBE,,1.0000,,1.0000
cube_qso_by_item,019eb11c-413b-7a66-a7d8-a18f14736ede,ac37ee2bfb7dd9ee549eb48c6e3ecdc90df460bb0c15d5180e5df85a198eadd6,8180432402,3,1,MA.2.NSO.2.3,MISSING_FROM_CUBE,,14.0000,,14.0000
cube_qso_by_item,019eb11c-410a-7ffb-86e6-a0294c669670,ab9ccf412f84fd6481413b961c8dd491767e0de24845aff4a588d3a793dff593,7624644120,3,1,Other,MISSING_FROM_CUBE,,16.0000,,19.0000
cube_qso_by_item,019eb11c-410a-7ffb-86e6-a0294c669670,253cf1d595e25c76b7c0f8df69e24fc5920a0b1e07f73512a6caddc19a6d5403,7702561239,6,n/a,MA.K.GR.1.1,MISSING_FROM_CUBE,,18.0000,,19.0000
cube_qso_by_item,019eb11c-413b-7a66-a7d8-a18f14736ede,ac37ee2bfb7dd9ee549eb48c6e3ecdc90df460bb0c15d5180e5df85a198eadd6,8200948721,4,n/a,MA.2.NSO.2.3,MISSING_FROM_CUBE,,13.0000,,15.0000
cube_qso_by_item,019eb11c-413b-7a66-a7d8-a18f14736ede,07c8e49d5072074c54cfbdb917a6910defa630b9401691850e4426bd67b5f44e,7891846801,11,n/a,SCI.5.SC.5.P.11.1,MISSING_FROM_CUBE,,16.0000,,19.0000
cube_qso_by_item,019eb11c-410a-7ffb-86e6-a0294c669670,1cb82c7bab46cbcc82c6c2e2b39360c42da660b8bf3c2b84a609699ac62b7a6a,8325672509,7,n/a,MA.6.MAFS.6.SP.2.5.c,MISSING_FROM_CUBE,,5.0000,,7.0000
cube_qso_by_item,019eb11c-410a-7ffb-86e6-a0294c669670,c9c2d7ea91d505b2de51fc1561835d5aa6c6f5750e0e77193fa74e51596899d5,7687678128,10,n/a,MA.2.FR.1.1,MISSING_FROM_CUBE,,18.0000,,20.0000
cube_qso_by_item,019eb11c-410a-7ffb-86e6-a0294c669670,8ff7d3c471464bf6f707fa164f14a332257879a9d8ef2ce966a4b05d1a22276d,7338033968,37,n/a,SOC.7.SS.7.C.3.10,MISSING_FROM_CUBE,,4.0000,,5.0000
cube_qso_by_item,019eb11c-410a-7ffb-86e6-a0294c669670,624e89a8f7bc9b0ed781a8f4fe30316afc70591b633db10549fce4ab1e94e5c8,7637896011,2,n/a,Other,MISSING_FROM_CUBE,,15.0000,,17.0000
cube_qso_by_item,019eb11c-410a-7ffb-86e6-a0294c669670,c9c2d7ea91d505b2de51fc1561835d5aa6c6f5750e0e77193fa74e51596899d5,7687663925,7,1,MA.2.FR.1.1,MISSING_FROM_CUBE,,18.0000,,18.0000
cube_qso_by_item,019eb11c-410a-7ffb-86e6-a0294c669670,9dfd47961f78cda8d9695c9dd3a1a530c3d81b8ef65c5fb5b802bd221cefad14,7687741861,8,n/a,MA.K.NSO.3.1,MISSING_FROM_CUBE,,13.0000,,19.0000
cube_qso_by_item,019eb11c-410a-7ffb-86e6-a0294c669670,5e80a05c31bd43ba9d7fdab5bbd4a8051c7db2a1efbc9aacb0f6d723d4721f19,8346484076,3,1,Other,MISSING_FROM_CUBE,,16.0000,,17.0000
cube_qso_by_item,019eb11c-410a-7ffb-86e6-a0294c669670,253cf1d595e25c76b7c0f8df69e24fc5920a0b1e07f73512a6caddc19a6d5403,7702561239,10,n/a,MA.K.GR.1.1,MISSING_FROM_CUBE,,19.0000,,19.0000
cube_qso_by_item,019eb11c-410a-7ffb-86e6-a0294c669670,253cf1d595e25c76b7c0f8df69e24fc5920a0b1e07f73512a6caddc19a6d5403,7702561239,8,n/a,MA.K.GR.1.1,MISSING_FROM_CUBE,,19.0000,,19.0000
cube_qso_by_item,019eb11c-410a-7ffb-86e6-a0294c669670,9bd8f632236b0acd026a691a3e75b902c4c04155931cf1371fa8313464c25535,7338399404,7,n/a,SCI.3.SC.3.L.14.1,MISSING_FROM_CUBE,,17.0000,,20.0000
cube_qso_by_item,019eb11c-413b-7a66-a7d8-a18f14736ede,07c8e49d5072074c54cfbdb917a6910defa630b9401691850e4426bd67b5f44e,7891846801,4,n/a,SCI.5.SC.5.P.11.1,MISSING_FROM_CUBE,,17.0000,,19.0000
cube_qso_by_item,019eb11c-410a-7ffb-86e6-a0294c669670,259ba97a7f99d495817938642328653a9091652ba10e466d49fe83701079f1db,7620225345,1,10,Other,MISSING_FROM_CUBE,,155.0000,,190.0000
cube_qso_by_item,019eb11c-410a-7ffb-86e6-a0294c669670,7d05f8dffe7639f2bdaaf1852c81fa54dbcd29ae28c99f36950bcacb837fc861,7789640645,16,1,MA.4.M.2.1,MISSING_FROM_CUBE,,16.0000,,21.0000
cube_qso_by_item,019eb11c-410a-7ffb-86e6-a0294c669670,c9c2d7ea91d505b2de51fc1561835d5aa6c6f5750e0e77193fa74e51596899d5,7687678128,19,1,MA.2.FR.1.1,MISSING_FROM_CUBE,,19.0000,,20.0000
cube_qso_by_item,019eb11c-413b-7a66-a7d8-a18f14736ede,11d010f3e565dca081e3c19cbbf530a3f75c786e02bf3cc53c9c1f3b2fdbbbf1,7891794271,13,n/a,SCI.3.SC.3.L.15.1,MISSING_FROM_CUBE,,11.0000,,17.0000
cube_qso_by_item,019eb11c-413b-7a66-a7d8-a18f14736ede,11d010f3e565dca081e3c19cbbf530a3f75c786e02bf3cc53c9c1f3b2fdbbbf1,7891794271,18,n/a,SCI.3.SC.3.L.15.2,MISSING_FROM_CUBE,,8.0000,,17.0000
cube_qso_by_item,019eb11c-413b-7a66-a7d8-a18f14736ede,ac37ee2bfb7dd9ee549eb48c6e3ecdc90df460bb0c15d5180e5df85a198eadd6,8200948721,7,1,MA.2.NSO.2.3,MISSING_FROM_CUBE,,12.0000,,15.0000
cube_qso_by_item,019eb11c-410a-7ffb-86e6-a0294c669670,253cf1d595e25c76b7c0f8df69e24fc5920a0b1e07f73512a6caddc19a6d5403,7702561239,11,n/a,MA.K.GR.1.1,MISSING_FROM_CUBE,,19.0000,,19.0000
cube_qso_by_item,019eb11c-413b-7a66-a7d8-a18f14736ede,07c8e49d5072074c54cfbdb917a6910defa630b9401691850e4426bd67b5f44e,7891846801,2,n/a,SCI.5.SC.5.N.1.1,MISSING_FROM_CUBE,,16.0000,,19.0000
cube_qso_by_item,019eb11c-410a-7ffb-86e6-a0294c669670,8ff7d3c471464bf6f707fa164f14a332257879a9d8ef2ce966a4b05d1a22276d,7338033968,37,n/a,SOC.7.SS.7.C.3.10,MISSING_FROM_CUBE,,3.0000,,4.0000
cube_qso_by_item,019eb11c-410a-7ffb-86e6-a0294c669670,7d05f8dffe7639f2bdaaf1852c81fa54dbcd29ae28c99f36950bcacb837fc861,7789640645,7,n/a,MA.4.M.1.1,MISSING_FROM_CUBE,,17.0000,,21.0000
cube_qso_by_item,019eb11c-410a-7ffb-86e6-a0294c669670,253cf1d595e25c76b7c0f8df69e24fc5920a0b1e07f73512a6caddc19a6d5403,7702561239,2,n/a,MA.K.GR.1.4,MISSING_FROM_CUBE,,19.0000,,19.0000
cube_qso_by_item,019eb11c-410a-7ffb-86e6-a0294c669670,253cf1d595e25c76b7c0f8df69e24fc5920a0b1e07f73512a6caddc19a6d5403,7702561239,3,n/a,MA.K.GR.1.3,MISSING_FROM_CUBE,,19.0000,,19.0000
cube_qso_by_item,019eb11c-410a-7ffb-86e6-a0294c669670,8ff7d3c471464bf6f707fa164f14a332257879a9d8ef2ce966a4b05d1a22276d,7338033968,18,n/a,SOC.7.SS.7.C.2.3,MISSING_FROM_CUBE,,2.0000,,4.0000
cube_qso_by_item,019eb11c-410a-7ffb-86e6-a0294c669670,9dfd47961f78cda8d9695c9dd3a1a530c3d81b8ef65c5fb5b802bd221cefad14,7687741861,12,n/a,MA.K.NSO.2.2,MISSING_FROM_CUBE,,14.0000,,19.0000
cube_qso_by_item,019eb11c-413b-7a66-a7d8-a18f14736ede,ac37ee2bfb7dd9ee549eb48c6e3ecdc90df460bb0c15d5180e5df85a198eadd6,8200948758,9,1,MA.2.NSO.2.3,MISSING_FROM_CUBE,,11.0000,,14.0000
cube_qso_by_item,019eb11c-410a-7ffb-86e6-a0294c669670,3b783afe7d3956fcd19dafa6ad0feececa7b2cabcb31a0ed68daef9b10db5377,7702555934,13,n/a,MA.5.DP.1.1,MISSING_FROM_CUBE,,20.0000,,20.0000
cube_qso_by_item,019eb11c-410a-7ffb-86e6-a0294c669670,8ff7d3c471464bf6f707fa164f14a332257879a9d8ef2ce966a4b05d1a22276d,7338033968,37,n/a,SOC.7.SS.7.C.3.10,MISSING_FROM_CUBE,,2.0000,,3.0000
cube_qso_by_item,019eb11c-413b-7a66-a7d8-a18f14736ede,11d010f3e565dca081e3c19cbbf530a3f75c786e02bf3cc53c9c1f3b2fdbbbf1,7891794271,16,n/a,SCI.3.SC.3.L.15.2,MISSING_FROM_CUBE,,9.0000,,17.0000
cube_qso_by_item,019eb11c-410a-7ffb-86e6-a0294c669670,c9c2d7ea91d505b2de51fc1561835d5aa6c6f5750e0e77193fa74e51596899d5,7687663925,16,n/a,MA.2.FR.1.1,MISSING_FROM_CUBE,,9.0000,,18.0000
cube_qso_by_item,019eb11c-410a-7ffb-86e6-a0294c669670,8ff7d3c471464bf6f707fa164f14a332257879a9d8ef2ce966a4b05d1a22276d,7338033968,10,n/a,SS.7.E.3.4,MISSING_FROM_CUBE,,46.5000,,54.0000
cube_qso_by_item,019eb11c-410a-7ffb-86e6-a0294c669670,685d58d64f3e9df29c19cb3cd82479a5d13aab49c93aae4f3703a64cfdb9120c,7893373621,14,n/a,MA.1.NSO.1.1,MISSING_FROM_CUBE,,16.0000,,20.0000
cube_qso_by_item,019eb11c-410a-7ffb-86e6-a0294c669670,c9c2d7ea91d505b2de51fc1561835d5aa6c6f5750e0e77193fa74e51596899d5,7687663925,6,n/a,MA.2.FR.1.1,MISSING_FROM_CUBE,,14.5000,,18.0000
cube_qso_by_item,019eb11c-410a-7ffb-86e6-a0294c669670,5e80a05c31bd43ba9d7fdab5bbd4a8051c7db2a1efbc9aacb0f6d723d4721f19,8346484076,6,1,Other,MISSING_FROM_CUBE,,13.0000,,17.0000
cube_qso_by_item,019eb11c-410a-7ffb-86e6-a0294c669670,3b783afe7d3956fcd19dafa6ad0feececa7b2cabcb31a0ed68daef9b10db5377,7702555934,11,n/a,MA.5.DP.1.1,MISSING_FROM_CUBE,,15.0000,,20.0000
cube_qso_by_item,019eb11c-410a-7ffb-86e6-a0294c669670,9bd8f632236b0acd026a691a3e75b902c4c04155931cf1371fa8313464c25535,7338399404,15,n/a,SCI.3.SC.3.L.14.1,MISSING_FROM_CUBE,,17.0000,,20.0000
cube_qso_by_item,019eb11c-413b-7a66-a7d8-a18f14736ede,a558411fde85105bca87dc87205258bf647f95cdf493e6d86a2fe2f9594c8890,7806926683,10,n/a,LA.2.LA.2.1.7.4,MISSING_FROM_CUBE,,13.0000,,13.0000
cube_qso_by_item,019eb11c-410a-7ffb-86e6-a0294c669670,685d58d64f3e9df29c19cb3cd82479a5d13aab49c93aae4f3703a64cfdb9120c,7893373621,2,n/a,MA.1.NSO.1.3,MISSING_FROM_CUBE,,15.0000,,20.0000
cube_qso_by_item,019eb11c-410a-7ffb-86e6-a0294c669670,3b783afe7d3956fcd19dafa6ad0feececa7b2cabcb31a0ed68daef9b10db5377,7702555934,12,1,MA.5.DP.1.1,MISSING_FROM_CUBE,,19.0000,,20.0000
cube_qso_by_item,019eb11c-410a-7ffb-86e6-a0294c669670,c9c2d7ea91d505b2de51fc1561835d5aa6c6f5750e0e77193fa74e51596899d5,7687663925,10,n/a,MA.2.FR.1.1,MISSING_FROM_CUBE,,15.0000,,18.0000
cube_qso_by_item,019eb11c-410a-7ffb-86e6-a0294c669670,2d13c6b9ee88333b837d57eda60e063f4fe154254e914f9a543301178f723fb8,7613842590,2,n/a,Other,MISSING_FROM_CUBE,,15.0000,,19.0000
cube_qso_by_item,019eb11c-410a-7ffb-86e6-a0294c669670,624e89a8f7bc9b0ed781a8f4fe30316afc70591b633db10549fce4ab1e94e5c8,7637896011,6,n/a,Other,MISSING_FROM_CUBE,,14.0000,,17.0000
cube_qso_by_item,019eb11c-413b-7a66-a7d8-a18f14736ede,11d010f3e565dca081e3c19cbbf530a3f75c786e02bf3cc53c9c1f3b2fdbbbf1,7891794271,20,n/a,SCI.3.SC.3.L.15.2,MISSING_FROM_CUBE,,9.0000,,17.0000
cube_qso_by_item,019eb11c-410a-7ffb-86e6-a0294c669670,d33b643b72c6fcb9297c4b32a1e450cd6c75ea742c06b872b9a3a2d4783cde75,7615829935,4,1,Other,MISSING_FROM_CUBE,,14.0000,,21.0000
cube_qso_by_item,019eb11c-410a-7ffb-86e6-a0294c669670,5e80a05c31bd43ba9d7fdab5bbd4a8051c7db2a1efbc9aacb0f6d723d4721f19,8346484076,12,1,Other,MISSING_FROM_CUBE,,8.0000,,17.0000
cube_qso_by_item,019eb11c-413b-7a66-a7d8-a18f14736ede,ac37ee2bfb7dd9ee549eb48c6e3ecdc90df460bb0c15d5180e5df85a198eadd6,8180432402,9,1,MA.2.NSO.2.3,MISSING_FROM_CUBE,,14.0000,,14.0000
cube_qso_by_item,019eb11c-413b-7a66-a7d8-a18f14736ede,4d82ed8f667fe9e0fcfa9ce595aa70d78fef462f764b0b8aedee7ca3addf41f4,7891742813,2,n/a,SCI.2.SC.2.P.13.1,MISSING_FROM_CUBE,,17.0000,,17.0000
cube_qso_by_item,019eb11c-413b-7a66-a7d8-a18f14736ede,11d010f3e565dca081e3c19cbbf530a3f75c786e02bf3cc53c9c1f3b2fdbbbf1,7891794271,2,n/a,SCI.3.SC.3.L.15.1,MISSING_FROM_CUBE,,11.0000,,17.0000
cube_qso_by_item,019eb11c-413b-7a66-a7d8-a18f14736ede,a558411fde85105bca87dc87205258bf647f95cdf493e6d86a2fe2f9594c8890,7806926683,6,n/a,ELA.2.C.3.1,MISSING_FROM_CUBE,,9.0000,,13.0000
cube_qso_by_item,019eb11c-410a-7ffb-86e6-a0294c669670,624e89a8f7bc9b0ed781a8f4fe30316afc70591b633db10549fce4ab1e94e5c8,7637896011,4,n/a,Other,MISSING_FROM_CUBE,,17.0000,,17.0000
cube_qso_by_item,019eb11c-410a-7ffb-86e6-a0294c669670,253cf1d595e25c76b7c0f8df69e24fc5920a0b1e07f73512a6caddc19a6d5403,7702561239,13,n/a,MA.K.GR.1.3,MISSING_FROM_CUBE,,19.0000,,19.0000
cube_qso_by_item,019eb11c-410a-7ffb-86e6-a0294c669670,7f89cc611e5d6b8a4772e76b726afa45668f5f3edb1a668746967c7cc7c0db0f,7334679341,13,n/a,ELA.2.R.1.1,MISSING_FROM_CUBE,,12.0000,,16.0000
cube_qso_by_item,019eb11c-410a-7ffb-86e6-a0294c669670,ab9ccf412f84fd6481413b961c8dd491767e0de24845aff4a588d3a793dff593,7624644120,2,1,Other,MISSING_FROM_CUBE,,14.0000,,19.0000
cube_qso_by_item,019eb11c-410a-7ffb-86e6-a0294c669670,c9c2d7ea91d505b2de51fc1561835d5aa6c6f5750e0e77193fa74e51596899d5,7687663925,19,1,MA.2.FR.1.1,MISSING_FROM_CUBE,,18.0000,,18.0000
cube_qso_by_item,019eb11c-410a-7ffb-86e6-a0294c669670,ab9ccf412f84fd6481413b961c8dd491767e0de24845aff4a588d3a793dff593,7624644120,1,1,Other,MISSING_FROM_CUBE,,13.0000,,19.0000
cube_qso_by_item,019eb11c-413b-7a66-a7d8-a18f14736ede,ac37ee2bfb7dd9ee549eb48c6e3ecdc90df460bb0c15d5180e5df85a198eadd6,8200948758,3,1,MA.2.NSO.2.3,MISSING_FROM_CUBE,,8.5000,,14.0000
cube_qso_by_item,019eb11c-410a-7ffb-86e6-a0294c669670,253cf1d595e25c76b7c0f8df69e24fc5920a0b1e07f73512a6caddc19a6d5403,7702561239,5,n/a,MA.K.GR.1.3,MISSING_FROM_CUBE,,19.0000,,19.0000
cube_qso_by_item,019eb11c-410a-7ffb-86e6-a0294c669670,1cb82c7bab46cbcc82c6c2e2b39360c42da660b8bf3c2b84a609699ac62b7a6a,8325672509,22,1,MA.6.MAFS.6.SP.1.3,MISSING_FROM_CUBE,,17.0000,,20.0000
cube_qso_by_item,019eb11c-410a-7ffb-86e6-a0294c669670,685d58d64f3e9df29c19cb3cd82479a5d13aab49c93aae4f3703a64cfdb9120c,7893373621,16,n/a,MA.1.NSO.1.3,MISSING_FROM_CUBE,,16.0000,,20.0000
cube_qso_by_item,019eb11c-410a-7ffb-86e6-a0294c669670,c9c2d7ea91d505b2de51fc1561835d5aa6c6f5750e0e77193fa74e51596899d5,7687678128,7,1,MA.2.FR.1.1,MISSING_FROM_CUBE,,20.0000,,20.0000
cube_qso_by_item,019eb11c-410a-7ffb-86e6-a0294c669670,8ff7d3c471464bf6f707fa164f14a332257879a9d8ef2ce966a4b05d1a22276d,7338033968,18,n/a,SOC.7.SS.7.C.2.3,MISSING_FROM_CUBE,,3.0000,,5.0000
cube_qso_by_item,019eb11c-410a-7ffb-86e6-a0294c669670,1cb82c7bab46cbcc82c6c2e2b39360c42da660b8bf3c2b84a609699ac62b7a6a,8325672509,17,n/a,MA.6.MAFS.6.SP.2.5.c,MISSING_FROM_CUBE,,3.0000,,7.0000
cube_qso_by_item,019eb11c-413b-7a66-a7d8-a18f14736ede,4d82ed8f667fe9e0fcfa9ce595aa70d78fef462f764b0b8aedee7ca3addf41f4,7891742813,7,n/a,SCI.2.SC.2.P.8.1,MISSING_FROM_CUBE,,16.0000,,17.0000
cube_qso_by_item,019eb11c-413b-7a66-a7d8-a18f14736ede,3047dc225659950d4163e02e054092b0267bf829dbe0a7375e08229a7e8aa83d,7997317688,4,n/a,SCI.4.SC.4.L.17.4,MISSING_FROM_CUBE,,6.0000,,11.0000
cube_qso_by_item,019eb11c-410a-7ffb-86e6-a0294c669670,1cb82c7bab46cbcc82c6c2e2b39360c42da660b8bf3c2b84a609699ac62b7a6a,8325672509,12,n/a,MA.6.MAFS.6.SP.1.2,MISSING_FROM_CUBE,,1.0000,,2.0000
cube_qso_by_item,019eb11c-413b-7a66-a7d8-a18f14736ede,ac37ee2bfb7dd9ee549eb48c6e3ecdc90df460bb0c15d5180e5df85a198eadd6,8200948721,6,1,MA.2.NSO.2.3,MISSING_FROM_CUBE,,13.3333,,15.0000
cube_qso_by_item,019eb11c-413b-7a66-a7d8-a18f14736ede,11d010f3e565dca081e3c19cbbf530a3f75c786e02bf3cc53c9c1f3b2fdbbbf1,7891794271,19,n/a,SCI.3.SC.3.L.15.1,MISSING_FROM_CUBE,,9.0000,,17.0000
cube_qso_by_item,019eb11c-410a-7ffb-86e6-a0294c669670,1cb82c7bab46cbcc82c6c2e2b39360c42da660b8bf3c2b84a609699ac62b7a6a,8325672509,12,n/a,MA.6.MAFS.6.SP.1.2,MISSING_FROM_CUBE,,0.5000,,1.0000
cube_qso_by_item,019eb11c-410a-7ffb-86e6-a0294c669670,8ff7d3c471464bf6f707fa164f14a332257879a9d8ef2ce966a4b05d1a22276d,7338033968,2,1,SOC.7.SS.7.C.2.13,MISSING_FROM_CUBE,,17.5000,,18.0000
cube_qso_by_item,019eb11c-410a-7ffb-86e6-a0294c669670,8ff7d3c471464bf6f707fa164f14a332257879a9d8ef2ce966a4b05d1a22276d,7338033968,35,n/a,SOC.7.SS.7.C.2.13,MISSING_FROM_CUBE,,13.0000,,18.0000
cube_qso_by_item,019eb11c-413b-7a66-a7d8-a18f14736ede,07c8e49d5072074c54cfbdb917a6910defa630b9401691850e4426bd67b5f44e,7891846801,14,n/a,SCI.5.SC.5.P.11.1,MISSING_FROM_CUBE,,13.0000,,19.0000
cube_qso_by_item,019eb11c-410a-7ffb-86e6-a0294c669670,624e89a8f7bc9b0ed781a8f4fe30316afc70591b633db10549fce4ab1e94e5c8,7637896011,1,n/a,Other,MISSING_FROM_CUBE,,16.0000,,17.0000
cube_qso_by_item,019eb11c-410a-7ffb-86e6-a0294c669670,e93f836775458de9c65b5631901b73431a6fe43315a5aa090f429f05f53811b6,7687741861,8,n/a,MA.K.NSO.3.1,MISSING_FROM_CUBE,,0.0000,,2.0000
cube_qso_by_item,019eb11c-410a-7ffb-86e6-a0294c669670,7f89cc611e5d6b8a4772e76b726afa45668f5f3edb1a668746967c7cc7c0db0f,7334679341,2,n/a,ELA.2.V.1.3,MISSING_FROM_CUBE,,13.0000,,16.0000
