school_name,school_id,subject_id,item_name,question_no,n_items,n_sigs,item_ids,pattern,date_span_days,distinct_text_samples,min_cross_item_similarity,conflict_class
Central Florida Preparatory School,019eb11c-413b-7a66-a7d8-a18f14736ede,a558411fde85105bca87dc87205258bf647f95cdf493e6d86a2fe2f9594c8890,Home Sweet Habitat: Weekly Assessment: Week 1,5,3,2,7780237793 | 7796962804 | 7806926683,per-section-variant,1,How does the use of chronological order support the author?s purpose in the article? ||| Read the selection and answer each question. Backyard Bunnies by Michelle Lord (1)The grass in my yard had grown tall in,0.0,genuinely_different
Central Florida Preparatory School,019eb11c-413b-7a66-a7d8-a18f14736ede,34930c65c38f044c3667c89109f2b261d33c6653b41fdb389b7857c0c19772b1,Home Sweet Habitat: Weekly Assessment: Week 2,3,2,2,7807260114 | 7814288655,per-section-variant,0,Look at the picture at the end of the article. Which paragraph does the picture help the reader understand? ||| Read the selection and answer each question. Beneath Your Feet (1)There is a hidden world of animal homes beneath your f,0.0,genuinely_different
Central Florida Preparatory School,019eb11c-413b-7a66-a7d8-a18f14736ede,34930c65c38f044c3667c89109f2b261d33c6653b41fdb389b7857c0c19772b1,Home Sweet Habitat: Weekly Assessment: Week 2,6,2,2,7807260114 | 7814288655,per-section-variant,0,"Read the selection and answer each question. All You Need by Howard Schwartz You need a planet to live on, a sun (5)to s ||| The author repeats the words You need in the poem. What idea does the repetition help the reader understand?",0.0,genuinely_different
Central Florida Preparatory School,019eb11c-413b-7a66-a7d8-a18f14736ede,89b096203bf633ebc91fa6d91afa41d8fb0d2498b9b8a416108d7d7ac372fa20,Home Sweet Habitat: Weekly Assessment: Week 3,6,3,2,7780237817 | 7816901887 | 7823076023,per-section-variant,0,How does the use of chronological order support the author?s purpose in the article? ||| Read the selection and answer each question. From Pit to Pond (1)The pond in our backyard wasn?t always a pond. It start,0.0,genuinely_different
Central Florida Preparatory School,019eb11c-413b-7a66-a7d8-a18f14736ede,e21bda5ff7fe35e52d8c77d8f552d5e58dd9c5783e5bf5dc0468dea9bd3249ce,Time to Grow!: Weekly Assessment: Week 3,3,3,2,7780237758 | 7791692190 | 7799001172,per-section-variant,0,"Read the selection and answer each question. Poison Dart Frogs (1)Deep in the rainforest, a small blue frog hops from lo ||| What will happen if the poison dart frog?s eggs dry out?",0.0,genuinely_different
Crestwell School,019eb11c-413c-7ed9-872e-0fe5e9a947b6,5c416ffbc9266bcec8f69a9a04442feefbccfeeb1cd8421a5fad8fe0edc59765,Module Assessment: Global Guardians,6,2,2,8288360977 | 8288361303,per-section-variant,1,How does the story support the idea that we should focus on what makes us different or special? Use details from the sto ||| Read the selection and answer each question. Fabulous Frederic by Peggy Thorne (1)My show was terrific?right up until th,0.0,genuinely_different
Crestwell School,019eb11c-413c-7ed9-872e-0fe5e9a947b6,5c416ffbc9266bcec8f69a9a04442feefbccfeeb1cd8421a5fad8fe0edc59765,Module Assessment: Global Guardians,7,2,2,8288360977 | 8288361303,per-section-variant,1,Read the selection and answer each question. Fabulous Frederic by Peggy Thorne (1)My show was terrific?right up until th ||| Which message does the author present in the last paragraph of the story?,0.0,genuinely_different
Crestwell School,019eb11c-413c-7ed9-872e-0fe5e9a947b6,5c416ffbc9266bcec8f69a9a04442feefbccfeeb1cd8421a5fad8fe0edc59765,Module Assessment: Global Guardians,13,2,2,8288360977 | 8288361303,per-section-variant,1,"Part B Which sentence from the biography best supports the correct answer to Part A? ||| Read the selection and answer each question. Althea Gibson, Tennis Star (1)In 1957 Althea Gibson was the first African A",0.0,genuinely_different
Crestwell School,019eb11c-413c-7ed9-872e-0fe5e9a947b6,5c416ffbc9266bcec8f69a9a04442feefbccfeeb1cd8421a5fad8fe0edc59765,Module Assessment: Global Guardians,14,2,2,8288360977 | 8288361303,per-section-variant,1,"Read the selection and answer each question. Althea Gibson, Tennis Star (1)In 1957 Althea Gibson was the first African A ||| What new information does the timeline add to the biography?",0.0,genuinely_different
Crestwell School,019eb11c-413c-7ed9-872e-0fe5e9a947b6,5c416ffbc9266bcec8f69a9a04442feefbccfeeb1cd8421a5fad8fe0edc59765,Module Assessment: Global Guardians,8,2,2,8288360977 | 8288361303,per-section-variant,1,"  How does the author present the events in Gibson?s biography? ||| Read the selection and answer each question. Althea Gibson, Tennis Star (1)In 1957 Althea Gibson was the first African A",0.001,genuinely_different
Crestwell School,019eb11c-413c-7ed9-872e-0fe5e9a947b6,5c416ffbc9266bcec8f69a9a04442feefbccfeeb1cd8421a5fad8fe0edc59765,Module Assessment: Global Guardians,11,2,2,8288360977 | 8288361303,per-section-variant,1,"Read the selection and answer each question. Althea Gibson, Tennis Star (1)In 1957 Althea Gibson was the first African A |||   Select the two facts that best support the idea that Gibson worked hard to achieve her goals.",0.001,genuinely_different
Crestwell School,019eb11c-413c-7ed9-872e-0fe5e9a947b6,5c416ffbc9266bcec8f69a9a04442feefbccfeeb1cd8421a5fad8fe0edc59765,Module Assessment: Global Guardians,18,2,2,8288360977 | 8288361303,per-section-variant,1,Read the selection and choose the best answer to each question. Irene?s teacher asked the students in her class to write ||| What should be changed in sentence 4?,0.002,genuinely_different
Crestwell School,019eb11c-413c-7ed9-872e-0fe5e9a947b6,5c416ffbc9266bcec8f69a9a04442feefbccfeeb1cd8421a5fad8fe0edc59765,Module Assessment: Global Guardians,19,2,2,8288360977 | 8288361303,per-section-variant,1,"Read the selection and choose the best answer to each question. Irene?s teacher asked the students in her class to write ||| Sentence 6 uses the wrong form of good to compare. On the lines provided, write sentence 6 using the correct comparison.",0.002,genuinely_different
Crestwell School,019eb11c-413c-7ed9-872e-0fe5e9a947b6,5c416ffbc9266bcec8f69a9a04442feefbccfeeb1cd8421a5fad8fe0edc59765,Module Assessment: Global Guardians,20,2,2,8288360977 | 8288361303,per-section-variant,1,Read the selection and choose the best answer to each question. Irene?s teacher asked the students in her class to write ||| What change should be made in sentence 8?,0.002,genuinely_different
Central Florida Preparatory School,019eb11c-413b-7a66-a7d8-a18f14736ede,89b096203bf633ebc91fa6d91afa41d8fb0d2498b9b8a416108d7d7ac372fa20,Home Sweet Habitat: Weekly Assessment: Week 3,3,3,2,7780237817 | 7816901887 | 7823076023,per-section-variant,0,"Read the selection and answer each question. Sky Bear?s Gift Retold by Nina Jaffe (1)Long ago, summer lasted all year. T ||| Which sentence from the story shows an example of hyperbole?",0.003,genuinely_different
Central Florida Preparatory School,019eb11c-413b-7a66-a7d8-a18f14736ede,29ec98083b232d8a5f82eb9f70f34890e6c3ffd5cc182ac167b638bd8a1b852e,Module 2 Assessment: What a Story,10,2,2,8086682371 | 8086682473,per-section-variant,0,"Read each selection and then answer each question. Passage 1: The King and the Miller: A Play Characters GEORGE, a mille |||     Read the sentences from Scene 2 of Passage 2. NARRATOR 2: The feathers disappeared one by one from the Roadrunner?s ",0.003,genuinely_different
Central Florida Preparatory School,019eb11c-413b-7a66-a7d8-a18f14736ede,34930c65c38f044c3667c89109f2b261d33c6653b41fdb389b7857c0c19772b1,Home Sweet Habitat: Weekly Assessment: Week 2,2,2,2,7807260114 | 7814288655,per-section-variant,0,"In paragraph 2, what does the caption under the picture of the killdeer help the reader understand? ||| Read the selection and answer each question. Beneath Your Feet (1)There is a hidden world of animal homes beneath your f",0.004,genuinely_different
Central Florida Preparatory School,019eb11c-413b-7a66-a7d8-a18f14736ede,e21bda5ff7fe35e52d8c77d8f552d5e58dd9c5783e5bf5dc0468dea9bd3249ce,Time to Grow!: Weekly Assessment: Week 3,5,3,3,7780237758 | 7791692190 | 7799001172,per-section-variant,0,"Read the selection and answer each question. Poison Dart Frogs (1)Deep in the rainforest, a small blue frog hops from lo ||| Why did the snake in paragraph 1 NOT eat the frog?",0.004,genuinely_different
Central Florida Preparatory School,019eb11c-413b-7a66-a7d8-a18f14736ede,3de53fec379bdeb2ee716124bfc549ff3e9e7aa96c037853562ea59a1e1038f3,Unit 2 Part 1,11,2,2,8102313694 | 8198880846,cross-section-far-dates,33,"  Reading Read the selections, and choose the best answer to each question. Votes for Women!   CharactersANNETTE FINNIGA |||  The following conclusion is based on details from the play and timeline. As time went on, some participants in the wome",0.004,genuinely_different
Athenian Academy of Technology and the Arts,019eb11c-410a-7ffb-86e6-a0294c669670,c0b013cc1fb117944245e274f594c8de1ab534cb5e9c88dbef46b7bc8888998c,HW 12/10 Spiral Review,8,2,2,7628347421 | 7628391502,per-section-variant,0,Jaxon earns $48 for every 3 lawns he mows in his neighborhood. He wants to buy a skateboard that costs $208 including ta ||| The number of pages Caitlin reads over time is shown in the table below. Part A. What is Caitlin?s rate of reading? Part,0.005,genuinely_different
Central Florida Preparatory School,019eb11c-413b-7a66-a7d8-a18f14736ede,a558411fde85105bca87dc87205258bf647f95cdf493e6d86a2fe2f9594c8890,Home Sweet Habitat: Weekly Assessment: Week 1,3,3,2,7780237793 | 7796962804 | 7806926683,per-section-variant,1,Choose the two reasons the author gives to explain why she does not bring the bunnies inside to take care of them. ||| Read the selection and answer each question. Backyard Bunnies by Michelle Lord (1)The grass in my yard had grown tall in,0.005,genuinely_different
Central Florida Preparatory School,019eb11c-413b-7a66-a7d8-a18f14736ede,89b096203bf633ebc91fa6d91afa41d8fb0d2498b9b8a416108d7d7ac372fa20,Home Sweet Habitat: Weekly Assessment: Week 3,5,3,2,7780237817 | 7816901887 | 7823076023,per-section-variant,0,Choose the two sentences that give clues that chronological order is used in the article. ||| Read the selection and answer each question. From Pit to Pond (1)The pond in our backyard wasn?t always a pond. It start,0.005,genuinely_different
Central Florida Preparatory School,019eb11c-413b-7a66-a7d8-a18f14736ede,29ec98083b232d8a5f82eb9f70f34890e6c3ffd5cc182ac167b638bd8a1b852e,Module 2 Assessment: What a Story,6,2,2,8086682371 | 8086682473,per-section-variant,0,"Read each selection and then answer each question. Passage 1: The King and the Miller: A Play Characters GEORGE, a mille ||| This question has two parts. First, answer Part A. Then, answer Part B.   Part A   Read the sentences from Scene 1 of Pa",0.005,genuinely_different
Central Florida Preparatory School,019eb11c-413b-7a66-a7d8-a18f14736ede,29ec98083b232d8a5f82eb9f70f34890e6c3ffd5cc182ac167b638bd8a1b852e,Module 2 Assessment: What a Story,11,2,2,8086682371 | 8086682473,per-section-variant,0,"Read each selection and then answer each question. Passage 1: The King and the Miller: A Play Characters GEORGE, a mille |||   Read the sentences from Scene 2 of Passage 2.   I am very pleased with Kukul?s astonishing change from a quiet, dull b",0.005,genuinely_different
Central Florida Preparatory School,019eb11c-413b-7a66-a7d8-a18f14736ede,3de53fec379bdeb2ee716124bfc549ff3e9e7aa96c037853562ea59a1e1038f3,Unit 2 Part 1,19,2,2,8102313694 | 8198880846,cross-section-far-dates,33,"Reading Read the selection, and choose the best answer to each question. Diary Entry: After the Great Crash   1 January  ||| The following question has two parts. Answer Part A first, and then Part B. Part ARead the text from paragraph 1. ?What ",0.005,genuinely_different
Crestwell School,019eb11c-413c-7ed9-872e-0fe5e9a947b6,5c416ffbc9266bcec8f69a9a04442feefbccfeeb1cd8421a5fad8fe0edc59765,Module Assessment: Global Guardians,1,2,2,8288360977 | 8288361303,per-section-variant,1,"Read the selection and answer each question. Fabulous Frederic by Peggy Thorne (1)My show was terrific?right up until th ||| Read the sentence from paragraph 2. The crowd was mostly neighborhood children, and I had them on the edge of their seat",0.006,genuinely_different
Crestwell School,019eb11c-413c-7ed9-872e-0fe5e9a947b6,5c416ffbc9266bcec8f69a9a04442feefbccfeeb1cd8421a5fad8fe0edc59765,Module Assessment: Global Guardians,12,2,2,8288360977 | 8288361303,per-section-variant,1,"Read the selection and answer each question. Althea Gibson, Tennis Star (1)In 1957 Althea Gibson was the first African A ||| This question has two parts. First, answer Part A. Then, answer Part B. Part A What was one effect of the letter that Al",0.006,genuinely_different
Central Florida Preparatory School,019eb11c-413b-7a66-a7d8-a18f14736ede,a558411fde85105bca87dc87205258bf647f95cdf493e6d86a2fe2f9594c8890,Home Sweet Habitat: Weekly Assessment: Week 1,4,3,2,7780237793 | 7796962804 | 7806926683,per-section-variant,1,Read the selection and answer each question. Backyard Bunnies by Michelle Lord (1)The grass in my yard had grown tall in ||| Which words give the BEST clue that the article is organized by chronological order?,0.007,genuinely_different
Crestwell School,019eb11c-413c-7ed9-872e-0fe5e9a947b6,5c416ffbc9266bcec8f69a9a04442feefbccfeeb1cd8421a5fad8fe0edc59765,Module Assessment: Global Guardians,4,2,2,8288360977 | 8288361303,per-section-variant,1,Read the selection and answer each question. Fabulous Frederic by Peggy Thorne (1)My show was terrific?right up until th ||| Read the sentence from paragraph 8. I can remember seeing him brush his hand across a table like a shooting star and mak,0.007,genuinely_different
Crestwell School,019eb11c-413c-7ed9-872e-0fe5e9a947b6,5c416ffbc9266bcec8f69a9a04442feefbccfeeb1cd8421a5fad8fe0edc59765,Module Assessment: Global Guardians,16,2,2,8288360977 | 8288361303,per-section-variant,1,Read the selection and choose the best answer to each question. Irene?s teacher asked the students in her class to write ||| Which would be the best sentence to end with an exclamation point?,0.009,genuinely_different
Central Florida Preparatory School,019eb11c-413b-7a66-a7d8-a18f14736ede,3de53fec379bdeb2ee716124bfc549ff3e9e7aa96c037853562ea59a1e1038f3,Unit 2 Part 1,18,2,2,8102313694 | 8198880846,cross-section-far-dates,33,"  Reading Read the selection, and choose the best answer to each question. Diary Entry: After the Great Crash   1 Januar |||  Read the dictionary entry. magnitude (MAG nih tood) n. 1. great size 2. the importance, quality, or caliber of somethin",0.01,genuinely_different
Crestwell School,019eb11c-413c-7ed9-872e-0fe5e9a947b6,5c416ffbc9266bcec8f69a9a04442feefbccfeeb1cd8421a5fad8fe0edc59765,Module Assessment: Global Guardians,9,2,2,8288360977 | 8288361303,per-section-variant,1,"Read the selection and answer each question. Althea Gibson, Tennis Star (1)In 1957 Althea Gibson was the first African A |||   Read the sentence from paragraph 6. While there, she joined the tennis team and won numerous matches. Think about the ",0.01,genuinely_different
Crestwell School,019eb11c-413c-7ed9-872e-0fe5e9a947b6,5c416ffbc9266bcec8f69a9a04442feefbccfeeb1cd8421a5fad8fe0edc59765,Module Assessment: Global Guardians,10,2,2,8288360977 | 8288361303,per-section-variant,1,"Read the selection and answer each question. Althea Gibson, Tennis Star (1)In 1957 Althea Gibson was the first African A ||| Read the sentences from paragraph 7. Gibson thought this was unfair. She wanted to play against the best players and did",0.01,genuinely_different
Crestwell School,019eb11c-413c-7ed9-872e-0fe5e9a947b6,5c416ffbc9266bcec8f69a9a04442feefbccfeeb1cd8421a5fad8fe0edc59765,Module Assessment: Global Guardians,15,2,2,8288360977 | 8288361303,per-section-variant,1,"Read the biography ""Althea Gibson, Tennis Star."" Based on the information in the biography, write a response to the foll ||| Read the selection and choose the best answer to each question. Irene?s teacher asked the students in her class to write",0.01,genuinely_different
Central Florida Preparatory School,019eb11c-413b-7a66-a7d8-a18f14736ede,29ec98083b232d8a5f82eb9f70f34890e6c3ffd5cc182ac167b638bd8a1b852e,Module 2 Assessment: What a Story,16,2,2,8086682371 | 8086682473,per-section-variant,0,"Read each selection and then answer each question. Passage 1: The King and the Miller: A Play Characters GEORGE, a mille |||  This question has two parts. First, answer Part A. Then, answer Part B. Part A What is a theme found in BOTH passages?",0.011,genuinely_different
Central Florida Preparatory School,019eb11c-413b-7a66-a7d8-a18f14736ede,bd84b0290db8ad3d3ab9c65fa79fb0bbf8f742f0dc8820620d01c2d8763e7b25,Time to Grow!: Weekly Assessment: Week 2,3,2,2,7787678187 | 7787866945,per-section-variant,0,"In paragraph 5, what do Liang?s actions show about him? ||| Read the selection and answer each question. The Magic Paintbrush Retold by Ellen L. Ramsey (5)Each day, Liang painted f",0.011,genuinely_different
Athenian Academy of Technology and the Arts,019eb11c-410a-7ffb-86e6-a0294c669670,5e424d51e9ebc65ee844bb15efe691b27e1877bcd27ae65bd87209886acb6395,Chapter 10,12,3,2,7493941329 | 7687708068 | 7687719992,per-section-variant,0,Mr. Thompson makes two rectangular dog runs. The first dog run is 2 meters wide and 4 meters long. The second dog run ha ||| The drawing shows Seth?s plan for a fort in his backyard. Each unit square is 1 square foot.   Which equation can Seth u,0.012,genuinely_different
Central Florida Preparatory School,019eb11c-413b-7a66-a7d8-a18f14736ede,29ec98083b232d8a5f82eb9f70f34890e6c3ffd5cc182ac167b638bd8a1b852e,Module 2 Assessment: What a Story,13,2,2,8086682371 | 8086682473,per-section-variant,0,"Part B   Which detail from Scene 3 BEST supports the answer to Part A? ||| Read each selection and then answer each question. Passage 1: The King and the Miller: A Play Characters GEORGE, a mille",0.012,genuinely_different
Central Florida Preparatory School,019eb11c-413b-7a66-a7d8-a18f14736ede,29ec98083b232d8a5f82eb9f70f34890e6c3ffd5cc182ac167b638bd8a1b852e,Module 2 Assessment: What a Story,15,2,2,8086682371 | 8086682473,per-section-variant,0,"     How do Passage 1 and Passage 2 develop a theme of greed? ||| Read each selection and then answer each question. Passage 1: The King and the Miller: A Play Characters GEORGE, a mille",0.012,genuinely_different
Central Florida Preparatory School,019eb11c-413b-7a66-a7d8-a18f14736ede,3de53fec379bdeb2ee716124bfc549ff3e9e7aa96c037853562ea59a1e1038f3,Unit 2 Part 1,15,2,2,8102313694 | 8198880846,cross-section-far-dates,33,"Reading Read the selection, and choose the best answer to each question. Diary Entry: After the Great Crash   1 January  ||| The following question has two parts. Answer Part A first, and then Part B. Part ARead the following sentences from the ",0.012,genuinely_different
Central Florida Preparatory School,019eb11c-413b-7a66-a7d8-a18f14736ede,3de53fec379bdeb2ee716124bfc549ff3e9e7aa96c037853562ea59a1e1038f3,Unit 2 Part 1,17,2,2,8102313694 | 8198880846,cross-section-far-dates,33,"  Reading Read the selection, and choose the best answer to each question. Diary Entry: After the Great Crash   1 Januar ||| Read this sentence from the selection. ""The Great Crash is shaking people?s faith that society is working for all of us?",0.012,genuinely_different
Central Florida Preparatory School,019eb11c-413b-7a66-a7d8-a18f14736ede,29ec98083b232d8a5f82eb9f70f34890e6c3ffd5cc182ac167b638bd8a1b852e,Module 2 Assessment: What a Story,7,2,2,8086682371 | 8086682473,per-section-variant,0,"Part B Which phrase from the sentences BEST supports the answer to Part A? ||| Read each selection and then answer each question. Passage 1: The King and the Miller: A Play Characters GEORGE, a mille",0.013,genuinely_different
Central Florida Preparatory School,019eb11c-413b-7a66-a7d8-a18f14736ede,3de53fec379bdeb2ee716124bfc549ff3e9e7aa96c037853562ea59a1e1038f3,Unit 2 Part 1,23,2,2,8102313694 | 8198880846,cross-section-far-dates,33,"  Reading Read the selection, and choose the best answer to each question. Diary Entry: After the Great Crash   1 Januar ||| Reread these rhetorical questions from paragraph 5. ?When people feel they have been robbed, how much will they give? Wh",0.013,genuinely_different
Central Florida Preparatory School,019eb11c-413b-7a66-a7d8-a18f14736ede,29ec98083b232d8a5f82eb9f70f34890e6c3ffd5cc182ac167b638bd8a1b852e,Module 2 Assessment: What a Story,4,2,2,8086682371 | 8086682473,per-section-variant,0,"Read each selection and then answer each question. Passage 1: The King and the Miller: A Play Characters GEORGE, a mille ||| Why is Scene 5 of Passage 1 important to the structure of the play?",0.015,genuinely_different
Central Florida Preparatory School,019eb11c-413b-7a66-a7d8-a18f14736ede,52db39d19d3706dea5b1bb1238ef5ea7b889f5acc32f7430cf6603639809159f,Time to Grow!: Weekly Assessment: Week 1,4,3,2,7779943180 | 7780237720 | 7780398411,per-section-variant,0,  Read the caption under the pictures in paragraph 7. What is the purpose of the caption? ||| Read the caption under the pictures in paragraph 7. What is the purpose of the caption? ||| Read the selection and answer each question. Looking at Leaves (1)Plants lose water through their leaves. You can?t usua,0.015,genuinely_different
Central Florida Preparatory School,019eb11c-413b-7a66-a7d8-a18f14736ede,a558411fde85105bca87dc87205258bf647f95cdf493e6d86a2fe2f9594c8890,Home Sweet Habitat: Weekly Assessment: Week 1,2,3,2,7780237793 | 7796962804 | 7806926683,per-section-variant,1,Read the selection and answer each question. Backyard Bunnies by Michelle Lord (1)The grass in my yard had grown tall in ||| Read the sentences from paragraph 1. I noticed something out of the ordinary. It was a strange pile of grass and fur. Wh,0.016,genuinely_different
Central Florida Preparatory School,019eb11c-413b-7a66-a7d8-a18f14736ede,52db39d19d3706dea5b1bb1238ef5ea7b889f5acc32f7430cf6603639809159f,Time to Grow!: Weekly Assessment: Week 1,2,3,2,7779943180 | 7780237720 | 7780398411,per-section-variant,0,"  In paragraphs 2 through 4, what is the effect of placing a few leaves in a plastic bag and taping it shut? ||| In paragraphs 2 through 4, what is the effect of placing a few leaves in a plastic bag and taping it shut? ||| Read the selection and answer each question. Looking at Leaves (1)Plants lose water through their leaves. You can?t usua",0.016,genuinely_different
Central Florida Preparatory School,019eb11c-413b-7a66-a7d8-a18f14736ede,29ec98083b232d8a5f82eb9f70f34890e6c3ffd5cc182ac167b638bd8a1b852e,Module 2 Assessment: What a Story,14,2,2,8086682371 | 8086682473,per-section-variant,0,"How are King Frederick from Passage 1 and Kukul from Passage 2 SIMILAR? ||| Read each selection and then answer each question. Passage 1: The King and the Miller: A Play Characters GEORGE, a mille",0.017,genuinely_different
Central Florida Preparatory School,019eb11c-413b-7a66-a7d8-a18f14736ede,94ef70e13242cc4d065e2b31234f267793f6de1431e908fe59efc635520d37cc,Topic 2,7,3,2,8095123351 | 8095123435 | 8108245298,per-section-variant,3,"Match the correct product for each expression  ||| mediaAVA7249141544782590.mp3 A garden hose fills a 2-gallon bucket in 5 seconds. The number of gallons, g, is proportion",0.017,genuinely_different
Athenian Academy of Technology and the Arts,019eb11c-410a-7ffb-86e6-a0294c669670,d8eef2699deadc6b5b0b5314cee658d4cd4220cd895c2a870b026be11a17b6f6,HW 12/9 Spiral Review,9,2,2,7626416439 | 7626433775,per-section-variant,0,"Complete the inequality. Enter the correct answer in the box. Hint(s): When comparing two negative numbers, notice that  ||| Elijah is 28 years old. He is 12 years older than  of Laurel?s age. Which equation can be used to find Laurel?s age, a?",0.02,genuinely_different
Central Florida Preparatory School,019eb11c-413b-7a66-a7d8-a18f14736ede,29ec98083b232d8a5f82eb9f70f34890e6c3ffd5cc182ac167b638bd8a1b852e,Module 2 Assessment: What a Story,17,2,2,8086682371 | 8086682473,per-section-variant,0,"Part B Select a detail from each passage that BEST supports the answer to Part A. Select two choices. ||| Read each selection and then answer each question. Passage 1: The King and the Miller: A Play Characters GEORGE, a mille",0.02,genuinely_different
Central Florida Preparatory School,019eb11c-413b-7a66-a7d8-a18f14736ede,29ec98083b232d8a5f82eb9f70f34890e6c3ffd5cc182ac167b638bd8a1b852e,Module 2 Assessment: What a Story,5,2,2,8086682371 | 8086682473,per-section-variant,0,"Explain why Scenes 1 and 6 of Passage 1 are important to the story. Use details from the play to support your answer. ||| Read each selection and then answer each question. Passage 1: The King and the Miller: A Play Characters GEORGE, a mille",0.021,genuinely_different
Central Florida Preparatory School,019eb11c-413b-7a66-a7d8-a18f14736ede,29ec98083b232d8a5f82eb9f70f34890e6c3ffd5cc182ac167b638bd8a1b852e,Module 2 Assessment: What a Story,22,2,2,8086682371 | 8086682473,per-section-variant,0," How are crocodiles and alligators DIFFERENT? ||| Read the selection and then answer each question. Modern Dinosaurs by Claudia Cangilla McAdam 1      Silent, swift, and ",0.023,genuinely_different
Athenian Academy of Technology and the Arts,019eb11c-410a-7ffb-86e6-a0294c669670,d8eef2699deadc6b5b0b5314cee658d4cd4220cd895c2a870b026be11a17b6f6,HW 12/9 Spiral Review,2,2,2,7626416439 | 7626433775,per-section-variant,0,An outdoor equipment store surveyed 300 customers about their favorite outdoor activities. The circle graph below shows  ||| Find .,0.026,genuinely_different
Central Florida Preparatory School,019eb11c-413b-7a66-a7d8-a18f14736ede,3de53fec379bdeb2ee716124bfc549ff3e9e7aa96c037853562ea59a1e1038f3,Unit 2 Part 1,2,2,2,8102313694 | 8198880846,cross-section-far-dates,33,"Reading Read the selections, and choose the best answer to each question. Votes for Women!   CharactersANNETTE FINNIGAN, ||| Which best explains how setting and plot are related in Scene 1?",0.026,genuinely_different
Central Florida Preparatory School,019eb11c-413b-7a66-a7d8-a18f14736ede,29ec98083b232d8a5f82eb9f70f34890e6c3ffd5cc182ac167b638bd8a1b852e,Module 2 Assessment: What a Story,18,2,2,8086682371 | 8086682473,per-section-variant,0,"  Passage 1 and Passage 2 are both plays about kings. Explain how the kings are different in each play. Use details from ||| Read each selection and then answer each question. Passage 1: The King and the Miller: A Play Characters GEORGE, a mille",0.027,genuinely_different
Central Florida Preparatory School,019eb11c-413b-7a66-a7d8-a18f14736ede,3de53fec379bdeb2ee716124bfc549ff3e9e7aa96c037853562ea59a1e1038f3,Unit 2 Part 1,3,2,2,8102313694 | 8198880846,cross-section-far-dates,33,"How does the structure of the play help develop character and plot? ||| Reading Read the selections, and choose the best answer to each question. Votes for Women!   CharactersANNETTE FINNIGAN,",0.027,genuinely_different
Central Florida Preparatory School,019eb11c-413b-7a66-a7d8-a18f14736ede,3de53fec379bdeb2ee716124bfc549ff3e9e7aa96c037853562ea59a1e1038f3,Unit 2 Part 1,9,2,2,8102313694 | 8198880846,cross-section-far-dates,33,"How does the timeline graphically represent the order of events? |||   Reading Read the selections, and choose the best answer to each question. Votes for Women!   CharactersANNETTE FINNIGA",0.027,genuinely_different
Crestwell School,019eb11c-413c-7ed9-872e-0fe5e9a947b6,afa8799c75ac18bba5458452bf828c8567c17bdfd1348c94f80aebe7811c6861,Module Assessment: Look Around and Explore!,17,2,2,8030012753 | 8067688682,per-section-variant,7,"READ the following sentence. Winter, spring, summer, and fall are each special in their own way. THINK about what you li ||| Read the selection and choose the best answer to each question. Ana?s teacher asked the class to write about something t",0.03,genuinely_different
Central Florida Preparatory School,019eb11c-413b-7a66-a7d8-a18f14736ede,3de53fec379bdeb2ee716124bfc549ff3e9e7aa96c037853562ea59a1e1038f3,Unit 2 Part 1,8,2,2,8102313694 | 8198880846,cross-section-far-dates,33,"Reading Read the selections, and choose the best answer to each question. Votes for Women!   CharactersANNETTE FINNIGAN, ||| Which sentence from paragraph 34 of Votes for Women! contains dramatic irony?",0.031,genuinely_different
Central Florida Preparatory School,019eb11c-413b-7a66-a7d8-a18f14736ede,29ec98083b232d8a5f82eb9f70f34890e6c3ffd5cc182ac167b638bd8a1b852e,Module 2 Assessment: What a Story,12,2,2,8086682371 | 8086682473,per-section-variant,0,"Read each selection and then answer each question. Passage 1: The King and the Miller: A Play Characters GEORGE, a mille |||   This question has two parts. First, answer Part A. Then, answer Part B. Part A What do the events in Scene 3 of Passag",0.032,genuinely_different
Central Florida Preparatory School,019eb11c-413b-7a66-a7d8-a18f14736ede,29ec98083b232d8a5f82eb9f70f34890e6c3ffd5cc182ac167b638bd8a1b852e,Module 2 Assessment: What a Story,21,2,2,8086682371 | 8086682473,per-section-variant,0,"Read the selection and then answer each question. Modern Dinosaurs by Claudia Cangilla McAdam 1      Silent, swift, and  ||| What are two ways crocodilians? skin helps them? Select two choices.",0.033,genuinely_different
Central Florida Preparatory School,019eb11c-413b-7a66-a7d8-a18f14736ede,3de53fec379bdeb2ee716124bfc549ff3e9e7aa96c037853562ea59a1e1038f3,Unit 2 Part 1,12,2,2,8102313694 | 8198880846,cross-section-far-dates,33,"  Reading Read the selections, and choose the best answer to each question. Votes for Women!   CharactersANNETTE FINNIGA ||| Which is the best conclusion that can be drawn from information in the play and the timeline?",0.037,genuinely_different
Athenian Academy of Technology and the Arts,019eb11c-410a-7ffb-86e6-a0294c669670,84b53095c3cfc91b25d395a8f9116013bcb60d2dc26eca4c6123113bd6a94efa,What a Story: Weekly Assessment: Week 2,5,2,2,7892337576 | 7892338196,per-section-variant,0,"SCENE 2 GRANDMA: It?s not that we don?t like Crow. In fact, it?s nice to see a bit of nature in Crickshaw. GRANDPA: It?s ||| What do the stage directions in these lines suggest about the grandparents? SCENE 2 GRANDMA: It?s not that we don?t like",0.041,genuinely_different
Central Florida Preparatory School,019eb11c-413b-7a66-a7d8-a18f14736ede,29ec98083b232d8a5f82eb9f70f34890e6c3ffd5cc182ac167b638bd8a1b852e,Module 2 Assessment: What a Story,2,2,2,8086682371 | 8086682473,per-section-variant,0,"Read each selection and then answer each question. Passage 1: The King and the Miller: A Play Characters GEORGE, a mille ||| Read the sentences from Scene 2 of passage 1.  But that old mill! It is a cracker crumb on a fine, fluffy mattress. It i",0.042,genuinely_different
Central Florida Preparatory School,019eb11c-413b-7a66-a7d8-a18f14736ede,3de53fec379bdeb2ee716124bfc549ff3e9e7aa96c037853562ea59a1e1038f3,Unit 2 Part 1,10,2,2,8102313694 | 8198880846,cross-section-far-dates,33,"  Reading Read the selections, and choose the best answer to each question. Votes for Women!   CharactersANNETTE FINNIGA |||  Read line 31 from Votes for Women! ?BELLE: [Gives Katherine a quick hug.] How exciting! I?m so proud of you, Katherine!",0.042,genuinely_different
Central Florida Preparatory School,019eb11c-413b-7a66-a7d8-a18f14736ede,89b096203bf633ebc91fa6d91afa41d8fb0d2498b9b8a416108d7d7ac372fa20,Home Sweet Habitat: Weekly Assessment: Week 3,2,3,3,7780237817 | 7816901887 | 7823076023,per-section-variant,0,"In paragraph 6, Sky Bear says, ?I?m all ears.? What does she mean? ||| Read the selection and answer each question. Sky Bear?s Gift Retold by Nina Jaffe (1)Long ago, summer lasted all year. T ||| Read the selection and answer each question. Sky Bear?s Gift Retold by Nina Jaffe (5)So the animals crossed the desert t",0.043,genuinely_different
Central Florida Preparatory School,019eb11c-413b-7a66-a7d8-a18f14736ede,29ec98083b232d8a5f82eb9f70f34890e6c3ffd5cc182ac167b638bd8a1b852e,Module 2 Assessment: What a Story,9,2,2,8086682371 | 8086682473,per-section-variant,0,"Read each selection and then answer each question. Passage 1: The King and the Miller: A Play Characters GEORGE, a mille ||| Read the sentence from Scene 2 of Passage 2. And just think of the nest you could build for your family with the plentif",0.044,genuinely_different
Central Florida Preparatory School,019eb11c-413b-7a66-a7d8-a18f14736ede,3de53fec379bdeb2ee716124bfc549ff3e9e7aa96c037853562ea59a1e1038f3,Unit 2 Part 1,5,2,2,8102313694 | 8198880846,cross-section-far-dates,33,"  Reading Read the selections, and choose the best answer to each question. Votes for Women!   CharactersANNETTE FINNIGA |||  Which best describes the interaction between character development and plot in the dialogue in paragraphs 6?18?",0.045,genuinely_different
Crestwell School,019eb11c-413c-7ed9-872e-0fe5e9a947b6,5c416ffbc9266bcec8f69a9a04442feefbccfeeb1cd8421a5fad8fe0edc59765,Module Assessment: Global Guardians,21,2,2,8288360977 | 8288361303,per-section-variant,1,"READ the following sentence. Characters in stories can mean a lot to us. THINK about your favorite character from a book ||| The only bad thing I can think to say about Wonder Fair Park is your feet will hurt after a long, fun day of walking aro",0.047,genuinely_different
Central Florida Preparatory School,019eb11c-413b-7a66-a7d8-a18f14736ede,29ec98083b232d8a5f82eb9f70f34890e6c3ffd5cc182ac167b638bd8a1b852e,Module 2 Assessment: What a Story,3,2,2,8086682371 | 8086682473,per-section-variant,0,"Read each selection and then answer each question. Passage 1: The King and the Miller: A Play Characters GEORGE, a mille ||| Read the sentences from Scene 5 Passage 1. CHRISTOPHER: And I am pleased to know that our king is humble enough to recog",0.048,genuinely_different
Central Florida Preparatory School,019eb11c-413b-7a66-a7d8-a18f14736ede,29ec98083b232d8a5f82eb9f70f34890e6c3ffd5cc182ac167b638bd8a1b852e,Module 2 Assessment: What a Story,8,2,2,8086682371 | 8086682473,per-section-variant,0,"Read each selection and then answer each question. Passage 1: The King and the Miller: A Play Characters GEORGE, a mille ||| Read the sentence from Scene 1 of Passage 2.     The mockingbird cleared his throat and gave an elaborate performance of",0.048,genuinely_different
Crestwell School,019eb11c-413c-7ed9-872e-0fe5e9a947b6,5c416ffbc9266bcec8f69a9a04442feefbccfeeb1cd8421a5fad8fe0edc59765,Module Assessment: Global Guardians,3,2,2,8288360977 | 8288361303,per-section-variant,1,"Read the selection and answer each question. Fabulous Frederic by Peggy Thorne (1)My show was terrific?right up until th ||| Read the sentence from paragraph 5. Though everybody laughed, I did the reasonable thing and tried to put on a good face",0.051,genuinely_different
Central Florida Preparatory School,019eb11c-413b-7a66-a7d8-a18f14736ede,3de53fec379bdeb2ee716124bfc549ff3e9e7aa96c037853562ea59a1e1038f3,Unit 2 Part 1,1,2,2,8102313694 | 8198880846,cross-section-far-dates,33,"  Reading Read the selections, and choose the best answer to each question. Votes for Women!   CharactersANNETTE FINNIGA |||  Reread paragraphs 2 through 8 of the play, Votes for Women! Which part of the selection foreshadows Katherine?s exit at",0.053,genuinely_different
Central Florida Preparatory School,019eb11c-413b-7a66-a7d8-a18f14736ede,3de53fec379bdeb2ee716124bfc549ff3e9e7aa96c037853562ea59a1e1038f3,Unit 2 Part 1,4,2,2,8102313694 | 8198880846,cross-section-far-dates,33,"  Reading Read the selections, and choose the best answer to each question. Votes for Women!   CharactersANNETTE FINNIGA |||  Reread paragraphs 25 and 26 of the play, Votes for Women! How does the dialogue in these lines most clearly develop the",0.054,genuinely_different
Central Florida Preparatory School,019eb11c-413b-7a66-a7d8-a18f14736ede,3de53fec379bdeb2ee716124bfc549ff3e9e7aa96c037853562ea59a1e1038f3,Unit 2 Part 1,31,2,2,8102313694 | 8198880846,cross-section-far-dates,33,"  Reading Read the selection, and choose the best answer to each question. A Museum for Anne Frank  1 During World War I |||   What is the author?s main purpose in paragraph 1 of the selection?",0.054,genuinely_different
Central Florida Preparatory School,019eb11c-413b-7a66-a7d8-a18f14736ede,3de53fec379bdeb2ee716124bfc549ff3e9e7aa96c037853562ea59a1e1038f3,Unit 2 Part 1,30,2,2,8102313694 | 8198880846,cross-section-far-dates,33,"  Reading Read the selection, and choose the best answer to each question. A Museum for Anne Frank  1 During World War I ||| Which best describes the author?s diction and the tone it creates?",0.055,genuinely_different
Central Florida Preparatory School,019eb11c-413b-7a66-a7d8-a18f14736ede,e21bda5ff7fe35e52d8c77d8f552d5e58dd9c5783e5bf5dc0468dea9bd3249ce,Time to Grow!: Weekly Assessment: Week 3,4,3,3,7780237758 | 7791692190 | 7799001172,per-section-variant,0,"Choose the two clues that show that cause and effect is used to organize paragraph 5. ||| Read the selection and answer each question. Poison Dart Frogs (1)Deep in the rainforest, a small blue frog hops from lo ||| Read the selection and answer each question. Poison Dart Frogs (4)A poison dart frog?s skin is not the only thing that m",0.057,genuinely_different
Central Florida Preparatory School,019eb11c-413b-7a66-a7d8-a18f14736ede,29ec98083b232d8a5f82eb9f70f34890e6c3ffd5cc182ac167b638bd8a1b852e,Module 2 Assessment: What a Story,23,2,2,8086682371 | 8086682473,per-section-variant,0,"   Compare and contrast the environments that crocodiles and alligators live in. Use details from the passage to support ||| Read the selection and then answer each question. Modern Dinosaurs by Claudia Cangilla McAdam 1      Silent, swift, and ",0.063,genuinely_different
Central Florida Preparatory School,019eb11c-413b-7a66-a7d8-a18f14736ede,94ef70e13242cc4d065e2b31234f267793f6de1431e908fe59efc635520d37cc,Topic 2,2,3,2,8095123351 | 8095123435 | 8108245298,per-section-variant,3,"mediaAVA7917101636453316.mp3 Swimmers dive to 60 and 65 feet below the surface of the ocean. As an integer, the depth cl ||| mediaAVA7925991636453601.mp3 The tables show the numbers of white and yellow flowers Cara and Hector used in 5 different",0.064,genuinely_different
Crestwell School,019eb11c-413c-7ed9-872e-0fe5e9a947b6,5c416ffbc9266bcec8f69a9a04442feefbccfeeb1cd8421a5fad8fe0edc59765,Module Assessment: Global Guardians,5,2,2,8288360977 | 8288361303,per-section-variant,1,"Read the selection and answer each question. Fabulous Frederic by Peggy Thorne (1)My show was terrific?right up until th ||| Read the sentence from paragraph 16. From their point of view, it looked like I had stepped behind the curtain and then ",0.07,genuinely_different
Athenian Academy of Technology and the Arts,019eb11c-410a-7ffb-86e6-a0294c669670,c0b013cc1fb117944245e274f594c8de1ab534cb5e9c88dbef46b7bc8888998c,HW 12/10 Spiral Review,6,2,2,7628347421 | 7628391502,per-section-variant,0,A park district is building an outdoor basketball court based on a scale drawing that measures 35cm long by 18.75cm wide ||| Bananas cost $0.49 per pound. Complete the table to show how many pounds of bananas you can buy at various prices. Enter,0.071,genuinely_different
Central Florida Preparatory School,019eb11c-413b-7a66-a7d8-a18f14736ede,3de53fec379bdeb2ee716124bfc549ff3e9e7aa96c037853562ea59a1e1038f3,Unit 2 Part 1,6,2,2,8102313694 | 8198880846,cross-section-far-dates,33,"Reading Read the selections, and choose the best answer to each question. Votes for Women!   CharactersANNETTE FINNIGAN, ||| The following question has two parts. Answer Part A first, and then Part B. Part AReview paragraph 34 of the play, Votes",0.073,genuinely_different
Central Florida Preparatory School,019eb11c-413b-7a66-a7d8-a18f14736ede,29ec98083b232d8a5f82eb9f70f34890e6c3ffd5cc182ac167b638bd8a1b852e,Module 2 Assessment: What a Story,20,2,2,8086682371 | 8086682473,per-section-variant,0,"Read the selection and then answer each question. Modern Dinosaurs by Claudia Cangilla McAdam 1      Silent, swift, and  ||| Read the sentence from paragraph 11.  Alligators construct their nests out of leaves, branches, and mud. What other verb",0.076,genuinely_different
Central Florida Preparatory School,019eb11c-413b-7a66-a7d8-a18f14736ede,bd84b0290db8ad3d3ab9c65fa79fb0bbf8f742f0dc8820620d01c2d8763e7b25,Time to Grow!: Weekly Assessment: Week 2,4,2,2,7787678187 | 7787866945,per-section-variant,0,"Read the selection and answer each question. The Magic Paintbrush Retold by Ellen L. Ramsey (5)Each day, Liang painted f ||| Read the sentence from paragraph 6. One day, the emperor sent for Liang. Now read the dictionary entry. emperor (em-p?r-",0.09,genuinely_different
Crestwell School,019eb11c-413c-7ed9-872e-0fe5e9a947b6,5c416ffbc9266bcec8f69a9a04442feefbccfeeb1cd8421a5fad8fe0edc59765,Module Assessment: Global Guardians,2,2,2,8288360977 | 8288361303,per-section-variant,1,"Read the selection and answer each question. Fabulous Frederic by Peggy Thorne (1)My show was terrific?right up until th ||| Read the sentence from paragraph 4. When I performed the trick, the worst thing that could possibly happen did happen: t",0.1,genuinely_different
Central Florida Preparatory School,019eb11c-413b-7a66-a7d8-a18f14736ede,3de53fec379bdeb2ee716124bfc549ff3e9e7aa96c037853562ea59a1e1038f3,Unit 2 Part 1,24,2,2,8102313694 | 8198880846,cross-section-far-dates,33,"Reading Read the selection, and choose the best answer to each question. ""Join, or Die!""   1 Benjamin Franklin printed t ||| The following question has two parts. Answer Part A first, and then Part B. Part AWhat is the author?s purpose in paragr",0.103,genuinely_different
Central Florida Preparatory School,019eb11c-413b-7a66-a7d8-a18f14736ede,52db39d19d3706dea5b1bb1238ef5ea7b889f5acc32f7430cf6603639809159f,Time to Grow!: Weekly Assessment: Week 1,6,3,2,7779943180 | 7780237720 | 7780398411,per-section-variant,0,Read the selection and choose the best answer to each question. Cammy wrote about a day trip with her aunt and uncle. Re ||| What change should be made in sentence 10?,0.11,genuinely_different
Central Florida Preparatory School,019eb11c-413b-7a66-a7d8-a18f14736ede,94ef70e13242cc4d065e2b31234f267793f6de1431e908fe59efc635520d37cc,Topic 2,9,3,2,8095123351 | 8095123435 | 8108245298,per-section-variant,3,"mediaAVA7917161636453319.mp3 Select all of the expressions that have the same product as ?2 · 12. ||| mediaAVA7918961636453443.mp3 At the local bakery, Ariel bought 2 oatmeal cookies for $1.50. Mei bought  dozen oatmeal co",0.121,genuinely_different
Central Florida Preparatory School,019eb11c-413b-7a66-a7d8-a18f14736ede,3de53fec379bdeb2ee716124bfc549ff3e9e7aa96c037853562ea59a1e1038f3,Unit 2 Part 1,13,2,2,8102313694 | 8198880846,cross-section-far-dates,33,"Reading Read the selection, and choose the best answer to each question. Diary Entry: After the Great Crash   1 January  ||| The following question has two parts. Answer Part A first, and then Part B. Part AWhat is the author's main purpose in t",0.126,genuinely_different
Crestwell School,019eb11c-413c-7ed9-872e-0fe5e9a947b6,5c416ffbc9266bcec8f69a9a04442feefbccfeeb1cd8421a5fad8fe0edc59765,Module Assessment: Global Guardians,17,2,2,8288360977 | 8288361303,per-section-variant,1,"Read sentence 3. My family takes a vacation in July every summer and last summer, we went to Wonder Fair Park. What is t ||| Read the selection and choose the best answer to each question. Irene?s teacher asked the students in her class to write",0.126,genuinely_different
Athenian Academy of Technology and the Arts,019eb11c-410a-7ffb-86e6-a0294c669670,8506a90a47cfda79d67ff82c7e1a8b0a4012bbd813fcad071606aa311bd78b3f,Quiz 3,2,2,2,8030945538 | 8264918425,recycled-title-same-section,161,"Study the chart below and answer the question that follows. According to the chart, which of the following statements is ||| Where did the Pilgrims land?",0.127,genuinely_different
Central Florida Preparatory School,019eb11c-413b-7a66-a7d8-a18f14736ede,e21bda5ff7fe35e52d8c77d8f552d5e58dd9c5783e5bf5dc0468dea9bd3249ce,Time to Grow!: Weekly Assessment: Week 3,2,3,3,7780237758 | 7791692190 | 7799001172,per-section-variant,0,"Read the selection and answer each question. Poison Dart Frogs (1)Deep in the rainforest, a small blue frog hops from lo ||| Read the selection and answer each question. Poison Dart Frogs Read the sentence from paragraph 3. Their skin has poison ||| Read the sentence from paragraph 3. Their skin has poison on it, so not only would the taste be displeasing to other ani",0.129,genuinely_different
Central Florida Preparatory School,019eb11c-413b-7a66-a7d8-a18f14736ede,3de53fec379bdeb2ee716124bfc549ff3e9e7aa96c037853562ea59a1e1038f3,Unit 2 Part 1,21,2,2,8102313694 | 8198880846,cross-section-far-dates,33,"  Reading Read the selection, and choose the best answer to each question. Diary Entry: After the Great Crash   1 Januar ||| The following question has two parts. Answer Part A first, and then Part B. Part AWhat is the author?s central idea in p",0.131,genuinely_different
Central Florida Preparatory School,019eb11c-413b-7a66-a7d8-a18f14736ede,3de53fec379bdeb2ee716124bfc549ff3e9e7aa96c037853562ea59a1e1038f3,Unit 2 Part 1,26,2,2,8102313694 | 8198880846,cross-section-far-dates,33,"Reading Read the selection, and choose the best answer to each question. ""Join, or Die!""   1 Benjamin Franklin printed t ||| The following question has two parts. Answer Part A first, and then Part B. Part AWhat is most likely the meaning of the",0.131,genuinely_different
Central Florida Preparatory School,019eb11c-413b-7a66-a7d8-a18f14736ede,3de53fec379bdeb2ee716124bfc549ff3e9e7aa96c037853562ea59a1e1038f3,Unit 2 Part 1,28,2,2,8102313694 | 8198880846,cross-section-far-dates,33,"  Reading Read the selection, and choose the best answer to each question. ""Join, or Die!""   1 Benjamin Franklin printed ||| The word stricture in paragraph 4 comes from the Latin root -strict-. What is the most likely meaning of the word strict",0.135,genuinely_different
Central Florida Preparatory School,019eb11c-413b-7a66-a7d8-a18f14736ede,fad41a670d699049d59847b4b6a0129d42a29372cd9030be5a5c6b2a076c209a,Topic 1,1,4,2,7964059500 | 7964062196 | 7964065626 | 7964067882,cross-section-far-dates,36,mediaAVA7918121636453392.mp3 Which expression is equivalent to (0.94)2? ||| Select the correct symbol to compare the numbers.,0.139,genuinely_different
Athenian Academy of Technology and the Arts,019eb11c-410a-7ffb-86e6-a0294c669670,cbd4764f8195a59d3fa3d3ebb30f0a756bd67310439307ee56d809efc21ab957,Quiz 2,2,2,2,8016572178 | 8126265514,recycled-title-same-section,70,Neanderthals might have had the biggest brain size of all the evolutionary species ||| Which of the following figures founded Judaism,0.145,genuinely_different
Central Florida Preparatory School,019eb11c-413b-7a66-a7d8-a18f14736ede,52db39d19d3706dea5b1bb1238ef5ea7b889f5acc32f7430cf6603639809159f,Time to Grow!: Weekly Assessment: Week 1,7,3,2,7779943180 | 7780237720 | 7780398411,per-section-variant,0,"In sentence 11, which word tells how many whales Cammy saw? ||| Read the selection and choose the best answer to each question. Cammy wrote about a day trip with her aunt and uncle. Re",0.146,genuinely_different
Central Florida Preparatory School,019eb11c-413b-7a66-a7d8-a18f14736ede,52db39d19d3706dea5b1bb1238ef5ea7b889f5acc32f7430cf6603639809159f,Time to Grow!: Weekly Assessment: Week 1,3,3,2,7779943180 | 7780237720 | 7780398411,per-section-variant,0,"Read the selection and answer each question. Looking at Leaves (1)Plants lose water through their leaves. You can?t usua |||   Read the sentence from paragraph 5. But when water is scarce, during cold winters or long, dry seasons, trees need to  ||| Read the sentence from paragraph 5. But when water is scarce, during cold winters or long, dry seasons, trees need to sa",0.148,genuinely_different
Athenian Academy of Technology and the Arts,019eb11c-410a-7ffb-86e6-a0294c669670,09158d653550f64e6075248264d514e122b45310f045e086457b46a9ac56a88b,Quiz 2,1,3,3,8016559819 | 8126215170 | 8257435517,recycled-title-same-section,161,Currency must be duarble and able to last a long time ||| The United States is a Multi-Party System because there are more than two political parties to vote for ||| Which of the following is a Government run by a small group of people?,0.156,genuinely_different
Athenian Academy of Technology and the Arts,019eb11c-410a-7ffb-86e6-a0294c669670,09158d653550f64e6075248264d514e122b45310f045e086457b46a9ac56a88b,Quiz 2,5,3,3,8016559819 | 8126215170 | 8257435517,recycled-title-same-section,161,"To get, purchase, or buy ||| Which of the following is a platform ||| Which of the following is defined as power being given to one person with total control?",0.156,genuinely_different
Athenian Academy of Technology and the Arts,019eb11c-410a-7ffb-86e6-a0294c669670,9164b0363acacf5ae93651a11b9e0201d67d311f7394649e0bea9773bac504e4,Quarter 3 Quiz 3,4,2,2,7688207641 | 7722457831,recycled-title-same-section,21,From sea to shining sea is an example of which idea? ||| Which of the following is best descibed as art depicting spirituality through nature?,0.159,genuinely_different
Central Florida Preparatory School,019eb11c-413b-7a66-a7d8-a18f14736ede,fad41a670d699049d59847b4b6a0129d42a29372cd9030be5a5c6b2a076c209a,Topic 1,13,4,2,7964059500 | 7964062196 | 7964065626 | 7964067882,cross-section-far-dates,36,Complete the comparison with the correct symbol. ||| Select the decimal equivalent of given rational number.,0.159,genuinely_different
Athenian Academy of Technology and the Arts,019eb11c-410a-7ffb-86e6-a0294c669670,8506a90a47cfda79d67ff82c7e1a8b0a4012bbd813fcad071606aa311bd78b3f,Quiz 3,4,2,2,8030945538 | 8264918425,recycled-title-same-section,161,The Union victory in the Second Battle of Bull Run allowed the North to gain full control of the Mississippi River. ||| Which of the following men led a failed rebellion in jamestown?,0.164,genuinely_different
Athenian Academy of Technology and the Arts,019eb11c-410a-7ffb-86e6-a0294c669670,8506a90a47cfda79d67ff82c7e1a8b0a4012bbd813fcad071606aa311bd78b3f,Quiz 3,3,2,2,8030945538 | 8264918425,recycled-title-same-section,161,Confederate gunfire upon Fort _ in 1861 marked the official beginning of the Civil War. (Ticonderoga/Sumter) ||| Which of the following is the term for someone selling years as a laborer of their life for a trip to the new world?,0.167,genuinely_different
Central Florida Preparatory School,019eb11c-413b-7a66-a7d8-a18f14736ede,fad41a670d699049d59847b4b6a0129d42a29372cd9030be5a5c6b2a076c209a,Topic 1,3,4,2,7964059500 | 7964062196 | 7964065626 | 7964067882,cross-section-far-dates,36,Andy is scuba diving. He starts at sea level and then descends 10.5 feet in    minutes. Part AWhat was Andy?s average ch ||| mediaAVA7919611636453482.mp3 Which list orders the numbers from least to greatest?,0.176,genuinely_different
Central Florida Preparatory School,019eb11c-413b-7a66-a7d8-a18f14736ede,fad41a670d699049d59847b4b6a0129d42a29372cd9030be5a5c6b2a076c209a,Topic 1,12,4,2,7964059500 | 7964062196 | 7964065626 | 7964067882,cross-section-far-dates,36,mediaAVA7919701636453488.mp3 The expression  represents the number of feet between home plate and first base. What is th ||| Select the decimal equivalent of given rational number.,0.178,genuinely_different
Athenian Academy of Technology and the Arts,019eb11c-410a-7ffb-86e6-a0294c669670,91a4995428eb2f83d25b5d39584adadb98d8f4867ce0b1c9e85d56b4238cabb2,Quarter 3 Quiz 2,3,2,2,7688267137 | 7700976328,per-section-variant,7,"What was the name of the Roman laws that were written down? ||| Which of the following people fought in a civil war with Octavian over the marriage of his sister, Octavia",0.179,genuinely_different
Central Florida Preparatory School,019eb11c-413b-7a66-a7d8-a18f14736ede,94ef70e13242cc4d065e2b31234f267793f6de1431e908fe59efc635520d37cc,Topic 2,3,3,2,8095123351 | 8095123435 | 8108245298,per-section-variant,3,"mediaAVA6860511542284478.mp3 For the number line shown, which statement is NOT true? ||| The table shows how many bottles a machine fills in a certain number of seconds. Part A Use a graph to represent the pro",0.181,genuinely_different
Athenian Academy of Technology and the Arts,019eb11c-410a-7ffb-86e6-a0294c669670,8506a90a47cfda79d67ff82c7e1a8b0a4012bbd813fcad071606aa311bd78b3f,Quiz 3,1,2,2,8030945538 | 8264918425,recycled-title-same-section,161,Lincoln replaced General McClellan with General Burnside for the attack on Fredericksburg because General McClellan ||| Roanoke was the first permanent colony in the United States,0.185,genuinely_different
Athenian Academy of Technology and the Arts,019eb11c-410a-7ffb-86e6-a0294c669670,09158d653550f64e6075248264d514e122b45310f045e086457b46a9ac56a88b,Quiz 2,2,3,3,8016559819 | 8126215170 | 8257435517,recycled-title-same-section,161,A Theocracy is a government run by religious leaders ||| Which of the following is an example of short term credit ||| Which of the following terms is most associated with a multi-party system,0.19,genuinely_different
Athenian Academy of Technology and the Arts,019eb11c-410a-7ffb-86e6-a0294c669670,c0b013cc1fb117944245e274f594c8de1ab534cb5e9c88dbef46b7bc8888998c,HW 12/10 Spiral Review,5,2,2,7628347421 | 7628391502,per-section-variant,0,"Define the parts of the problem 3.8 ÷ 0.7. Match the words for the boxes to correctly complete the sentence. In the prob ||| Use , or = to compare the measurements. 3 gal. _ 11.37 L 64 cm _ 25 in. 1.5 oz _ 38 g",0.191,genuinely_different
Athenian Academy of Technology and the Arts,019eb11c-410a-7ffb-86e6-a0294c669670,09158d653550f64e6075248264d514e122b45310f045e086457b46a9ac56a88b,Quiz 2,3,3,3,8016559819 | 8126215170 | 8257435517,recycled-title-same-section,161,People who are owed money are known as ||| Which of the following individuals is most likely to impact the United States Election? ||| Which of the following systems of Government is known for power going to the Cental Government,0.192,genuinely_different
Athenian Academy of Technology and the Arts,019eb11c-410a-7ffb-86e6-a0294c669670,d8eef2699deadc6b5b0b5314cee658d4cd4220cd895c2a870b026be11a17b6f6,HW 12/9 Spiral Review,4,2,2,7626416439 | 7626433775,per-section-variant,0,Enter the correct answer in the box to evaluate the expression. ?77 + (?30) =  _ ||| Ramel has 9 3/4 pounds of potatoes to peel for a dinner he is catering. He has already peeled 2 1/2 pounds. Which equati,0.193,genuinely_different
Athenian Academy of Technology and the Arts,019eb11c-410a-7ffb-86e6-a0294c669670,d8eef2699deadc6b5b0b5314cee658d4cd4220cd895c2a870b026be11a17b6f6,HW 12/9 Spiral Review,10,2,2,7626416439 | 7626433775,per-section-variant,0,Alyssa hiked  miles for 8 Saturdays in a row. Then she hiked  miles for the next 4 Saturdays. What is the total distance ||| What is 6 3/4 × 2 2/9? Enter the correct answer in the box. Write your answer in simplest form. _,0.194,genuinely_different
Athenian Academy of Technology and the Arts,019eb11c-410a-7ffb-86e6-a0294c669670,5a9fa1a8c87e135688043a91b1f7214a858b8e1e411fc752224d1bada526347b,Quiz 2,4,2,2,8126292235 | 8257448535,recycled-title-same-section,91,"Ulysses S. Grant had the nickname ""Unconditional Surrender"" ||| Which of the following banned trade with just England and France?",0.194,genuinely_different
Athenian Academy of Technology and the Arts,019eb11c-410a-7ffb-86e6-a0294c669670,c0b013cc1fb117944245e274f594c8de1ab534cb5e9c88dbef46b7bc8888998c,HW 12/10 Spiral Review,3,2,2,7628347421 | 7628391502,per-section-variant,0,"Nima uses cup peanuts, cup cashews, cup pecans, and some raisins in a recipe that makes cups of trail mix. How many cups ||| Which of the following situations form a proportional relationship?",0.195,genuinely_different
Central Florida Preparatory School,019eb11c-413b-7a66-a7d8-a18f14736ede,a0e8432b2bb7a06e4d9f1f2aa136a00298917a31bc6648789a67f78e575c7273,Chapter 4 Test: Equal Groups,4,3,2,8018762596 | 8018769272 | 8076260570,per-section-variant,0,Ling builds 3 towers with blocks. How many of Ling?s towers have an odd number of blocks? ||| Which equation has a sum that is even?,0.2,genuinely_different
Central Florida Preparatory School,019eb11c-413b-7a66-a7d8-a18f14736ede,94ef70e13242cc4d065e2b31234f267793f6de1431e908fe59efc635520d37cc,Topic 2,8,3,2,8095123351 | 8095123435 | 8108245298,per-section-variant,3,media56a0dec0c94b8.mp3 Henry is making a corn grits recipe that calls for  cup of corn grits for every cup of water.How  ||| mediaAVA7917151636453319.mp3 What is the quotient??36 ÷ 6 _,0.201,genuinely_different
Central Florida Preparatory School,019eb11c-413b-7a66-a7d8-a18f14736ede,9b4457365f1dac9478249b6a8c1663b42f80e6ebe96d8ca35e00a433fc3b0f59,Chapter 1 Test: Understand Multiplication and Division of Whole Numbers,5,2,2,8018791226 | 8018791881,per-section-variant,1,Denny divides 986 by 26 using partial quotients. What is the sum of the partial quotients used to solve Denny's problem? ||| Match the division problem next to quick picture it matches.,0.204,genuinely_different
Athenian Academy of Technology and the Arts,019eb11c-410a-7ffb-86e6-a0294c669670,c0b013cc1fb117944245e274f594c8de1ab534cb5e9c88dbef46b7bc8888998c,HW 12/10 Spiral Review,4,2,2,7628347421 | 7628391502,per-section-variant,0,The line on the graph below represents a proportional relationship. Which of the following equations represent this prop ||| Violet?s father gives her $20 to go to a basketball game with her friend. She buys a bottle of water for $2.75 and a tic,0.207,genuinely_different
Central Florida Preparatory School,019eb11c-413b-7a66-a7d8-a18f14736ede,fad41a670d699049d59847b4b6a0129d42a29372cd9030be5a5c6b2a076c209a,Topic 1,6,4,2,7964059500 | 7964062196 | 7964065626 | 7964067882,cross-section-far-dates,36,media5718d0e1de309.mp3 Solve the equation x2 = 10. ||| mediaAVA7918181636453395.mp3 Javier had $305.25 in his bank account. His bank charges a fee of $7.50 each month that a b,0.208,genuinely_different
Central Florida Preparatory School,019eb11c-413b-7a66-a7d8-a18f14736ede,a0e8432b2bb7a06e4d9f1f2aa136a00298917a31bc6648789a67f78e575c7273,Chapter 4 Test: Equal Groups,1,3,2,8018762596 | 8018769272 | 8076260570,per-section-variant,0,Josh sees these shapes.  Which of the following repeated addition equations match Josh's Shapes? ||| Mary has an even number of shells and an odd number of rocks. Which group of shells and rocks could belong to Mary?,0.212,genuinely_different
Athenian Academy of Technology and the Arts,019eb11c-410a-7ffb-86e6-a0294c669670,4e85547b4f41502a8c08ae30d3cb38d95259c6c742ac2a819a337cf5554c199d,Grade 3 FAST Practice- ELA,18,2,2,8344562580 | 8346388108,per-section-variant,0,What type of poem is Passage 1? ||| Which sentence from the passage supports the theme that it can be good to stay hopeful when plans change?,0.218,genuinely_different
Athenian Academy of Technology and the Arts,019eb11c-410a-7ffb-86e6-a0294c669670,c0b013cc1fb117944245e274f594c8de1ab534cb5e9c88dbef46b7bc8888998c,HW 12/10 Spiral Review,2,2,2,7628347421 | 7628391502,per-section-variant,0,"A train traveled 31.2 miles in 52 minutes. At this rate, how far will it travel in 60 minutes? ||| Divide. Express your answer in simplest form.",0.22,genuinely_different
Central Florida Preparatory School,019eb11c-413b-7a66-a7d8-a18f14736ede,1e488d21dcc686e0289de8fa45586959300a76e8bd4983acbf4940b292b8e6c6,Chapter 4 Test: Addition Concepts,4,4,2,8018759369 | 8077261553 | 8077262828 | 8077264048,per-section-variant,0,Alec saw 1 big dog and 3 small dogs.  How many dogs did Alec see in all?  1 + 3 =? ||| Match the equations to show the correct sum. ,0.22,genuinely_different
Central Florida Preparatory School,019eb11c-413b-7a66-a7d8-a18f14736ede,1e488d21dcc686e0289de8fa45586959300a76e8bd4983acbf4940b292b8e6c6,Chapter 4 Test: Addition Concepts,6,4,2,8018759369 | 8077261553 | 8077262828 | 8077264048,per-section-variant,0,Alec saw 1 big dog and 3 small dogs.  How many dogs did Alec see in all?  1 + 3 =? ||| Match the equations to show the correct sum. ,0.22,genuinely_different
Central Florida Preparatory School,019eb11c-413b-7a66-a7d8-a18f14736ede,94ef70e13242cc4d065e2b31234f267793f6de1431e908fe59efc635520d37cc,Topic 2,10,3,2,8095123351 | 8095123435 | 8108245298,per-section-variant,3,mediaAVA7918971636453444.mp3 Part B  What is the equation represented by the proportional relationship?  ||| Select the correct value of each expression ,0.222,genuinely_different
Athenian Academy of Technology and the Arts,019eb11c-410a-7ffb-86e6-a0294c669670,d8eef2699deadc6b5b0b5314cee658d4cd4220cd895c2a870b026be11a17b6f6,HW 12/9 Spiral Review,1,2,2,7626416439 | 7626433775,per-section-variant,0,A rabbit can run at a top speed of  miles in  hour. What is the unit rate of the top running speed of a rabbit in miles  ||| Which points on the number line below have the same absolute value?,0.224,genuinely_different
Athenian Academy of Technology and the Arts,019eb11c-410a-7ffb-86e6-a0294c669670,cbd4764f8195a59d3fa3d3ebb30f0a756bd67310439307ee56d809efc21ab957,Quiz 2,3,2,2,8016572178 | 8126265514,recycled-title-same-section,70,"What is the term for the laws associated with Judaism, including the ten commandments? ||| Which species was defined as ""Upright man""? they were known for using better tools and being able to control fire.",0.235,genuinely_different
Athenian Academy of Technology and the Arts,019eb11c-410a-7ffb-86e6-a0294c669670,d8eef2699deadc6b5b0b5314cee658d4cd4220cd895c2a870b026be11a17b6f6,HW 12/9 Spiral Review,8,2,2,7626416439 | 7626433775,per-section-variant,0,The _ is the greatest number by which two or more given numbers can be evenly divided. ||| Which expression is equivalent to -16(m-2)?,0.238,genuinely_different
Central Florida Preparatory School,019eb11c-413b-7a66-a7d8-a18f14736ede,a0e8432b2bb7a06e4d9f1f2aa136a00298917a31bc6648789a67f78e575c7273,Chapter 4 Test: Equal Groups,6,3,2,8018762596 | 8018769272 | 8076260570,per-section-variant,0,Choose whether the sum of the following addends are even or odd.  ||| Terry puts his cards in 4 rows. He puts 5 cards in each row. What is the total number of cards Terry puts in rows? Enter,0.241,genuinely_different
Central Florida Preparatory School,019eb11c-413b-7a66-a7d8-a18f14736ede,a0e8432b2bb7a06e4d9f1f2aa136a00298917a31bc6648789a67f78e575c7273,Chapter 4 Test: Equal Groups,8,3,2,8018762596 | 8018769272 | 8076260570,per-section-variant,0,Choose whether the sum of the following addends are even or odd. ||| Choose whether the sum of the following addends are even or odd.  ||| Terry puts his cards in 4 rows. He puts 5 cards in each row. What is the total number of cards Terry puts in rows? Enter,0.241,genuinely_different
Athenian Academy of Technology and the Arts,019eb11c-410a-7ffb-86e6-a0294c669670,c0b013cc1fb117944245e274f594c8de1ab534cb5e9c88dbef46b7bc8888998c,HW 12/10 Spiral Review,1,2,2,7628347421 | 7628391502,per-section-variant,0,Leah bought 3/4 pound of trail mix to make snack bags. She put 1/8 pound of trail mix into each snack bag. Which express ||| Write an equation in the form of y=kx to represent the proportional relationship shown in the table below. Enter the cor,0.245,genuinely_different
Athenian Academy of Technology and the Arts,019eb11c-410a-7ffb-86e6-a0294c669670,c0b013cc1fb117944245e274f594c8de1ab534cb5e9c88dbef46b7bc8888998c,HW 12/10 Spiral Review,9,2,2,7628347421 | 7628391502,per-section-variant,0,A certain airline charges a service fee of 7% for each plane ticket purchased. What is the total price the airline charg ||| Deron recorded his heart rate as 204 beats in 3 minutes. What is the unit rate in beats per minute?,0.246,genuinely_different
Athenian Academy of Technology and the Arts,019eb11c-410a-7ffb-86e6-a0294c669670,cbd4764f8195a59d3fa3d3ebb30f0a756bd67310439307ee56d809efc21ab957,Quiz 2,1,2,2,8016572178 | 8126265514,recycled-title-same-section,70,The Tanach is the Hebrew Bible ||| Which group was the first evolutionary species,0.246,genuinely_different
Athenian Academy of Technology and the Arts,019eb11c-410a-7ffb-86e6-a0294c669670,5a9fa1a8c87e135688043a91b1f7214a858b8e1e411fc752224d1bada526347b,Quiz 2,1,2,2,8126292235 | 8257448535,recycled-title-same-section,91,This battle resulted in greater control of the Mississippi River ||| Who was our third president?,0.256,genuinely_different
Athenian Academy of Technology and the Arts,019eb11c-410a-7ffb-86e6-a0294c669670,5e424d51e9ebc65ee844bb15efe691b27e1877bcd27ae65bd87209886acb6395,Chapter 10,9,3,2,7493941329 | 7687708068 | 7687719992,per-section-variant,0,Jeremy is knitting a rectangular blanket. The table shows his progress over three days. Select all the true statements a ||| Keisha draws a sketch of an area rug on grid paper. Which multiplication equation can she use to find the area of the ru,0.257,genuinely_different
Central Florida Preparatory School,019eb11c-413b-7a66-a7d8-a18f14736ede,fad41a670d699049d59847b4b6a0129d42a29372cd9030be5a5c6b2a076c209a,Topic 1,14,4,2,7964059500 | 7964062196 | 7964065626 | 7964067882,cross-section-far-dates,36,mediaAVA7919721636453488.mp3 What are all solutions to the equation x3 = 8? ||| Select the decimal equivalent of given rational number.,0.257,genuinely_different
Athenian Academy of Technology and the Arts,019eb11c-410a-7ffb-86e6-a0294c669670,8d7b3976254ac1464e4868dd38bc88cbe163216de2d29ff9606c0a037e06a4eb,Quiz 3,3,2,2,8030688955 | 8149807504,recycled-title-same-section,84,Sparta was better towards woman than Athens in most regards ||| Where did the first major civilization take place?,0.261,genuinely_different
Athenian Academy of Technology and the Arts,019eb11c-410a-7ffb-86e6-a0294c669670,5e424d51e9ebc65ee844bb15efe691b27e1877bcd27ae65bd87209886acb6395,Chapter 10,15,3,2,7493941329 | 7687708068 | 7687719992,per-section-variant,0,Greg drew the shape of the parking lot at school.   What is the area of the parking lot? ||| The Shed Store sold two sheds yesterday. The first shed was 8 feet long and 6 feet wide. The second shed was the same le,0.263,genuinely_different
Athenian Academy of Technology and the Arts,019eb11c-410a-7ffb-86e6-a0294c669670,cbd4764f8195a59d3fa3d3ebb30f0a756bd67310439307ee56d809efc21ab957,Quiz 2,5,2,2,8016572178 | 8126265514,recycled-title-same-section,70,"According to the Tanach, the Ten Commandments were recieved on Mount Sinai by Moses. ||| Which of the following is best defined as using plants and animals to help humans?",0.265,genuinely_different
Athenian Academy of Technology and the Arts,019eb11c-410a-7ffb-86e6-a0294c669670,4e85547b4f41502a8c08ae30d3cb38d95259c6c742ac2a819a337cf5554c199d,Grade 3 FAST Practice- ELA,23,2,2,8344562580 | 8346388108,per-section-variant,0,Part B Which line from Passage 1 supports the answer in Part A? ||| Read this sentence from Passage 2. ?Oh! how quickly he ran home to his mother . . . and then she made him promise never ,0.266,genuinely_different
Athenian Academy of Technology and the Arts,019eb11c-410a-7ffb-86e6-a0294c669670,09158d653550f64e6075248264d514e122b45310f045e086457b46a9ac56a88b,Quiz 2,4,3,3,8016559819 | 8126215170 | 8257435517,recycled-title-same-section,161,"A Plank is part of a Platform ||| Declaring backruptcy has no impact on your credit score ||| In a Federal system of Government, where does power go?",0.269,genuinely_different
Athenian Academy of Technology and the Arts,019eb11c-410a-7ffb-86e6-a0294c669670,4e85547b4f41502a8c08ae30d3cb38d95259c6c742ac2a819a337cf5554c199d,Grade 3 FAST Practice- ELA,16,2,2,8344562580 | 8346388108,per-section-variant,0,Match each detail to the correct perspective.,0.27,genuinely_different
Athenian Academy of Technology and the Arts,019eb11c-410a-7ffb-86e6-a0294c669670,91a4995428eb2f83d25b5d39584adadb98d8f4867ce0b1c9e85d56b4238cabb2,Quarter 3 Quiz 2,2,2,2,7688267137 | 7700976328,per-section-variant,7,Who defeated Gaius Marius ||| Who was the first to claim the title Dictator for life?,0.273,genuinely_different
Athenian Academy of Technology and the Arts,019eb11c-410a-7ffb-86e6-a0294c669670,d8eef2699deadc6b5b0b5314cee658d4cd4220cd895c2a870b026be11a17b6f6,HW 12/9 Spiral Review,6,2,2,7626416439 | 7626433775,per-section-variant,0,A school of fish is swimming 85 feet below the surface of the ocean. There is a coral reef 95 feet below the fish. How m ||| Enter the correct answer in the box to evaluate the expression.  _,0.275,genuinely_different
Central Florida Preparatory School,019eb11c-413b-7a66-a7d8-a18f14736ede,fad41a670d699049d59847b4b6a0129d42a29372cd9030be5a5c6b2a076c209a,Topic 1,4,4,2,7964059500 | 7964062196 | 7964065626 | 7964067882,cross-section-far-dates,36,"mediaAVA7919621636453482.mp3 Select all of the irrational numbers. ||| Part B If he continues at this rate, Andy will be    in relation to sea level after 612minutes.",0.275,genuinely_different
Athenian Academy of Technology and the Arts,019eb11c-410a-7ffb-86e6-a0294c669670,4e85547b4f41502a8c08ae30d3cb38d95259c6c742ac2a819a337cf5554c199d,Grade 3 FAST Practice- ELA,24,2,2,8344562580 | 8346388108,per-section-variant,0,Read this sentence from Passage 2. ?Oh! how quickly he ran home to his mother . . . and then she made him promise never  ||| Which two events in Passage 2 show that Greywhiskers changes in the passage?,0.276,genuinely_different
Athenian Academy of Technology and the Arts,019eb11c-410a-7ffb-86e6-a0294c669670,4e85547b4f41502a8c08ae30d3cb38d95259c6c742ac2a819a337cf5554c199d,Grade 3 FAST Practice- ELA,19,2,2,8344562580 | 8346388108,per-section-variant,0,Select two lines from Passage 1 that show how Punky Dunk changes throughout the poem. ||| What type of poem is Passage 1?,0.277,genuinely_different
Central Florida Preparatory School,019eb11c-413b-7a66-a7d8-a18f14736ede,fad41a670d699049d59847b4b6a0129d42a29372cd9030be5a5c6b2a076c209a,Topic 1,11,4,2,7964059500 | 7964062196 | 7964065626 | 7964067882,cross-section-far-dates,36,mediaAVA7919691636453487.mp3 Solve the equation x3  = ?64. _ ||| Select the decimal equivalent of given rational number.,0.277,genuinely_different
Athenian Academy of Technology and the Arts,019eb11c-410a-7ffb-86e6-a0294c669670,5e424d51e9ebc65ee844bb15efe691b27e1877bcd27ae65bd87209886acb6395,Chapter 10,13,3,2,7493941329 | 7687708068 | 7687719992,per-section-variant,0,Glenda used square tiles to make a rectangle. The rectangle has a length of 2 inches and a width of 2 inches. Which rect ||| The diagram shows the toddler play area at the water park. What is the area of the toddler play area?  ,0.278,genuinely_different
Central Florida Preparatory School,019eb11c-413b-7a66-a7d8-a18f14736ede,1e488d21dcc686e0289de8fa45586959300a76e8bd4983acbf4940b292b8e6c6,Chapter 4 Test: Addition Concepts,5,4,2,8018759369 | 8077261553 | 8077262828 | 8077264048,per-section-variant,0,Jen sees these worms. Which addition problem below can Jen write to show how many worms she sees? ||| Lisa had 4 hats. She got 2 more hats. How many hats does Lisa have now? Enter the answer in the box. 4+2= _,0.284,genuinely_different
Athenian Academy of Technology and the Arts,019eb11c-410a-7ffb-86e6-a0294c669670,9164b0363acacf5ae93651a11b9e0201d67d311f7394649e0bea9773bac504e4,Quarter 3 Quiz 3,2,2,2,7688207641 | 7722457831,recycled-title-same-section,21,Which of the following were laws created to monitor what Slaves could and could not do? ||| Who was the leaader of Mexico during the Texas Revolution?,0.286,genuinely_different
Athenian Academy of Technology and the Arts,019eb11c-410a-7ffb-86e6-a0294c669670,8d7b3976254ac1464e4868dd38bc88cbe163216de2d29ff9606c0a037e06a4eb,Quiz 3,4,2,2,8030688955 | 8149807504,recycled-title-same-section,84,Athens had which of the following governments? ||| This stretches from the Mediterrenean Sea to the Persian Gulf,0.286,genuinely_different
Central Florida Preparatory School,019eb11c-413b-7a66-a7d8-a18f14736ede,1e488d21dcc686e0289de8fa45586959300a76e8bd4983acbf4940b292b8e6c6,Chapter 4 Test: Addition Concepts,2,4,2,8018759369 | 8077261553 | 8077262828 | 8077264048,per-section-variant,0,Jen sees these worms. Which addition problem below can Jen write to show how many worms she sees? ||| Which picture shows adding zero?,0.286,genuinely_different
Central Florida Preparatory School,019eb11c-413b-7a66-a7d8-a18f14736ede,1e488d21dcc686e0289de8fa45586959300a76e8bd4983acbf4940b292b8e6c6,Chapter 4 Test: Addition Concepts,3,4,2,8018759369 | 8077261553 | 8077262828 | 8077264048,per-section-variant,0,Lisa had 4 hats. She got 2 more hats. How many hats does Lisa have now? Enter the answer in the box. 4+2= _ ||| Which picture shows adding zero?,0.288,genuinely_different
Athenian Academy of Technology and the Arts,019eb11c-410a-7ffb-86e6-a0294c669670,8d7b3976254ac1464e4868dd38bc88cbe163216de2d29ff9606c0a037e06a4eb,Quiz 3,1,2,2,8030688955 | 8149807504,recycled-title-same-section,84,This civilization had Cyrus the Great as one of their leaders ||| Which of the following was part of the Fertile Crescent? ,0.289,genuinely_different
Central Florida Preparatory School,019eb11c-413b-7a66-a7d8-a18f14736ede,3de53fec379bdeb2ee716124bfc549ff3e9e7aa96c037853562ea59a1e1038f3,Unit 2 Part 1,29,2,2,8102313694 | 8198880846,cross-section-far-dates,33,"  Reading Read the selection, and choose the best answer to each question. A Museum for Anne Frank  1 During World War I ||| Read the dictionary entry. mutual (MYOO choo uhl) adj. 1. reciprocated or returned (for example, mutual love) 2. charact",0.296,genuinely_different
Athenian Academy of Technology and the Arts,019eb11c-410a-7ffb-86e6-a0294c669670,d8eef2699deadc6b5b0b5314cee658d4cd4220cd895c2a870b026be11a17b6f6,HW 12/9 Spiral Review,7,2,2,7626416439 | 7626433775,per-section-variant,0,"For the expression 64, the _ is 6 and the _ is 4. ||| Which fraction is equivalent to 0.454545...?",0.299,genuinely_different
Athenian Academy of Technology and the Arts,019eb11c-410a-7ffb-86e6-a0294c669670,4e85547b4f41502a8c08ae30d3cb38d95259c6c742ac2a819a337cf5554c199d,Grade 3 FAST Practice- ELA,12,2,2,8344562580 | 8346388108,per-section-variant,0,How does Ras feel about the trip to the mountains? ||| Read this sentence from the passage. 9          Seven?s heart sank. What does this sentence show about Seven?,0.3,genuinely_different
Athenian Academy of Technology and the Arts,019eb11c-410a-7ffb-86e6-a0294c669670,5a9fa1a8c87e135688043a91b1f7214a858b8e1e411fc752224d1bada526347b,Quiz 2,2,2,2,8126292235 | 8257448535,recycled-title-same-section,91,This battle was a Confederate victory and the first heavy casualty battle in the Civil War ||| Which of the following established the 49th Parallel?,0.3,genuinely_different
Athenian Academy of Technology and the Arts,019eb11c-410a-7ffb-86e6-a0294c669670,91a4995428eb2f83d25b5d39584adadb98d8f4867ce0b1c9e85d56b4238cabb2,Quarter 3 Quiz 2,1,2,2,7688267137 | 7700976328,per-section-variant,7,How many people are in a century? ||| Who was the first Emperor of Rome?,0.302,genuinely_different
Athenian Academy of Technology and the Arts,019eb11c-410a-7ffb-86e6-a0294c669670,8d7b3976254ac1464e4868dd38bc88cbe163216de2d29ff9606c0a037e06a4eb,Quiz 3,5,2,2,8030688955 | 8149807504,recycled-title-same-section,84,Irrigation is defined as the domestication of certain animals ||| Which of the following religions was founded in Persia?,0.303,genuinely_different
Athenian Academy of Technology and the Arts,019eb11c-410a-7ffb-86e6-a0294c669670,91a4995428eb2f83d25b5d39584adadb98d8f4867ce0b1c9e85d56b4238cabb2,Quarter 3 Quiz 2,4,2,2,7688267137 | 7700976328,per-section-variant,7,"according to the bible, why were the Romans nervious about Jesus of Nazareth? ||| Who sacked the City of Rome in the early days of the republic?",0.304,genuinely_different
Athenian Academy of Technology and the Arts,019eb11c-410a-7ffb-86e6-a0294c669670,d8eef2699deadc6b5b0b5314cee658d4cd4220cd895c2a870b026be11a17b6f6,HW 12/9 Spiral Review,5,2,2,7626416439 | 7626433775,per-section-variant,0,Enter the correct answer in the box to evaluate the expression. -46 - 18 = _ ||| Which expression is equivalent to ?,0.306,genuinely_different
Athenian Academy of Technology and the Arts,019eb11c-410a-7ffb-86e6-a0294c669670,91a4995428eb2f83d25b5d39584adadb98d8f4867ce0b1c9e85d56b4238cabb2,Quarter 3 Quiz 2,5,2,2,7688267137 | 7700976328,per-section-variant,7,What was the town center in Rome called? ||| Which of the following individuals was involved in the death of Julius Caesar,0.309,genuinely_different
Central Florida Preparatory School,019eb11c-413b-7a66-a7d8-a18f14736ede,94ef70e13242cc4d065e2b31234f267793f6de1431e908fe59efc635520d37cc,Topic 2,4,3,2,8095123351 | 8095123435 | 8108245298,per-section-variant,3,Part B What is the constant of proportionality? ||| Select the correct sum for each expression,0.32,genuinely_different
Athenian Academy of Technology and the Arts,019eb11c-410a-7ffb-86e6-a0294c669670,d8eef2699deadc6b5b0b5314cee658d4cd4220cd895c2a870b026be11a17b6f6,HW 12/9 Spiral Review,3,2,2,7626416439 | 7626433775,per-section-variant,0,Match the correct answer to show the percent decrease from the first number to the second number. ||| Which list is in order from least to greatest?,0.325,genuinely_different
Athenian Academy of Technology and the Arts,019eb11c-410a-7ffb-86e6-a0294c669670,5e424d51e9ebc65ee844bb15efe691b27e1877bcd27ae65bd87209886acb6395,Chapter 10,10,3,2,7493941329 | 7687708068 | 7687719992,per-section-variant,0,Lucinda drew a rectangle with a length of 5 inches and a width of 3 inches. How can she make the area of the rectangle b ||| The Shed Store sold two sheds yesterday. The first shed was 8 feet long and 6 feet wide. The second shed was the same le,0.326,genuinely_different
Athenian Academy of Technology and the Arts,019eb11c-410a-7ffb-86e6-a0294c669670,8506a90a47cfda79d67ff82c7e1a8b0a4012bbd813fcad071606aa311bd78b3f,Quiz 3,5,2,2,8030945538 | 8264918425,recycled-title-same-section,161,How did life change for civilians in the North during the Civil War? ||| Who was looking for a Northwest Passage and got overthrown by his own men?,0.33,genuinely_different
Athenian Academy of Technology and the Arts,019eb11c-410a-7ffb-86e6-a0294c669670,5a9fa1a8c87e135688043a91b1f7214a858b8e1e411fc752224d1bada526347b,Quiz 2,3,2,2,8126292235 | 8257448535,recycled-title-same-section,91,Naval leader who helped the Union take control of New Orleans ||| Who was defeated at the battle of Thames River?,0.337,genuinely_different
Athenian Academy of Technology and the Arts,019eb11c-410a-7ffb-86e6-a0294c669670,9164b0363acacf5ae93651a11b9e0201d67d311f7394649e0bea9773bac504e4,Quarter 3 Quiz 3,5,2,2,7688207641 | 7722457831,recycled-title-same-section,21,What is the name of the fort that was surrounded by Mexico during the Texas revolution ||| Which of the following individuals created the sewing machine,0.339,genuinely_different
Central Florida Preparatory School,019eb11c-413b-7a66-a7d8-a18f14736ede,94ef70e13242cc4d065e2b31234f267793f6de1431e908fe59efc635520d37cc,Topic 2,5,3,2,8095123351 | 8095123435 | 8108245298,per-section-variant,3,mediaAVA7917121636453317.mp3 Jeremy drew a number line to display five rational numbers. Which number is NOT displayed o ||| mediaAVA7918861636453438.mp3 Natalie walked 1.4 miles in one hour. How far did she walk in kilometers?,0.34,genuinely_different
Central Florida Preparatory School,019eb11c-413b-7a66-a7d8-a18f14736ede,a0e8432b2bb7a06e4d9f1f2aa136a00298917a31bc6648789a67f78e575c7273,Chapter 4 Test: Equal Groups,7,3,2,8018762596 | 8018769272 | 8076260570,per-section-variant,0,Josh sees these shapes. Which of the following repeated addition equations match Josh's shapes? ||| Josh sees these shapes.  Which of the following repeated addition equations match Josh's Shapes? ||| Which equation shows how to find the total number of circles?,0.341,genuinely_different
Central Florida Preparatory School,019eb11c-413b-7a66-a7d8-a18f14736ede,a0e8432b2bb7a06e4d9f1f2aa136a00298917a31bc6648789a67f78e575c7273,Chapter 4 Test: Equal Groups,2,3,2,8018762596 | 8018769272 | 8076260570,per-section-variant,0,Mary has an even number of shells and an odd number of rocks. Which group of shells and rocks could belong to Mary? ||| Which ten frames show an even number? Choose the 2 correct answers.,0.345,genuinely_different
Central Florida Preparatory School,019eb11c-413b-7a66-a7d8-a18f14736ede,94ef70e13242cc4d065e2b31234f267793f6de1431e908fe59efc635520d37cc,Topic 2,1,3,2,8095123351 | 8095123435 | 8108245298,per-section-variant,3,mediaAVA7917091636453315.mp3 Cassie?s score in a card game is 4 points away from zero. If Juanita?s score is the opposit ||| mediaAVA7918831636453436.mp3 Graph the proportional relationship y = 5.5×.  ,0.356,genuinely_different
Athenian Academy of Technology and the Arts,019eb11c-410a-7ffb-86e6-a0294c669670,4e85547b4f41502a8c08ae30d3cb38d95259c6c742ac2a819a337cf5554c199d,Grade 3 FAST Practice- ELA,29,2,2,8344562580 | 8346388108,per-section-variant,0,How is Greywhiskers?s experience in Passage 2 similar to Punky Dunk?s experience in Passage 1? ||| Match each lesson to the passage where the main character learns it.,0.361,genuinely_different
Central Florida Preparatory School,019eb11c-413b-7a66-a7d8-a18f14736ede,34930c65c38f044c3667c89109f2b261d33c6653b41fdb389b7857c0c19772b1,Home Sweet Habitat: Weekly Assessment: Week 2,5,2,2,7807260114 | 7814288655,per-section-variant,0,"How is the last stanza different from the other stanzas in the poem? Use parts of the poem to explain your answer. ||| Read the selection and answer each question. All You Need by Howard Schwartz You need a planet to live on, a sun (5)to s",0.369,genuinely_different
Athenian Academy of Technology and the Arts,019eb11c-410a-7ffb-86e6-a0294c669670,5e424d51e9ebc65ee844bb15efe691b27e1877bcd27ae65bd87209886acb6395,Chapter 10,14,3,2,7493941329 | 7687708068 | 7687719992,per-section-variant,0,Keisha draws a sketch of an area rug on grid paper. Which multiplication equation can she use to find the area of the ru ||| The school office is shown. Each unit square is equal to 1 square meter. What is the total area of the school office?  ,0.37,genuinely_different
Central Florida Preparatory School,019eb11c-413b-7a66-a7d8-a18f14736ede,a0e8432b2bb7a06e4d9f1f2aa136a00298917a31bc6648789a67f78e575c7273,Chapter 4 Test: Equal Groups,3,3,2,8018762596 | 8018769272 | 8076260570,per-section-variant,0,Ling builds 3 towers with blocks. How many of Ling?s towers have an odd number of blocks? ||| Which ten frames show an even number? Choose the 2 correct answers.,0.371,genuinely_different
Central Florida Preparatory School,019eb11c-413b-7a66-a7d8-a18f14736ede,fad41a670d699049d59847b4b6a0129d42a29372cd9030be5a5c6b2a076c209a,Topic 1,7,4,2,7964059500 | 7964062196 | 7964065626 | 7964067882,cross-section-far-dates,36,"mediaAVA7918191636453396.mp3 In the first round of a card game, Niki scored 20.5 points. Then, she lost  points on one t ||| mediaAVA7919641636453483.mp3 Which expression has the greatest value?",0.372,genuinely_different
Athenian Academy of Technology and the Arts,019eb11c-410a-7ffb-86e6-a0294c669670,5a9fa1a8c87e135688043a91b1f7214a858b8e1e411fc752224d1bada526347b,Quiz 2,5,2,2,8126292235 | 8257448535,recycled-title-same-section,91,"This was the first official battle of the Civil War, with only two deaths ||| Which of the following was a cause of the War of 1812?",0.376,genuinely_different
Crestwell School,019eb11c-413c-7ed9-872e-0fe5e9a947b6,db4bf6655b5b7024fb07d171e484028e612e82e080987814c3e80730a8ac439e,Chapter 16 Test: Fraction Concepts,4,2,2,7928764338 | 8358079682,per-section-variant,1,"Click in the shape to shade a fourth. ||| Each shape is divided into equal parts. Match each option with: halves, thirds, or fourths.",0.376,genuinely_different
Athenian Academy of Technology and the Arts,019eb11c-410a-7ffb-86e6-a0294c669670,9164b0363acacf5ae93651a11b9e0201d67d311f7394649e0bea9773bac504e4,Quarter 3 Quiz 3,3,2,2,7688207641 | 7722457831,recycled-title-same-section,21,Which of the following individuals was most involve on the Texas side of the Texas Revolution ||| Which of the following is described as a rejection of industrialization and a return to self reliance,0.393,genuinely_different
Central Florida Preparatory School,019eb11c-413b-7a66-a7d8-a18f14736ede,94ef70e13242cc4d065e2b31234f267793f6de1431e908fe59efc635520d37cc,Topic 2,6,3,2,8095123351 | 8095123435 | 8108245298,per-section-variant,3,mediaAVA7917131636453318.mp3 What is the difference??15 ? (?8) _ ||| mediaAVA7918911636453441.mp3 Sarah used 2.5 cups of cheese in a dish that serves 10 people. What constant of proportiona,0.394,genuinely_different
Central Florida Preparatory School,019eb11c-413b-7a66-a7d8-a18f14736ede,bd84b0290db8ad3d3ab9c65fa79fb0bbf8f742f0dc8820620d01c2d8763e7b25,Time to Grow!: Weekly Assessment: Week 2,2,2,2,7787678187 | 7787866945,per-section-variant,0,"At the beginning of the story, what does the woman mean when she tells Liang his drawing is ?so full of life?? What happ ||| Read the selection and answer each question. The Magic Paintbrush Retold by Ellen L. Ramsey (1)As Liang drew in the dirt",0.403,genuinely_different
Athenian Academy of Technology and the Arts,019eb11c-410a-7ffb-86e6-a0294c669670,5e424d51e9ebc65ee844bb15efe691b27e1877bcd27ae65bd87209886acb6395,Chapter 10,11,3,2,7493941329 | 7687708068 | 7687719992,per-section-variant,0,Colby drew a diagram of his garden. Each unit square is 1 square foot. What is the area of Colby?s garden?   ||| Paulo and some friends drew rectangles. Each unit square represents 1 square centimeter. Paulo?s rectangle has an area o,0.407,genuinely_different
Central Florida Preparatory School,019eb11c-413b-7a66-a7d8-a18f14736ede,fad41a670d699049d59847b4b6a0129d42a29372cd9030be5a5c6b2a076c209a,Topic 1,5,4,2,7964059500 | 7964062196 | 7964065626 | 7964067882,cross-section-far-dates,36,"mediaAVA7918171636453394.mp3 If -178+ 0.5 = r, which statement about r is true? ||| mediaAVA7919631636453483.mp3 The expression    gives the perimeter of the square shown. What is the perimeter, in meters",0.409,genuinely_different
Athenian Academy of Technology and the Arts,019eb11c-410a-7ffb-86e6-a0294c669670,5e424d51e9ebc65ee844bb15efe691b27e1877bcd27ae65bd87209886acb6395,Chapter 10,3,3,2,7493941329 | 7687708068 | 7687719992,per-section-variant,0,Brady is placing square tiles on the floor of the kitchen. Each unit square is 1 square foot. Which equations can Brady  ||| Each unit square of this figure is 1 square meter. What is the area of the figure?,0.411,genuinely_different
Central Florida Preparatory School,019eb11c-413b-7a66-a7d8-a18f14736ede,fad41a670d699049d59847b4b6a0129d42a29372cd9030be5a5c6b2a076c209a,Topic 1,2,4,2,7964059500 | 7964062196 | 7964065626 | 7964067882,cross-section-far-dates,36,mediaAVA7918131636453392.mp3 Four out of nine dogs weigh less than 20 pounds. What is the decimal equivalent for the num ||| mediaAVA7919601636453481.mp3 Choose whether the following numbers are rational or irrational.,0.415,genuinely_different
Athenian Academy of Technology and the Arts,019eb11c-410a-7ffb-86e6-a0294c669670,8d7b3976254ac1464e4868dd38bc88cbe163216de2d29ff9606c0a037e06a4eb,Quiz 3,2,2,2,8030688955 | 8149807504,recycled-title-same-section,84,The Euphrates River is in Mesopotamia ||| These were Persian Soldiers,0.429,genuinely_different
Athenian Academy of Technology and the Arts,019eb11c-410a-7ffb-86e6-a0294c669670,c0b013cc1fb117944245e274f594c8de1ab534cb5e9c88dbef46b7bc8888998c,HW 12/10 Spiral Review,7,2,2,7628347421 | 7628391502,per-section-variant,0,A cement mixer can hold up to 681 kilograms of cement. How many 100-pound bags of cement can be put into the mixer at on ||| Pablo uses 13.5 cups of flour to make 6 batches of muffins. How many cups of flour does he use per batch? Enter the corr,0.435,genuinely_different
Central Florida Preparatory School,019eb11c-413b-7a66-a7d8-a18f14736ede,fad41a670d699049d59847b4b6a0129d42a29372cd9030be5a5c6b2a076c209a,Topic 1,8,4,2,7964059500 | 7964062196 | 7964065626 | 7964067882,cross-section-far-dates,36,mediaAVA7918201636453397.mp3 Select all of the expressions that are equivalent to 17.02. ||| mediaAVA7919651636453485.mp3 The expression  gives the area of the base of a cube with a volume of 27 cubic inches. What,0.439,genuinely_different
Crestwell School,019eb11c-413c-7ed9-872e-0fe5e9a947b6,b1911472445866973ef70d2395284f6a5f8446801eea33b29baf93fe39536e54,Module Assessment: Nice to Meet You!,6,2,2,8029128083 | 8029141004,per-section-variant,7,"Click here to play the presentation Read the sentence from “Friends at School.” Yesterday, Sam and I counted silly snake ||| Click here to play the presentation Which event happens first?",0.449,genuinely_different
Crestwell School,019eb11c-413c-7ed9-872e-0fe5e9a947b6,b1911472445866973ef70d2395284f6a5f8446801eea33b29baf93fe39536e54,Module Assessment: Nice to Meet You!,19,2,2,8029128083 | 8029141004,per-section-variant,7,Click here to play the presentation _ap ||| Click here to play the presentation Read the sentence. The man pets his cat. Which word from the sentence is a noun that,0.454,genuinely_different
Crestwell School,019eb11c-413c-7ed9-872e-0fe5e9a947b6,b1911472445866973ef70d2395284f6a5f8446801eea33b29baf93fe39536e54,Module Assessment: Nice to Meet You!,8,2,2,8029128083 | 8029141004,per-section-variant,7,"Click here to play the presentation Read the sentence from ?Friends at School.? Yesterday, Sam and I counted silly snake ||| Click here to play the presentation What happens at the end of “Friends at School”?",0.456,genuinely_different
Crestwell School,019eb11c-413c-7ed9-872e-0fe5e9a947b6,db4bf6655b5b7024fb07d171e484028e612e82e080987814c3e80730a8ac439e,Chapter 16 Test: Fraction Concepts,6,2,2,7928764338 | 8358079682,per-section-variant,1,Click in the shape to shade a fourth. ||| Marcel will paint half of a border on the classroom wall. Click in the shape to shade a half.,0.471,genuinely_different
Central Florida Preparatory School,019eb11c-413b-7a66-a7d8-a18f14736ede,a0e8432b2bb7a06e4d9f1f2aa136a00298917a31bc6648789a67f78e575c7273,Chapter 4 Test: Equal Groups,5,3,2,8018762596 | 8018769272 | 8076260570,per-section-variant,0,Which equation has a sum that is even? ||| Which equation shows how to find the total number of circles?,0.475,genuinely_different
Athenian Academy of Technology and the Arts,019eb11c-410a-7ffb-86e6-a0294c669670,00177777a0e7d64081d079df3f05aa2549c52671b6a32d13b2355dd37d7f04b9,7.2 Grammar Review,7,2,2,7800632097 | 7802005513,per-section-variant,0,Choose the pronoun in the sentence. We play soccer at recess. ||| Choose the pronoun that can take the place of the underlined word or words. The birdhouse is made of wood.,0.478,genuinely_different
Crestwell School,019eb11c-413c-7ed9-872e-0fe5e9a947b6,db4bf6655b5b7024fb07d171e484028e612e82e080987814c3e80730a8ac439e,Chapter 16 Test: Fraction Concepts,5,2,2,7928764338 | 8358079682,per-section-variant,1,Choose the shapes that show equal parts. ||| Which shape has a half shaded?,0.491,genuinely_different
Central Florida Preparatory School,019eb11c-413b-7a66-a7d8-a18f14736ede,bd84b0290db8ad3d3ab9c65fa79fb0bbf8f742f0dc8820620d01c2d8763e7b25,Time to Grow!: Weekly Assessment: Week 2,5,2,2,7787678187 | 7787866945,per-section-variant,0,How does Liang solve his problem in the story? ||| Read the selection and answer each question. The Magic Paintbrush Retold by Ellen L. Ramsey   How does Liang solve his p,0.497,genuinely_different
Central Florida Preparatory School,019eb11c-413b-7a66-a7d8-a18f14736ede,fad41a670d699049d59847b4b6a0129d42a29372cd9030be5a5c6b2a076c209a,Topic 1,10,4,2,7964059500 | 7964062196 | 7964065626 | 7964067882,cross-section-far-dates,36,mediaAVA7918221636453398.mp3 Evaluate the expression. ||| mediaAVA7919681636453486.mp3 Complete the sentence to approximate     can be estimated to be between _; it is closer to ,0.5,partially_different
Athenian Academy of Technology and the Arts,019eb11c-410a-7ffb-86e6-a0294c669670,c645b92f5b95e0e8fca225d65baa9f8dce445979b634ce2bd94ff57c36c02099,Chapter 5,7,3,2,7487309603 | 7487399015 | 7487419449,per-section-variant,0,What is 43+29? Box 1. _   ||| What is 43+29? Enter the answers in the boxes. Box 1. _ ||| What is 43+29? Enter the answers in the boxes. Box 1. _  ,0.528,partially_different
Athenian Academy of Technology and the Arts,019eb11c-410a-7ffb-86e6-a0294c669670,9164b0363acacf5ae93651a11b9e0201d67d311f7394649e0bea9773bac504e4,Quarter 3 Quiz 3,1,2,2,7688207641 | 7722457831,recycled-title-same-section,21,Which of the following are less wealthy farmers who worked alongside slaves ||| Which of the following ended the Mexican American War?,0.532,partially_different
Athenian Academy of Technology and the Arts,019eb11c-410a-7ffb-86e6-a0294c669670,cbd4764f8195a59d3fa3d3ebb30f0a756bd67310439307ee56d809efc21ab957,Quiz 2,4,2,2,8016572178 | 8126265514,recycled-title-same-section,70,Which of the following categories would a remote control best fall into? ||| Which of the following is defined as short stories attached to morals?,0.542,partially_different
Athenian Academy of Technology and the Arts,019eb11c-410a-7ffb-86e6-a0294c669670,5e424d51e9ebc65ee844bb15efe691b27e1877bcd27ae65bd87209886acb6395,Chapter 10,6,3,2,7493941329 | 7687708068 | 7687719992,per-section-variant,0,Colby drew a diagram of his garden. Each unit square is 1 square foot. What is the area of Colby?s garden?   ||| Each unit square of this figure is 1 square meter. What is the area of the figure?,0.548,partially_different
Crestwell School,019eb11c-413c-7ed9-872e-0fe5e9a947b6,b1911472445866973ef70d2395284f6a5f8446801eea33b29baf93fe39536e54,Module Assessment: Nice to Meet You!,7,2,2,8029128083 | 8029141004,per-section-variant,7,Click here to play the presentation What is the author’s purpose for writing “Friends at School”? ||| Click here to play the presentation Which sentence tells about Val?,0.552,partially_different
Crestwell School,019eb11c-413c-7ed9-872e-0fe5e9a947b6,b1911472445866973ef70d2395284f6a5f8446801eea33b29baf93fe39536e54,Module Assessment: Nice to Meet You!,9,2,2,8029128083 | 8029141004,per-section-variant,7,Click here to play the presentation ||| Click here to play the presentation What is the author?s purpose for writing ?Friends at School??,0.556,partially_different
Crestwell School,019eb11c-413c-7ed9-872e-0fe5e9a947b6,b1911472445866973ef70d2395284f6a5f8446801eea33b29baf93fe39536e54,Module Assessment: Nice to Meet You!,21,2,2,8029128083 | 8029141004,per-section-variant,7,Click here to play the presentation Read the sentence. The man pets his cat. Which word from the sentence is a noun that ||| Click here to play the presentation Which sentence has a verb that is an action word?,0.584,partially_different
Central Florida Preparatory School,019eb11c-413b-7a66-a7d8-a18f14736ede,fad41a670d699049d59847b4b6a0129d42a29372cd9030be5a5c6b2a076c209a,Topic 1,9,4,2,7964059500 | 7964062196 | 7964065626 | 7964067882,cross-section-far-dates,36,mediaAVA7918211636453397.mp3 Which expression is equivalent to  ? ||| mediaAVA7919671636453485.mp3 What is the solution to the equation x2 =169?,0.593,partially_different
Crestwell School,019eb11c-413c-7ed9-872e-0fe5e9a947b6,b1911472445866973ef70d2395284f6a5f8446801eea33b29baf93fe39536e54,Module Assessment: Nice to Meet You!,10,2,2,8029128083 | 8029141004,per-section-variant,7,Click here to play the presentation ||| Click here to play the presentation What happens at the end of ?Friends at School??,0.625,partially_different
Crestwell School,019eb11c-413c-7ed9-872e-0fe5e9a947b6,b1911472445866973ef70d2395284f6a5f8446801eea33b29baf93fe39536e54,Module Assessment: Nice to Meet You!,20,2,2,8029128083 | 8029141004,per-section-variant,7,Click here to play the presentation di_s ||| Click here to play the presentation Which sentence has a noun that names a place?,0.646,partially_different
Athenian Academy of Technology and the Arts,019eb11c-410a-7ffb-86e6-a0294c669670,94dea77626cc6b55d9d06a5f71e8221ea933b65d502153daa150bb04862a102d,Chapter 5,1,3,3,7893397217 | 7893398182 | 7893399551,per-section-variant,0,How many tens and ones are there in the sum of 61+14 ?   _   ||| How many tens and ones are there in the sum of 61+14 ? Enter the answers in the boxes. Box 1.  _ ones Blank2. _ tens ||| How many tens and ones are there in the sum of 61+14 ? Enter the answers in the boxes. Box 1. _ tens Box 2. _ ones,0.65,partially_different
Crestwell School,019eb11c-413c-7ed9-872e-0fe5e9a947b6,65d6a2fd749febd0a2eb55e3c7a265a6d913be4f3eb60f7ef45eaef66028c8f0,Chapter 9 Test: Money,5,2,2,8276079467 | 8276081846,per-section-variant,0,How many pennies are in a nickel? ||| How many pennies have the same value as a nickel?,0.708,partially_different
Crestwell School,019eb11c-413c-7ed9-872e-0fe5e9a947b6,b1911472445866973ef70d2395284f6a5f8446801eea33b29baf93fe39536e54,Module Assessment: Nice to Meet You!,5,2,2,8029128083 | 8029141004,per-section-variant,7,Click here to play the presentation What is the central idea of the article? ||| Click here to play the presentation Which event happens first?,0.719,partially_different
Athenian Academy of Technology and the Arts,019eb11c-410a-7ffb-86e6-a0294c669670,c9c2d7ea91d505b2de51fc1561835d5aa6c6f5750e0e77193fa74e51596899d5,Chapter 16,3,3,2,7687663925 | 7687678128 | 7687689622,per-section-variant,0,Click the shape that shows a shape with unequal parts. ||| Click the shape that shows a third.,0.722,partially_different
Crestwell School,019eb11c-413c-7ed9-872e-0fe5e9a947b6,d7c57311b3d59d16a0957ff14b1b6c54eacc2af3dd91b10bd5c38cd480835cf3,Module Assessment: There's Only One Me!,4,3,2,8085876943 | 8085881867 | 8085887315,per-section-variant,4,Show-and-Tell Click here to play the presentation   ||| Show-and-Tell Click here to play the presentation   Click here to play the presentation  ,0.732,partially_different
Crestwell School,019eb11c-413c-7ed9-872e-0fe5e9a947b6,d7c57311b3d59d16a0957ff14b1b6c54eacc2af3dd91b10bd5c38cd480835cf3,Module Assessment: There's Only One Me!,5,3,2,8085876943 | 8085881867 | 8085887315,per-section-variant,4,Show-and-Tell Click here to play the presentation ||| Show-and-Tell Click here to play the presentation   Click here to play the presentation,0.732,partially_different
Crestwell School,019eb11c-413c-7ed9-872e-0fe5e9a947b6,d7c57311b3d59d16a0957ff14b1b6c54eacc2af3dd91b10bd5c38cd480835cf3,Module Assessment: There's Only One Me!,6,3,2,8085876943 | 8085881867 | 8085887315,per-section-variant,4,Show-and-Tell Click here to play the presentation ||| Show-and-Tell Click here to play the presentation   Click here to play the presentation,0.732,partially_different
Crestwell School,019eb11c-413c-7ed9-872e-0fe5e9a947b6,d7c57311b3d59d16a0957ff14b1b6c54eacc2af3dd91b10bd5c38cd480835cf3,Module Assessment: There's Only One Me!,1,3,2,8085876943 | 8085881867 | 8085887315,per-section-variant,4,Ms. Cat and Mr. Fox  Click here to play the presentation ||| Ms. Cat and Mr. Fox Click here to play the presentation   Click here to play the presentation    ,0.741,partially_different
Crestwell School,019eb11c-413c-7ed9-872e-0fe5e9a947b6,d7c57311b3d59d16a0957ff14b1b6c54eacc2af3dd91b10bd5c38cd480835cf3,Module Assessment: There's Only One Me!,2,3,2,8085876943 | 8085881867 | 8085887315,per-section-variant,4,Ms. Cat and Mr. Fox Click here to play the presentation   ||| Ms. Cat and Mr. Fox Click here to play the presentation   Click here to play the presentation  ,0.741,partially_different
Crestwell School,019eb11c-413c-7ed9-872e-0fe5e9a947b6,d7c57311b3d59d16a0957ff14b1b6c54eacc2af3dd91b10bd5c38cd480835cf3,Module Assessment: There's Only One Me!,3,3,2,8085876943 | 8085881867 | 8085887315,per-section-variant,4,Ms. Cat and Mr. Fox Click here to play the presentation ||| Ms. Cat and Mr. Fox Click here to play the presentation   Click here to play the presentation,0.741,partially_different
Athenian Academy of Technology and the Arts,019eb11c-410a-7ffb-86e6-a0294c669670,94dea77626cc6b55d9d06a5f71e8221ea933b65d502153daa150bb04862a102d,Chapter 5,7,3,3,7893397217 | 7893398182 | 7893399551,per-section-variant,0,What is 43+29? Enter the answers in the boxes. Box 1. _ Ones Box 2. _ Box 2. _ Tens   ||| What is 43+29? Enter the answers in the boxes. Box 1. _ones Box2. _ Box 3. _tens   ||| What is 43+29? Enter the answers in the boxes. Box 1 ones place. _ Box 2. regrouping over tens _ box 3. tens place_  ,0.754,partially_different
Athenian Academy of Technology and the Arts,019eb11c-410a-7ffb-86e6-a0294c669670,9a6effad7e0a35a37360dafb605f9a7235c9f198cd3542ab333375c1bf2d16a3,Chapter 10,18,2,2,7632020844 | 7632023026,per-section-variant,3,  The length and width of the living room are _ feet.   |||   The length of the living room is _ feet.  ,0.812,rewording_or_format
Athenian Academy of Technology and the Arts,019eb11c-410a-7ffb-86e6-a0294c669670,fc86f456851bfc8e562b28d44b979ebe950d61916ba81040fa83f5c4be25e687,Once Upon a Time: Weekly Assessment: Week 2,5,3,2,7892321213 | 7892328227 | 7892329568,per-section-variant,0,"Read the sentences from Act 2, Scene 2. MARISOL: I agree. What your mom always says is right. It does not matter how far ||| Read the sentences from Act 2, Scene 2. MARISOL: I agree. What your mom always says is right. What is the definition of ",0.814,rewording_or_format
Athenian Academy of Technology and the Arts,019eb11c-410a-7ffb-86e6-a0294c669670,7fb01f13832a943ad7e3152cfd9afbd5440c1562ba5f93e9ec2239757d70715f,Chapter 8,6,3,3,7893397268 | 7893398186 | 7893399556,per-section-variant,0,What does 70-38 =? How many tens and ones? _tens (blank 1)      _ones (blank 2) ||| What does 70-38 =? How many tens and ones? _tens (blank 2)      _ones (blank 1) ||| What does 70-38 =? How many tens and ones? _tens (box 1)      _ones (box 2),0.833,rewording_or_format
Athenian Academy of Technology and the Arts,019eb11c-410a-7ffb-86e6-a0294c669670,c645b92f5b95e0e8fca225d65baa9f8dce445979b634ce2bd94ff57c36c02099,Chapter 5,1,3,3,7487309603 | 7487399015 | 7487419449,per-section-variant,0,How many tens and ones are there in the sum of 61+14 ? Add 61+14 to find your answer. Enter the answers in the boxes. Bo ||| How many tens and ones are there in the sum of 61+14 ? Enter the answers in the boxes. Box 1. _ ||| How many tens and ones are there in the sum of 61+14 ? Enter the answers in the boxes. Box 1. _ Box 2. _,0.836,rewording_or_format
Athenian Academy of Technology and the Arts,019eb11c-410a-7ffb-86e6-a0294c669670,c645b92f5b95e0e8fca225d65baa9f8dce445979b634ce2bd94ff57c36c02099,Chapter 5,9,3,2,7487309603 | 7487399015 | 7487419449,per-section-variant,0,Eric reads 19 pages of his book on Monday. He reads 41 pages on Tuesday. How many pages does he read? 19+41= _   ||| Eric reads 19 pages of his book on Monday. He reads 41 pages on Tuesday. How many pages does he read? Enter the answers ,0.845,rewording_or_format
Crestwell School,019eb11c-413c-7ed9-872e-0fe5e9a947b6,4f40dcfcc10742ffe834ba2f2bbd62a8d524479a5c89a1975043af09363edcc0,Chapter 4 Test: Understand Multiplication,2,2,2,8007345874 | 8071065113,per-section-variant,6,Edith sorts buttons into 4 groups for her art project. She puts 6 buttons in each group. Part A Complete the bar model t ||| This is an item with more than one part. Copy your answer to this part for use in the other parts. Edith sorts buttons i,0.852,rewording_or_format
Athenian Academy of Technology and the Arts,019eb11c-410a-7ffb-86e6-a0294c669670,1a1db050a2f9e8b4f48acb2c53ce566ee7b7a402fde3ab915efda3905c09faa7,Chapter 2,3,3,2,7893397135 | 7893398174 | 7893399547,per-section-variant,0,Kara counted 250 crayons. Paul counted 205 crayons. Complete the sentences below. Kara counted _ crayons than Paul. Paul ||| Kara counted 250 crayons. Paul counted 205 crayons. Who counted more crayons? Kara counted _ crayons than Paul. Paul cou,0.855,rewording_or_format
Athenian Academy of Technology and the Arts,019eb11c-410a-7ffb-86e6-a0294c669670,8fd0c157332e822b8fe197c4836c141a8dda30aec1ba53b8e9e9226eb565f105,Module 5 Week 2 Vocabulary Quiz,2,2,2,7445551765 | 7700671601,per-section-variant,0,1. When you do the science experiment make sure both cups have _ amounts of water. 2. She _ a point by working hard with,0.861,rewording_or_format
Athenian Academy of Technology and the Arts,019eb11c-410a-7ffb-86e6-a0294c669670,c645b92f5b95e0e8fca225d65baa9f8dce445979b634ce2bd94ff57c36c02099,Chapter 5,6,3,2,7487309603 | 7487399015 | 7487419449,per-section-variant,0,George collects 15 leaves. Then he collects 7 more leaves. How many leaves does George have now? Box 1. _   ||| George collects 15 leaves. Then he collects 7 more leaves. How many leaves does George have now? Enter the answers in th,0.866,rewording_or_format
Athenian Academy of Technology and the Arts,019eb11c-410a-7ffb-86e6-a0294c669670,39308d551182d44e7450a762262d894e4a185840ba31e88765e4691b99fb969f,Practice PM3 Test Session 1,7,2,2,8365066597 | 8368658997,per-section-variant,0,  Write the Equation and Solve_  _Rocks in each bag   |||   Write the Equation_  _Rocks in each bag  ,0.882,rewording_or_format
Athenian Academy of Technology and the Arts,019eb11c-410a-7ffb-86e6-a0294c669670,00177777a0e7d64081d079df3f05aa2549c52671b6a32d13b2355dd37d7f04b9,7.2 Grammar Review,6,2,2,7800632097 | 7802005513,per-section-variant,0,Choose the pronoun that can take the place of the underlined word or words. Anna helped Grandpa paint the birdhouse. ||| Choose the pronoun that can take the place of the underlined word or words. Grandpa built a birdhouse.,0.888,rewording_or_format
Athenian Academy of Technology and the Arts,019eb11c-410a-7ffb-86e6-a0294c669670,94dea77626cc6b55d9d06a5f71e8221ea933b65d502153daa150bb04862a102d,Chapter 5,6,3,2,7893397217 | 7893398182 | 7893399551,per-section-variant,0,George collects 15 leaves. Then he collects 7 more leaves. How many leaves does George have now? Enter the answers in th,0.897,rewording_or_format
Central Florida Preparatory School,019eb11c-413b-7a66-a7d8-a18f14736ede,ca05d0acc2f1c5589a2f56ebc947d20c2283d54a21d2b846466670805a94b396,Chapter 5 Test: Divide by 1-Digit Numbers,11,3,2,8018784764 | 8018786743 | 8101189630,per-section-variant,2,Chad bought 8 packages of notepads for his office. Each package has 12 notepads. The notepads were divided equally into ,0.906,rewording_or_format
Athenian Academy of Technology and the Arts,019eb11c-410a-7ffb-86e6-a0294c669670,f4ad60fc6d96c175110c2e54a5bec524692fe84d29b7df84ef582a66bc35fdc3,Chapter 2,4,3,2,7337961658 | 7466682539 | 7466683686,per-section-variant,3, 453+386=   Estimate by rounding to the 10s   Which equation models the estimate of the difference? |||  453+386=   Estimate by rounding to the 10s   Which equation models the estimate of the sum?,0.912,rewording_or_format
Central Florida Preparatory School,019eb11c-413b-7a66-a7d8-a18f14736ede,79848524579fc7af9c299bbcb14b06c9ee3f7168dc454ed6e55a44d8559bb778,Chapter 4 Test: Understand Multiplication,12,2,2,8018777331 | 8018779616,per-section-variant,0,Ben drew an array to show the number of video games he has. Select the multiplication expression Ben could write for his ||| Ben drew an array to show the number of video games he has. What multiplication expression could Ben write for his array,0.915,rewording_or_format
Athenian Academy of Technology and the Arts,019eb11c-410a-7ffb-86e6-a0294c669670,c9c2d7ea91d505b2de51fc1561835d5aa6c6f5750e0e77193fa74e51596899d5,Chapter 16,14,3,2,7687663925 | 7687678128 | 7687689622,per-section-variant,0,Mr. Rudd cuts a piece of toast into fourths like this.   Which shows another way to cut the toast into fourths? ||| Mr. Rudd cuts a piece of toast into thirds like this.   Which shows another way to cut the toast into thirds?,0.918,rewording_or_format
Athenian Academy of Technology and the Arts,019eb11c-410a-7ffb-86e6-a0294c669670,079970cd5242b96f3cc0fd5b5a261a46f42fcb8284b46d6d614d08f3bc8e9030,Chapter 6,8,3,2,7487920005 | 7487927595 | 7487931581,per-section-variant,0,What is the sum? Enter the all the answers in the boxes. Box 1. _   ||| What is the sum? Enter the all the answers in the boxes.   Solve:_,0.926,rewording_or_format
Crestwell School,019eb11c-413c-7ed9-872e-0fe5e9a947b6,65d6a2fd749febd0a2eb55e3c7a265a6d913be4f3eb60f7ef45eaef66028c8f0,Chapter 9 Test: Money,6,2,2,8276079467 | 8276081846,per-section-variant,0,Liza counted 4 dimes by tens. How much money did Liza count? ||| Liza counted 4 dimes. How much money did Liza count?,0.932,rewording_or_format
Crestwell School,019eb11c-413c-7ed9-872e-0fe5e9a947b6,4f40dcfcc10742ffe834ba2f2bbd62a8d524479a5c89a1975043af09363edcc0,Chapter 4 Test: Understand Multiplication,5,2,2,8007345874 | 8071065113,per-section-variant,6,Julissa makes 4 bracelets. There are 9 charms on each bracelet. Which equations could be used to find the number of char,0.938,rewording_or_format
Central Florida Preparatory School,019eb11c-413b-7a66-a7d8-a18f14736ede,a558411fde85105bca87dc87205258bf647f95cdf493e6d86a2fe2f9594c8890,Home Sweet Habitat: Weekly Assessment: Week 1,9,2,2,7796962804 | 7806926683,per-section-variant,1,"Read The Long, Long Journey and answer the following questions. What is the passage MOSTLY about? ||| Read The Long, Long Journey and answer the questions. What is the passage MOSTLY about?",0.94,rewording_or_format
Crestwell School,019eb11c-413c-7ed9-872e-0fe5e9a947b6,65d6a2fd749febd0a2eb55e3c7a265a6d913be4f3eb60f7ef45eaef66028c8f0,Chapter 9 Test: Money,7,2,2,8276079467 | 8276081846,per-section-variant,0,Ali spends 10¢ each week for 3 weeks. How much money does Ali spend? ||| Ali spends 10¢ each week for three weeks. How much money does Ali spend?,0.944,rewording_or_format
Crestwell School,019eb11c-413c-7ed9-872e-0fe5e9a947b6,65d6a2fd749febd0a2eb55e3c7a265a6d913be4f3eb60f7ef45eaef66028c8f0,Chapter 9 Test: Money,8,2,2,8276079467 | 8276081846,per-section-variant,0,  Brad saves 20¢ for 4 weeks. How much money does Brad save? |||   Brad saves 20¢ for four weeks. How much money does Brad save?,0.945,rewording_or_format
Central Florida Preparatory School,019eb11c-413b-7a66-a7d8-a18f14736ede,a558411fde85105bca87dc87205258bf647f95cdf493e6d86a2fe2f9594c8890,Home Sweet Habitat: Weekly Assessment: Week 1,10,2,2,7796962804 | 7806926683,per-section-variant,1,"Read The Long, Long Journey and answer the following questions. Why does the young female MOST LIKELY eat all that she c ||| Read The Long, Long Journey and answer the questions. Why does the young female MOST LIKELY eat all that she can?",0.952,rewording_or_format
Athenian Academy of Technology and the Arts,019eb11c-410a-7ffb-86e6-a0294c669670,d5048bb81361ec2c2fba404824a765e59ed8e8a19f15f4717da9ebd3b9f1a657,Chapter 10,6,3,3,7893397293 | 7893398190 | 7893399558,per-section-variant,0,The Farmer has 270 sheep in the barn. She moves 80 of the sheep in the field. How many sheep are in the barn now? How ma,0.953,rewording_or_format
Crestwell School,019eb11c-413c-7ed9-872e-0fe5e9a947b6,b1911472445866973ef70d2395284f6a5f8446801eea33b29baf93fe39536e54,Module Assessment: Nice to Meet You!,18,2,2,8029128083 | 8029141004,per-section-variant,7,Click here to play the presentation di_s ||| Click here to play the presentation sa_,0.954,rewording_or_format
Central Florida Preparatory School,019eb11c-413b-7a66-a7d8-a18f14736ede,a558411fde85105bca87dc87205258bf647f95cdf493e6d86a2fe2f9594c8890,Home Sweet Habitat: Weekly Assessment: Week 1,12,2,2,7796962804 | 7806926683,per-section-variant,1,"Read The Long, Long Journey and answer the following questions. In the passage, the falcon aims for the godwits. What do ||| Read The Long, Long Journey and answer the questions. In the passage, the falcon aims for the godwits. What do the words",0.955,rewording_or_format
Central Florida Preparatory School,019eb11c-413b-7a66-a7d8-a18f14736ede,a558411fde85105bca87dc87205258bf647f95cdf493e6d86a2fe2f9594c8890,Home Sweet Habitat: Weekly Assessment: Week 1,11,2,2,7796962804 | 7806926683,per-section-variant,1,"Read The Long, Long Journey and answer the following questions. What reason does the author give for the godwits making  ||| Read The Long, Long Journey and answer the questions. What reason does the author give for the godwits making noise when",0.959,rewording_or_format
Crestwell School,019eb11c-413c-7ed9-872e-0fe5e9a947b6,de4a66f6ecf44d0b7ffc08bfbc0b1cb31c247d0aff8b40a62d4502232dc46dd2,Module Assessment: Art Everywhere,14,2,2,8142590942 | 8143118067,per-section-variant,0,Read the selection and answer each question. Making Cheese (1)Cheese is a favorite American food. We find cheese on pizz,0.962,rewording_or_format
Athenian Academy of Technology and the Arts,019eb11c-410a-7ffb-86e6-a0294c669670,b8a299e643bb53198ddfad8041195d369334f0256ff000cbcda2bafd79feaefd,Grade 3 FAST Practice Math,25,2,2,8344567727 | 8350431547,per-section-variant,0,What is the numeral-word form of  ? ||| What is the numeral-word form of 7/5,0.963,rewording_or_format
Crestwell School,019eb11c-413c-7ed9-872e-0fe5e9a947b6,b1911472445866973ef70d2395284f6a5f8446801eea33b29baf93fe39536e54,Module Assessment: Nice to Meet You!,16,2,2,8029128083 | 8029141004,per-section-variant,7,Click here to play the presentation ||| Click here to play the presentation sa_,0.968,rewording_or_format
Crestwell School,019eb11c-413c-7ed9-872e-0fe5e9a947b6,b1911472445866973ef70d2395284f6a5f8446801eea33b29baf93fe39536e54,Module Assessment: Nice to Meet You!,17,2,2,8029128083 | 8029141004,per-section-variant,7,Click here to play the presentation ||| Click here to play the presentation _ap,0.968,rewording_or_format
Crestwell School,019eb11c-413c-7ed9-872e-0fe5e9a947b6,f41dfd019f5ee93c2ec3e042a432bc4e3c4a821f91ad4f2d84e74e4bd6d38af1,Rise to the Occasion: Weekly Assessment: Week 1,8,2,2,7929054771 | 7929067037,per-section-variant,0,Read the selection and choose the best answer to each question. Jackson wrote a story about his first day on a new baseb,0.971,rewording_or_format
Athenian Academy of Technology and the Arts,019eb11c-410a-7ffb-86e6-a0294c669670,6059dfdbbe0158fc4e5d210179330a96840b3a84d2b3a847f000e4978d47c534,Chapter 1,1,3,2,7893397104 | 7893398171 | 7893399545,per-section-variant,0,In which numbers does 6 have a value of 60? Choose 2 correct answers. ||| In which numbers does 6 have a value of 60? Choose the 2 correct answers.,0.973,rewording_or_format
Athenian Academy of Technology and the Arts,019eb11c-410a-7ffb-86e6-a0294c669670,92cc3119cab34058704b674c0d901cd1cafe827efee368dbe77b88d7b75ac8bb,Chapter 10,8,2,2,7893400666 | 7893413724,per-section-variant,0,This large rectangle was made by putting two small rectangles together. Part A. What is the area of each small rectangle,0.973,rewording_or_format
Central Florida Preparatory School,019eb11c-413b-7a66-a7d8-a18f14736ede,4d316254551ba9aba2ecf0fb22d486d467c7715696fcd6d84f1937d77a9f2ffe,Chapter 1 Test: Whole Number Place Value,3,4,2,7999771774 | 8016400881 | 8018784758 | 8018786737,recycled-title-same-section,25,"Which numbers will make a true comparison? 807,058>? Select all the correct answers. Hint(s): This is the result of thin",0.975,rewording_or_format
Athenian Academy of Technology and the Arts,019eb11c-410a-7ffb-86e6-a0294c669670,ef2009a550064b55ea8e027031529779881969f5f8c54e12172f30c0178772ab,Chapter 8,12,2,2,7594900414 | 7594902370,per-section-variant,1,Three students made videos for their art project. The table shows the length of each video.   How much longer is video 3,0.976,rewording_or_format
Athenian Academy of Technology and the Arts,019eb11c-410a-7ffb-86e6-a0294c669670,12e3cf212074df576fe4533cfefaf42aad608eac41785faafe3b661f6ab3517a,Module Assessment: Make a Difference,17,2,2,7892331285 | 7892332925,per-section-variant,0,"Read the selection and choose the best answer to each question. In the following letter, Angelo tells Marcy about a para",0.977,rewording_or_format
Crestwell School,019eb11c-413c-7ed9-872e-0fe5e9a947b6,711f58b783d9302b0ae638d71032a5a9a38c3dcd89edfca11b9c9bf3345c5347,Rise to the Occasion: Weekly Assessment: Week 2,1,2,2,8072299723 | 8074176680,per-section-variant,2,Read the selection and answer each question. Building a World with Toothpicks by Linda Haas Manley (1)Could something ma,0.98,rewording_or_format
Athenian Academy of Technology and the Arts,019eb11c-410a-7ffb-86e6-a0294c669670,189dcc899a95781e61ee362c7a6b77fd190d201c44af9a5ba9779cf16c902750,Chapter 5,11,3,2,7493489838 | 7493517971 | 7493540006,per-section-variant,0,Match each equation with the correct answer by typeing the letter.      ||| Math each equation with the correct answer by typing the letter.     ,0.981,rewording_or_format
Athenian Academy of Technology and the Arts,019eb11c-410a-7ffb-86e6-a0294c669670,346b6be77aa1158b867b6ad3e08324fdf4990620750f99c5ea7c61074e837c58,Chapter 9,13,3,2,7893397279 | 7893398189 | 7893399557,per-section-variant,1,Eden has 27 lollipops. She sales 8 of them to her friends. Then her mom gives her 15 more lollipops. How many lollipops  ||| Eden has 27 lollipops. She sells 8 of them to her friends. Then her mom gives her 15 more lollipops. How many lollipops ,0.982,rewording_or_format
Central Florida Preparatory School,019eb11c-413b-7a66-a7d8-a18f14736ede,4d316254551ba9aba2ecf0fb22d486d467c7715696fcd6d84f1937d77a9f2ffe,Chapter 1 Test: Whole Number Place Value,10,4,2,7999771774 | 8016400881 | 8018784758 | 8018786737,recycled-title-same-section,25,"A large truck can carry as much as  90,000 pounds, but a small truck can carry only 110 of that weight. Which number has ||| A large truck can carry as much as  90,000 pounds, but a small truck can carry only  of that weight. Which number has a ",0.989,rewording_or_format
Crestwell School,019eb11c-413c-7ed9-872e-0fe5e9a947b6,c126304607332343cf86bc4783cf017bfeaf5666dd2c704cd8a38accd27841a9,Chapter 17 Test: Represent and Interpret Data,6,2,2,8336355224 | 8336355628,per-section-variant,0,Nadia made this line plot to show the different amounts of wheat flour she uses to make each loaf of bread. What is the ,0.989,rewording_or_format
Athenian Academy of Technology and the Arts,019eb11c-410a-7ffb-86e6-a0294c669670,8bd94ee8f804ae36ccb3e47fb33b276b9e808770cc6509a4fde43f43e477f263,Chapter 5,11,2,2,7893400635 | 7893413713,per-section-variant,0,Match each equation with the correct answer by typeing the letter.      ||| Math each equation with the correct answer by typeing the letter.     ,0.991,rewording_or_format
Athenian Academy of Technology and the Arts,019eb11c-410a-7ffb-86e6-a0294c669670,d5048bb81361ec2c2fba404824a765e59ed8e8a19f15f4717da9ebd3b9f1a657,Chapter 10,2,3,2,7893397293 | 7893398190 | 7893399558,per-section-variant,0,"In the number 337 how many hundres, tens and ones are there? _hundreds _tens _ones ||| In the number 337 how many hundres, tens and ones are there? _hundres _tens _ones",0.992,rewording_or_format
Central Florida Preparatory School,019eb11c-413b-7a66-a7d8-a18f14736ede,0ccb894b17978239d6b08db92b404006307c08aca4eec01587b36c0262da9d7e,Chapter 11 Test: Multiply Fractions and Whole Numbers,3,3,2,8349090053 | 8349090081 | 8349090108,per-section-variant,2," Andrea bought 12 bagels and 10 muffins at the bakery. Of these items, 23 of the bagels were multigrain, and 35 of the m |||  Andrea bought 12 bagels and 10 muffins at the bakery. Of these items,  of the bagels were multigrain, and   of the muff |||  Andrea bought 12 bagels and 10 muffins at the bakery. Of these items,  of the bagels were multigrain, and  of the muffi",0.993,rewording_or_format
Central Florida Preparatory School,019eb11c-413b-7a66-a7d8-a18f14736ede,0ccb894b17978239d6b08db92b404006307c08aca4eec01587b36c0262da9d7e,Chapter 11 Test: Multiply Fractions and Whole Numbers,5,3,2,8349090053 | 8349090081 | 8349090108,per-section-variant,2,This is an item with more than one part. Copy your answer to this part for use in the other parts. Tommy has 5 jars. Eac,0.994,rewording_or_format
Crestwell School,019eb11c-413c-7ed9-872e-0fe5e9a947b6,0046132646e2e83c62883fd0e87c71d964c27fff9dc8d60f7832505a14e8dfb4,Chapter 6 Test: Apply Multiplication to Perimeter and Area,9,2,2,8086935647 | 8086935837,per-section-variant,0,A wall is 12 feet long and 8 feet high. Fatima hangs a picture that is 2 feet long and 1 foot wide on the wall. What is ,0.994,rewording_or_format
Central Florida Preparatory School,019eb11c-413b-7a66-a7d8-a18f14736ede,4fd0ec3781512f403b1e35bb191fa4a2d3d3c5ccb41ff25cad0fb19218dc310a,Chapter 7 Test: Understand Division,1,2,2,8166133663 | 8166133681,per-section-variant,0,This is an item with more than one part.  Gina arranges her 21 puzzles in 7 eaqual stacks. Part A Which grid shows how G ||| This is an item with more than one part.  Gina arranges her 21 puzzles in 7 equal stacks. Part A Which grid shows how Gi,0.996,rewording_or_format
Crestwell School,019eb11c-413c-7ed9-872e-0fe5e9a947b6,de4a66f6ecf44d0b7ffc08bfbc0b1cb31c247d0aff8b40a62d4502232dc46dd2,Module Assessment: Art Everywhere,8,2,2,8142590942 | 8143118067,per-section-variant,0,"Read the selection and answer each question. Giles at 14 by Diane de Anda A tiger cat that once roamed free, He claimed ",0.998,rewording_or_format
Athenian Academy of Technology and the Arts,019eb11c-410a-7ffb-86e6-a0294c669670,006c12732b9dbedff1a44c47bc73131959cc4dfb48171361bd8f92c0af28188d,Look Around and Explore!: Weekly Assessment: Week 2,1,3,2,7892321199 | 7892328219 | 7892329524,per-section-variant,0,Read the selection and answer each question. Topsy-Turvy (1)Clouds float at my feet. A bird bites my toes. There is dirt ||| Read the selection and answer each question. Topsy-Turvy Clouds float at my feet. A bird bites my toes. There is dirt in,0.999,rewording_or_format
Athenian Academy of Technology and the Arts,019eb11c-410a-7ffb-86e6-a0294c669670,a7039879d7738260096347162ae78c575cb94070ade7218158517f1a64512500,Look Around and Explore!: Weekly Assessment: Week 2,1,3,2,7334677764 | 7334679235 | 7334680366,per-section-variant,0,Read the selection and answer each question. Topsy-Turvy Clouds float at my feet. 2 A bird bites my toes. There is dirt  ||| Read the selection and answer each question. Topsy-Turvy Clouds float at my feet. A bird bites my toes. There is dirt in,0.999,rewording_or_format
Athenian Academy of Technology and the Arts,019eb11c-410a-7ffb-86e6-a0294c669670,006c12732b9dbedff1a44c47bc73131959cc4dfb48171361bd8f92c0af28188d,Look Around and Explore!: Weekly Assessment: Week 2,2,3,2,7892321199 | 7892328219 | 7892329524,per-section-variant,0,Read the selection and answer each question. Topsy-Turvy (1)Clouds float at my feet. A bird bites my toes. There is dirt ||| Read the selection and answer each question. Topsy-Turvy Clouds float at my feet. A bird bites my toes. There is dirt in,0.999,rewording_or_format
Athenian Academy of Technology and the Arts,019eb11c-410a-7ffb-86e6-a0294c669670,006c12732b9dbedff1a44c47bc73131959cc4dfb48171361bd8f92c0af28188d,Look Around and Explore!: Weekly Assessment: Week 2,3,3,2,7892321199 | 7892328219 | 7892329524,per-section-variant,0,Read the selection and answer each question. Topsy-Turvy (1)Clouds float at my feet. A bird bites my toes. There is dirt ||| Read the selection and answer each question. Topsy-Turvy Clouds float at my feet. A bird bites my toes. There is dirt in,0.999,rewording_or_format
Athenian Academy of Technology and the Arts,019eb11c-410a-7ffb-86e6-a0294c669670,006c12732b9dbedff1a44c47bc73131959cc4dfb48171361bd8f92c0af28188d,Look Around and Explore!: Weekly Assessment: Week 2,4,3,2,7892321199 | 7892328219 | 7892329524,per-section-variant,0,Read the selection and answer each question. Topsy-Turvy (1)Clouds float at my feet. A bird bites my toes. There is dirt ||| Read the selection and answer each question. Topsy-Turvy Clouds float at my feet. A bird bites my toes. There is dirt in,0.999,rewording_or_format
Athenian Academy of Technology and the Arts,019eb11c-410a-7ffb-86e6-a0294c669670,006c12732b9dbedff1a44c47bc73131959cc4dfb48171361bd8f92c0af28188d,Look Around and Explore!: Weekly Assessment: Week 2,5,3,2,7892321199 | 7892328219 | 7892329524,per-section-variant,0,Read the selection and answer each question. Topsy-Turvy (1)Clouds float at my feet. A bird bites my toes. There is dirt ||| Read the selection and answer each question. Topsy-Turvy Clouds float at my feet. A bird bites my toes. There is dirt in,0.999,rewording_or_format
Athenian Academy of Technology and the Arts,019eb11c-410a-7ffb-86e6-a0294c669670,497e9302ecd592a386d3397fee4f6596063c4fd191e5f9902bc70fa392e6be1e,M6W1 vocab quiz,1,2,2,8258565097 | 8264968178,per-section-variant,0,1_ making the cover of something attractive 2_  something that people have strong feelings about 3_ having doubts about ,0.999,rewording_or_format
Athenian Academy of Technology and the Arts,019eb11c-410a-7ffb-86e6-a0294c669670,421510c5c1c9e3c14bd19d29b87b764a7198f215a62aaf7ba59b197902500700,M6W1 vocab quiz,1,2,2,7730571088 | 7730573420,per-section-variant,0,1_ making the cover of something attractive 2_  something that people have strong feelings about 3_ having doubts about ,0.999,rewording_or_format
Athenian Academy of Technology and the Arts,019eb11c-410a-7ffb-86e6-a0294c669670,00177777a0e7d64081d079df3f05aa2549c52671b6a32d13b2355dd37d7f04b9,7.2 Grammar Review,4,2,2,7800632097 | 7802005513,per-section-variant,0,Choose the pronoun that can take the place of the underlined word or words. Grandpa built a birdhouse. ||| Type WE or THEY to take the place of each underlined subject. Dad and I walk to the store. _,1.0,rewording_or_format
Athenian Academy of Technology and the Arts,019eb11c-410a-7ffb-86e6-a0294c669670,00177777a0e7d64081d079df3f05aa2549c52671b6a32d13b2355dd37d7f04b9,7.2 Grammar Review,5,2,2,7800632097 | 7802005513,per-section-variant,0,Choose the pronoun that can take the place of the underlined word or words. The birdhouse is made of wood. ||| Type WE or THEY to take the place of each underlined subject. Pedro and Kristen want some bananas. _,1.0,rewording_or_format
Athenian Academy of Technology and the Arts,019eb11c-410a-7ffb-86e6-a0294c669670,5e424d51e9ebc65ee844bb15efe691b27e1877bcd27ae65bd87209886acb6395,Chapter 10,2,3,2,7493941329 | 7687708068 | 7687719992,per-section-variant,0,Brady is placing square tiles on the floor of the kitchen. Each unit square is 1 square foot. Which equations can Brady  ||| Greg drew a shape on dot paper. What is the area of the shape? Enter the correct answer in the box. _ square units,1.0,rewording_or_format
Athenian Academy of Technology and the Arts,019eb11c-410a-7ffb-86e6-a0294c669670,5e424d51e9ebc65ee844bb15efe691b27e1877bcd27ae65bd87209886acb6395,Chapter 10,4,3,2,7493941329 | 7687708068 | 7687719992,per-section-variant,0,Each unit square of this figure is 1 square foot. What is the area of the figure? Enter the correct answer in the box. _,1.0,rewording_or_format
Athenian Academy of Technology and the Arts,019eb11c-410a-7ffb-86e6-a0294c669670,5e424d51e9ebc65ee844bb15efe691b27e1877bcd27ae65bd87209886acb6395,Chapter 10,5,3,2,7493941329 | 7687708068 | 7687719992,per-section-variant,0,Lucinda drew a rectangle with a length of 5 inches and a width of 3 inches. How can she make the area of the rectangle b ||| Simon draws a sketch of the floor of his tree house on grid paper. Each unit square is 1 square foot.  What is the area ,1.0,rewording_or_format
Athenian Academy of Technology and the Arts,019eb11c-410a-7ffb-86e6-a0294c669670,5e424d51e9ebc65ee844bb15efe691b27e1877bcd27ae65bd87209886acb6395,Chapter 10,7,3,2,7493941329 | 7687708068 | 7687719992,per-section-variant,0,"Ms. Rodriguez, Mr. Wilson, and Ms. Schuster have rectangular bulletin boards in their classrooms. Each teacher?s bulleti",1.0,rewording_or_format
Athenian Academy of Technology and the Arts,019eb11c-410a-7ffb-86e6-a0294c669670,5e424d51e9ebc65ee844bb15efe691b27e1877bcd27ae65bd87209886acb6395,Chapter 10,8,3,2,7493941329 | 7687708068 | 7687719992,per-section-variant,0,The diagram shows the toddler play area at the water park. What is the area of the toddler play area?   ||| This large rectangle was made by putting two small rectangles together. Part A. What is the area of each small rectangle,1.0,rewording_or_format
Athenian Academy of Technology and the Arts,019eb11c-410a-7ffb-86e6-a0294c669670,4e85547b4f41502a8c08ae30d3cb38d95259c6c742ac2a819a337cf5554c199d,Grade 3 FAST Practice- ELA,13,2,2,8344562580 | 8346388108,per-section-variant,0,How does Ras feel about the trip to the mountains? ||| How does the author develop the theme that something special can happen when you are not expecting it?,1.0,rewording_or_format
Athenian Academy of Technology and the Arts,019eb11c-410a-7ffb-86e6-a0294c669670,4e85547b4f41502a8c08ae30d3cb38d95259c6c742ac2a819a337cf5554c199d,Grade 3 FAST Practice- ELA,26,2,2,8344562580 | 8346388108,per-section-variant,0,Match each statement with the character whose viewpoint it describes in Passage 2 .,1.0,rewording_or_format
Central Florida Preparatory School,019eb11c-413b-7a66-a7d8-a18f14736ede,9b4457365f1dac9478249b6a8c1663b42f80e6ebe96d8ca35e00a433fc3b0f59,Chapter 1 Test: Understand Multiplication and Division of Whole Numbers,2,2,2,8018791226 | 8018791881,per-section-variant,1,"What is  6,736 ×32?  Enter the correct answer in the box. _",1.0,rewording_or_format
Central Florida Preparatory School,019eb11c-413b-7a66-a7d8-a18f14736ede,9b4457365f1dac9478249b6a8c1663b42f80e6ebe96d8ca35e00a433fc3b0f59,Chapter 1 Test: Understand Multiplication and Division of Whole Numbers,3,2,2,8018791226 | 8018791881,per-section-variant,1,"Denny divides 986 by 26 using partial quotients. What is the sum of the partial quotients used to solve Denny's problem? ||| The distance between Kinsey?s house and her school is 1,325 feet. Kinsey walks to school each morning and gets a ride ho",1.0,rewording_or_format
