finding,school,key1,key2,detail1,detail2,detail3
F1_ytd_subject_label_gap,Central Florida Preparatory School,HS Alegra II,Higher-Ed,dqd_rows_with_slicer_label=0,901,""
F1_ytd_subject_label_gap,Central Florida Preparatory School,HS Algebra I,Regular 9–12,dqd_rows_with_slicer_label=0,3718,""
F1_ytd_subject_label_gap,Central Florida Preparatory School,HS Algebra I,Higher-Ed,dqd_rows_with_slicer_label=0,3718,""
F1_ytd_subject_label_gap,Central Florida Preparatory School,HS Economics,Higher-Ed,dqd_rows_with_slicer_label=0,2296,""
F1_ytd_subject_label_gap,Central Florida Preparatory School,HS English I,Regular 9–12,dqd_rows_with_slicer_label=0,2402,""
F1_ytd_subject_label_gap,Central Florida Preparatory School,HS English II,Regular 9–12,dqd_rows_with_slicer_label=0,775,""
F1_ytd_subject_label_gap,Central Florida Preparatory School,HS English III,Regular 9–12,dqd_rows_with_slicer_label=0,565,""
F1_ytd_subject_label_gap,Central Florida Preparatory School,HS English IV,Regular 9–12,dqd_rows_with_slicer_label=0,402,""
F1_ytd_subject_label_gap,Central Florida Preparatory School,HS Geometry,Regular 9–12,dqd_rows_with_slicer_label=0,2013,""
F1_ytd_subject_label_gap,Central Florida Preparatory School,HS Honors Algebra II,Higher-Ed,dqd_rows_with_slicer_label=0,161,""
F1_ytd_subject_label_gap,Central Florida Preparatory School,HS Honors English II,Higher-Ed,dqd_rows_with_slicer_label=0,588,""
F1_ytd_subject_label_gap,Central Florida Preparatory School,HS Honors English III,Higher-Ed,dqd_rows_with_slicer_label=0,309,""
F1_ytd_subject_label_gap,Central Florida Preparatory School,HS Honors English IV,Higher-Ed,dqd_rows_with_slicer_label=0,630,""
F1_ytd_subject_label_gap,Central Florida Preparatory School,HS Physics,Higher-Ed,dqd_rows_with_slicer_label=0,3772,""
F1_ytd_subject_label_gap,Central Florida Preparatory School,HS World History,Higher-Ed,dqd_rows_with_slicer_label=0,2290,""
F2_std_summary_zero_poison,Athenian Academy of Technology and the Arts,AI.MA.912.AR.1.1,"",n_ukeys=30,n_missing_cqso=12,avg_shipped=0.5385 avg_correct=0.8974
F2_std_summary_zero_poison,Athenian Academy of Technology and the Arts,AI.MA.912.AR.1.3,"",n_ukeys=25,n_missing_cqso=9,avg_shipped=0.4699 avg_correct=0.7342
F2_std_summary_zero_poison,Athenian Academy of Technology and the Arts,AI.MA.912.AR.2.4,"",n_ukeys=27,n_missing_cqso=2,avg_shipped=0.7115 avg_correct=0.7684
F2_std_summary_zero_poison,Athenian Academy of Technology and the Arts,AI.MA.912.AR.2.6,"",n_ukeys=32,n_missing_cqso=2,avg_shipped=0.7023 avg_correct=0.7491
F2_std_summary_zero_poison,Athenian Academy of Technology and the Arts,AI.MA.912.AR.3.1,"",n_ukeys=42,n_missing_cqso=14,avg_shipped=0.4416 avg_correct=0.6624
F2_std_summary_zero_poison,Athenian Academy of Technology and the Arts,AI.MA.912.AR.4.1,"",n_ukeys=6,n_missing_cqso=2,avg_shipped=0.3946 avg_correct=0.5919
F2_std_summary_zero_poison,Athenian Academy of Technology and the Arts,AI.MA.912.AR.5.4,"",n_ukeys=6,n_missing_cqso=1,avg_shipped=0.5042 avg_correct=0.6051
F2_std_summary_zero_poison,Athenian Academy of Technology and the Arts,AI.MA.912.AR.9.1,"",n_ukeys=28,n_missing_cqso=2,avg_shipped=0.7425 avg_correct=0.7997
F2_std_summary_zero_poison,Athenian Academy of Technology and the Arts,AI.MA.912.DP.2.4,"",n_ukeys=15,n_missing_cqso=7,avg_shipped=0.3787 avg_correct=0.7101
F2_std_summary_zero_poison,Athenian Academy of Technology and the Arts,AI.MA.912.F.1.2,"",n_ukeys=20,n_missing_cqso=5,avg_shipped=0.5844 avg_correct=0.7792
F2_std_summary_zero_poison,Athenian Academy of Technology and the Arts,AI.MA.912.FL.3.2,"",n_ukeys=8,n_missing_cqso=3,avg_shipped=0.3644 avg_correct=0.5831
F2_std_summary_zero_poison,Athenian Academy of Technology and the Arts,AI.MA.912.NSO.1.2,"",n_ukeys=2,n_missing_cqso=1,avg_shipped=0.4125 avg_correct=0.8250
F2_std_summary_zero_poison,Athenian Academy of Technology and the Arts,ELA.2.C.3.1,"",n_ukeys=227,n_missing_cqso=1,avg_shipped=0.7040 avg_correct=0.7071
F2_std_summary_zero_poison,Athenian Academy of Technology and the Arts,ELA.2.R.2.1,"",n_ukeys=81,n_missing_cqso=7,avg_shipped=0.6489 avg_correct=0.7103
F2_std_summary_zero_poison,Athenian Academy of Technology and the Arts,ELA.2.R.2.2,"",n_ukeys=52,n_missing_cqso=2,avg_shipped=0.6569 avg_correct=0.6831
F2_std_summary_zero_poison,Athenian Academy of Technology and the Arts,ELA.2.R.2.3,"",n_ukeys=40,n_missing_cqso=1,avg_shipped=0.6618 avg_correct=0.6788
F2_std_summary_zero_poison,Athenian Academy of Technology and the Arts,ELA.2.R.2.4,"",n_ukeys=43,n_missing_cqso=1,avg_shipped=0.6601 avg_correct=0.6758
F2_std_summary_zero_poison,Athenian Academy of Technology and the Arts,ELA.2.R.3.2.a,"",n_ukeys=11,n_missing_cqso=1,avg_shipped=0.6249 avg_correct=0.6874
F2_std_summary_zero_poison,Athenian Academy of Technology and the Arts,ELA.2.V.1.2,"",n_ukeys=65,n_missing_cqso=1,avg_shipped=0.7855 avg_correct=0.7977
F2_std_summary_zero_poison,Athenian Academy of Technology and the Arts,ELA.2.V.1.3,"",n_ukeys=128,n_missing_cqso=2,avg_shipped=0.7670 avg_correct=0.7792
F2_std_summary_zero_poison,Athenian Academy of Technology and the Arts,ELA.3.C.3.1,"",n_ukeys=211,n_missing_cqso=4,avg_shipped=0.7863 avg_correct=0.8015
F2_std_summary_zero_poison,Athenian Academy of Technology and the Arts,ELA.3.R.1.1,"",n_ukeys=130,n_missing_cqso=4,avg_shipped=0.8075 avg_correct=0.8332
F2_std_summary_zero_poison,Athenian Academy of Technology and the Arts,ELA.3.R.1.3,"",n_ukeys=48,n_missing_cqso=7,avg_shipped=0.6741 avg_correct=0.7892
F2_std_summary_zero_poison,Athenian Academy of Technology and the Arts,ELA.3.R.1.4,"",n_ukeys=8,n_missing_cqso=1,avg_shipped=0.5407 avg_correct=0.6179
F2_std_summary_zero_poison,Athenian Academy of Technology and the Arts,ELA.3.R.2.1,"",n_ukeys=83,n_missing_cqso=2,avg_shipped=0.6915 avg_correct=0.7086
F2_std_summary_zero_poison,Athenian Academy of Technology and the Arts,ELA.3.R.2.3,"",n_ukeys=38,n_missing_cqso=1,avg_shipped=0.7474 avg_correct=0.7676
F2_std_summary_zero_poison,Athenian Academy of Technology and the Arts,ELA.3.R.3.1,"",n_ukeys=22,n_missing_cqso=1,avg_shipped=0.7796 avg_correct=0.8575
F2_std_summary_zero_poison,Athenian Academy of Technology and the Arts,ELA.3.R.3.3,"",n_ukeys=7,n_missing_cqso=4,avg_shipped=0.2078 avg_correct=0.4848
F2_std_summary_zero_poison,Athenian Academy of Technology and the Arts,ELA.3.V.1.2,"",n_ukeys=75,n_missing_cqso=3,avg_shipped=0.8152 avg_correct=0.8491
F2_std_summary_zero_poison,Athenian Academy of Technology and the Arts,ELA.3.V.1.3,"",n_ukeys=112,n_missing_cqso=3,avg_shipped=0.8077 avg_correct=0.8299
F2_std_summary_zero_poison,Athenian Academy of Technology and the Arts,ELA.4.C.3.1,"",n_ukeys=198,n_missing_cqso=3,avg_shipped=0.7536 avg_correct=0.7652
F2_std_summary_zero_poison,Athenian Academy of Technology and the Arts,ELA.4.R.1.1,"",n_ukeys=150,n_missing_cqso=8,avg_shipped=0.7634 avg_correct=0.8064
F2_std_summary_zero_poison,Athenian Academy of Technology and the Arts,ELA.4.R.1.2,"",n_ukeys=46,n_missing_cqso=1,avg_shipped=0.8094 avg_correct=0.8274
F2_std_summary_zero_poison,Athenian Academy of Technology and the Arts,ELA.4.R.1.3,"",n_ukeys=18,n_missing_cqso=2,avg_shipped=0.7526 avg_correct=0.8467
F2_std_summary_zero_poison,Athenian Academy of Technology and the Arts,ELA.4.R.2.1,"",n_ukeys=89,n_missing_cqso=4,avg_shipped=0.7284 avg_correct=0.7627
F2_std_summary_zero_poison,Athenian Academy of Technology and the Arts,ELA.4.R.2.3,"",n_ukeys=16,n_missing_cqso=1,avg_shipped=0.7282 avg_correct=0.7767
F2_std_summary_zero_poison,Athenian Academy of Technology and the Arts,ELA.4.R.2.4,"",n_ukeys=28,n_missing_cqso=2,avg_shipped=0.6740 avg_correct=0.7259
F2_std_summary_zero_poison,Athenian Academy of Technology and the Arts,ELA.4.R.3.1,"",n_ukeys=75,n_missing_cqso=2,avg_shipped=0.7044 avg_correct=0.7237
F2_std_summary_zero_poison,Athenian Academy of Technology and the Arts,ELA.4.V.1.2,"",n_ukeys=66,n_missing_cqso=1,avg_shipped=0.7475 avg_correct=0.7590
F2_std_summary_zero_poison,Athenian Academy of Technology and the Arts,ELA.4.V.1.3,"",n_ukeys=108,n_missing_cqso=1,avg_shipped=0.7782 avg_correct=0.7855
F2_std_summary_zero_poison,Athenian Academy of Technology and the Arts,ELA.5.C.3.1,"",n_ukeys=195,n_missing_cqso=5,avg_shipped=0.8182 avg_correct=0.8397
F2_std_summary_zero_poison,Athenian Academy of Technology and the Arts,ELA.5.R.1.1,"",n_ukeys=75,n_missing_cqso=1,avg_shipped=0.7675 avg_correct=0.7779
F2_std_summary_zero_poison,Athenian Academy of Technology and the Arts,ELA.5.R.1.3,"",n_ukeys=35,n_missing_cqso=3,avg_shipped=0.7303 avg_correct=0.7987
F2_std_summary_zero_poison,Athenian Academy of Technology and the Arts,ELA.5.R.2.1,"",n_ukeys=91,n_missing_cqso=6,avg_shipped=0.6802 avg_correct=0.7282
F2_std_summary_zero_poison,Athenian Academy of Technology and the Arts,ELA.5.R.2.2,"",n_ukeys=149,n_missing_cqso=1,avg_shipped=0.7941 avg_correct=0.7995
F2_std_summary_zero_poison,Athenian Academy of Technology and the Arts,ELA.5.R.2.4,"",n_ukeys=31,n_missing_cqso=4,avg_shipped=0.7314 avg_correct=0.8397
F2_std_summary_zero_poison,Athenian Academy of Technology and the Arts,ELA.5.R.3.1,"",n_ukeys=32,n_missing_cqso=1,avg_shipped=0.7493 avg_correct=0.7735
F2_std_summary_zero_poison,Athenian Academy of Technology and the Arts,ELA.5.V.1.2,"",n_ukeys=60,n_missing_cqso=2,avg_shipped=0.7796 avg_correct=0.8065
F2_std_summary_zero_poison,Athenian Academy of Technology and the Arts,ELA.5.V.1.3,"",n_ukeys=119,n_missing_cqso=3,avg_shipped=0.8172 avg_correct=0.8383
F2_std_summary_zero_poison,Athenian Academy of Technology and the Arts,ELA.6.R.1,"",n_ukeys=46,n_missing_cqso=2,avg_shipped=0.7395 avg_correct=0.7731
F2_std_summary_zero_poison,Athenian Academy of Technology and the Arts,ELA.6.R.1.1,"",n_ukeys=123,n_missing_cqso=16,avg_shipped=0.6029 avg_correct=0.6931
F2_std_summary_zero_poison,Athenian Academy of Technology and the Arts,ELA.6.R.1.3,"",n_ukeys=63,n_missing_cqso=4,avg_shipped=0.7090 avg_correct=0.7570
F2_std_summary_zero_poison,Athenian Academy of Technology and the Arts,ELA.6.R.1.4,"",n_ukeys=41,n_missing_cqso=1,avg_shipped=0.7199 avg_correct=0.7379
F2_std_summary_zero_poison,Athenian Academy of Technology and the Arts,ELA.6.R.2.1,"",n_ukeys=126,n_missing_cqso=8,avg_shipped=0.6631 avg_correct=0.7081
F2_std_summary_zero_poison,Athenian Academy of Technology and the Arts,ELA.6.R.2.2,"",n_ukeys=87,n_missing_cqso=8,avg_shipped=0.6752 avg_correct=0.7436
F2_std_summary_zero_poison,Athenian Academy of Technology and the Arts,ELA.6.R.2.3,"",n_ukeys=67,n_missing_cqso=9,avg_shipped=0.6180 avg_correct=0.7139
F2_std_summary_zero_poison,Athenian Academy of Technology and the Arts,ELA.6.R.2.4,"",n_ukeys=45,n_missing_cqso=6,avg_shipped=0.5981 avg_correct=0.6901
F2_std_summary_zero_poison,Athenian Academy of Technology and the Arts,ELA.6.R.3.1,"",n_ukeys=39,n_missing_cqso=2,avg_shipped=0.7133 avg_correct=0.7518
F2_std_summary_zero_poison,Athenian Academy of Technology and the Arts,ELA.6.R.3.3,"",n_ukeys=34,n_missing_cqso=12,avg_shipped=0.3516 avg_correct=0.5434
F2_std_summary_zero_poison,Athenian Academy of Technology and the Arts,ELA.6.V.1.3,"",n_ukeys=44,n_missing_cqso=2,avg_shipped=0.6736 avg_correct=0.7056
F2_std_summary_zero_poison,Athenian Academy of Technology and the Arts,ELA.7.R.1,"",n_ukeys=150,n_missing_cqso=16,avg_shipped=0.6421 avg_correct=0.7188
F2_std_summary_zero_poison,Athenian Academy of Technology and the Arts,ELA.7.R.1.2,"",n_ukeys=60,n_missing_cqso=4,avg_shipped=0.6161 avg_correct=0.6601
F2_std_summary_zero_poison,Athenian Academy of Technology and the Arts,ELA.7.R.1.4,"",n_ukeys=98,n_missing_cqso=4,avg_shipped=0.6501 avg_correct=0.6778
F2_std_summary_zero_poison,Athenian Academy of Technology and the Arts,ELA.7.R.2,"",n_ukeys=62,n_missing_cqso=8,avg_shipped=0.6182 avg_correct=0.7098
F2_std_summary_zero_poison,Athenian Academy of Technology and the Arts,ELA.7.R.2.1,"",n_ukeys=99,n_missing_cqso=6,avg_shipped=0.6550 avg_correct=0.6972
F2_std_summary_zero_poison,Athenian Academy of Technology and the Arts,ELA.7.R.2.4,"",n_ukeys=46,n_missing_cqso=4,avg_shipped=0.6271 avg_correct=0.6869
F2_std_summary_zero_poison,Athenian Academy of Technology and the Arts,ELA.7.R.3.1,"",n_ukeys=60,n_missing_cqso=2,avg_shipped=0.6717 avg_correct=0.6949
F2_std_summary_zero_poison,Athenian Academy of Technology and the Arts,ELA.7.R.3.3,"",n_ukeys=31,n_missing_cqso=4,avg_shipped=0.6434 avg_correct=0.7387
F2_std_summary_zero_poison,Athenian Academy of Technology and the Arts,ELA.7.R.3.4,"",n_ukeys=32,n_missing_cqso=4,avg_shipped=0.6453 avg_correct=0.7375
F2_std_summary_zero_poison,Athenian Academy of Technology and the Arts,ELA.8.R.1.1,"",n_ukeys=153,n_missing_cqso=23,avg_shipped=0.6714 avg_correct=0.7902
F2_std_summary_zero_poison,Athenian Academy of Technology and the Arts,ELA.8.R.1.2,"",n_ukeys=44,n_missing_cqso=1,avg_shipped=0.7476 avg_correct=0.7649
F2_std_summary_zero_poison,Athenian Academy of Technology and the Arts,ELA.8.R.1.3,"",n_ukeys=52,n_missing_cqso=2,avg_shipped=0.7573 avg_correct=0.7876
F2_std_summary_zero_poison,Athenian Academy of Technology and the Arts,ELA.8.R.1.4,"",n_ukeys=117,n_missing_cqso=12,avg_shipped=0.6356 avg_correct=0.7082
F2_std_summary_zero_poison,Athenian Academy of Technology and the Arts,ELA.8.R.2,"",n_ukeys=62,n_missing_cqso=11,avg_shipped=0.6001 avg_correct=0.7295
F2_std_summary_zero_poison,Athenian Academy of Technology and the Arts,ELA.8.R.2.1,"",n_ukeys=116,n_missing_cqso=16,avg_shipped=0.6306 avg_correct=0.7315
F2_std_summary_zero_poison,Athenian Academy of Technology and the Arts,ELA.8.R.3.1,"",n_ukeys=43,n_missing_cqso=5,avg_shipped=0.6451 avg_correct=0.7300
F2_std_summary_zero_poison,Athenian Academy of Technology and the Arts,ELA.K12.EE.1.1,"",n_ukeys=409,n_missing_cqso=9,avg_shipped=0.6519 avg_correct=0.6666
F2_std_summary_zero_poison,Athenian Academy of Technology and the Arts,ELA.K12.EE.2.1,"",n_ukeys=50,n_missing_cqso=8,avg_shipped=0.7235 avg_correct=0.8613
F2_std_summary_zero_poison,Athenian Academy of Technology and the Arts,ELA.K12.EE.3.1,"",n_ukeys=384,n_missing_cqso=2,avg_shipped=0.7576 avg_correct=0.7615
F2_std_summary_zero_poison,Athenian Academy of Technology and the Arts,ELA.K.F.1.4,"",n_ukeys=483,n_missing_cqso=6,avg_shipped=0.8981 avg_correct=0.9094
F2_std_summary_zero_poison,Athenian Academy of Technology and the Arts,ELA.K.R.1.1,"",n_ukeys=102,n_missing_cqso=4,avg_shipped=0.7804 avg_correct=0.8123
F2_std_summary_zero_poison,Athenian Academy of Technology and the Arts,MA.1.AR.1.1,"",n_ukeys=88,n_missing_cqso=17,avg_shipped=0.6844 avg_correct=0.8483
F2_std_summary_zero_poison,Athenian Academy of Technology and the Arts,MA.1.AR.1.2,"",n_ukeys=73,n_missing_cqso=16,avg_shipped=0.6525 avg_correct=0.8357
F2_std_summary_zero_poison,Athenian Academy of Technology and the Arts,MA.1.AR.2.1,"",n_ukeys=30,n_missing_cqso=14,avg_shipped=0.4333 avg_correct=0.8125
F2_std_summary_zero_poison,Athenian Academy of Technology and the Arts,MA.1.AR.2.3,"",n_ukeys=56,n_missing_cqso=14,avg_shipped=0.6263 avg_correct=0.8351
F2_std_summary_zero_poison,Athenian Academy of Technology and the Arts,MA.1.DP.1,"",n_ukeys=64,n_missing_cqso=19,avg_shipped=0.6254 avg_correct=0.8894
F2_std_summary_zero_poison,Athenian Academy of Technology and the Arts,MA.1.DP.1.1,"",n_ukeys=18,n_missing_cqso=4,avg_shipped=0.6881 avg_correct=0.8847
F2_std_summary_zero_poison,Athenian Academy of Technology and the Arts,MA.1.GR.1,"",n_ukeys=15,n_missing_cqso=2,avg_shipped=0.8165 avg_correct=0.9421
F2_std_summary_zero_poison,Athenian Academy of Technology and the Arts,MA.1.GR.1.1,"",n_ukeys=51,n_missing_cqso=9,avg_shipped=0.7137 avg_correct=0.8666
F2_std_summary_zero_poison,Athenian Academy of Technology and the Arts,MA.1.GR.1.3,"",n_ukeys=62,n_missing_cqso=6,avg_shipped=0.7972 avg_correct=0.8826
F2_std_summary_zero_poison,Athenian Academy of Technology and the Arts,MA.1.M.1.1,"",n_ukeys=30,n_missing_cqso=1,avg_shipped=0.8453 avg_correct=0.8745
F2_std_summary_zero_poison,Athenian Academy of Technology and the Arts,MA.1.M.1.2,"",n_ukeys=18,n_missing_cqso=7,avg_shipped=0.5103 avg_correct=0.8351
F2_std_summary_zero_poison,Athenian Academy of Technology and the Arts,MA.1.M.2.3,"",n_ukeys=33,n_missing_cqso=6,avg_shipped=0.6991 avg_correct=0.8544
F2_std_summary_zero_poison,Athenian Academy of Technology and the Arts,MA.1.MAFS.1.NBT.1.1,"",n_ukeys=8,n_missing_cqso=2,avg_shipped=0.5932 avg_correct=0.7910
F2_std_summary_zero_poison,Athenian Academy of Technology and the Arts,MA.1.MAFS.1.NBT.2.3,"",n_ukeys=17,n_missing_cqso=1,avg_shipped=0.7002 avg_correct=0.7440
F2_std_summary_zero_poison,Athenian Academy of Technology and the Arts,MA.1.MAFS.1.OA.1.1,"",n_ukeys=24,n_missing_cqso=2,avg_shipped=0.8010 avg_correct=0.8739
F2_std_summary_zero_poison,Athenian Academy of Technology and the Arts,MA.1.MAFS.1.OA.2.3,"",n_ukeys=43,n_missing_cqso=14,avg_shipped=0.5891 avg_correct=0.8735
F2_std_summary_zero_poison,Athenian Academy of Technology and the Arts,MA.1.NSO.1.1,"",n_ukeys=72,n_missing_cqso=19,avg_shipped=0.5930 avg_correct=0.8056
F2_std_summary_zero_poison,Athenian Academy of Technology and the Arts,MA.1.NSO.1.2,"",n_ukeys=21,n_missing_cqso=2,avg_shipped=0.7889 avg_correct=0.8719
F2_std_summary_zero_poison,Athenian Academy of Technology and the Arts,MA.1.NSO.1.3,"",n_ukeys=22,n_missing_cqso=3,avg_shipped=0.6863 avg_correct=0.7947
F2_std_summary_zero_poison,Athenian Academy of Technology and the Arts,MA.1.NSO.1.4,"",n_ukeys=44,n_missing_cqso=4,avg_shipped=0.7044 avg_correct=0.7749
F2_std_summary_zero_poison,Athenian Academy of Technology and the Arts,MA.1.NSO.2,"",n_ukeys=19,n_missing_cqso=9,avg_shipped=0.4401 avg_correct=0.8362
F2_std_summary_zero_poison,Athenian Academy of Technology and the Arts,MA.1.NSO.2.1,"",n_ukeys=49,n_missing_cqso=18,avg_shipped=0.5302 avg_correct=0.8380
F2_std_summary_zero_poison,Athenian Academy of Technology and the Arts,MA.1.NSO.2.2,"",n_ukeys=247,n_missing_cqso=71,avg_shipped=0.6065 avg_correct=0.8511
F2_std_summary_zero_poison,Athenian Academy of Technology and the Arts,MA.1.NSO.2.3,"",n_ukeys=34,n_missing_cqso=9,avg_shipped=0.5096 avg_correct=0.6931
F2_std_summary_zero_poison,Athenian Academy of Technology and the Arts,MA.2.AR.1.1,"",n_ukeys=22,n_missing_cqso=5,avg_shipped=0.5907 avg_correct=0.7645
F2_std_summary_zero_poison,Athenian Academy of Technology and the Arts,MA.2.AR.2.1,"",n_ukeys=22,n_missing_cqso=4,avg_shipped=0.5952 avg_correct=0.7274
F2_std_summary_zero_poison,Athenian Academy of Technology and the Arts,MA.2.AR.2.2,"",n_ukeys=77,n_missing_cqso=12,avg_shipped=0.6193 avg_correct=0.7337
F2_std_summary_zero_poison,Athenian Academy of Technology and the Arts,MA.2.AR.3.2,"",n_ukeys=22,n_missing_cqso=2,avg_shipped=0.8160 avg_correct=0.8976
F2_std_summary_zero_poison,Athenian Academy of Technology and the Arts,MA.2.DP.1.1,"",n_ukeys=43,n_missing_cqso=6,avg_shipped=0.7555 avg_correct=0.8781
F2_std_summary_zero_poison,Athenian Academy of Technology and the Arts,MA.2.DP.1.2,"",n_ukeys=49,n_missing_cqso=6,avg_shipped=0.7756 avg_correct=0.8838
F2_std_summary_zero_poison,Athenian Academy of Technology and the Arts,MA.2.FR.1.1,"",n_ukeys=64,n_missing_cqso=25,avg_shipped=0.5460 avg_correct=0.8960
F2_std_summary_zero_poison,Athenian Academy of Technology and the Arts,MA.2.FR.1.2,"",n_ukeys=24,n_missing_cqso=16,avg_shipped=0.3015 avg_correct=0.9044
F2_std_summary_zero_poison,Athenian Academy of Technology and the Arts,MA.2.GR.1.1,"",n_ukeys=42,n_missing_cqso=16,avg_shipped=0.5857 avg_correct=0.9461
F2_std_summary_zero_poison,Athenian Academy of Technology and the Arts,MA.2.GR.1.2,"",n_ukeys=8,n_missing_cqso=4,avg_shipped=0.4572 avg_correct=0.9144
F2_std_summary_zero_poison,Athenian Academy of Technology and the Arts,MA.2.M.1.1,"",n_ukeys=83,n_missing_cqso=15,avg_shipped=0.7132 avg_correct=0.8705
F2_std_summary_zero_poison,Athenian Academy of Technology and the Arts,MA.2.M.1.3,"",n_ukeys=35,n_missing_cqso=6,avg_shipped=0.6165 avg_correct=0.7441
F2_std_summary_zero_poison,Athenian Academy of Technology and the Arts,MA.2.M.2.1,"",n_ukeys=53,n_missing_cqso=15,avg_shipped=0.5909 avg_correct=0.8242
F2_std_summary_zero_poison,Athenian Academy of Technology and the Arts,MA.2.M.2.2,"",n_ukeys=69,n_missing_cqso=16,avg_shipped=0.6197 avg_correct=0.8068
F2_std_summary_zero_poison,Athenian Academy of Technology and the Arts,MA.2.MAFS.2.MD.3.8.b,"",n_ukeys=10,n_missing_cqso=1,avg_shipped=0.7496 avg_correct=0.8329
F2_std_summary_zero_poison,Athenian Academy of Technology and the Arts,MA.2.MAFS.2.NBT.1.3,"",n_ukeys=22,n_missing_cqso=7,avg_shipped=0.5819 avg_correct=0.8535
F2_std_summary_zero_poison,Athenian Academy of Technology and the Arts,MA.2.MAFS.2.NBT.1.4,"",n_ukeys=8,n_missing_cqso=3,avg_shipped=0.4913 avg_correct=0.7862
F2_std_summary_zero_poison,Athenian Academy of Technology and the Arts,MA.2.MAFS.2.NBT.2.5,"",n_ukeys=41,n_missing_cqso=7,avg_shipped=0.6687 avg_correct=0.8064
F2_std_summary_zero_poison,Athenian Academy of Technology and the Arts,MA.2.MAFS.2.NBT.2.8,"",n_ukeys=5,n_missing_cqso=3,avg_shipped=0.2074 avg_correct=0.5185
F2_std_summary_zero_poison,Athenian Academy of Technology and the Arts,MA.2.MAFS.2.OA.1.1,"",n_ukeys=9,n_missing_cqso=2,avg_shipped=0.6340 avg_correct=0.8152
F2_std_summary_zero_poison,Athenian Academy of Technology and the Arts,MA.2.MAFS.2.OA.2.2,"",n_ukeys=18,n_missing_cqso=2,avg_shipped=0.6995 avg_correct=0.7869
F2_std_summary_zero_poison,Athenian Academy of Technology and the Arts,MA.2.MAFS.2.OA.3.4,"",n_ukeys=13,n_missing_cqso=1,avg_shipped=0.7553 avg_correct=0.8183
F2_std_summary_zero_poison,Athenian Academy of Technology and the Arts,MA.2.NSO.1.1,"",n_ukeys=51,n_missing_cqso=12,avg_shipped=0.6628 avg_correct=0.8667
F2_std_summary_zero_poison,Athenian Academy of Technology and the Arts,MA.2.NSO.1.2,"",n_ukeys=41,n_missing_cqso=15,avg_shipped=0.4910 avg_correct=0.7742
F2_std_summary_zero_poison,Athenian Academy of Technology and the Arts,MA.2.NSO.1.3,"",n_ukeys=22,n_missing_cqso=7,avg_shipped=0.5563 avg_correct=0.8159
F2_std_summary_zero_poison,Athenian Academy of Technology and the Arts,MA.2.NSO.2,"",n_ukeys=209,n_missing_cqso=43,avg_shipped=0.6285 avg_correct=0.7913
F2_std_summary_zero_poison,Athenian Academy of Technology and the Arts,MA.2.NSO.2.1,"",n_ukeys=36,n_missing_cqso=6,avg_shipped=0.6812 avg_correct=0.8174
F2_std_summary_zero_poison,Athenian Academy of Technology and the Arts,MA.2.NSO.2.4,"",n_ukeys=90,n_missing_cqso=28,avg_shipped=0.5519 avg_correct=0.8012
F2_std_summary_zero_poison,Athenian Academy of Technology and the Arts,MA.3.AR.1.1,"",n_ukeys=23,n_missing_cqso=3,avg_shipped=0.6730 avg_correct=0.7740
F2_std_summary_zero_poison,Athenian Academy of Technology and the Arts,MA.3.AR.1.2,"",n_ukeys=118,n_missing_cqso=18,avg_shipped=0.7093 avg_correct=0.8369
F2_std_summary_zero_poison,Athenian Academy of Technology and the Arts,MA.3.AR.2.1,"",n_ukeys=8,n_missing_cqso=2,avg_shipped=0.6811 avg_correct=0.9081
F2_std_summary_zero_poison,Athenian Academy of Technology and the Arts,MA.3.AR.2.3,"",n_ukeys=14,n_missing_cqso=2,avg_shipped=0.7846 avg_correct=0.9153
F2_std_summary_zero_poison,Athenian Academy of Technology and the Arts,MA.3.AR.3,"",n_ukeys=25,n_missing_cqso=4,avg_shipped=0.7319 avg_correct=0.8713
F2_std_summary_zero_poison,Athenian Academy of Technology and the Arts,MA.3.AR.3.3,"",n_ukeys=15,n_missing_cqso=4,avg_shipped=0.6118 avg_correct=0.8343
F2_std_summary_zero_poison,Athenian Academy of Technology and the Arts,MA.3.DP.1.1,"",n_ukeys=45,n_missing_cqso=2,avg_shipped=0.8051 avg_correct=0.8425
F2_std_summary_zero_poison,Athenian Academy of Technology and the Arts,MA.3.DP.1.2,"",n_ukeys=20,n_missing_cqso=2,avg_shipped=0.7404 avg_correct=0.8226
F2_std_summary_zero_poison,Athenian Academy of Technology and the Arts,MA.3.FR.1.2,"",n_ukeys=19,n_missing_cqso=1,avg_shipped=0.7347 avg_correct=0.7756
F2_std_summary_zero_poison,Athenian Academy of Technology and the Arts,MA.3.FR.1.3,"",n_ukeys=21,n_missing_cqso=2,avg_shipped=0.7817 avg_correct=0.8640
F2_std_summary_zero_poison,Athenian Academy of Technology and the Arts,MA.3.GR.1,"",n_ukeys=37,n_missing_cqso=9,avg_shipped=0.6382 avg_correct=0.8433
F2_std_summary_zero_poison,Athenian Academy of Technology and the Arts,MA.3.GR.1.2,"",n_ukeys=51,n_missing_cqso=11,avg_shipped=0.6203 avg_correct=0.7909
F2_std_summary_zero_poison,Athenian Academy of Technology and the Arts,MA.3.GR.2.1,"",n_ukeys=19,n_missing_cqso=3,avg_shipped=0.6877 avg_correct=0.8166
F2_std_summary_zero_poison,Athenian Academy of Technology and the Arts,MA.3.GR.2.2,"",n_ukeys=21,n_missing_cqso=3,avg_shipped=0.6434 avg_correct=0.7506
F2_std_summary_zero_poison,Athenian Academy of Technology and the Arts,MA.3.GR.2.3,"",n_ukeys=67,n_missing_cqso=8,avg_shipped=0.7055 avg_correct=0.8012
F2_std_summary_zero_poison,Athenian Academy of Technology and the Arts,MA.3.GR.2.4,"",n_ukeys=20,n_missing_cqso=7,avg_shipped=0.5410 avg_correct=0.8322
F2_std_summary_zero_poison,Athenian Academy of Technology and the Arts,MA.3.M.1.1,"",n_ukeys=21,n_missing_cqso=2,avg_shipped=0.6712 avg_correct=0.7419
F2_std_summary_zero_poison,Athenian Academy of Technology and the Arts,MA.3.M.2.1,"",n_ukeys=28,n_missing_cqso=8,avg_shipped=0.4613 avg_correct=0.6459
F2_std_summary_zero_poison,Athenian Academy of Technology and the Arts,MA.3.M.2.2,"",n_ukeys=35,n_missing_cqso=10,avg_shipped=0.5157 avg_correct=0.7220
F2_std_summary_zero_poison,Athenian Academy of Technology and the Arts,MA.3.MAFS.3.NBT.1.2,"",n_ukeys=30,n_missing_cqso=3,avg_shipped=0.7434 avg_correct=0.8260
F2_std_summary_zero_poison,Athenian Academy of Technology and the Arts,MA.3.MAFS.3.NBT.1.3,"",n_ukeys=27,n_missing_cqso=8,avg_shipped=0.6055 avg_correct=0.8605
F2_std_summary_zero_poison,Athenian Academy of Technology and the Arts,MA.3.MAFS.3.OA.1.1,"",n_ukeys=12,n_missing_cqso=3,avg_shipped=0.6736 avg_correct=0.8982
F2_std_summary_zero_poison,Athenian Academy of Technology and the Arts,MA.3.MAFS.3.OA.2.5,"",n_ukeys=5,n_missing_cqso=2,avg_shipped=0.5017 avg_correct=0.8362
F2_std_summary_zero_poison,Athenian Academy of Technology and the Arts,MA.3.MAFS.3.OA.3.7,"",n_ukeys=26,n_missing_cqso=9,avg_shipped=0.5635 avg_correct=0.8618
F2_std_summary_zero_poison,Athenian Academy of Technology and the Arts,MA.3.NSO.1.1,"",n_ukeys=40,n_missing_cqso=20,avg_shipped=0.4400 avg_correct=0.8800
F2_std_summary_zero_poison,Athenian Academy of Technology and the Arts,MA.3.NSO.1.2,"",n_ukeys=27,n_missing_cqso=2,avg_shipped=0.5744 avg_correct=0.6204
F2_std_summary_zero_poison,Athenian Academy of Technology and the Arts,MA.3.NSO.1.4,"",n_ukeys=27,n_missing_cqso=2,avg_shipped=0.6976 avg_correct=0.7534
F2_std_summary_zero_poison,Athenian Academy of Technology and the Arts,MA.3.NSO.2.1,"",n_ukeys=72,n_missing_cqso=7,avg_shipped=0.6815 avg_correct=0.7549
F2_std_summary_zero_poison,Athenian Academy of Technology and the Arts,MA.3.NSO.2.2,"",n_ukeys=171,n_missing_cqso=36,avg_shipped=0.7104 avg_correct=0.8998
F2_std_summary_zero_poison,Athenian Academy of Technology and the Arts,MA.3.NSO.2.3,"",n_ukeys=61,n_missing_cqso=16,avg_shipped=0.6402 avg_correct=0.8678
F2_std_summary_zero_poison,Athenian Academy of Technology and the Arts,MA.3.NSO.2.4,"",n_ukeys=89,n_missing_cqso=18,avg_shipped=0.7215 avg_correct=0.9045
F2_std_summary_zero_poison,Athenian Academy of Technology and the Arts,MA.4.AR.1.2,"",n_ukeys=25,n_missing_cqso=8,avg_shipped=0.4937 avg_correct=0.7261
F2_std_summary_zero_poison,Athenian Academy of Technology and the Arts,MA.4.AR.3.1,"",n_ukeys=54,n_missing_cqso=24,avg_shipped=0.4163 avg_correct=0.7494
F2_std_summary_zero_poison,Athenian Academy of Technology and the Arts,MA.4.DP.1.1,"",n_ukeys=26,n_missing_cqso=6,avg_shipped=0.6066 avg_correct=0.7886
F2_std_summary_zero_poison,Athenian Academy of Technology and the Arts,MA.4.FR.1.4,"",n_ukeys=52,n_missing_cqso=11,avg_shipped=0.6299 avg_correct=0.7988
F2_std_summary_zero_poison,Athenian Academy of Technology and the Arts,MA.4.FR.2.2,"",n_ukeys=24,n_missing_cqso=7,avg_shipped=0.5755 avg_correct=0.8125
F2_std_summary_zero_poison,Athenian Academy of Technology and the Arts,MA.4.FR.2.4,"",n_ukeys=38,n_missing_cqso=4,avg_shipped=0.7947 avg_correct=0.8882
F2_std_summary_zero_poison,Athenian Academy of Technology and the Arts,MA.4.GR.1,"",n_ukeys=32,n_missing_cqso=2,avg_shipped=0.8024 avg_correct=0.8559
F2_std_summary_zero_poison,Athenian Academy of Technology and the Arts,MA.4.GR.2.1,"",n_ukeys=55,n_missing_cqso=8,avg_shipped=0.6284 avg_correct=0.7353
F2_std_summary_zero_poison,Athenian Academy of Technology and the Arts,MA.4.GR.2.2,"",n_ukeys=6,n_missing_cqso=2,avg_shipped=0.4935 avg_correct=0.7402
F2_std_summary_zero_poison,Athenian Academy of Technology and the Arts,MA.4.M.1.1,"",n_ukeys=19,n_missing_cqso=4,avg_shipped=0.6649 avg_correct=0.8422
F2_std_summary_zero_poison,Athenian Academy of Technology and the Arts,MA.4.M.1.2,"",n_ukeys=48,n_missing_cqso=17,avg_shipped=0.5115 avg_correct=0.7920
F2_std_summary_zero_poison,Athenian Academy of Technology and the Arts,MA.4.M.2.1,"",n_ukeys=45,n_missing_cqso=14,avg_shipped=0.5585 avg_correct=0.8108
F2_std_summary_zero_poison,Athenian Academy of Technology and the Arts,MA.4.MAFS.4.NBT.2.5,"",n_ukeys=37,n_missing_cqso=4,avg_shipped=0.6982 avg_correct=0.7829
F2_std_summary_zero_poison,Athenian Academy of Technology and the Arts,MA.4.MAFS.4.NBT.2.6,"",n_ukeys=42,n_missing_cqso=8,avg_shipped=0.6383 avg_correct=0.7885
F2_std_summary_zero_poison,Athenian Academy of Technology and the Arts,MA.4.MAFS.4.NF.2.3.b,"",n_ukeys=23,n_missing_cqso=13,avg_shipped=0.3141 avg_correct=0.7225
F2_std_summary_zero_poison,Athenian Academy of Technology and the Arts,MA.4.NSO.1.3,"",n_ukeys=7,n_missing_cqso=3,avg_shipped=0.4223 avg_correct=0.7390
F2_std_summary_zero_poison,Athenian Academy of Technology and the Arts,MA.4.NSO.2,"",n_ukeys=83,n_missing_cqso=22,avg_shipped=0.5981 avg_correct=0.8138
F2_std_summary_zero_poison,Athenian Academy of Technology and the Arts,MA.4.NSO.2.1,"",n_ukeys=26,n_missing_cqso=6,avg_shipped=0.6357 avg_correct=0.8264
F2_std_summary_zero_poison,Athenian Academy of Technology and the Arts,MA.4.NSO.2.2,"",n_ukeys=73,n_missing_cqso=14,avg_shipped=0.6721 avg_correct=0.8316
F2_std_summary_zero_poison,Athenian Academy of Technology and the Arts,MA.5.AR.1.1,"",n_ukeys=5,n_missing_cqso=1,avg_shipped=0.3674 avg_correct=0.4592
F2_std_summary_zero_poison,Athenian Academy of Technology and the Arts,MA.5.AR.1.2,"",n_ukeys=56,n_missing_cqso=4,avg_shipped=0.7967 avg_correct=0.8580
F2_std_summary_zero_poison,Athenian Academy of Technology and the Arts,MA.5.AR.2.1,"",n_ukeys=29,n_missing_cqso=10,avg_shipped=0.5461 avg_correct=0.8334
F2_std_summary_zero_poison,Athenian Academy of Technology and the Arts,MA.5.AR.2.2,"",n_ukeys=32,n_missing_cqso=12,avg_shipped=0.5420 avg_correct=0.8672
F2_std_summary_zero_poison,Athenian Academy of Technology and the Arts,MA.5.AR.2.3,"",n_ukeys=15,n_missing_cqso=5,avg_shipped=0.5485 avg_correct=0.8228
F2_std_summary_zero_poison,Athenian Academy of Technology and the Arts,MA.5.AR.3.2,"",n_ukeys=22,n_missing_cqso=4,avg_shipped=0.7721 avg_correct=0.9437
F2_std_summary_zero_poison,Athenian Academy of Technology and the Arts,MA.5.DP.1.1,"",n_ukeys=42,n_missing_cqso=14,avg_shipped=0.5748 avg_correct=0.8622
F2_std_summary_zero_poison,Athenian Academy of Technology and the Arts,MA.5.DP.1.2,"",n_ukeys=83,n_missing_cqso=29,avg_shipped=0.5311 avg_correct=0.8164
F2_std_summary_zero_poison,Athenian Academy of Technology and the Arts,MA.5.FR.2.2,"",n_ukeys=32,n_missing_cqso=1,avg_shipped=0.7721 avg_correct=0.7970
F2_std_summary_zero_poison,Athenian Academy of Technology and the Arts,MA.5.FR.2.4,"",n_ukeys=31,n_missing_cqso=9,avg_shipped=0.5999 avg_correct=0.8453
F2_std_summary_zero_poison,Athenian Academy of Technology and the Arts,MA.5.GR.1,"",n_ukeys=40,n_missing_cqso=6,avg_shipped=0.7152 avg_correct=0.8414
F2_std_summary_zero_poison,Athenian Academy of Technology and the Arts,MA.5.GR.1.2,"",n_ukeys=12,n_missing_cqso=6,avg_shipped=0.4294 avg_correct=0.8587
F2_std_summary_zero_poison,Athenian Academy of Technology and the Arts,MA.5.GR.2.1,"",n_ukeys=43,n_missing_cqso=2,avg_shipped=0.8124 avg_correct=0.8520
F2_std_summary_zero_poison,Athenian Academy of Technology and the Arts,MA.5.GR.3,"",n_ukeys=51,n_missing_cqso=7,avg_shipped=0.7560 avg_correct=0.8763
F2_std_summary_zero_poison,Athenian Academy of Technology and the Arts,MA.5.GR.3.1,"",n_ukeys=37,n_missing_cqso=3,avg_shipped=0.7945 avg_correct=0.8647
F2_std_summary_zero_poison,Athenian Academy of Technology and the Arts,MA.5.M.1.1,"",n_ukeys=22,n_missing_cqso=4,avg_shipped=0.5962 avg_correct=0.7287
F2_std_summary_zero_poison,Athenian Academy of Technology and the Arts,MA.5.MAFS.5.NBT.1.2,"",n_ukeys=9,n_missing_cqso=1,avg_shipped=0.6528 avg_correct=0.7344
F2_std_summary_zero_poison,Athenian Academy of Technology and the Arts,MA.5.MAFS.5.NBT.1.4,"",n_ukeys=7,n_missing_cqso=1,avg_shipped=0.7464 avg_correct=0.8708
F2_std_summary_zero_poison,Athenian Academy of Technology and the Arts,MA.5.MAFS.5.NBT.2.5,"",n_ukeys=13,n_missing_cqso=2,avg_shipped=0.7269 avg_correct=0.8591
F2_std_summary_zero_poison,Athenian Academy of Technology and the Arts,MA.5.MAFS.5.NBT.2.7,"",n_ukeys=86,n_missing_cqso=8,avg_shipped=0.7410 avg_correct=0.8170
F2_std_summary_zero_poison,Athenian Academy of Technology and the Arts,MA.5.NSO.1.5,"",n_ukeys=14,n_missing_cqso=2,avg_shipped=0.7323 avg_correct=0.8543
F2_std_summary_zero_poison,Athenian Academy of Technology and the Arts,MA.5.NSO.2.1,"",n_ukeys=26,n_missing_cqso=4,avg_shipped=0.7096 avg_correct=0.8386
F2_std_summary_zero_poison,Athenian Academy of Technology and the Arts,MA.5.NSO.2.4,"",n_ukeys=130,n_missing_cqso=15,avg_shipped=0.7189 avg_correct=0.8127
F2_std_summary_zero_poison,Athenian Academy of Technology and the Arts,MA.6.AR.1.1,"",n_ukeys=44,n_missing_cqso=22,avg_shipped=0.3672 avg_correct=0.7344
F2_std_summary_zero_poison,Athenian Academy of Technology and the Arts,MA.6.AR.1.2,"",n_ukeys=15,n_missing_cqso=4,avg_shipped=0.4487 avg_correct=0.6119
F2_std_summary_zero_poison,Athenian Academy of Technology and the Arts,MA.6.AR.1.3,"",n_ukeys=22,n_missing_cqso=4,avg_shipped=0.5041 avg_correct=0.6161
F2_std_summary_zero_poison,Athenian Academy of Technology and the Arts,MA.6.AR.1.4,"",n_ukeys=18,n_missing_cqso=2,avg_shipped=0.4064 avg_correct=0.4572
F2_std_summary_zero_poison,Athenian Academy of Technology and the Arts,MA.6.AR.2,"",n_ukeys=68,n_missing_cqso=17,avg_shipped=0.4679 avg_correct=0.6238
F2_std_summary_zero_poison,Athenian Academy of Technology and the Arts,MA.6.AR.2.2,"",n_ukeys=25,n_missing_cqso=8,avg_shipped=0.4871 avg_correct=0.7164
F2_std_summary_zero_poison,Athenian Academy of Technology and the Arts,MA.6.AR.2.3,"",n_ukeys=40,n_missing_cqso=13,avg_shipped=0.4262 avg_correct=0.6315
F2_std_summary_zero_poison,Athenian Academy of Technology and the Arts,MA.6.AR.3.1,"",n_ukeys=22,n_missing_cqso=2,avg_shipped=0.6463 avg_correct=0.7109
F2_std_summary_zero_poison,Athenian Academy of Technology and the Arts,MA.6.AR.3.2,"",n_ukeys=20,n_missing_cqso=2,avg_shipped=0.7413 avg_correct=0.8236
F2_std_summary_zero_poison,Athenian Academy of Technology and the Arts,MA.6.AR.3.3,"",n_ukeys=30,n_missing_cqso=8,avg_shipped=0.4596 avg_correct=0.6267
F2_std_summary_zero_poison,Athenian Academy of Technology and the Arts,MA.6.AR.3.4,"",n_ukeys=69,n_missing_cqso=16,avg_shipped=0.6237 avg_correct=0.8119
F2_std_summary_zero_poison,Athenian Academy of Technology and the Arts,MA.6.AR.3.5,"",n_ukeys=47,n_missing_cqso=13,avg_shipped=0.5634 avg_correct=0.7789
F2_std_summary_zero_poison,Athenian Academy of Technology and the Arts,MA.6.DP.1,"",n_ukeys=51,n_missing_cqso=15,avg_shipped=0.5417 avg_correct=0.7674
F2_std_summary_zero_poison,Athenian Academy of Technology and the Arts,MA.6.DP.1.2,"",n_ukeys=78,n_missing_cqso=25,avg_shipped=0.5136 avg_correct=0.7558
F2_std_summary_zero_poison,Athenian Academy of Technology and the Arts,MA.6.DP.1.3,"",n_ukeys=29,n_missing_cqso=13,avg_shipped=0.4121 avg_correct=0.7470
F2_std_summary_zero_poison,Athenian Academy of Technology and the Arts,MA.6.DP.1.5,"",n_ukeys=52,n_missing_cqso=19,avg_shipped=0.4831 avg_correct=0.7613
F2_std_summary_zero_poison,Athenian Academy of Technology and the Arts,MA.6.DP.1.6,"",n_ukeys=56,n_missing_cqso=19,avg_shipped=0.4628 avg_correct=0.7004
F2_std_summary_zero_poison,Athenian Academy of Technology and the Arts,MA.6.GR.1.1,"",n_ukeys=56,n_missing_cqso=12,avg_shipped=0.6407 avg_correct=0.8154
F2_std_summary_zero_poison,Athenian Academy of Technology and the Arts,MA.6.GR.1.2,"",n_ukeys=42,n_missing_cqso=8,avg_shipped=0.6322 avg_correct=0.7810
F2_std_summary_zero_poison,Athenian Academy of Technology and the Arts,MA.6.GR.1.3,"",n_ukeys=9,n_missing_cqso=2,avg_shipped=0.4672 avg_correct=0.6007
F2_std_summary_zero_poison,Athenian Academy of Technology and the Arts,MA.6.GR.2.2,"",n_ukeys=58,n_missing_cqso=4,avg_shipped=0.6084 avg_correct=0.6534
F2_std_summary_zero_poison,Athenian Academy of Technology and the Arts,MA.6.GR.2.3,"",n_ukeys=26,n_missing_cqso=6,avg_shipped=0.5889 avg_correct=0.7655
F2_std_summary_zero_poison,Athenian Academy of Technology and the Arts,MA.6.GR.2.4,"",n_ukeys=32,n_missing_cqso=11,avg_shipped=0.4661 avg_correct=0.7103
F2_std_summary_zero_poison,Athenian Academy of Technology and the Arts,MA.6.MAFS.6.G.1.1,"",n_ukeys=31,n_missing_cqso=2,avg_shipped=0.6230 avg_correct=0.6660
F2_std_summary_zero_poison,Athenian Academy of Technology and the Arts,MA.6.MAFS.6.G.1.3,"",n_ukeys=2,n_missing_cqso=1,avg_shipped=0.1486 avg_correct=0.2973
F2_std_summary_zero_poison,Athenian Academy of Technology and the Arts,MA.6.MAFS.6.NS.1.1,"",n_ukeys=24,n_missing_cqso=1,avg_shipped=0.6815 avg_correct=0.7111
F2_std_summary_zero_poison,Athenian Academy of Technology and the Arts,MA.6.MAFS.6.NS.2.2,"",n_ukeys=4,n_missing_cqso=2,avg_shipped=0.4287 avg_correct=0.8574
F2_std_summary_zero_poison,Athenian Academy of Technology and the Arts,MA.6.MAFS.6.NS.2.3,"",n_ukeys=24,n_missing_cqso=6,avg_shipped=0.6299 avg_correct=0.8398
F2_std_summary_zero_poison,Athenian Academy of Technology and the Arts,MA.6.MAFS.6.NS.3.6.c,"",n_ukeys=24,n_missing_cqso=8,avg_shipped=0.4827 avg_correct=0.7240
F2_std_summary_zero_poison,Athenian Academy of Technology and the Arts,MA.6.MAFS.6.NS.3.7.b,"",n_ukeys=36,n_missing_cqso=7,avg_shipped=0.5422 avg_correct=0.6731
F2_std_summary_zero_poison,Athenian Academy of Technology and the Arts,MA.6.MAFS.6.NS.3.8,"",n_ukeys=3,n_missing_cqso=1,avg_shipped=0.5272 avg_correct=0.7908
F2_std_summary_zero_poison,Athenian Academy of Technology and the Arts,MA.6.MAFS.6.RP.1.3.d,"",n_ukeys=16,n_missing_cqso=3,avg_shipped=0.7131 avg_correct=0.8776
F2_std_summary_zero_poison,Athenian Academy of Technology and the Arts,MA.6.MAFS.6.SP.2.5.a,"",n_ukeys=69,n_missing_cqso=29,avg_shipped=0.4496 avg_correct=0.7755
F2_std_summary_zero_poison,Athenian Academy of Technology and the Arts,MA.6.NSO.1.1,"",n_ukeys=51,n_missing_cqso=6,avg_shipped=0.6356 avg_correct=0.7203
F2_std_summary_zero_poison,Athenian Academy of Technology and the Arts,MA.6.NSO.1.2,"",n_ukeys=36,n_missing_cqso=10,avg_shipped=0.6152 avg_correct=0.8518
F2_std_summary_zero_poison,Athenian Academy of Technology and the Arts,MA.6.NSO.1.3,"",n_ukeys=25,n_missing_cqso=6,avg_shipped=0.5712 avg_correct=0.7516
F2_std_summary_zero_poison,Athenian Academy of Technology and the Arts,MA.6.NSO.1.4,"",n_ukeys=18,n_missing_cqso=6,avg_shipped=0.3795 avg_correct=0.5692
F2_std_summary_zero_poison,Athenian Academy of Technology and the Arts,MA.6.NSO.2,"",n_ukeys=84,n_missing_cqso=8,avg_shipped=0.6937 avg_correct=0.7668
F2_std_summary_zero_poison,Athenian Academy of Technology and the Arts,MA.6.NSO.2.1,"",n_ukeys=46,n_missing_cqso=10,avg_shipped=0.6536 avg_correct=0.8352
F2_std_summary_zero_poison,Athenian Academy of Technology and the Arts,MA.6.NSO.2.3,"",n_ukeys=58,n_missing_cqso=10,avg_shipped=0.5456 avg_correct=0.6593
F2_std_summary_zero_poison,Athenian Academy of Technology and the Arts,MA.6.NSO.3.2,"",n_ukeys=4,n_missing_cqso=1,avg_shipped=0.4163 avg_correct=0.5551
F2_std_summary_zero_poison,Athenian Academy of Technology and the Arts,MA.6.NSO.3.3,"",n_ukeys=10,n_missing_cqso=3,avg_shipped=0.5641 avg_correct=0.8059
F2_std_summary_zero_poison,Athenian Academy of Technology and the Arts,MA.6.NSO.4.1,"",n_ukeys=37,n_missing_cqso=3,avg_shipped=0.7256 avg_correct=0.7896
F2_std_summary_zero_poison,Athenian Academy of Technology and the Arts,MA.6.NSO.4.2,"",n_ukeys=39,n_missing_cqso=3,avg_shipped=0.7737 avg_correct=0.8381
F2_std_summary_zero_poison,Athenian Academy of Technology and the Arts,MA.7.AR.2.1,"",n_ukeys=49,n_missing_cqso=15,avg_shipped=0.4599 avg_correct=0.6628
F2_std_summary_zero_poison,Athenian Academy of Technology and the Arts,MA.7.AR.3.1,"",n_ukeys=69,n_missing_cqso=16,avg_shipped=0.4922 avg_correct=0.6408
F2_std_summary_zero_poison,Athenian Academy of Technology and the Arts,MA.7.AR.3.2,"",n_ukeys=52,n_missing_cqso=14,avg_shipped=0.5772 avg_correct=0.7898
F2_std_summary_zero_poison,Athenian Academy of Technology and the Arts,MA.7.AR.3.3,"",n_ukeys=28,n_missing_cqso=12,avg_shipped=0.3998 avg_correct=0.6997
F2_std_summary_zero_poison,Athenian Academy of Technology and the Arts,MA.7.AR.4,"",n_ukeys=62,n_missing_cqso=14,avg_shipped=0.5875 avg_correct=0.7589
F2_std_summary_zero_poison,Athenian Academy of Technology and the Arts,MA.7.AR.4.1,"",n_ukeys=17,n_missing_cqso=4,avg_shipped=0.7011 avg_correct=0.9168
F2_std_summary_zero_poison,Athenian Academy of Technology and the Arts,MA.7.AR.4.3,"",n_ukeys=17,n_missing_cqso=10,avg_shipped=0.3676 avg_correct=0.8928
F2_std_summary_zero_poison,Athenian Academy of Technology and the Arts,MA.7.AR.4.5,"",n_ukeys=22,n_missing_cqso=3,avg_shipped=0.6794 avg_correct=0.7867
F2_std_summary_zero_poison,Athenian Academy of Technology and the Arts,MA.7.DP.1.1,"",n_ukeys=14,n_missing_cqso=5,avg_shipped=0.5147 avg_correct=0.8007
F2_std_summary_zero_poison,Athenian Academy of Technology and the Arts,MA.7.DP.1.2,"",n_ukeys=49,n_missing_cqso=19,avg_shipped=0.4559 avg_correct=0.7447
F2_std_summary_zero_poison,Athenian Academy of Technology and the Arts,MA.7.DP.1.3,"",n_ukeys=8,n_missing_cqso=1,avg_shipped=0.6118 avg_correct=0.6992
F2_std_summary_zero_poison,Athenian Academy of Technology and the Arts,MA.7.DP.1.4,"",n_ukeys=15,n_missing_cqso=10,avg_shipped=0.2139 avg_correct=0.6418
F2_std_summary_zero_poison,Athenian Academy of Technology and the Arts,MA.7.DP.1.5,"",n_ukeys=33,n_missing_cqso=12,avg_shipped=0.4488 avg_correct=0.7052
F2_std_summary_zero_poison,Athenian Academy of Technology and the Arts,MA.7.DP.2,"",n_ukeys=38,n_missing_cqso=12,avg_shipped=0.5366 avg_correct=0.7843
F2_std_summary_zero_poison,Athenian Academy of Technology and the Arts,MA.7.DP.2.2,"",n_ukeys=16,n_missing_cqso=5,avg_shipped=0.5963 avg_correct=0.8674
F2_std_summary_zero_poison,Athenian Academy of Technology and the Arts,MA.7.DP.2.3,"",n_ukeys=26,n_missing_cqso=9,avg_shipped=0.5151 avg_correct=0.7878
F2_std_summary_zero_poison,Athenian Academy of Technology and the Arts,MA.7.GR.1,"",n_ukeys=64,n_missing_cqso=8,avg_shipped=0.6413 avg_correct=0.7329
F2_std_summary_zero_poison,Athenian Academy of Technology and the Arts,MA.7.GR.1.1,"",n_ukeys=22,n_missing_cqso=2,avg_shipped=0.6677 avg_correct=0.7345
F2_std_summary_zero_poison,Athenian Academy of Technology and the Arts,MA.7.GR.1.3,"",n_ukeys=12,n_missing_cqso=4,avg_shipped=0.4896 avg_correct=0.7345
F2_std_summary_zero_poison,Athenian Academy of Technology and the Arts,MA.7.GR.2.1,"",n_ukeys=14,n_missing_cqso=4,avg_shipped=0.6051 avg_correct=0.8471
F2_std_summary_zero_poison,Athenian Academy of Technology and the Arts,MA.7.GR.2.3,"",n_ukeys=27,n_missing_cqso=4,avg_shipped=0.7400 avg_correct=0.8687
F2_std_summary_zero_poison,Athenian Academy of Technology and the Arts,MA.7.MAFS.7.G.2.4,"",n_ukeys=8,n_missing_cqso=2,avg_shipped=0.6176 avg_correct=0.8235
F2_std_summary_zero_poison,Athenian Academy of Technology and the Arts,MA.7.MAFS.7.G.2.6,"",n_ukeys=8,n_missing_cqso=2,avg_shipped=0.5741 avg_correct=0.7654
F2_std_summary_zero_poison,Athenian Academy of Technology and the Arts,MA.7.MAFS.7.RP.1.1,"",n_ukeys=18,n_missing_cqso=5,avg_shipped=0.5761 avg_correct=0.7977
F2_std_summary_zero_poison,Athenian Academy of Technology and the Arts,MA.7.MAFS.7.RP.1.2.a,"",n_ukeys=41,n_missing_cqso=11,avg_shipped=0.5740 avg_correct=0.7845
F2_std_summary_zero_poison,Athenian Academy of Technology and the Arts,MA.7.MAFS.7.SP.3.7.a,"",n_ukeys=2,n_missing_cqso=1,avg_shipped=0.4219 avg_correct=0.8438
F2_std_summary_zero_poison,Athenian Academy of Technology and the Arts,MA.7.NSO.1.1,"",n_ukeys=30,n_missing_cqso=12,avg_shipped=0.4363 avg_correct=0.7271
F2_std_summary_zero_poison,Athenian Academy of Technology and the Arts,MA.7.NSO.2.2,"",n_ukeys=92,n_missing_cqso=2,avg_shipped=0.8165 avg_correct=0.8347
F2_std_summary_zero_poison,Athenian Academy of Technology and the Arts,MA.7.NSO.2.3,"",n_ukeys=116,n_missing_cqso=2,avg_shipped=0.7803 avg_correct=0.7940
F2_std_summary_zero_poison,Athenian Academy of Technology and the Arts,MA.8.AR.1.1,"",n_ukeys=11,n_missing_cqso=7,avg_shipped=0.2554 avg_correct=0.7023
F2_std_summary_zero_poison,Athenian Academy of Technology and the Arts,MA.8.AR.2.2,"",n_ukeys=2,n_missing_cqso=1,avg_shipped=0.4600 avg_correct=0.9200
F2_std_summary_zero_poison,Athenian Academy of Technology and the Arts,MA.8.DP.2.3,"",n_ukeys=5,n_missing_cqso=2,avg_shipped=0.4226 avg_correct=0.7043
F2_std_summary_zero_poison,Athenian Academy of Technology and the Arts,MA.8.NSO.1.2,"",n_ukeys=10,n_missing_cqso=4,avg_shipped=0.4965 avg_correct=0.8274
F2_std_summary_zero_poison,Athenian Academy of Technology and the Arts,MA.8.NSO.1.3,"",n_ukeys=11,n_missing_cqso=7,avg_shipped=0.2554 avg_correct=0.7023
F2_std_summary_zero_poison,Athenian Academy of Technology and the Arts,MA.912.AR.1.7,"",n_ukeys=36,n_missing_cqso=5,avg_shipped=0.7090 avg_correct=0.8234
F2_std_summary_zero_poison,Athenian Academy of Technology and the Arts,MA.912.AR.2.2,"",n_ukeys=25,n_missing_cqso=2,avg_shipped=0.7154 avg_correct=0.7776
F2_std_summary_zero_poison,Athenian Academy of Technology and the Arts,MA.912.AR.2.8,"",n_ukeys=10,n_missing_cqso=2,avg_shipped=0.4608 avg_correct=0.5760
F2_std_summary_zero_poison,Athenian Academy of Technology and the Arts,MA.912.AR.3.6,"",n_ukeys=32,n_missing_cqso=11,avg_shipped=0.4168 avg_correct=0.6350
F2_std_summary_zero_poison,Athenian Academy of Technology and the Arts,MA.912.AR.5.3,"",n_ukeys=4,n_missing_cqso=3,avg_shipped=0.1964 avg_correct=0.7857
F2_std_summary_zero_poison,Athenian Academy of Technology and the Arts,MA.912.AR.5.5,"",n_ukeys=8,n_missing_cqso=2,avg_shipped=0.5822 avg_correct=0.7763
F2_std_summary_zero_poison,Athenian Academy of Technology and the Arts,MA.912.AR.5.6,"",n_ukeys=8,n_missing_cqso=4,avg_shipped=0.3263 avg_correct=0.6525
F2_std_summary_zero_poison,Athenian Academy of Technology and the Arts,MA.912.AR.6.6,"",n_ukeys=31,n_missing_cqso=15,avg_shipped=0.4747 avg_correct=0.9198
F2_std_summary_zero_poison,Athenian Academy of Technology and the Arts,MA.912.AR.9.2,"",n_ukeys=8,n_missing_cqso=4,avg_shipped=0.3502 avg_correct=0.7004
F2_std_summary_zero_poison,Athenian Academy of Technology and the Arts,MA.912.DP.1.1,"",n_ukeys=9,n_missing_cqso=2,avg_shipped=0.4234 avg_correct=0.5444
F2_std_summary_zero_poison,Athenian Academy of Technology and the Arts,MA.912.DP.1.2,"",n_ukeys=6,n_missing_cqso=2,avg_shipped=0.3840 avg_correct=0.5760
F2_std_summary_zero_poison,Athenian Academy of Technology and the Arts,MA.912.DP.1.3,"",n_ukeys=20,n_missing_cqso=4,avg_shipped=0.7063 avg_correct=0.8829
F2_std_summary_zero_poison,Athenian Academy of Technology and the Arts,MA.912.DP.2.1,"",n_ukeys=8,n_missing_cqso=2,avg_shipped=0.3542 avg_correct=0.4723
F2_std_summary_zero_poison,Athenian Academy of Technology and the Arts,MA.912.DP.2.8,"",n_ukeys=14,n_missing_cqso=7,avg_shipped=0.3392 avg_correct=0.6784
F2_std_summary_zero_poison,Athenian Academy of Technology and the Arts,MA.912.DP.2.9,"",n_ukeys=13,n_missing_cqso=7,avg_shipped=0.3226 avg_correct=0.6991
F2_std_summary_zero_poison,Athenian Academy of Technology and the Arts,MA.912.DP.3.1,"",n_ukeys=8,n_missing_cqso=2,avg_shipped=0.3995 avg_correct=0.5326
F2_std_summary_zero_poison,Athenian Academy of Technology and the Arts,MA.912.F.1.6,"",n_ukeys=16,n_missing_cqso=7,avg_shipped=0.3564 avg_correct=0.6336
F2_std_summary_zero_poison,Athenian Academy of Technology and the Arts,MA.912.F.1.7,"",n_ukeys=8,n_missing_cqso=3,avg_shipped=0.3626 avg_correct=0.5802
F2_std_summary_zero_poison,Athenian Academy of Technology and the Arts,MA.912.F.1.8,"",n_ukeys=23,n_missing_cqso=7,avg_shipped=0.5128 avg_correct=0.7371
F2_std_summary_zero_poison,Athenian Academy of Technology and the Arts,MA.912.F.2.1,"",n_ukeys=24,n_missing_cqso=5,avg_shipped=0.5707 avg_correct=0.7209
F2_std_summary_zero_poison,Athenian Academy of Technology and the Arts,MA.912.F.2.3,"",n_ukeys=14,n_missing_cqso=4,avg_shipped=0.5145 avg_correct=0.7203
F2_std_summary_zero_poison,Athenian Academy of Technology and the Arts,MA.912.FL.3.4,"",n_ukeys=6,n_missing_cqso=3,avg_shipped=0.2466 avg_correct=0.4932
F2_std_summary_zero_poison,Athenian Academy of Technology and the Arts,MA.912.GR.4.5,"",n_ukeys=12,n_missing_cqso=2,avg_shipped=0.7392 avg_correct=0.8871
F2_std_summary_zero_poison,Athenian Academy of Technology and the Arts,MA.9-12.MAFS.912.A-APR.1.1,"",n_ukeys=10,n_missing_cqso=3,avg_shipped=0.4911 avg_correct=0.7016
F2_std_summary_zero_poison,Athenian Academy of Technology and the Arts,MA.9-12.MAFS.912.A-CED.1.2,"",n_ukeys=10,n_missing_cqso=2,avg_shipped=0.5591 avg_correct=0.6989
F2_std_summary_zero_poison,Athenian Academy of Technology and the Arts,MA.9-12.MAFS.912.A-CED.1.3,"",n_ukeys=2,n_missing_cqso=1,avg_shipped=0.4821 avg_correct=0.9643
F2_std_summary_zero_poison,Athenian Academy of Technology and the Arts,MA.9-12.MAFS.912.A-REI.2.3,"",n_ukeys=3,n_missing_cqso=1,avg_shipped=0.3098 avg_correct=0.4647
F2_std_summary_zero_poison,Athenian Academy of Technology and the Arts,MA.9-12.MAFS.912.A-REI.2.4.b,"",n_ukeys=9,n_missing_cqso=2,avg_shipped=0.5376 avg_correct=0.6912
F2_std_summary_zero_poison,Athenian Academy of Technology and the Arts,MA.9-12.MAFS.912.A-REI.3.6,"",n_ukeys=5,n_missing_cqso=1,avg_shipped=0.5532 avg_correct=0.6915
F2_std_summary_zero_poison,Athenian Academy of Technology and the Arts,MA.9-12.MAFS.912.A-REI.3.7,"",n_ukeys=4,n_missing_cqso=2,avg_shipped=0.3906 avg_correct=0.7813
F2_std_summary_zero_poison,Athenian Academy of Technology and the Arts,MA.9-12.MAFS.912.A-REI.4.11,"",n_ukeys=4,n_missing_cqso=2,avg_shipped=0.3906 avg_correct=0.7813
F2_std_summary_zero_poison,Athenian Academy of Technology and the Arts,MA.9-12.MAFS.912.A-SSE.1.1.a,"",n_ukeys=8,n_missing_cqso=5,avg_shipped=0.2823 avg_correct=0.7528
F2_std_summary_zero_poison,Athenian Academy of Technology and the Arts,MA.9-12.MAFS.912.A-SSE.2.3.a,"",n_ukeys=10,n_missing_cqso=3,avg_shipped=0.5518 avg_correct=0.7883
F2_std_summary_zero_poison,Athenian Academy of Technology and the Arts,MA.9-12.MAFS.912.F-BF.2.3,"",n_ukeys=13,n_missing_cqso=4,avg_shipped=0.4592 avg_correct=0.6632
F2_std_summary_zero_poison,Athenian Academy of Technology and the Arts,MA.9-12.MAFS.912.F-IF.1.2,"",n_ukeys=3,n_missing_cqso=3,
F2_std_summary_zero_poison,Athenian Academy of Technology and the Arts,MA.9-12.MAFS.912.F-LE.1.1.b,"",n_ukeys=11,n_missing_cqso=6,avg_shipped=0.2672 avg_correct=0.5878
F2_std_summary_zero_poison,Athenian Academy of Technology and the Arts,MA.9-12.MAFS.912.N-RN.1.1,"",n_ukeys=2,n_missing_cqso=2,
F2_std_summary_zero_poison,Athenian Academy of Technology and the Arts,MA.9-12.MAFS.912.N-RN.1.2,"",n_ukeys=9,n_missing_cqso=2,avg_shipped=0.5069 avg_correct=0.6518
F2_std_summary_zero_poison,Athenian Academy of Technology and the Arts,MA.912.NSO.1.1,"",n_ukeys=10,n_missing_cqso=6,avg_shipped=0.3546 avg_correct=0.8865
F2_std_summary_zero_poison,Athenian Academy of Technology and the Arts,MAFS.1.OA.3.5,"",n_ukeys=3,n_missing_cqso=2,avg_shipped=0.2844 avg_correct=0.8531
F2_std_summary_zero_poison,Athenian Academy of Technology and the Arts,MAFS.1.OA.3.6,"",n_ukeys=18,n_missing_cqso=7,avg_shipped=0.5642 avg_correct=0.9232
F2_std_summary_zero_poison,Athenian Academy of Technology and the Arts,MAFS.3.MD.4.8,"",n_ukeys=3,n_missing_cqso=1,avg_shipped=0.4286 avg_correct=0.6429
F2_std_summary_zero_poison,Athenian Academy of Technology and the Arts,MAFS.3.OA.1.3,"",n_ukeys=9,n_missing_cqso=2,avg_shipped=0.7533 avg_correct=0.9685
F2_std_summary_zero_poison,Athenian Academy of Technology and the Arts,MAFS.4.MD.1.3,"",n_ukeys=24,n_missing_cqso=3,avg_shipped=0.5670 avg_correct=0.6480
F2_std_summary_zero_poison,Athenian Academy of Technology and the Arts,MAFS.5.NBT.2.6,"",n_ukeys=28,n_missing_cqso=1,avg_shipped=0.6946 avg_correct=0.7204
F2_std_summary_zero_poison,Athenian Academy of Technology and the Arts,MAFS.6.NS.2.4,"",n_ukeys=10,n_missing_cqso=1,avg_shipped=0.6232 avg_correct=0.6924
F2_std_summary_zero_poison,Athenian Academy of Technology and the Arts,MAFS.6.NS.3.5,"",n_ukeys=8,n_missing_cqso=1,avg_shipped=0.7750 avg_correct=0.8857
F2_std_summary_zero_poison,Athenian Academy of Technology and the Arts,MAFS.6.SP.1.2,"",n_ukeys=8,n_missing_cqso=2,avg_shipped=0.5649 avg_correct=0.7532
F2_std_summary_zero_poison,Athenian Academy of Technology and the Arts,MAFS.6.SP.1.3,"",n_ukeys=16,n_missing_cqso=4,avg_shipped=0.6511 avg_correct=0.8681
F2_std_summary_zero_poison,Athenian Academy of Technology and the Arts,MAFS.6.SP.2.4,"",n_ukeys=23,n_missing_cqso=9,avg_shipped=0.4771 avg_correct=0.7838
F2_std_summary_zero_poison,Athenian Academy of Technology and the Arts,MAFS.7.NS.1.2,"",n_ukeys=26,n_missing_cqso=1,avg_shipped=0.7372 avg_correct=0.7667
F2_std_summary_zero_poison,Athenian Academy of Technology and the Arts,MAFS.7.RP.1.3,"",n_ukeys=47,n_missing_cqso=16,avg_shipped=0.4486 avg_correct=0.6802
F2_std_summary_zero_poison,Athenian Academy of Technology and the Arts,MAFS.7.SP.1.2,"",n_ukeys=4,n_missing_cqso=1,avg_shipped=0.4747 avg_correct=0.6330
F2_std_summary_zero_poison,Athenian Academy of Technology and the Arts,MAFS.7.SP.2.3,"",n_ukeys=3,n_missing_cqso=1,avg_shipped=0.4018 avg_correct=0.6027
F2_std_summary_zero_poison,Athenian Academy of Technology and the Arts,MAFS.8.EE.1.1,"",n_ukeys=11,n_missing_cqso=7,avg_shipped=0.2554 avg_correct=0.7023
F2_std_summary_zero_poison,Athenian Academy of Technology and the Arts,MAFS.912.A-CED.1.1,"",n_ukeys=6,n_missing_cqso=1,avg_shipped=0.5071 avg_correct=0.6085
F2_std_summary_zero_poison,Athenian Academy of Technology and the Arts,MAFS.912.A-SSE.1.2,"",n_ukeys=6,n_missing_cqso=3,avg_shipped=0.3688 avg_correct=0.7375
F2_std_summary_zero_poison,Athenian Academy of Technology and the Arts,MAFS.912.F-IF.2.4,"",n_ukeys=7,n_missing_cqso=3,avg_shipped=0.3616 avg_correct=0.6329
F2_std_summary_zero_poison,Athenian Academy of Technology and the Arts,MAFS.912.F-IF.3.8,"",n_ukeys=10,n_missing_cqso=3,avg_shipped=0.5314 avg_correct=0.7592
F2_std_summary_zero_poison,Athenian Academy of Technology and the Arts,MAFS.912.F-IF.3.9,"",n_ukeys=5,n_missing_cqso=2,avg_shipped=0.3775 avg_correct=0.6291
F2_std_summary_zero_poison,Athenian Academy of Technology and the Arts,MAFS.912.S-ID.1.1,"",n_ukeys=5,n_missing_cqso=2,avg_shipped=0.3342 avg_correct=0.5569
F2_std_summary_zero_poison,Athenian Academy of Technology and the Arts,MAFS.912.S-ID.1.2,"",n_ukeys=5,n_missing_cqso=2,avg_shipped=0.3342 avg_correct=0.5569
F2_std_summary_zero_poison,Athenian Academy of Technology and the Arts,MAFS.912.S-ID.2.5,"",n_ukeys=4,n_missing_cqso=1,avg_shipped=0.3094 avg_correct=0.4125
F2_std_summary_zero_poison,Athenian Academy of Technology and the Arts,MAFS.912.S-ID.2.6,"",n_ukeys=12,n_missing_cqso=6,avg_shipped=0.3155 avg_correct=0.6310
F2_std_summary_zero_poison,Athenian Academy of Technology and the Arts,MAFS.K.CC.2.5,"",n_ukeys=31,n_missing_cqso=6,avg_shipped=0.7250 avg_correct=0.8990
F2_std_summary_zero_poison,Athenian Academy of Technology and the Arts,MA.K.AR.1.1,"",n_ukeys=6,n_missing_cqso=2,avg_shipped=0.5821 avg_correct=0.8732
F2_std_summary_zero_poison,Athenian Academy of Technology and the Arts,MA.K.AR.1.2,"",n_ukeys=41,n_missing_cqso=5,avg_shipped=0.7960 avg_correct=0.9066
F2_std_summary_zero_poison,Athenian Academy of Technology and the Arts,MA.K.AR.1.3,"",n_ukeys=34,n_missing_cqso=4,avg_shipped=0.8069 avg_correct=0.9145
F2_std_summary_zero_poison,Athenian Academy of Technology and the Arts,MA.K.AR.2.1,"",n_ukeys=22,n_missing_cqso=7,avg_shipped=0.6218 avg_correct=0.9120
F2_std_summary_zero_poison,Athenian Academy of Technology and the Arts,MA.K.GR.1.1,"",n_ukeys=57,n_missing_cqso=7,avg_shipped=0.7817 avg_correct=0.8911
F2_std_summary_zero_poison,Athenian Academy of Technology and the Arts,MA.K.GR.1.3,"",n_ukeys=9,n_missing_cqso=4,avg_shipped=0.5274 avg_correct=0.9493
F2_std_summary_zero_poison,Athenian Academy of Technology and the Arts,MA.K.NSO.1.1,"",n_ukeys=132,n_missing_cqso=7,avg_shipped=0.8432 avg_correct=0.8904
F2_std_summary_zero_poison,Athenian Academy of Technology and the Arts,MA.K.NSO.1.2,"",n_ukeys=37,n_missing_cqso=3,avg_shipped=0.8244 avg_correct=0.8972
F2_std_summary_zero_poison,Athenian Academy of Technology and the Arts,MA.K.NSO.2.1,"",n_ukeys=79,n_missing_cqso=15,avg_shipped=0.6814 avg_correct=0.8411
F2_std_summary_zero_poison,Athenian Academy of Technology and the Arts,MA.K.NSO.2.2,"",n_ukeys=54,n_missing_cqso=15,avg_shipped=0.6125 avg_correct=0.8480
F2_std_summary_zero_poison,Athenian Academy of Technology and the Arts,MA.K.NSO.3.1,"",n_ukeys=58,n_missing_cqso=12,avg_shipped=0.7429 avg_correct=0.9367
F2_std_summary_zero_poison,Athenian Academy of Technology and the Arts,Other,"",n_ukeys=3087,n_missing_cqso=1169,avg_shipped=0.5044 avg_correct=0.8130
F2_std_summary_zero_poison,Athenian Academy of Technology and the Arts,SC.2.E.7.1,"",n_ukeys=12,n_missing_cqso=2,avg_shipped=0.7677 avg_correct=0.9212
F2_std_summary_zero_poison,Athenian Academy of Technology and the Arts,SC.2.E.7.4,"",n_ukeys=3,n_missing_cqso=1,avg_shipped=0.6408 avg_correct=0.9612
F2_std_summary_zero_poison,Athenian Academy of Technology and the Arts,SC.2.E.7.5,"",n_ukeys=6,n_missing_cqso=1,avg_shipped=0.8002 avg_correct=0.9603
F2_std_summary_zero_poison,Athenian Academy of Technology and the Arts,SC.2.P.8.1,"",n_ukeys=21,n_missing_cqso=1,avg_shipped=0.8940 avg_correct=0.9387
F2_std_summary_zero_poison,Athenian Academy of Technology and the Arts,SC.3.L.14.2,"",n_ukeys=26,n_missing_cqso=1,avg_shipped=0.8355 avg_correct=0.8689
F2_std_summary_zero_poison,Athenian Academy of Technology and the Arts,SC.3.N.1.3,"",n_ukeys=42,n_missing_cqso=2,avg_shipped=0.7921 avg_correct=0.8317
F2_std_summary_zero_poison,Athenian Academy of Technology and the Arts,SC.5.L.15.1,"",n_ukeys=43,n_missing_cqso=10,avg_shipped=0.6482 avg_correct=0.8446
F2_std_summary_zero_poison,Athenian Academy of Technology and the Arts,SCI.2.SC.2.E.7.2,"",n_ukeys=6,n_missing_cqso=2,avg_shipped=0.4250 avg_correct=0.6375
F2_std_summary_zero_poison,Athenian Academy of Technology and the Arts,SCI.2.SC.2.N.1.1,"",n_ukeys=46,n_missing_cqso=2,avg_shipped=0.7373 avg_correct=0.7708
F2_std_summary_zero_poison,Athenian Academy of Technology and the Arts,SCI.2.SC.2.N.1.2,"",n_ukeys=26,n_missing_cqso=1,avg_shipped=0.8823 avg_correct=0.9176
F2_std_summary_zero_poison,Athenian Academy of Technology and the Arts,SCI.2.SC.2.N.1.5,"",n_ukeys=9,n_missing_cqso=1,avg_shipped=0.6636 avg_correct=0.7466
F2_std_summary_zero_poison,Athenian Academy of Technology and the Arts,SCI.3.SC.3.P.8.1,"",n_ukeys=10,n_missing_cqso=1,avg_shipped=0.6773 avg_correct=0.7526
F2_std_summary_zero_poison,Athenian Academy of Technology and the Arts,SCI.5.SC.5.P.13.1,"",n_ukeys=20,n_missing_cqso=1,avg_shipped=0.8094 avg_correct=0.8520
F2_std_summary_zero_poison,Athenian Academy of Technology and the Arts,SCI.8.SC.8.P.8.9,"",n_ukeys=5,n_missing_cqso=1,avg_shipped=0.6556 avg_correct=0.8194
F2_std_summary_zero_poison,Athenian Academy of Technology and the Arts,SCI.K.SC.K.E.5.4,"",n_ukeys=4,n_missing_cqso=1,avg_shipped=0.7167 avg_correct=0.9556
F2_std_summary_zero_poison,Athenian Academy of Technology and the Arts,SCI.K.SC.K.N.1.2,"",n_ukeys=128,n_missing_cqso=3,avg_shipped=0.9082 avg_correct=0.9300
F2_std_summary_zero_poison,Athenian Academy of Technology and the Arts,SOC.6.SS.6.G.1.3,"",n_ukeys=47,n_missing_cqso=38,avg_shipped=0.1806 avg_correct=0.9430
F2_std_summary_zero_poison,Athenian Academy of Technology and the Arts,SOC.6.SS.6.W.1.3,"",n_ukeys=60,n_missing_cqso=38,avg_shipped=0.3110 avg_correct=0.8482
F2_std_summary_zero_poison,Athenian Academy of Technology and the Arts,SOC.6.SS.6.W.1.5,"",n_ukeys=46,n_missing_cqso=38,avg_shipped=0.1300 avg_correct=0.7474
F2_std_summary_zero_poison,Athenian Academy of Technology and the Arts,SOC.6.SS.6.W.2.2,"",n_ukeys=24,n_missing_cqso=19,avg_shipped=0.1914 avg_correct=0.9189
F2_std_summary_zero_poison,Athenian Academy of Technology and the Arts,SOC.6.SS.6.W.2.3,"",n_ukeys=32,n_missing_cqso=19,avg_shipped=0.2918 avg_correct=0.7183
F2_std_summary_zero_poison,Athenian Academy of Technology and the Arts,SOC.6.SS.6.W.2.5,"",n_ukeys=56,n_missing_cqso=38,avg_shipped=0.2253 avg_correct=0.7010
F2_std_summary_zero_poison,Athenian Academy of Technology and the Arts,SOC.6.SS.6.W.2.7,"",n_ukeys=28,n_missing_cqso=19,avg_shipped=0.2680 avg_correct=0.8337
F2_std_summary_zero_poison,Athenian Academy of Technology and the Arts,SOC.6.SS.6.W.2.9,"",n_ukeys=69,n_missing_cqso=38,avg_shipped=0.3376 avg_correct=0.7515
F2_std_summary_zero_poison,Athenian Academy of Technology and the Arts,SOC.6.SS.6.W.3.13,"",n_ukeys=160,n_missing_cqso=56,avg_shipped=0.4615 avg_correct=0.7100
F2_std_summary_zero_poison,Athenian Academy of Technology and the Arts,SOC.6.SS.6.W.3.2,"",n_ukeys=40,n_missing_cqso=38,avg_shipped=0.0309 avg_correct=0.6170
F2_std_summary_zero_poison,Athenian Academy of Technology and the Arts,SOC.6.SS.6.W.3.5,"",n_ukeys=64,n_missing_cqso=38,avg_shipped=0.3226 avg_correct=0.7941
F2_std_summary_zero_poison,Athenian Academy of Technology and the Arts,SOC.6.SS.6.W.3.6,"",n_ukeys=44,n_missing_cqso=38,avg_shipped=0.0985 avg_correct=0.7222
F2_std_summary_zero_poison,Athenian Academy of Technology and the Arts,SOC.6.SS.6.W.3.7,"",n_ukeys=46,n_missing_cqso=38,avg_shipped=0.1201 avg_correct=0.6907
F2_std_summary_zero_poison,Athenian Academy of Technology and the Arts,SOC.6.SS.6.W.4.10,"",n_ukeys=51,n_missing_cqso=38,avg_shipped=0.2079 avg_correct=0.8157
F2_std_summary_zero_poison,Athenian Academy of Technology and the Arts,SOC.6.SS.6.W.4.2,"",n_ukeys=28,n_missing_cqso=19,avg_shipped=0.2413 avg_correct=0.7507
F2_std_summary_zero_poison,Athenian Academy of Technology and the Arts,SOC.6.SS.6.W.4.4,"",n_ukeys=25,n_missing_cqso=19,avg_shipped=0.1749 avg_correct=0.7286
F2_std_summary_zero_poison,Athenian Academy of Technology and the Arts,SOC.6.SS.6.W.4.9,"",n_ukeys=25,n_missing_cqso=19,avg_shipped=0.1708 avg_correct=0.7115
F2_std_summary_zero_poison,Athenian Academy of Technology and the Arts,SOC.7.SS.7.C.2.1,"",n_ukeys=20,n_missing_cqso=14,avg_shipped=0.2587 avg_correct=0.8624
F2_std_summary_zero_poison,Athenian Academy of Technology and the Arts,SOC.7.SS.7.C.2.10,"",n_ukeys=11,n_missing_cqso=1,avg_shipped=0.7143 avg_correct=0.7857
F2_std_summary_zero_poison,Athenian Academy of Technology and the Arts,SOC.7.SS.7.C.2.13,"",n_ukeys=24,n_missing_cqso=20,avg_shipped=0.1211 avg_correct=0.7267
F2_std_summary_zero_poison,Athenian Academy of Technology and the Arts,SOC.7.SS.7.C.2.3,"",n_ukeys=16,n_missing_cqso=1,avg_shipped=0.7501 avg_correct=0.8001
F2_std_summary_zero_poison,Athenian Academy of Technology and the Arts,SOC.7.SS.7.C.2.4,"",n_ukeys=22,n_missing_cqso=14,avg_shipped=0.3224 avg_correct=0.8867
F2_std_summary_zero_poison,Athenian Academy of Technology and the Arts,SOC.7.SS.7.C.3.10,"",n_ukeys=22,n_missing_cqso=16,avg_shipped=0.1962 avg_correct=0.7193
F2_std_summary_zero_poison,Athenian Academy of Technology and the Arts,SOC.7.SS.7.C.3.11,"",n_ukeys=6,n_missing_cqso=1,avg_shipped=0.5589 avg_correct=0.6707
F2_std_summary_zero_poison,Athenian Academy of Technology and the Arts,SOC.7.SS.7.C.3.14,"",n_ukeys=20,n_missing_cqso=3,avg_shipped=0.6369 avg_correct=0.7493
F2_std_summary_zero_poison,Athenian Academy of Technology and the Arts,SOC.7.SS.7.C.3.8,"",n_ukeys=16,n_missing_cqso=1,avg_shipped=0.8255 avg_correct=0.8805
F2_std_summary_zero_poison,Athenian Academy of Technology and the Arts,SOC.7.SS.7.C.4.2,"",n_ukeys=8,n_missing_cqso=2,avg_shipped=0.5441 avg_correct=0.7255
F2_std_summary_zero_poison,Athenian Academy of Technology and the Arts,SOC.8.SS.8.A.1,"",n_ukeys=1,n_missing_cqso=1,
F2_std_summary_zero_poison,Athenian Academy of Technology and the Arts,SOC.8.SS.8.A.1.2,"",n_ukeys=4,n_missing_cqso=2,avg_shipped=0.4111 avg_correct=0.8222
F2_std_summary_zero_poison,Athenian Academy of Technology and the Arts,SOC.8.SS.8.A.1.5,"",n_ukeys=7,n_missing_cqso=2,avg_shipped=0.4294 avg_correct=0.6012
F2_std_summary_zero_poison,Athenian Academy of Technology and the Arts,SOC.8.SS.8.A.1.7,"",n_ukeys=2,n_missing_cqso=1,avg_shipped=0.2175 avg_correct=0.4351
F2_std_summary_zero_poison,Athenian Academy of Technology and the Arts,SOC.8.SS.8.A.3.10,"",n_ukeys=61,n_missing_cqso=25,avg_shipped=0.4129 avg_correct=0.6997
F2_std_summary_zero_poison,Athenian Academy of Technology and the Arts,SOC.8.SS.8.A.4.11,"",n_ukeys=30,n_missing_cqso=9,avg_shipped=0.5161 avg_correct=0.7373
F2_std_summary_zero_poison,Athenian Academy of Technology and the Arts,SOC.8.SS.8.A.4.12,"",n_ukeys=38,n_missing_cqso=9,avg_shipped=0.5253 avg_correct=0.6884
F2_std_summary_zero_poison,Athenian Academy of Technology and the Arts,SOC.8.SS.8.A.4.3,"",n_ukeys=23,n_missing_cqso=10,avg_shipped=0.3965 avg_correct=0.7015
F2_std_summary_zero_poison,Athenian Academy of Technology and the Arts,SOC.8.SS.8.A.5.1,"",n_ukeys=34,n_missing_cqso=18,avg_shipped=0.3054 avg_correct=0.6490
F2_std_summary_zero_poison,Athenian Academy of Technology and the Arts,SOC.8.SS.8.A.5.2,"",n_ukeys=30,n_missing_cqso=18,avg_shipped=0.2901 avg_correct=0.7253
F2_std_summary_zero_poison,Athenian Academy of Technology and the Arts,SS.6.C.2.1,"",n_ukeys=42,n_missing_cqso=38,avg_shipped=0.0720 avg_correct=0.7563
F2_std_summary_zero_poison,Athenian Academy of Technology and the Arts,SS.6.G.1.6,"",n_ukeys=34,n_missing_cqso=19,avg_shipped=0.3364 avg_correct=0.7625
F2_std_summary_zero_poison,Athenian Academy of Technology and the Arts,SS.6.G.2.1,"",n_ukeys=69,n_missing_cqso=38,avg_shipped=0.3546 avg_correct=0.7894
F2_std_summary_zero_poison,Athenian Academy of Technology and the Arts,SS.6.G.2.2,"",n_ukeys=44,n_missing_cqso=38,avg_shipped=0.1173 avg_correct=0.8601
F2_std_summary_zero_poison,Athenian Academy of Technology and the Arts,SS.6.G.2.3,"",n_ukeys=22,n_missing_cqso=19,avg_shipped=0.0880 avg_correct=0.6453
F2_std_summary_zero_poison,Athenian Academy of Technology and the Arts,SS.6.G.2.5,"",n_ukeys=27,n_missing_cqso=19,avg_shipped=0.2199 avg_correct=0.7421
F2_std_summary_zero_poison,Athenian Academy of Technology and the Arts,SS.6.G.2.6,"",n_ukeys=26,n_missing_cqso=19,avg_shipped=0.2046 avg_correct=0.7598
F2_std_summary_zero_poison,Athenian Academy of Technology and the Arts,SS.6.G.3.1,"",n_ukeys=24,n_missing_cqso=19,avg_shipped=0.1420 avg_correct=0.6814
F2_std_summary_zero_poison,Athenian Academy of Technology and the Arts,SS.6.W.1.2,"",n_ukeys=43,n_missing_cqso=38,avg_shipped=0.0838 avg_correct=0.7206
F2_std_summary_zero_poison,Athenian Academy of Technology and the Arts,SS.6.W.2.4,"",n_ukeys=34,n_missing_cqso=19,avg_shipped=0.3601 avg_correct=0.8163
F2_std_summary_zero_poison,Athenian Academy of Technology and the Arts,SS.6.W.2.6,"",n_ukeys=25,n_missing_cqso=19,avg_shipped=0.1891 avg_correct=0.7877
F2_std_summary_zero_poison,Athenian Academy of Technology and the Arts,SS.6.W.2.8,"",n_ukeys=22,n_missing_cqso=19,avg_shipped=0.1070 avg_correct=0.7848
F2_std_summary_zero_poison,Athenian Academy of Technology and the Arts,SS.6.W.3.3,"",n_ukeys=46,n_missing_cqso=38,avg_shipped=0.1328 avg_correct=0.7635
F2_std_summary_zero_poison,Athenian Academy of Technology and the Arts,SS.6.W.3.4,"",n_ukeys=50,n_missing_cqso=38,avg_shipped=0.1573 avg_correct=0.6554
F2_std_summary_zero_poison,Athenian Academy of Technology and the Arts,SS.6.W.4.3,"",n_ukeys=23,n_missing_cqso=19,avg_shipped=0.1410 avg_correct=0.8109
F2_std_summary_zero_poison,Athenian Academy of Technology and the Arts,SS.6.W.4.6,"",n_ukeys=26,n_missing_cqso=19,avg_shipped=0.2263 avg_correct=0.8407
F2_std_summary_zero_poison,Athenian Academy of Technology and the Arts,SS.6.W.4.7,"",n_ukeys=24,n_missing_cqso=19,avg_shipped=0.1565 avg_correct=0.7513
F2_std_summary_zero_poison,Athenian Academy of Technology and the Arts,SS.6.W.4.8,"",n_ukeys=24,n_missing_cqso=19,avg_shipped=0.1597 avg_correct=0.7667
F2_std_summary_zero_poison,Athenian Academy of Technology and the Arts,SS.7.CG.2.10,"",n_ukeys=29,n_missing_cqso=14,avg_shipped=0.4330 avg_correct=0.8371
F2_std_summary_zero_poison,Athenian Academy of Technology and the Arts,SS.7.CG.2.3,"",n_ukeys=37,n_missing_cqso=14,avg_shipped=0.5217 avg_correct=0.8393
F2_std_summary_zero_poison,Athenian Academy of Technology and the Arts,SS.7.CG.2.4,"",n_ukeys=21,n_missing_cqso=14,avg_shipped=0.3025 avg_correct=0.9076
F2_std_summary_zero_poison,Athenian Academy of Technology and the Arts,SS.7.CG.3.15,"",n_ukeys=26,n_missing_cqso=14,avg_shipped=0.3661 avg_correct=0.7932
F2_std_summary_zero_poison,Athenian Academy of Technology and the Arts,SS.7.E.1.5,"",n_ukeys=20,n_missing_cqso=2,avg_shipped=0.6813 avg_correct=0.7570
F2_std_summary_zero_poison,Athenian Academy of Technology and the Arts,SS.7.E.2.1,"",n_ukeys=42,n_missing_cqso=28,avg_shipped=0.2741 avg_correct=0.8224
F2_std_summary_zero_poison,Athenian Academy of Technology and the Arts,SS.7.E.2.2,"",n_ukeys=36,n_missing_cqso=28,avg_shipped=0.1955 avg_correct=0.8796
F2_std_summary_zero_poison,Athenian Academy of Technology and the Arts,SS.7.E.2.3,"",n_ukeys=44,n_missing_cqso=28,avg_shipped=0.3111 avg_correct=0.8556
F2_std_summary_zero_poison,Athenian Academy of Technology and the Arts,SS.7.E.2.5,"",n_ukeys=46,n_missing_cqso=28,avg_shipped=0.2702 avg_correct=0.6904
F2_std_summary_zero_poison,Athenian Academy of Technology and the Arts,SS.7.E.3.4,"",n_ukeys=2,n_missing_cqso=1,avg_shipped=0.4074 avg_correct=0.8148
F2_std_summary_zero_poison,Athenian Academy of Technology and the Arts,SS.7.G.2.3,"",n_ukeys=17,n_missing_cqso=1,avg_shipped=0.7948 avg_correct=0.8445
F2_std_summary_zero_poison,Athenian Academy of Technology and the Arts,SS.8.A.3.9,"",n_ukeys=5,n_missing_cqso=1,avg_shipped=0.4978 avg_correct=0.6222
F2_std_summary_zero_poison,Athenian Academy of Technology and the Arts,SS.8.A.4.4,"",n_ukeys=11,n_missing_cqso=9,avg_shipped=0.0719 avg_correct=0.3957
F2_std_summary_zero_poison,Central Florida Preparatory School,0.13,"",n_ukeys=21,n_missing_cqso=7,avg_shipped=0.4850 avg_correct=0.7276
F2_std_summary_zero_poison,Central Florida Preparatory School,AI.MA.912.AR.1.2,"",n_ukeys=6,n_missing_cqso=1,avg_shipped=0.3715 avg_correct=0.4458
F2_std_summary_zero_poison,Central Florida Preparatory School,AI.MA.912.AR.1.3,"",n_ukeys=16,n_missing_cqso=4,avg_shipped=0.5089 avg_correct=0.6786
F2_std_summary_zero_poison,Central Florida Preparatory School,AI.MA.912.AR.2.4,"",n_ukeys=11,n_missing_cqso=3,avg_shipped=0.3477 avg_correct=0.4781
F2_std_summary_zero_poison,Central Florida Preparatory School,AI.MA.912.AR.2.5,"",n_ukeys=14,n_missing_cqso=5,avg_shipped=0.3598 avg_correct=0.5598
F2_std_summary_zero_poison,Central Florida Preparatory School,AI.MA.912.AR.2.6,"",n_ukeys=7,n_missing_cqso=3,avg_shipped=0.2341 avg_correct=0.4097
F2_std_summary_zero_poison,Central Florida Preparatory School,AI.MA.912.AR.3.1,"",n_ukeys=22,n_missing_cqso=10,avg_shipped=0.1405 avg_correct=0.2575
F2_std_summary_zero_poison,Central Florida Preparatory School,AI.MA.912.AR.3.8,"",n_ukeys=6,n_missing_cqso=3,avg_shipped=0.1895 avg_correct=0.3791
F2_std_summary_zero_poison,Central Florida Preparatory School,AI.MA.912.AR.9.1,"",n_ukeys=19,n_missing_cqso=6,avg_shipped=0.3628 avg_correct=0.5302
F2_std_summary_zero_poison,Central Florida Preparatory School,AI.MA.912.F.1.2,"",n_ukeys=6,n_missing_cqso=1,avg_shipped=0.4897 avg_correct=0.5877
F2_std_summary_zero_poison,Central Florida Preparatory School,AI.MA.912.FL.3.2,"",n_ukeys=8,n_missing_cqso=5,avg_shipped=0.2134 avg_correct=0.5691
F2_std_summary_zero_poison,Central Florida Preparatory School,ELA.1.R.2.1,"",n_ukeys=28,n_missing_cqso=1,avg_shipped=0.7408 avg_correct=0.7683
F2_std_summary_zero_poison,Central Florida Preparatory School,ELA.1.R.2.2,"",n_ukeys=28,n_missing_cqso=1,avg_shipped=0.7763 avg_correct=0.8051
F2_std_summary_zero_poison,Central Florida Preparatory School,ELA.1.V.1.1,"",n_ukeys=9,n_missing_cqso=3,avg_shipped=0.5027 avg_correct=0.7540
F2_std_summary_zero_poison,Central Florida Preparatory School,ELA.1.V.1.3,"",n_ukeys=45,n_missing_cqso=3,avg_shipped=0.7462 avg_correct=0.7995
F2_std_summary_zero_poison,Central Florida Preparatory School,ELA.2.R.2.2,"",n_ukeys=26,n_missing_cqso=2,avg_shipped=0.6746 avg_correct=0.7309
F2_std_summary_zero_poison,Central Florida Preparatory School,ELA.3.R.1.1,"",n_ukeys=19,n_missing_cqso=2,avg_shipped=0.5337 avg_correct=0.5965
F2_std_summary_zero_poison,Central Florida Preparatory School,ELA.3.R.2.1,"",n_ukeys=53,n_missing_cqso=7,avg_shipped=0.6254 avg_correct=0.7206
F2_std_summary_zero_poison,Central Florida Preparatory School,ELA.3.R.3.3,"",n_ukeys=13,n_missing_cqso=2,avg_shipped=0.3471 avg_correct=0.4103
F2_std_summary_zero_poison,Central Florida Preparatory School,ELA.4.R.2.4,"",n_ukeys=6,n_missing_cqso=1,avg_shipped=0.5038 avg_correct=0.6046
F2_std_summary_zero_poison,Central Florida Preparatory School,ELA.5.R.2.4,"",n_ukeys=4,n_missing_cqso=1,avg_shipped=0.5901 avg_correct=0.7868
F2_std_summary_zero_poison,Central Florida Preparatory School,ELA.8.R.2,"",n_ukeys=21,n_missing_cqso=2,avg_shipped=0.4940 avg_correct=0.5460
F2_std_summary_zero_poison,Central Florida Preparatory School,ELA.8.R.2.1,"",n_ukeys=23,n_missing_cqso=1,avg_shipped=0.5983 avg_correct=0.6255
F2_std_summary_zero_poison,Central Florida Preparatory School,ELA.8.R.2.2,"",n_ukeys=23,n_missing_cqso=2,avg_shipped=0.5256 avg_correct=0.5757
F2_std_summary_zero_poison,Central Florida Preparatory School,ELA.8.R.3.4,"",n_ukeys=9,n_missing_cqso=1,avg_shipped=0.5178 avg_correct=0.5825
F2_std_summary_zero_poison,Central Florida Preparatory School,ELA.9.V.1.2,"",n_ukeys=6,n_missing_cqso=1,avg_shipped=0.5276 avg_correct=0.6332
F2_std_summary_zero_poison,Central Florida Preparatory School,ELA.9.V.1.3,"",n_ukeys=9,n_missing_cqso=1,avg_shipped=0.5287 avg_correct=0.5947
F2_std_summary_zero_poison,Central Florida Preparatory School,ELA.K12.EE.2.1,"",n_ukeys=85,n_missing_cqso=1,avg_shipped=0.7355 avg_correct=0.7443
F2_std_summary_zero_poison,Central Florida Preparatory School,G.MA.912.GR.1.3,"",n_ukeys=29,n_missing_cqso=6,avg_shipped=0.5099 avg_correct=0.6429
F2_std_summary_zero_poison,Central Florida Preparatory School,MA.1.AR.1.1,"",n_ukeys=20,n_missing_cqso=3,avg_shipped=0.7077 avg_correct=0.8326
F2_std_summary_zero_poison,Central Florida Preparatory School,MA.1.AR.1.2,"",n_ukeys=20,n_missing_cqso=1,avg_shipped=0.8328 avg_correct=0.8767
F2_std_summary_zero_poison,Central Florida Preparatory School,MA.1.AR.2.1,"",n_ukeys=4,n_missing_cqso=2,avg_shipped=0.4175 avg_correct=0.8349
F2_std_summary_zero_poison,Central Florida Preparatory School,MA.1.AR.2.2,"",n_ukeys=2,n_missing_cqso=1,avg_shipped=0.4043 avg_correct=0.8086
F2_std_summary_zero_poison,Central Florida Preparatory School,MA.1.AR.2.3,"",n_ukeys=11,n_missing_cqso=3,avg_shipped=0.6225 avg_correct=0.8560
F2_std_summary_zero_poison,Central Florida Preparatory School,MA.1.GR.1.1,"",n_ukeys=8,n_missing_cqso=2,avg_shipped=0.7115 avg_correct=0.9487
F2_std_summary_zero_poison,Central Florida Preparatory School,MA.1.M.2.1,"",n_ukeys=10,n_missing_cqso=2,avg_shipped=0.6609 avg_correct=0.8262
F2_std_summary_zero_poison,Central Florida Preparatory School,MA.1.NSO.2,"",n_ukeys=8,n_missing_cqso=3,avg_shipped=0.5346 avg_correct=0.8554
F2_std_summary_zero_poison,Central Florida Preparatory School,MA.1.NSO.2.1,"",n_ukeys=4,n_missing_cqso=2,avg_shipped=0.3711 avg_correct=0.7422
F2_std_summary_zero_poison,Central Florida Preparatory School,MA.1.NSO.2.2,"",n_ukeys=57,n_missing_cqso=11,avg_shipped=0.6993 avg_correct=0.8665
F2_std_summary_zero_poison,Central Florida Preparatory School,MA.2.AR.2.1,"",n_ukeys=16,n_missing_cqso=9,avg_shipped=0.3207 avg_correct=0.7329
F2_std_summary_zero_poison,Central Florida Preparatory School,MA.2.AR.2.2,"",n_ukeys=17,n_missing_cqso=8,avg_shipped=0.3830 avg_correct=0.7235
F2_std_summary_zero_poison,Central Florida Preparatory School,MA.2.AR.3.1,"",n_ukeys=8,n_missing_cqso=2,avg_shipped=0.5567 avg_correct=0.7422
F2_std_summary_zero_poison,Central Florida Preparatory School,MA.2.GR.1.2,"",n_ukeys=3,n_missing_cqso=2,avg_shipped=0.3152 avg_correct=0.9457
F2_std_summary_zero_poison,Central Florida Preparatory School,MA.2.M.1.1,"",n_ukeys=22,n_missing_cqso=5,avg_shipped=0.6453 avg_correct=0.8352
F2_std_summary_zero_poison,Central Florida Preparatory School,MA.2.M.1.2,"",n_ukeys=6,n_missing_cqso=1,avg_shipped=0.7694 avg_correct=0.9233
F2_std_summary_zero_poison,Central Florida Preparatory School,MA.2.M.1.3,"",n_ukeys=8,n_missing_cqso=1,avg_shipped=0.6599 avg_correct=0.7542
F2_std_summary_zero_poison,Central Florida Preparatory School,MA.2.M.2.1,"",n_ukeys=15,n_missing_cqso=5,avg_shipped=0.5630 avg_correct=0.8445
F2_std_summary_zero_poison,Central Florida Preparatory School,MA.2.NSO.1.1,"",n_ukeys=20,n_missing_cqso=11,avg_shipped=0.2371 avg_correct=0.5268
F2_std_summary_zero_poison,Central Florida Preparatory School,MA.2.NSO.1.2,"",n_ukeys=34,n_missing_cqso=17,avg_shipped=0.2798 avg_correct=0.5595
F2_std_summary_zero_poison,Central Florida Preparatory School,MA.2.NSO.1.3,"",n_ukeys=4,n_missing_cqso=2,avg_shipped=0.3667 avg_correct=0.7333
F2_std_summary_zero_poison,Central Florida Preparatory School,MA.2.NSO.2,"",n_ukeys=60,n_missing_cqso=22,avg_shipped=0.4991 avg_correct=0.7881
F2_std_summary_zero_poison,Central Florida Preparatory School,MA.3.AR.1.1,"",n_ukeys=13,n_missing_cqso=2,avg_shipped=0.5520 avg_correct=0.6524
F2_std_summary_zero_poison,Central Florida Preparatory School,MA.3.AR.1.2,"",n_ukeys=26,n_missing_cqso=5,avg_shipped=0.5961 avg_correct=0.7380
F2_std_summary_zero_poison,Central Florida Preparatory School,MA.3.AR.2.1,"",n_ukeys=3,n_missing_cqso=1,avg_shipped=0.5718 avg_correct=0.8577
F2_std_summary_zero_poison,Central Florida Preparatory School,MA.3.AR.2.2,"",n_ukeys=3,n_missing_cqso=1,avg_shipped=0.6042 avg_correct=0.9063
F2_std_summary_zero_poison,Central Florida Preparatory School,MA.3.AR.2.3,"",n_ukeys=15,n_missing_cqso=5,avg_shipped=0.5378 avg_correct=0.8067
F2_std_summary_zero_poison,Central Florida Preparatory School,MA.3.AR.3,"",n_ukeys=8,n_missing_cqso=3,avg_shipped=0.5590 avg_correct=0.8944
F2_std_summary_zero_poison,Central Florida Preparatory School,MA.3.AR.3.3,"",n_ukeys=9,n_missing_cqso=4,avg_shipped=0.4832 avg_correct=0.8698
F2_std_summary_zero_poison,Central Florida Preparatory School,MA.3.FR.1.3,"",n_ukeys=7,n_missing_cqso=1,avg_shipped=0.6997 avg_correct=0.8164
F2_std_summary_zero_poison,Central Florida Preparatory School,MA.3.FR.2.1,"",n_ukeys=12,n_missing_cqso=3,avg_shipped=0.5234 avg_correct=0.6979
F2_std_summary_zero_poison,Central Florida Preparatory School,MA.3.GR.2.1,"",n_ukeys=6,n_missing_cqso=1,avg_shipped=0.5880 avg_correct=0.7056
F2_std_summary_zero_poison,Central Florida Preparatory School,MA.3.GR.2.2,"",n_ukeys=3,n_missing_cqso=1,avg_shipped=0.5602 avg_correct=0.8402
F2_std_summary_zero_poison,Central Florida Preparatory School,MA.3.GR.2.3,"",n_ukeys=13,n_missing_cqso=3,avg_shipped=0.5551 avg_correct=0.7216
F2_std_summary_zero_poison,Central Florida Preparatory School,MA.3.GR.2.4,"",n_ukeys=8,n_missing_cqso=2,avg_shipped=0.5183 avg_correct=0.6910
F2_std_summary_zero_poison,Central Florida Preparatory School,MA.3.M.2.1,"",n_ukeys=10,n_missing_cqso=2,avg_shipped=0.6277 avg_correct=0.7846
F2_std_summary_zero_poison,Central Florida Preparatory School,MA.3.M.2.2,"",n_ukeys=16,n_missing_cqso=9,avg_shipped=0.2902 avg_correct=0.6633
F2_std_summary_zero_poison,Central Florida Preparatory School,MA.3.NSO.2.1,"",n_ukeys=15,n_missing_cqso=3,avg_shipped=0.4189 avg_correct=0.5237
F2_std_summary_zero_poison,Central Florida Preparatory School,MA.3.NSO.2.2,"",n_ukeys=45,n_missing_cqso=11,avg_shipped=0.6664 avg_correct=0.8821
F2_std_summary_zero_poison,Central Florida Preparatory School,MA.3.NSO.2.3,"",n_ukeys=11,n_missing_cqso=4,avg_shipped=0.5194 avg_correct=0.8161
F2_std_summary_zero_poison,Central Florida Preparatory School,MA.3.NSO.2.4,"",n_ukeys=34,n_missing_cqso=11,avg_shipped=0.5693 avg_correct=0.8416
F2_std_summary_zero_poison,Central Florida Preparatory School,MA.4.AR.1.1,"",n_ukeys=10,n_missing_cqso=1,avg_shipped=0.5247 avg_correct=0.5830
F2_std_summary_zero_poison,Central Florida Preparatory School,MA.4.AR.1.3,"",n_ukeys=15,n_missing_cqso=5,avg_shipped=0.4650 avg_correct=0.6975
F2_std_summary_zero_poison,Central Florida Preparatory School,MA.4.AR.2.1,"",n_ukeys=3,n_missing_cqso=1,avg_shipped=0.4842 avg_correct=0.7263
F2_std_summary_zero_poison,Central Florida Preparatory School,MA.4.AR.3.1,"",n_ukeys=19,n_missing_cqso=6,avg_shipped=0.4650 avg_correct=0.6796
F2_std_summary_zero_poison,Central Florida Preparatory School,MA.4.FR.1.3,"",n_ukeys=15,n_missing_cqso=8,avg_shipped=0.3398 avg_correct=0.7282
F2_std_summary_zero_poison,Central Florida Preparatory School,MA.4.FR.1.4,"",n_ukeys=18,n_missing_cqso=6,avg_shipped=0.4743 avg_correct=0.7115
F2_std_summary_zero_poison,Central Florida Preparatory School,MA.4.GR.2.1,"",n_ukeys=13,n_missing_cqso=5,avg_shipped=0.3806 avg_correct=0.6185
F2_std_summary_zero_poison,Central Florida Preparatory School,MA.4.GR.2.2,"",n_ukeys=6,n_missing_cqso=2,avg_shipped=0.3841 avg_correct=0.5762
F2_std_summary_zero_poison,Central Florida Preparatory School,MA.4.NSO.1.2,"",n_ukeys=8,n_missing_cqso=3,avg_shipped=0.5150 avg_correct=0.8239
F2_std_summary_zero_poison,Central Florida Preparatory School,MA.4.NSO.1.3,"",n_ukeys=15,n_missing_cqso=6,avg_shipped=0.4817 avg_correct=0.8028
F2_std_summary_zero_poison,Central Florida Preparatory School,MA.4.NSO.1.4,"",n_ukeys=13,n_missing_cqso=5,avg_shipped=0.3711 avg_correct=0.6031
F2_std_summary_zero_poison,Central Florida Preparatory School,MA.4.NSO.2,"",n_ukeys=26,n_missing_cqso=4,avg_shipped=0.5562 avg_correct=0.6574
F2_std_summary_zero_poison,Central Florida Preparatory School,MA.4.NSO.2.1,"",n_ukeys=11,n_missing_cqso=1,avg_shipped=0.7138 avg_correct=0.7852
F2_std_summary_zero_poison,Central Florida Preparatory School,MA.4.NSO.2.2,"",n_ukeys=11,n_missing_cqso=5,avg_shipped=0.3771 avg_correct=0.6913
F2_std_summary_zero_poison,Central Florida Preparatory School,MA.4.NSO.2.5,"",n_ukeys=16,n_missing_cqso=3,avg_shipped=0.4693 avg_correct=0.5776
F2_std_summary_zero_poison,Central Florida Preparatory School,MA.5.AR.1.1,"",n_ukeys=4,n_missing_cqso=2,avg_shipped=0.3391 avg_correct=0.6782
F2_std_summary_zero_poison,Central Florida Preparatory School,MA.5.AR.1.2,"",n_ukeys=27,n_missing_cqso=9,avg_shipped=0.4656 avg_correct=0.6985
F2_std_summary_zero_poison,Central Florida Preparatory School,MA.5.AR.1.3,"",n_ukeys=7,n_missing_cqso=2,avg_shipped=0.5736 avg_correct=0.8030
F2_std_summary_zero_poison,Central Florida Preparatory School,MA.5.AR.2.2,"",n_ukeys=6,n_missing_cqso=1,avg_shipped=0.7516 avg_correct=0.9019
F2_std_summary_zero_poison,Central Florida Preparatory School,MA.5.AR.2.3,"",n_ukeys=2,n_missing_cqso=1,avg_shipped=0.4242 avg_correct=0.8485
F2_std_summary_zero_poison,Central Florida Preparatory School,MA.5.FR.2.1,"",n_ukeys=39,n_missing_cqso=22,avg_shipped=0.3157 avg_correct=0.7243
F2_std_summary_zero_poison,Central Florida Preparatory School,MA.5.FR.2.2,"",n_ukeys=14,n_missing_cqso=5,avg_shipped=0.4218 avg_correct=0.6562
F2_std_summary_zero_poison,Central Florida Preparatory School,MA.5.FR.2.3,"",n_ukeys=9,n_missing_cqso=6,avg_shipped=0.2415 avg_correct=0.7245
F2_std_summary_zero_poison,Central Florida Preparatory School,MA.5.FR.2.4,"",n_ukeys=5,n_missing_cqso=2,avg_shipped=0.5333 avg_correct=0.8889
F2_std_summary_zero_poison,Central Florida Preparatory School,MA.5.GR.1,"",n_ukeys=11,n_missing_cqso=3,avg_shipped=0.5025 avg_correct=0.6909
F2_std_summary_zero_poison,Central Florida Preparatory School,MA.5.GR.1.2,"",n_ukeys=5,n_missing_cqso=3,avg_shipped=0.3903 avg_correct=0.9758
F2_std_summary_zero_poison,Central Florida Preparatory School,MA.5.GR.2.1,"",n_ukeys=16,n_missing_cqso=2,avg_shipped=0.6119 avg_correct=0.6994
F2_std_summary_zero_poison,Central Florida Preparatory School,MA.5.GR.3,"",n_ukeys=12,n_missing_cqso=4,avg_shipped=0.5201 avg_correct=0.7802
F2_std_summary_zero_poison,Central Florida Preparatory School,MA.5.M.2.1,"",n_ukeys=9,n_missing_cqso=3,avg_shipped=0.4094 avg_correct=0.6141
F2_std_summary_zero_poison,Central Florida Preparatory School,MA.5.MAFS.5.NBT.2.7,"",n_ukeys=3,n_missing_cqso=2,avg_shipped=0.1582 avg_correct=0.4745
F2_std_summary_zero_poison,Central Florida Preparatory School,MA.5.NSO.1,"",n_ukeys=6,n_missing_cqso=1,avg_shipped=0.6863 avg_correct=0.8236
F2_std_summary_zero_poison,Central Florida Preparatory School,MA.5.NSO.1.1,"",n_ukeys=2,n_missing_cqso=1,avg_shipped=0.2661 avg_correct=0.5323
F2_std_summary_zero_poison,Central Florida Preparatory School,MA.5.NSO.1.5,"",n_ukeys=7,n_missing_cqso=3,avg_shipped=0.4892 avg_correct=0.8561
F2_std_summary_zero_poison,Central Florida Preparatory School,MA.5.NSO.2,"",n_ukeys=27,n_missing_cqso=8,avg_shipped=0.5774 avg_correct=0.8204
F2_std_summary_zero_poison,Central Florida Preparatory School,MA.5.NSO.2.1,"",n_ukeys=8,n_missing_cqso=3,avg_shipped=0.4977 avg_correct=0.7964
F2_std_summary_zero_poison,Central Florida Preparatory School,MA.5.NSO.2.3,"",n_ukeys=17,n_missing_cqso=5,avg_shipped=0.5138 avg_correct=0.7279
F2_std_summary_zero_poison,Central Florida Preparatory School,MA.5.NSO.2.4,"",n_ukeys=43,n_missing_cqso=14,avg_shipped=0.5179 avg_correct=0.7679
F2_std_summary_zero_poison,Central Florida Preparatory School,MA.5.NSO.2.5,"",n_ukeys=10,n_missing_cqso=4,avg_shipped=0.4791 avg_correct=0.7984
F2_std_summary_zero_poison,Central Florida Preparatory School,MA.6.AR.3.2,"",n_ukeys=7,n_missing_cqso=3,avg_shipped=0.4980 avg_correct=0.8715
F2_std_summary_zero_poison,Central Florida Preparatory School,MA.6.AR.3.4,"",n_ukeys=17,n_missing_cqso=6,avg_shipped=0.4334 avg_correct=0.6698
F2_std_summary_zero_poison,Central Florida Preparatory School,MA.6.GR.1.1,"",n_ukeys=4,n_missing_cqso=3,avg_shipped=0.1932 avg_correct=0.7727
F2_std_summary_zero_poison,Central Florida Preparatory School,MA.6.GR.1.3,"",n_ukeys=2,n_missing_cqso=1,avg_shipped=0.1818 avg_correct=0.3636
F2_std_summary_zero_poison,Central Florida Preparatory School,MA.6.NSO.2,"",n_ukeys=6,n_missing_cqso=2,avg_shipped=0.0000 avg_correct=0.0000
F2_std_summary_zero_poison,Central Florida Preparatory School,MA.6.NSO.4.1,"",n_ukeys=28,n_missing_cqso=18,avg_shipped=0.1183 avg_correct=0.3313
F2_std_summary_zero_poison,Central Florida Preparatory School,MA.7.AR.2.1,"",n_ukeys=9,n_missing_cqso=3,avg_shipped=0.4516 avg_correct=0.6774
F2_std_summary_zero_poison,Central Florida Preparatory School,MA.7.AR.2.2,"",n_ukeys=8,n_missing_cqso=3,avg_shipped=0.4950 avg_correct=0.7919
F2_std_summary_zero_poison,Central Florida Preparatory School,MA.7.AR.3.1,"",n_ukeys=9,n_missing_cqso=1,avg_shipped=0.5660 avg_correct=0.6367
F2_std_summary_zero_poison,Central Florida Preparatory School,MA.7.AR.3.2,"",n_ukeys=4,n_missing_cqso=1,avg_shipped=0.4282 avg_correct=0.5709
F2_std_summary_zero_poison,Central Florida Preparatory School,MA.7.DP.1.2,"",n_ukeys=7,n_missing_cqso=4,avg_shipped=0.3431 avg_correct=0.8005
F2_std_summary_zero_poison,Central Florida Preparatory School,MA.7.DP.1.4,"",n_ukeys=4,n_missing_cqso=3,avg_shipped=0.2083 avg_correct=0.8333
F2_std_summary_zero_poison,Central Florida Preparatory School,MA.8.AR.1.1,"",n_ukeys=7,n_missing_cqso=3,avg_shipped=0.3839 avg_correct=0.6719
F2_std_summary_zero_poison,Central Florida Preparatory School,MA.8.AR.1.2,"",n_ukeys=3,n_missing_cqso=1,avg_shipped=0.4948 avg_correct=0.7422
F2_std_summary_zero_poison,Central Florida Preparatory School,MA.8.AR.1.3,"",n_ukeys=4,n_missing_cqso=2,avg_shipped=0.3620 avg_correct=0.7240
F2_std_summary_zero_poison,Central Florida Preparatory School,MA.8.AR.2.2,"",n_ukeys=14,n_missing_cqso=3,avg_shipped=0.4830 avg_correct=0.6147
F2_std_summary_zero_poison,Central Florida Preparatory School,MA.8.AR.2.3,"",n_ukeys=5,n_missing_cqso=2,avg_shipped=0.5448 avg_correct=0.9080
F2_std_summary_zero_poison,Central Florida Preparatory School,MA.8.F.1.3,"",n_ukeys=10,n_missing_cqso=4,avg_shipped=0.4226 avg_correct=0.7043
F2_std_summary_zero_poison,Central Florida Preparatory School,MA.8.GR.2.3,"",n_ukeys=9,n_missing_cqso=1,avg_shipped=0.6207 avg_correct=0.6983
F2_std_summary_zero_poison,Central Florida Preparatory School,MA.8.NSO.1.1,"",n_ukeys=8,n_missing_cqso=1,avg_shipped=0.6077 avg_correct=0.6945
F2_std_summary_zero_poison,Central Florida Preparatory School,MA.8.NSO.1.2,"",n_ukeys=9,n_missing_cqso=1,avg_shipped=0.4695 avg_correct=0.5282
F2_std_summary_zero_poison,Central Florida Preparatory School,MA.912.AR.1.4,"",n_ukeys=5,n_missing_cqso=2,avg_shipped=0.2848 avg_correct=0.4746
F2_std_summary_zero_poison,Central Florida Preparatory School,MA.912.AR.1.6,"",n_ukeys=8,n_missing_cqso=4,avg_shipped=0.2552 avg_correct=0.5104
F2_std_summary_zero_poison,Central Florida Preparatory School,MA.912.AR.1.7,"",n_ukeys=12,n_missing_cqso=4,avg_shipped=0.3194 avg_correct=0.4792
F2_std_summary_zero_poison,Central Florida Preparatory School,MA.912.AR.2.1,"",n_ukeys=16,n_missing_cqso=5,avg_shipped=0.2917 avg_correct=0.4242
F2_std_summary_zero_poison,Central Florida Preparatory School,MA.912.AR.2.2,"",n_ukeys=7,n_missing_cqso=4,avg_shipped=0.1429 avg_correct=0.3333
F2_std_summary_zero_poison,Central Florida Preparatory School,MA.912.AR.2.3,"",n_ukeys=5,n_missing_cqso=2,avg_shipped=0.2510 avg_correct=0.4183
F2_std_summary_zero_poison,Central Florida Preparatory School,MA.912.AR.3.2,"",n_ukeys=7,n_missing_cqso=3,avg_shipped=0.1429 avg_correct=0.2500
F2_std_summary_zero_poison,Central Florida Preparatory School,MA.912.AR.3.4,"",n_ukeys=13,n_missing_cqso=9,avg_shipped=0.0935 avg_correct=0.3039
F2_std_summary_zero_poison,Central Florida Preparatory School,MA.912.AR.3.9,"",n_ukeys=3,n_missing_cqso=1,avg_shipped=0.3750 avg_correct=0.5625
F2_std_summary_zero_poison,Central Florida Preparatory School,MA.912.AR.4.3,"",n_ukeys=18,n_missing_cqso=9,avg_shipped=0.2679 avg_correct=0.5357
F2_std_summary_zero_poison,Central Florida Preparatory School,MA.912.AR.6.1,"",n_ukeys=4,n_missing_cqso=2,avg_shipped=0.2708 avg_correct=0.5417
F2_std_summary_zero_poison,Central Florida Preparatory School,MA.912.AR.6.5,"",n_ukeys=8,n_missing_cqso=3,avg_shipped=0.3574 avg_correct=0.5719
F2_std_summary_zero_poison,Central Florida Preparatory School,MA.912.F.1.8,"",n_ukeys=9,n_missing_cqso=1,avg_shipped=0.5915 avg_correct=0.6654
F2_std_summary_zero_poison,Central Florida Preparatory School,MA.912.F.2.1,"",n_ukeys=11,n_missing_cqso=5,avg_shipped=0.3803 avg_correct=0.6971
F2_std_summary_zero_poison,Central Florida Preparatory School,MA.912.F.3.2,"",n_ukeys=6,n_missing_cqso=4,avg_shipped=0.0903 avg_correct=0.2708
F2_std_summary_zero_poison,Central Florida Preparatory School,MA.912.FL.3.4,"",n_ukeys=6,n_missing_cqso=5,avg_shipped=0.1032 avg_correct=0.6191
F2_std_summary_zero_poison,Central Florida Preparatory School,MA.912.GR.1.2,"",n_ukeys=11,n_missing_cqso=1,avg_shipped=0.4959 avg_correct=0.5455
F2_std_summary_zero_poison,Central Florida Preparatory School,MA.912.GR.2.2,"",n_ukeys=2,n_missing_cqso=1,avg_shipped=0.2222 avg_correct=0.4444
F2_std_summary_zero_poison,Central Florida Preparatory School,MA.912.GR.2.3,"",n_ukeys=7,n_missing_cqso=2,avg_shipped=0.4539 avg_correct=0.6354
F2_std_summary_zero_poison,Central Florida Preparatory School,MA.912.GR.2.5,"",n_ukeys=18,n_missing_cqso=9,avg_shipped=0.2216 avg_correct=0.4431
F2_std_summary_zero_poison,Central Florida Preparatory School,MA.912.GR.2.8,"",n_ukeys=3,n_missing_cqso=2,avg_shipped=0.0370 avg_correct=0.1111
F2_std_summary_zero_poison,Central Florida Preparatory School,MA.912.GR.5.2,"",n_ukeys=3,n_missing_cqso=2,avg_shipped=0.1407 avg_correct=0.4222
F2_std_summary_zero_poison,Central Florida Preparatory School,MA.912.GR.5.3,"",n_ukeys=7,n_missing_cqso=4,avg_shipped=0.1984 avg_correct=0.4630
F2_std_summary_zero_poison,Central Florida Preparatory School,MA.912.GR.6.3,"",n_ukeys=6,n_missing_cqso=2,avg_shipped=0.4870 avg_correct=0.7306
F2_std_summary_zero_poison,Central Florida Preparatory School,MA.912.GR.7.2,"",n_ukeys=6,n_missing_cqso=3,avg_shipped=0.2222 avg_correct=0.4444
F2_std_summary_zero_poison,Central Florida Preparatory School,MA.912.T.1.2,"",n_ukeys=15,n_missing_cqso=1,avg_shipped=0.6047 avg_correct=0.6478
F2_std_summary_zero_poison,Central Florida Preparatory School,MA.K12.MTR.7.1,"",n_ukeys=21,n_missing_cqso=5,avg_shipped=0.4799 avg_correct=0.6299
F2_std_summary_zero_poison,Central Florida Preparatory School,Other,"",n_ukeys=124,n_missing_cqso=10,avg_shipped=0.6867 avg_correct=0.7530
F2_std_summary_zero_poison,Central Florida Preparatory School,SC.2.P.13.1,"",n_ukeys=12,n_missing_cqso=1,avg_shipped=0.7553 avg_correct=0.8240
F2_std_summary_zero_poison,Central Florida Preparatory School,SC.2.P.13.3,"",n_ukeys=3,n_missing_cqso=1,avg_shipped=0.4788 avg_correct=0.7182
F2_std_summary_zero_poison,Central Florida Preparatory School,SC.2.P.8.1,"",n_ukeys=14,n_missing_cqso=2,avg_shipped=0.8228 avg_correct=0.9599
F2_std_summary_zero_poison,Central Florida Preparatory School,SC.4.L.17.2,"",n_ukeys=10,n_missing_cqso=4,avg_shipped=0.4082 avg_correct=0.6803
F2_std_summary_zero_poison,Central Florida Preparatory School,SC.4.L.17.4,"",n_ukeys=14,n_missing_cqso=2,avg_shipped=0.4797 avg_correct=0.5597
F2_std_summary_zero_poison,Central Florida Preparatory School,SC.5.P.13.4,"",n_ukeys=5,n_missing_cqso=1,avg_shipped=0.5421 avg_correct=0.6776
F2_std_summary_zero_poison,Central Florida Preparatory School,SC.6.E.6.1,"",n_ukeys=5,n_missing_cqso=4,avg_shipped=0.0907 avg_correct=0.4537
F2_std_summary_zero_poison,Central Florida Preparatory School,SC.6.E.7.3,"",n_ukeys=13,n_missing_cqso=2,avg_shipped=0.6273 avg_correct=0.7414
F2_std_summary_zero_poison,Central Florida Preparatory School,SC.6.E.7.4,"",n_ukeys=17,n_missing_cqso=3,avg_shipped=0.6000 avg_correct=0.7286
F2_std_summary_zero_poison,Central Florida Preparatory School,SC.6.E.7.5,"",n_ukeys=11,n_missing_cqso=2,avg_shipped=0.5917 avg_correct=0.7232
F2_std_summary_zero_poison,Central Florida Preparatory School,SC.6.L.14.3,"",n_ukeys=2,n_missing_cqso=1,avg_shipped=0.4375 avg_correct=0.8750
F2_std_summary_zero_poison,Central Florida Preparatory School,SC.6.L.15.1,"",n_ukeys=10,n_missing_cqso=2,avg_shipped=0.7096 avg_correct=0.8870
F2_std_summary_zero_poison,Central Florida Preparatory School,SC.6.N.3.4,"",n_ukeys=11,n_missing_cqso=3,avg_shipped=0.4758 avg_correct=0.6543
F2_std_summary_zero_poison,Central Florida Preparatory School,SC.7.E.6.1,"",n_ukeys=6,n_missing_cqso=3,avg_shipped=0.4316 avg_correct=0.8632
F2_std_summary_zero_poison,Central Florida Preparatory School,SC.7.E.6.2,"",n_ukeys=17,n_missing_cqso=2,avg_shipped=0.6110 avg_correct=0.6925
F2_std_summary_zero_poison,Central Florida Preparatory School,SC.7.E.6.5,"",n_ukeys=17,n_missing_cqso=3,avg_shipped=0.5913 avg_correct=0.7180
F2_std_summary_zero_poison,Central Florida Preparatory School,SC.7.L.15.2,"",n_ukeys=10,n_missing_cqso=1,avg_shipped=0.8273 avg_correct=0.9192
F2_std_summary_zero_poison,Central Florida Preparatory School,SC.7.L.15.3,"",n_ukeys=4,n_missing_cqso=1,avg_shipped=0.5951 avg_correct=0.7935
F2_std_summary_zero_poison,Central Florida Preparatory School,SC.7.L.16.3,"",n_ukeys=2,n_missing_cqso=1,avg_shipped=0.4750 avg_correct=0.9500
F2_std_summary_zero_poison,Central Florida Preparatory School,SC.7.L.17.1,"",n_ukeys=11,n_missing_cqso=3,avg_shipped=0.6309 avg_correct=0.8675
F2_std_summary_zero_poison,Central Florida Preparatory School,SC.7.L.17.2,"",n_ukeys=5,n_missing_cqso=1,avg_shipped=0.6761 avg_correct=0.8451
F2_std_summary_zero_poison,Central Florida Preparatory School,SC.7.N.1.1,"",n_ukeys=8,n_missing_cqso=2,avg_shipped=0.5766 avg_correct=0.7688
F2_std_summary_zero_poison,Central Florida Preparatory School,SC.7.N.3.1,"",n_ukeys=2,n_missing_cqso=1,avg_shipped=0.3790 avg_correct=0.7581
F2_std_summary_zero_poison,Central Florida Preparatory School,SC.7.P.11.1,"",n_ukeys=22,n_missing_cqso=4,avg_shipped=0.7858 avg_correct=0.9604
F2_std_summary_zero_poison,Central Florida Preparatory School,SC.8.N.1.1,"",n_ukeys=7,n_missing_cqso=1,avg_shipped=0.6042 avg_correct=0.7049
F2_std_summary_zero_poison,Central Florida Preparatory School,SC.8.P.8.1,"",n_ukeys=10,n_missing_cqso=1,avg_shipped=0.8083 avg_correct=0.8981
F2_std_summary_zero_poison,Central Florida Preparatory School,SC.8.P.8.2,"",n_ukeys=9,n_missing_cqso=1,avg_shipped=0.7704 avg_correct=0.8667
F2_std_summary_zero_poison,Central Florida Preparatory School,SC.912.E.5.2,"",n_ukeys=5,n_missing_cqso=1,avg_shipped=0.5367 avg_correct=0.6708
F2_std_summary_zero_poison,Central Florida Preparatory School,SC.912.E.5.6,"",n_ukeys=18,n_missing_cqso=5,avg_shipped=0.4753 avg_correct=0.6581
F2_std_summary_zero_poison,Central Florida Preparatory School,SC.912.N.3.5,"",n_ukeys=16,n_missing_cqso=4,avg_shipped=0.5768 avg_correct=0.7691
F2_std_summary_zero_poison,Central Florida Preparatory School,SC.912.P.10.1,"",n_ukeys=18,n_missing_cqso=4,avg_shipped=0.6035 avg_correct=0.7759
F2_std_summary_zero_poison,Central Florida Preparatory School,SC.912.P.10.2,"",n_ukeys=13,n_missing_cqso=2,avg_shipped=0.6838 avg_correct=0.8081
F2_std_summary_zero_poison,Central Florida Preparatory School,SC.912.P.12.3,"",n_ukeys=13,n_missing_cqso=4,avg_shipped=0.5411 avg_correct=0.7816
F2_std_summary_zero_poison,Central Florida Preparatory School,SCI.2.SC.2.N.1.1,"",n_ukeys=17,n_missing_cqso=1,avg_shipped=0.7390 avg_correct=0.7852
F2_std_summary_zero_poison,Central Florida Preparatory School,SCI.2.SC.2.P.13.2,"",n_ukeys=9,n_missing_cqso=2,avg_shipped=0.7114 avg_correct=0.9146
F2_std_summary_zero_poison,Central Florida Preparatory School,SCI.2.SC.2.P.13.4,"",n_ukeys=9,n_missing_cqso=2,avg_shipped=0.6191 avg_correct=0.7959
F2_std_summary_zero_poison,Central Florida Preparatory School,SCI.4.SC.4.L.17.1,"",n_ukeys=8,n_missing_cqso=4,avg_shipped=0.3783 avg_correct=0.7566
F2_std_summary_zero_poison,Central Florida Preparatory School,SCI.4.SC.4.L.17.3,"",n_ukeys=8,n_missing_cqso=2,avg_shipped=0.5598 avg_correct=0.7464
F2_std_summary_zero_poison,Central Florida Preparatory School,SCI.5.SC.5.P.11.1,"",n_ukeys=19,n_missing_cqso=10,avg_shipped=0.3844 avg_correct=0.8116
F2_std_summary_zero_poison,Central Florida Preparatory School,SCI.5.SC.5.P.11.2,"",n_ukeys=1,n_missing_cqso=1,
F2_std_summary_zero_poison,Central Florida Preparatory School,SCI.6.SC.6.E.6.2,"",n_ukeys=5,n_missing_cqso=4,avg_shipped=0.0907 avg_correct=0.4537
F2_std_summary_zero_poison,Central Florida Preparatory School,SCI.6.SC.6.E.7.1,"",n_ukeys=7,n_missing_cqso=3,avg_shipped=0.4098 avg_correct=0.7171
F2_std_summary_zero_poison,Central Florida Preparatory School,SCI.7.SC.7.L.15.1,"",n_ukeys=15,n_missing_cqso=2,avg_shipped=0.7654 avg_correct=0.8831
F2_std_summary_zero_poison,Central Florida Preparatory School,SCI.7.SC.7.L.16.1,"",n_ukeys=25,n_missing_cqso=3,avg_shipped=0.7047 avg_correct=0.8008
F2_std_summary_zero_poison,Central Florida Preparatory School,SCI.7.SC.7.P.10.1,"",n_ukeys=7,n_missing_cqso=3,avg_shipped=0.3535 avg_correct=0.6186
F2_std_summary_zero_poison,Central Florida Preparatory School,SCI.7.SC.7.P.10.2,"",n_ukeys=6,n_missing_cqso=1,avg_shipped=0.7767 avg_correct=0.9320
F2_std_summary_zero_poison,Central Florida Preparatory School,SCI.7.SC.7.P.11.2,"",n_ukeys=4,n_missing_cqso=1,avg_shipped=0.7333 avg_correct=0.9778
F2_std_summary_zero_poison,Central Florida Preparatory School,SCI.7.SC.7.P.11.3,"",n_ukeys=2,n_missing_cqso=1,avg_shipped=0.4667 avg_correct=0.9333
F2_std_summary_zero_poison,Central Florida Preparatory School,SCI.7.SC.7.P.11.4,"",n_ukeys=8,n_missing_cqso=4,avg_shipped=0.4716 avg_correct=0.9433
F2_std_summary_zero_poison,Central Florida Preparatory School,SCI.8.SC.8.N.3.1,"",n_ukeys=16,n_missing_cqso=3,avg_shipped=0.6504 avg_correct=0.8005
F2_std_summary_zero_poison,Central Florida Preparatory School,SCI.8.SC.8.P.8.3,"",n_ukeys=7,n_missing_cqso=1,avg_shipped=0.6259 avg_correct=0.7302
F2_std_summary_zero_poison,Central Florida Preparatory School,SCI.8.SC.8.P.8.5,"",n_ukeys=7,n_missing_cqso=2,avg_shipped=0.5619 avg_correct=0.7867
F2_std_summary_zero_poison,Central Florida Preparatory School,SCI.8.SC.8.P.8.9,"",n_ukeys=3,n_missing_cqso=1,avg_shipped=0.6426 avg_correct=0.9639
F2_std_summary_zero_poison,Central Florida Preparatory School,SCI.9-12.SC.912.N.1.1.5,"",n_ukeys=9,n_missing_cqso=2,avg_shipped=0.6352 avg_correct=0.8167
F2_std_summary_zero_poison,Central Florida Preparatory School,SCI.9-12.SC.912.N.1.2,"",n_ukeys=31,n_missing_cqso=4,avg_shipped=0.6316 avg_correct=0.7251
F2_std_summary_zero_poison,Central Florida Preparatory School,SOC.6.SS.6.W.4.11,"",n_ukeys=6,n_missing_cqso=1,avg_shipped=0.5622 avg_correct=0.6747
F2_std_summary_zero_poison,Central Florida Preparatory School,SOC.8.SS.8.A.1.2,"",n_ukeys=2,n_missing_cqso=1,avg_shipped=0.4615 avg_correct=0.9231
F2_std_summary_zero_poison,Central Florida Preparatory School,SOC.8.SS.8.A.3.10,"",n_ukeys=15,n_missing_cqso=1,avg_shipped=0.7885 avg_correct=0.8448
F2_std_summary_zero_poison,Central Florida Preparatory School,SOC.9-12.SS.912.A.5.11,"",n_ukeys=25,n_missing_cqso=5,avg_shipped=0.6424 avg_correct=0.8029
F2_std_summary_zero_poison,Central Florida Preparatory School,SOC.9-12.SS.912.A.6.11,"",n_ukeys=40,n_missing_cqso=1,avg_shipped=0.8055 avg_correct=0.8262
F2_std_summary_zero_poison,Central Florida Preparatory School,SOC.9-12.SS.912.A.7.5,"",n_ukeys=7,n_missing_cqso=2,avg_shipped=0.5042 avg_correct=0.7059
F2_std_summary_zero_poison,Central Florida Preparatory School,SOC.9-12.SS.912.A.7.7,"",n_ukeys=6,n_missing_cqso=2,avg_shipped=0.5000 avg_correct=0.7500
F2_std_summary_zero_poison,Central Florida Preparatory School,SOC.9-12.SS.912.W.4.9,"",n_ukeys=4,n_missing_cqso=1,avg_shipped=0.6538 avg_correct=0.8718
F2_std_summary_zero_poison,Central Florida Preparatory School,SOC.9-12.SS.912.W.5.5,"",n_ukeys=2,n_missing_cqso=1,avg_shipped=0.5000 avg_correct=1.0000
F2_std_summary_zero_poison,Central Florida Preparatory School,SS.6.G.4.2,"",n_ukeys=1,n_missing_cqso=1,
F2_std_summary_zero_poison,Central Florida Preparatory School,SS.912.A.4.5,"",n_ukeys=10,n_missing_cqso=2,avg_shipped=0.7039 avg_correct=0.8799
F2_std_summary_zero_poison,Central Florida Preparatory School,SS.912.A.5.2,"",n_ukeys=2,n_missing_cqso=1,avg_shipped=0.4265 avg_correct=0.8529
F2_std_summary_zero_poison,Central Florida Preparatory School,SS.912.A.7.6,"",n_ukeys=6,n_missing_cqso=1,avg_shipped=0.6961 avg_correct=0.8353
F2_std_summary_zero_poison,Central Florida Preparatory School,SS.912.W.5.4,"",n_ukeys=3,n_missing_cqso=1,avg_shipped=0.6667 avg_correct=1.0000
F2_std_summary_zero_poison,Central Florida Preparatory School,SS.912.W.5.6,"",n_ukeys=12,n_missing_cqso=1,avg_shipped=0.8333 avg_correct=0.9091
F2_std_summary_zero_poison,Central Florida Preparatory School,SS.912.W.6.4,"",n_ukeys=17,n_missing_cqso=2,avg_shipped=0.7430 avg_correct=0.8421
F2_std_summary_zero_poison,Crestwell School,ELA.3.C.3.1,"",n_ukeys=130,n_missing_cqso=1,avg_shipped=0.7886 avg_correct=0.7947
F2_std_summary_zero_poison,Crestwell School,ELA.3.R.1.1,"",n_ukeys=33,n_missing_cqso=2,avg_shipped=0.7289 avg_correct=0.7759
F2_std_summary_zero_poison,Crestwell School,ELA.3.R.2.1,"",n_ukeys=51,n_missing_cqso=3,avg_shipped=0.6574 avg_correct=0.6985
F2_std_summary_zero_poison,Crestwell School,ELA.3.V.1.3,"",n_ukeys=51,n_missing_cqso=1,avg_shipped=0.8220 avg_correct=0.8385
F2_std_summary_zero_poison,Crestwell School,ELA.4.C.3.1,"",n_ukeys=142,n_missing_cqso=16,avg_shipped=0.6764 avg_correct=0.7623
F2_std_summary_zero_poison,Crestwell School,ELA.4.R.1.1,"",n_ukeys=32,n_missing_cqso=8,avg_shipped=0.5445 avg_correct=0.7261
F2_std_summary_zero_poison,Crestwell School,ELA.4.R.1.2,"",n_ukeys=17,n_missing_cqso=1,avg_shipped=0.7030 avg_correct=0.7469
F2_std_summary_zero_poison,Crestwell School,ELA.4.R.1.3,"",n_ukeys=13,n_missing_cqso=4,avg_shipped=0.5780 avg_correct=0.8348
F2_std_summary_zero_poison,Crestwell School,ELA.4.R.1.4,"",n_ukeys=5,n_missing_cqso=1,avg_shipped=0.6562 avg_correct=0.8202
F2_std_summary_zero_poison,Crestwell School,ELA.4.R.2.1,"",n_ukeys=58,n_missing_cqso=6,avg_shipped=0.6892 avg_correct=0.7687
F2_std_summary_zero_poison,Crestwell School,ELA.4.R.2.4,"",n_ukeys=20,n_missing_cqso=2,avg_shipped=0.7182 avg_correct=0.7980
F2_std_summary_zero_poison,Crestwell School,ELA.4.R.3.1,"",n_ukeys=45,n_missing_cqso=3,avg_shipped=0.7249 avg_correct=0.7767
F2_std_summary_zero_poison,Crestwell School,ELA.4.V.1.1,"",n_ukeys=2,n_missing_cqso=1,avg_shipped=0.5000 avg_correct=1.0000
F2_std_summary_zero_poison,Crestwell School,ELA.4.V.1.2,"",n_ukeys=43,n_missing_cqso=4,avg_shipped=0.7071 avg_correct=0.7797
F2_std_summary_zero_poison,Crestwell School,ELA.4.V.1.3,"",n_ukeys=58,n_missing_cqso=6,avg_shipped=0.6949 avg_correct=0.7751
F2_std_summary_zero_poison,Crestwell School,ELA.5.C.3.1,"",n_ukeys=73,n_missing_cqso=6,avg_shipped=0.7052 avg_correct=0.7683
F2_std_summary_zero_poison,Crestwell School,ELA.5.R.1.1,"",n_ukeys=12,n_missing_cqso=1,avg_shipped=0.6198 avg_correct=0.6761
F2_std_summary_zero_poison,Crestwell School,ELA.5.R.1.3,"",n_ukeys=5,n_missing_cqso=1,avg_shipped=0.5715 avg_correct=0.7144
F2_std_summary_zero_poison,Crestwell School,ELA.5.R.2.1,"",n_ukeys=32,n_missing_cqso=2,avg_shipped=0.6155 avg_correct=0.6565
F2_std_summary_zero_poison,Crestwell School,ELA.5.R.2.2,"",n_ukeys=21,n_missing_cqso=1,avg_shipped=0.7258 avg_correct=0.7621
F2_std_summary_zero_poison,Crestwell School,ELA.5.R.3.1,"",n_ukeys=10,n_missing_cqso=2,avg_shipped=0.3931 avg_correct=0.4913
F2_std_summary_zero_poison,Crestwell School,ELA.5.V.1.2,"",n_ukeys=20,n_missing_cqso=1,avg_shipped=0.7636 avg_correct=0.8038
F2_std_summary_zero_poison,Crestwell School,ELA.5.V.1.3,"",n_ukeys=24,n_missing_cqso=5,avg_shipped=0.6278 avg_correct=0.7930
F2_std_summary_zero_poison,Crestwell School,ELA.8.R.1.1,"",n_ukeys=11,n_missing_cqso=2,avg_shipped=0.6594 avg_correct=0.8060
F2_std_summary_zero_poison,Crestwell School,ELA.K12.EE.1.1,"",n_ukeys=56,n_missing_cqso=2,avg_shipped=0.7255 avg_correct=0.7524
F2_std_summary_zero_poison,Crestwell School,MA.1.AR.1.1,"",n_ukeys=13,n_missing_cqso=1,avg_shipped=0.7919 avg_correct=0.8579
F2_std_summary_zero_poison,Crestwell School,MA.1.AR.1.2,"",n_ukeys=24,n_missing_cqso=6,avg_shipped=0.6756 avg_correct=0.9008
F2_std_summary_zero_poison,Crestwell School,MA.1.AR.2.1,"",n_ukeys=5,n_missing_cqso=3,avg_shipped=0.3062 avg_correct=0.7655
F2_std_summary_zero_poison,Crestwell School,MA.1.AR.2.2,"",n_ukeys=2,n_missing_cqso=1,avg_shipped=0.3625 avg_correct=0.7250
F2_std_summary_zero_poison,Crestwell School,MA.1.AR.2.3,"",n_ukeys=24,n_missing_cqso=9,avg_shipped=0.5510 avg_correct=0.8816
F2_std_summary_zero_poison,Crestwell School,MA.1.DP.1.1,"",n_ukeys=9,n_missing_cqso=3,avg_shipped=0.5679 avg_correct=0.8518
F2_std_summary_zero_poison,Crestwell School,MA.1.GR.1.1,"",n_ukeys=10,n_missing_cqso=2,avg_shipped=0.7609 avg_correct=0.9511
F2_std_summary_zero_poison,Crestwell School,MA.1.M.2.1,"",n_ukeys=10,n_missing_cqso=2,avg_shipped=0.7598 avg_correct=0.9497
F2_std_summary_zero_poison,Crestwell School,MA.1.NSO.1.3,"",n_ukeys=27,n_missing_cqso=13,avg_shipped=0.2612 avg_correct=0.5038
F2_std_summary_zero_poison,Crestwell School,MA.1.NSO.1.4,"",n_ukeys=12,n_missing_cqso=4,avg_shipped=0.0000 avg_correct=0.0000
F2_std_summary_zero_poison,Crestwell School,MA.1.NSO.2,"",n_ukeys=11,n_missing_cqso=5,avg_shipped=0.3026 avg_correct=0.5547
F2_std_summary_zero_poison,Crestwell School,MA.1.NSO.2.1,"",n_ukeys=20,n_missing_cqso=9,avg_shipped=0.5008 avg_correct=0.9106
F2_std_summary_zero_poison,Crestwell School,MA.1.NSO.2.2,"",n_ukeys=62,n_missing_cqso=23,avg_shipped=0.5470 avg_correct=0.8696
F2_std_summary_zero_poison,Crestwell School,MA.1.NSO.2.3,"",n_ukeys=5,n_missing_cqso=1,avg_shipped=0.6133 avg_correct=0.7667
F2_std_summary_zero_poison,Crestwell School,MA.2.AR.1.1,"",n_ukeys=14,n_missing_cqso=8,avg_shipped=0.3289 avg_correct=0.7674
F2_std_summary_zero_poison,Crestwell School,MA.2.AR.2.1,"",n_ukeys=12,n_missing_cqso=6,avg_shipped=0.4015 avg_correct=0.8030
F2_std_summary_zero_poison,Crestwell School,MA.2.AR.2.2,"",n_ukeys=30,n_missing_cqso=12,avg_shipped=0.4779 avg_correct=0.7966
F2_std_summary_zero_poison,Crestwell School,MA.2.AR.3.2,"",n_ukeys=4,n_missing_cqso=1,avg_shipped=0.7278 avg_correct=0.9704
F2_std_summary_zero_poison,Crestwell School,MA.2.FR.1.2,"",n_ukeys=6,n_missing_cqso=6,
F2_std_summary_zero_poison,Crestwell School,MA.2.GR.1.1,"",n_ukeys=6,n_missing_cqso=2,avg_shipped=0.6061 avg_correct=0.9092
F2_std_summary_zero_poison,Crestwell School,MA.2.GR.1.2,"",n_ukeys=4,n_missing_cqso=2,avg_shipped=0.4724 avg_correct=0.9448
F2_std_summary_zero_poison,Crestwell School,MA.2.M.1.1,"",n_ukeys=18,n_missing_cqso=5,avg_shipped=0.6384 avg_correct=0.8839
F2_std_summary_zero_poison,Crestwell School,MA.2.M.1.2,"",n_ukeys=8,n_missing_cqso=2,avg_shipped=0.6790 avg_correct=0.9054
F2_std_summary_zero_poison,Crestwell School,MA.2.M.1.3,"",n_ukeys=9,n_missing_cqso=2,avg_shipped=0.7189 avg_correct=0.9242
F2_std_summary_zero_poison,Crestwell School,MA.2.M.2.1,"",n_ukeys=14,n_missing_cqso=5,avg_shipped=0.5801 avg_correct=0.9024
F2_std_summary_zero_poison,Crestwell School,MA.2.M.2.2,"",n_ukeys=17,n_missing_cqso=2,avg_shipped=0.6476 avg_correct=0.7340
F2_std_summary_zero_poison,Crestwell School,MA.2.NSO.1.2,"",n_ukeys=5,n_missing_cqso=3,avg_shipped=0.3844 avg_correct=0.9609
F2_std_summary_zero_poison,Crestwell School,MA.2.NSO.1.3,"",n_ukeys=9,n_missing_cqso=3,avg_shipped=0.6024 avg_correct=0.9036
F2_std_summary_zero_poison,Crestwell School,MA.2.NSO.2,"",n_ukeys=78,n_missing_cqso=38,avg_shipped=0.3944 avg_correct=0.7691
F2_std_summary_zero_poison,Crestwell School,MA.2.NSO.2.1,"",n_ukeys=9,n_missing_cqso=1,avg_shipped=0.5947 avg_correct=0.6691
F2_std_summary_zero_poison,Crestwell School,MA.2.NSO.2.4,"",n_ukeys=32,n_missing_cqso=21,avg_shipped=0.2661 avg_correct=0.7742
F2_std_summary_zero_poison,Crestwell School,MA.3.AR.1.1,"",n_ukeys=12,n_missing_cqso=2,avg_shipped=0.6361 avg_correct=0.7634
F2_std_summary_zero_poison,Crestwell School,MA.3.AR.1.2,"",n_ukeys=51,n_missing_cqso=23,avg_shipped=0.4174 avg_correct=0.7603
F2_std_summary_zero_poison,Crestwell School,MA.3.AR.2.2,"",n_ukeys=2,n_missing_cqso=1,avg_shipped=0.4655 avg_correct=0.9310
F2_std_summary_zero_poison,Crestwell School,MA.3.AR.2.3,"",n_ukeys=8,n_missing_cqso=3,avg_shipped=0.5617 avg_correct=0.8987
F2_std_summary_zero_poison,Crestwell School,MA.3.AR.3,"",n_ukeys=10,n_missing_cqso=5,avg_shipped=0.4573 avg_correct=0.9147
F2_std_summary_zero_poison,Crestwell School,MA.3.AR.3.3,"",n_ukeys=8,n_missing_cqso=5,avg_shipped=0.3491 avg_correct=0.9309
F2_std_summary_zero_poison,Crestwell School,MA.3.DP.1.1,"",n_ukeys=17,n_missing_cqso=5,avg_shipped=0.6021 avg_correct=0.8530
F2_std_summary_zero_poison,Crestwell School,MA.3.DP.1.2,"",n_ukeys=15,n_missing_cqso=6,avg_shipped=0.4805 avg_correct=0.8008
F2_std_summary_zero_poison,Crestwell School,MA.3.FR.1.3,"",n_ukeys=7,n_missing_cqso=1,avg_shipped=0.7160 avg_correct=0.8354
F2_std_summary_zero_poison,Crestwell School,MA.3.FR.2.1,"",n_ukeys=12,n_missing_cqso=3,avg_shipped=0.6093 avg_correct=0.8124
F2_std_summary_zero_poison,Crestwell School,MA.3.GR.1,"",n_ukeys=13,n_missing_cqso=5,avg_shipped=0.5312 avg_correct=0.8632
F2_std_summary_zero_poison,Crestwell School,MA.3.GR.1.2,"",n_ukeys=14,n_missing_cqso=5,avg_shipped=0.5114 avg_correct=0.7955
F2_std_summary_zero_poison,Crestwell School,MA.3.GR.1.3,"",n_ukeys=9,n_missing_cqso=2,avg_shipped=0.7017 avg_correct=0.9022
F2_std_summary_zero_poison,Crestwell School,MA.3.GR.2.1,"",n_ukeys=8,n_missing_cqso=1,avg_shipped=0.7102 avg_correct=0.8117
F2_std_summary_zero_poison,Crestwell School,MA.3.GR.2.3,"",n_ukeys=17,n_missing_cqso=3,avg_shipped=0.6988 avg_correct=0.8485
F2_std_summary_zero_poison,Crestwell School,MA.3.GR.2.4,"",n_ukeys=14,n_missing_cqso=2,avg_shipped=0.6555 avg_correct=0.7648
F2_std_summary_zero_poison,Crestwell School,MA.3.M.1.1,"",n_ukeys=4,n_missing_cqso=1,avg_shipped=0.5926 avg_correct=0.7901
F2_std_summary_zero_poison,Crestwell School,MA.3.M.1.2,"",n_ukeys=10,n_missing_cqso=1,avg_shipped=0.7528 avg_correct=0.8364
F2_std_summary_zero_poison,Crestwell School,MA.3.M.2.1,"",n_ukeys=7,n_missing_cqso=1,avg_shipped=0.7063 avg_correct=0.8241
F2_std_summary_zero_poison,Crestwell School,MA.3.M.2.2,"",n_ukeys=16,n_missing_cqso=9,avg_shipped=0.3079 avg_correct=0.7039
F2_std_summary_zero_poison,Crestwell School,MA.3.NSO.1.1,"",n_ukeys=5,n_missing_cqso=4,avg_shipped=0.1885 avg_correct=0.9423
F2_std_summary_zero_poison,Crestwell School,MA.3.NSO.1.3,"",n_ukeys=5,n_missing_cqso=2,avg_shipped=0.3000 avg_correct=0.5000
F2_std_summary_zero_poison,Crestwell School,MA.3.NSO.1.4,"",n_ukeys=2,n_missing_cqso=1,avg_shipped=1.5121 avg_correct=3.0241
F2_std_summary_zero_poison,Crestwell School,MA.3.NSO.2.1,"",n_ukeys=41,n_missing_cqso=22,avg_shipped=0.3605 avg_correct=0.7779
F2_std_summary_zero_poison,Crestwell School,MA.3.NSO.2.2,"",n_ukeys=55,n_missing_cqso=25,avg_shipped=0.4741 avg_correct=0.8692
F2_std_summary_zero_poison,Crestwell School,MA.3.NSO.2.3,"",n_ukeys=18,n_missing_cqso=10,avg_shipped=0.3790 avg_correct=0.8527
F2_std_summary_zero_poison,Crestwell School,MA.3.NSO.2.4,"",n_ukeys=24,n_missing_cqso=7,avg_shipped=0.6193 avg_correct=0.8743
F2_std_summary_zero_poison,Crestwell School,MA.4.AR.1.1,"",n_ukeys=16,n_missing_cqso=5,avg_shipped=0.4440 avg_correct=0.6458
F2_std_summary_zero_poison,Crestwell School,MA.4.AR.1.2,"",n_ukeys=9,n_missing_cqso=1,avg_shipped=0.8041 avg_correct=0.9046
F2_std_summary_zero_poison,Crestwell School,MA.4.AR.1.3,"",n_ukeys=12,n_missing_cqso=2,avg_shipped=0.5148 avg_correct=0.6178
F2_std_summary_zero_poison,Crestwell School,MA.4.AR.2.1,"",n_ukeys=5,n_missing_cqso=2,avg_shipped=0.4625 avg_correct=0.7709
F2_std_summary_zero_poison,Crestwell School,MA.4.AR.3.1,"",n_ukeys=19,n_missing_cqso=8,avg_shipped=0.4662 avg_correct=0.8053
F2_std_summary_zero_poison,Crestwell School,MA.4.DP.1.2,"",n_ukeys=9,n_missing_cqso=4,avg_shipped=0.4235 avg_correct=0.7622
F2_std_summary_zero_poison,Crestwell School,MA.4.FR.1.1,"",n_ukeys=6,n_missing_cqso=4,avg_shipped=0.2917 avg_correct=0.8750
F2_std_summary_zero_poison,Crestwell School,MA.4.FR.1.2,"",n_ukeys=4,n_missing_cqso=2,avg_shipped=0.4625 avg_correct=0.9250
F2_std_summary_zero_poison,Crestwell School,MA.4.FR.1.3,"",n_ukeys=20,n_missing_cqso=7,avg_shipped=0.5292 avg_correct=0.8142
F2_std_summary_zero_poison,Crestwell School,MA.4.FR.1.4,"",n_ukeys=20,n_missing_cqso=7,avg_shipped=0.4574 avg_correct=0.7037
F2_std_summary_zero_poison,Crestwell School,MA.4.FR.2.2,"",n_ukeys=10,n_missing_cqso=2,avg_shipped=0.6620 avg_correct=0.8275
F2_std_summary_zero_poison,Crestwell School,MA.4.FR.2.3,"",n_ukeys=4,n_missing_cqso=3,avg_shipped=0.2250 avg_correct=0.9000
F2_std_summary_zero_poison,Crestwell School,MA.4.FR.2.4,"",n_ukeys=12,n_missing_cqso=2,avg_shipped=0.6833 avg_correct=0.8200
F2_std_summary_zero_poison,Crestwell School,MA.4.GR.1,"",n_ukeys=12,n_missing_cqso=6,avg_shipped=0.4227 avg_correct=0.8454
F2_std_summary_zero_poison,Crestwell School,MA.4.GR.1.3,"",n_ukeys=6,n_missing_cqso=1,avg_shipped=0.7392 avg_correct=0.8871
F2_std_summary_zero_poison,Crestwell School,MA.4.GR.2.1,"",n_ukeys=12,n_missing_cqso=4,avg_shipped=0.4709 avg_correct=0.7063
F2_std_summary_zero_poison,Crestwell School,MA.4.GR.2.2,"",n_ukeys=4,n_missing_cqso=1,avg_shipped=0.5441 avg_correct=0.7255
F2_std_summary_zero_poison,Crestwell School,MA.4.M.1.2,"",n_ukeys=21,n_missing_cqso=8,avg_shipped=0.4673 avg_correct=0.7548
F2_std_summary_zero_poison,Crestwell School,MA.4.M.2.1,"",n_ukeys=8,n_missing_cqso=4,avg_shipped=0.3688 avg_correct=0.7375
F2_std_summary_zero_poison,Crestwell School,MA.4.NSO.1.5,"",n_ukeys=7,n_missing_cqso=3,avg_shipped=0.5048 avg_correct=0.8833
F2_std_summary_zero_poison,Crestwell School,MA.4.NSO.2,"",n_ukeys=34,n_missing_cqso=11,avg_shipped=0.5623 avg_correct=0.8312
F2_std_summary_zero_poison,Crestwell School,MA.4.NSO.2.1,"",n_ukeys=18,n_missing_cqso=8,avg_shipped=0.4778 avg_correct=0.8600
F2_std_summary_zero_poison,Crestwell School,MA.4.NSO.2.2,"",n_ukeys=23,n_missing_cqso=12,avg_shipped=0.3796 avg_correct=0.7937
F2_std_summary_zero_poison,Crestwell School,MA.4.NSO.2.5,"",n_ukeys=19,n_missing_cqso=7,avg_shipped=0.4532 avg_correct=0.7176
F2_std_summary_zero_poison,Crestwell School,MA.4.NSO.2.7,"",n_ukeys=7,n_missing_cqso=1,avg_shipped=0.6762 avg_correct=0.7889
F2_std_summary_zero_poison,Crestwell School,MA.5.AR.1.1,"",n_ukeys=4,n_missing_cqso=2,avg_shipped=0.2885 avg_correct=0.5769
F2_std_summary_zero_poison,Crestwell School,MA.5.AR.1.2,"",n_ukeys=14,n_missing_cqso=2,avg_shipped=0.5961 avg_correct=0.6955
F2_std_summary_zero_poison,Crestwell School,MA.5.AR.2.2,"",n_ukeys=6,n_missing_cqso=1,avg_shipped=0.7333 avg_correct=0.8800
F2_std_summary_zero_poison,Crestwell School,MA.5.AR.3.2,"",n_ukeys=6,n_missing_cqso=2,avg_shipped=0.6667 avg_correct=1.0000
F2_std_summary_zero_poison,Crestwell School,MA.5.DP.1.2,"",n_ukeys=13,n_missing_cqso=6,avg_shipped=0.4186 avg_correct=0.7774
F2_std_summary_zero_poison,Crestwell School,MA.5.FR.2.1,"",n_ukeys=29,n_missing_cqso=7,avg_shipped=0.4866 avg_correct=0.6414
F2_std_summary_zero_poison,Crestwell School,MA.5.FR.2.2,"",n_ukeys=12,n_missing_cqso=2,avg_shipped=0.5895 avg_correct=0.7074
F2_std_summary_zero_poison,Crestwell School,MA.5.FR.2.3,"",n_ukeys=7,n_missing_cqso=4,avg_shipped=0.3483 avg_correct=0.8128
F2_std_summary_zero_poison,Crestwell School,MA.5.GR.1,"",n_ukeys=11,n_missing_cqso=3,avg_shipped=0.5303 avg_correct=0.7292
F2_std_summary_zero_poison,Crestwell School,MA.5.GR.1.2,"",n_ukeys=5,n_missing_cqso=3,avg_shipped=0.3846 avg_correct=0.9615
F2_std_summary_zero_poison,Crestwell School,MA.5.GR.3,"",n_ukeys=12,n_missing_cqso=4,avg_shipped=0.4637 avg_correct=0.6955
F2_std_summary_zero_poison,Crestwell School,MA.5.M.2.1,"",n_ukeys=8,n_missing_cqso=3,avg_shipped=0.5222 avg_correct=0.8355
F2_std_summary_zero_poison,Crestwell School,MA.5.MAFS.5.NBT.2.7,"",n_ukeys=3,n_missing_cqso=2,avg_shipped=0.3004 avg_correct=0.9012
F2_std_summary_zero_poison,Crestwell School,MA.5.NSO.1,"",n_ukeys=6,n_missing_cqso=1,avg_shipped=0.7407 avg_correct=0.8889
F2_std_summary_zero_poison,Crestwell School,MA.5.NSO.1.1,"",n_ukeys=2,n_missing_cqso=1,avg_shipped=0.4074 avg_correct=0.8148
F2_std_summary_zero_poison,Crestwell School,MA.5.NSO.1.5,"",n_ukeys=5,n_missing_cqso=2,avg_shipped=0.5457 avg_correct=0.9095
F2_std_summary_zero_poison,Crestwell School,MA.5.NSO.2,"",n_ukeys=14,n_missing_cqso=4,avg_shipped=0.5847 avg_correct=0.8186
F2_std_summary_zero_poison,Crestwell School,MA.5.NSO.2.3,"",n_ukeys=14,n_missing_cqso=5,avg_shipped=0.6197 avg_correct=0.9640
F2_std_summary_zero_poison,Crestwell School,MA.5.NSO.2.4,"",n_ukeys=43,n_missing_cqso=14,avg_shipped=0.5928 avg_correct=0.8790
F2_std_summary_zero_poison,Crestwell School,MA.5.NSO.2.5,"",n_ukeys=10,n_missing_cqso=4,avg_shipped=0.5203 avg_correct=0.8672
F2_std_summary_zero_poison,Crestwell School,MA.K.AR.1.1,"",n_ukeys=2,n_missing_cqso=1,avg_shipped=0.4653 avg_correct=0.9306
F2_std_summary_zero_poison,Crestwell School,MA.K.AR.1.2,"",n_ukeys=22,n_missing_cqso=4,avg_shipped=0.7386 avg_correct=0.9027
F2_std_summary_zero_poison,Crestwell School,MA.K.AR.1.3,"",n_ukeys=11,n_missing_cqso=2,avg_shipped=0.7835 avg_correct=0.9577
F2_std_summary_zero_poison,Crestwell School,MA.K.AR.2.1,"",n_ukeys=15,n_missing_cqso=2,avg_shipped=0.8089 avg_correct=0.9334
F2_std_summary_zero_poison,Crestwell School,MA.K.NSO.1.1,"",n_ukeys=40,n_missing_cqso=8,avg_shipped=0.7244 avg_correct=0.9056
F2_std_summary_zero_poison,Crestwell School,MA.K.NSO.1.2,"",n_ukeys=21,n_missing_cqso=5,avg_shipped=0.6833 avg_correct=0.8968
F2_std_summary_zero_poison,Crestwell School,MA.K.NSO.2.1,"",n_ukeys=20,n_missing_cqso=2,avg_shipped=0.7771 avg_correct=0.8635
F2_std_summary_zero_poison,Crestwell School,MA.K.NSO.2.2,"",n_ukeys=20,n_missing_cqso=9,avg_shipped=0.5033 avg_correct=0.9152
F2_std_summary_zero_poison,Crestwell School,MA.K.NSO.3.1,"",n_ukeys=36,n_missing_cqso=5,avg_shipped=0.8213 avg_correct=0.9538
F2_std_summary_zero_poison,Crestwell School,Other,"",n_ukeys=25,n_missing_cqso=8,avg_shipped=0.5170 avg_correct=0.8402
F2_std_summary_zero_poison,Crestwell School,SC.4.N.1.4,"",n_ukeys=6,n_missing_cqso=1,avg_shipped=0.4915 avg_correct=0.5898
F2_std_summary_zero_poison,Crestwell School,SCI.4.SC.4.P.10.3,"",n_ukeys=6,n_missing_cqso=1,avg_shipped=0.4389 avg_correct=0.5267
F3_cus_label_drift,Athenian Academy of Technology and the Arts,7625334305,Science CW FSSA book matter #1,dim=Science/Grade 5,cus=Science/Grade 4,rows=38
F3_cus_label_drift,Central Florida Preparatory School,7816901887,Home Sweet Habitat: Weekly Assessment: Week 3,dim=ELA/Grade 2,cus=ELA/Grade 3,rows=179
F3_cus_label_drift,Central Florida Preparatory School,7823076023,Home Sweet Habitat: Weekly Assessment: Week 3,dim=ELA/Grade 2,cus=ELA/Grade 3,rows=117
F3_cus_label_drift,Central Florida Preparatory School,8362776921,Topic 8,dim=HS Algebra I/Regular 9–12,cus=HS Algebra I/Higher-Ed,rows=18
F3_dqd_label_drift,Athenian Academy of Technology and the Arts,7334633943,"Now You See It, Now You Don't: Weekly Assessment: Week 2",dim=ELA/Grade 1,dqd=ELA/Grade K,rows=22
F3_dqd_label_drift,Athenian Academy of Technology and the Arts,7337899774,Happy Healthy Me: Weekly Assessment: Week 3,dim=ELA/Grade 1,dqd=ELA/Grade K,rows=36
F3_dqd_label_drift,Athenian Academy of Technology and the Arts,7625334305,Science CW FSSA book matter #1,dim=Science/Grade 5,dqd=Science/Grade 4,rows=9
F3_dqd_label_drift,Athenian Academy of Technology and the Arts,7696812668,Unit 3 Lesson 3 Quiz,dim=Science/Grade 1,dqd=Social Studies/Grade 1,rows=4
F3_dqd_label_drift,Athenian Academy of Technology and the Arts,7701493741,Unit 3 Lesson 3 Quiz,dim=Science/Grade 1,dqd=Social Studies/Grade 1,rows=4
F3_dqd_label_drift,Athenian Academy of Technology and the Arts,7789287431,M7W2 Vocabulary Quiz,dim=ELA/Grade 3,dqd=Math/Grade 3,rows=9
F3_dqd_label_drift,Athenian Academy of Technology and the Arts,7799442022,Module Assessment: Home of the Free and the Brave,dim=ELA/Grade K,dqd=ELA/Grade 1,rows=30
F3_dqd_label_drift,Athenian Academy of Technology and the Arts,7892346412,Through an Animal?s Eyes Unit Test,dim=ELA/Grade 8,dqd=ELA/Grade 6,rows=50
F3_dqd_label_drift,Athenian Academy of Technology and the Arts,8342066250,Module Assessment: Zoom In!,dim=ELA/Grade K,dqd=ELA/Grade 1,rows=23
F3_dqd_label_drift,Central Florida Preparatory School,7816901887,Home Sweet Habitat: Weekly Assessment: Week 3,dim=ELA/Grade 2,dqd=ELA/Grade 3,rows=14
F3_dqd_label_drift,Central Florida Preparatory School,7823076023,Home Sweet Habitat: Weekly Assessment: Week 3,dim=ELA/Grade 2,dqd=ELA/Grade 3,rows=9
F3_dqd_label_drift,Central Florida Preparatory School,7961332573,Investigation Assessment 1: Modeling Motion,dim=HS Physics/Higher-Ed,dqd=Science/Higher-Ed,rows=21
F3_dqd_label_drift,Central Florida Preparatory School,7964004497,Topic 1,dim=HS Algebra I/Regular 9–12,dqd=Math/Regular 9–12,rows=27
F3_dqd_label_drift,Central Florida Preparatory School,7964150311,Unit 1 Part 1,dim=HS English I/Regular 9–12,dqd=ELA/Regular 9–12,rows=30
F3_dqd_label_drift,Central Florida Preparatory School,7964150370,Unit 1 Part 2,dim=HS English I/Regular 9–12,dqd=ELA/Regular 9–12,rows=5
F3_dqd_label_drift,Central Florida Preparatory School,7964160815,Unit 1 Part 1,dim=HS English II/Regular 9–12,dqd=ELA/Regular 9–12,rows=31
F3_dqd_label_drift,Central Florida Preparatory School,7964160840,Unit 1 Part 2,dim=HS English II/Regular 9–12,dqd=ELA/Regular 9–12,rows=5
F3_dqd_label_drift,Central Florida Preparatory School,7964173973,Unit 1 Part 1,dim=HS English III/Regular 9–12,dqd=ELA/Regular 9–12,rows=25
F3_dqd_label_drift,Central Florida Preparatory School,7964174019,Unit 1 Part 2,dim=HS English III/Regular 9–12,dqd=ELA/Regular 9–12,rows=5
F3_dqd_label_drift,Central Florida Preparatory School,7964191435,Unit 1 Part 1,dim=HS English IV/Regular 9–12,dqd=ELA/Regular 9–12,rows=24
F3_dqd_label_drift,Central Florida Preparatory School,7964191457,Unit 1 Part 2,dim=HS English IV/Regular 9–12,dqd=ELA/Regular 9–12,rows=5
F3_dqd_label_drift,Central Florida Preparatory School,8057835840,Topic 1,dim=HS Economics/Higher-Ed,dqd=History/Higher-Ed,rows=35
F3_dqd_label_drift,Central Florida Preparatory School,8089389994,Topic 2,dim=HS Geometry/Regular 9–12,dqd=Math/Regular 9–12,rows=21
F3_dqd_label_drift,Central Florida Preparatory School,8089390287,Topic 2,dim=HS Algebra I/Regular 9–12,dqd=Math/Regular 9–12,rows=32
F3_dqd_label_drift,Central Florida Preparatory School,8089937013,Topic 2,dim=HS Alegra II/Higher-Ed,dqd=Math/Higher-Ed,rows=26
F3_dqd_label_drift,Central Florida Preparatory School,8102307636,Unit 2 part 1,dim=HS English I/Regular 9–12,dqd=ELA/Regular 9–12,rows=52
F3_dqd_label_drift,Central Florida Preparatory School,8102309491,Unit 2 Part 1,dim=HS English III/Regular 9–12,dqd=ELA/Regular 9–12,rows=24
F3_dqd_label_drift,Central Florida Preparatory School,8102309497,Unit 2 Part 2,dim=HS English III/Regular 9–12,dqd=ELA/Regular 9–12,rows=5
F3_dqd_label_drift,Central Florida Preparatory School,8118215773,Topic 4: The Americas (Prehistory?A.D. 1570),dim=HS World History/Higher-Ed,dqd=History/Higher-Ed,rows=20
F3_dqd_label_drift,Central Florida Preparatory School,8154778691,Unit 2 Part 1,dim=HS English II/Regular 9–12,dqd=ELA/Regular 9–12,rows=33
F3_dqd_label_drift,Central Florida Preparatory School,8157335558,Topic 3,dim=HS Geometry/Regular 9–12,dqd=Math/Regular 9–12,rows=20
F3_dqd_label_drift,Central Florida Preparatory School,8161436131,Mid-Year Test,dim=HS English IV/Regular 9–12,dqd=ELA/Regular 9–12,rows=45
F3_dqd_label_drift,Central Florida Preparatory School,8162249855,Mid-Year Test,dim=HS Honors English II/Higher-Ed,dqd=ELA/Higher-Ed,rows=46
F3_dqd_label_drift,Central Florida Preparatory School,8162251651,Mid year test,dim=HS Honors English III/Higher-Ed,dqd=ELA/Higher-Ed,rows=44
F3_dqd_label_drift,Central Florida Preparatory School,8162253672,Mid-Year Test,dim=HS Honors English IV/Higher-Ed,dqd=ELA/Higher-Ed,rows=45
F3_dqd_label_drift,Central Florida Preparatory School,8195374562,Unit 2 Pat 1,dim=HS English IV/Regular 9–12,dqd=ELA/Regular 9–12,rows=24
F3_dqd_label_drift,Central Florida Preparatory School,8195374577,Unit 2 Part 2,dim=HS English IV/Regular 9–12,dqd=ELA/Regular 9–12,rows=5
F3_dqd_label_drift,Central Florida Preparatory School,8195472161,Unit 2 Part 1,dim=HS Honors English III/Higher-Ed,dqd=ELA/Higher-Ed,rows=24
F3_dqd_label_drift,Central Florida Preparatory School,8195472186,Unit 2 Part 2,dim=HS Honors English III/Higher-Ed,dqd=ELA/Higher-Ed,rows=5
F3_dqd_label_drift,Central Florida Preparatory School,8199772451,Unit 2 Pat 1,dim=HS Honors English IV/Higher-Ed,dqd=ELA/Higher-Ed,rows=24
F3_dqd_label_drift,Central Florida Preparatory School,8199772510,Unit 2 Part 2,dim=HS Honors English IV/Higher-Ed,dqd=ELA/Higher-Ed,rows=5
F3_dqd_label_drift,Central Florida Preparatory School,8203499258,Investigation Assessment 2: Forces,dim=HS Physics/Higher-Ed,dqd=Science/Higher-Ed,rows=15
F3_dqd_label_drift,Central Florida Preparatory School,8216300987,Topic 3,dim=HS Algebra I/Regular 9–12,dqd=Math/Regular 9–12,rows=24
F3_dqd_label_drift,Central Florida Preparatory School,8216302399,Topic 3 Assessment A,dim=HS Honors Algebra I/Higher-Ed,dqd=Math/Higher-Ed,rows=24
F3_dqd_label_drift,Central Florida Preparatory School,8228272353,Topic 5: The Renaissance and Reformation (1300?1650),dim=HS World History/Higher-Ed,dqd=History/Higher-Ed,rows=25
F3_dqd_label_drift,Central Florida Preparatory School,8245486014,Topic 4,dim=HS Geometry/Regular 9–12,dqd=Math/Regular 9–12,rows=18
F3_dqd_label_drift,Central Florida Preparatory School,8249955742,Investigation Assessments 3: Gravitational Forces,dim=HS Physics/Higher-Ed,dqd=Science/Higher-Ed,rows=65
F3_dqd_label_drift,Central Florida Preparatory School,8249969314,Topic 4,dim=HS Algebra I/Regular 9–12,dqd=Math/Regular 9–12,rows=20
F3_dqd_label_drift,Central Florida Preparatory School,8259446640,Topic 3,dim=HS Honors Algebra II/Higher-Ed,dqd=Math/Higher-Ed,rows=26
F3_dqd_label_drift,Central Florida Preparatory School,8259495227,Topic 3,dim=HS Alegra II/Higher-Ed,dqd=Math/Higher-Ed,rows=28
F3_dqd_label_drift,Central Florida Preparatory School,8261346599,Topic 2,dim=HS Economics/Higher-Ed,dqd=History/Higher-Ed,rows=39
F3_dqd_label_drift,Central Florida Preparatory School,8270674719,Topic 5,dim=HS Geometry/Regular 9–12,dqd=Math/Regular 9–12,rows=30
F3_dqd_label_drift,Central Florida Preparatory School,8273818985,Topic 6: New Global Connections (1415?1796),dim=HS World History/Higher-Ed,dqd=History/Higher-Ed,rows=25
F3_dqd_label_drift,Central Florida Preparatory School,8276471768,Topic 5,dim=HS Algebra I/Regular 9–12,dqd=Math/Regular 9–12,rows=23
F3_dqd_label_drift,Central Florida Preparatory School,8281483482,Unit 3 Part 1,dim=HS Honors English III/Higher-Ed,dqd=ELA/Higher-Ed,rows=25
F3_dqd_label_drift,Central Florida Preparatory School,8281483542,Unit 3 Part 2,dim=HS Honors English III/Higher-Ed,dqd=ELA/Higher-Ed,rows=5
F3_dqd_label_drift,Central Florida Preparatory School,8283875834,Investigation 4: Electric Forces,dim=HS Physics/Higher-Ed,dqd=Science/Higher-Ed,rows=71
F3_dqd_label_drift,Central Florida Preparatory School,8286339438,Topic 4,dim=HS Alegra II/Higher-Ed,dqd=Math/Higher-Ed,rows=19
F3_dqd_label_drift,Central Florida Preparatory School,8288325025,Unit 3 Part 1,dim=HS English IV/Regular 9–12,dqd=ELA/Regular 9–12,rows=25
F3_dqd_label_drift,Central Florida Preparatory School,8288325295,Unit 3 Part 1,dim=HS Honors English IV/Higher-Ed,dqd=ELA/Higher-Ed,rows=25
F3_dqd_label_drift,Central Florida Preparatory School,8289907436,Topic 6,dim=HS Algebra I/Regular 9–12,dqd=Math/Regular 9–12,rows=31
F3_dqd_label_drift,Central Florida Preparatory School,8289910221,Unit 3 Part 2,dim=HS English IV/Regular 9–12,dqd=ELA/Regular 9–12,rows=6
F3_dqd_label_drift,Central Florida Preparatory School,8289910571,Unit 3 Part 2,dim=HS Honors English IV/Higher-Ed,dqd=ELA/Higher-Ed,rows=6
F3_dqd_label_drift,Central Florida Preparatory School,8291223663,Topic 3,dim=HS Economics/Higher-Ed,dqd=History/Higher-Ed,rows=48
F3_dqd_label_drift,Central Florida Preparatory School,8323376256,Unit 3 Part 1,dim=HS English II/Regular 9–12,dqd=ELA/Regular 9–12,rows=33
F3_dqd_label_drift,Central Florida Preparatory School,8323376260,Unit 3 Part 2,dim=HS English II/Regular 9–12,dqd=ELA/Regular 9–12,rows=5
F3_dqd_label_drift,Central Florida Preparatory School,8326782298,Unit 3 Part 1,dim=HS English I/Regular 9–12,dqd=ELA/Regular 9–12,rows=32
F3_dqd_label_drift,Central Florida Preparatory School,8326782311,Unit 3 Part 2,dim=HS English I/Regular 9–12,dqd=ELA/Regular 9–12,rows=5
F3_dqd_label_drift,Central Florida Preparatory School,8326852201,Topic 7: Absolutism and Revolution,dim=HS World History/Higher-Ed,dqd=History/Higher-Ed,rows=26
F3_dqd_label_drift,Central Florida Preparatory School,8330395855,Topic 5,dim=HS Alegra II/Higher-Ed,dqd=Math/Higher-Ed,rows=23
F3_dqd_label_drift,Central Florida Preparatory School,8331681508,Topic 7,dim=HS Algebra I/Regular 9–12,dqd=Math/Regular 9–12,rows=28
F3_dqd_label_drift,Central Florida Preparatory School,8331872167,Investigation 7: Energy,dim=HS Physics/Higher-Ed,dqd=Science/Higher-Ed,rows=78
F3_dqd_label_drift,Central Florida Preparatory School,8332051196,Topic 4,dim=HS Honors Algebra II/Higher-Ed,dqd=Math/Higher-Ed,rows=19
F3_dqd_label_drift,Central Florida Preparatory School,8332619471,Topic 7,dim=HS Geometry/Regular 9–12,dqd=Math/Regular 9–12,rows=36
F3_dqd_label_drift,Central Florida Preparatory School,8334685138,Topic 4,dim=HS Economics/Higher-Ed,dqd=History/Higher-Ed,rows=38
F3_dqd_label_drift,Central Florida Preparatory School,8335566941,Topic 5,dim=HS Honors Algebra I/Higher-Ed,dqd=Math/Higher-Ed,rows=23
F3_dqd_label_drift,Central Florida Preparatory School,8339413167,Unit 3 Part 1,dim=HS Honors English II/Higher-Ed,dqd=ELA/Higher-Ed,rows=33
F3_dqd_label_drift,Central Florida Preparatory School,8339413189,Unit 3 Part 2,dim=HS Honors English II/Higher-Ed,dqd=ELA/Higher-Ed,rows=5
F3_dqd_label_drift,Central Florida Preparatory School,8341129775,Topic 8,dim=HS Geometry/Regular 9–12,dqd=Math/Regular 9–12,rows=16
F3_dqd_label_drift,Central Florida Preparatory School,8341726127,Topic 8: The Industrial Revolution (1750?1914),dim=HS World History/Higher-Ed,dqd=History/Higher-Ed,rows=23
F3_dqd_label_drift,Central Florida Preparatory School,8347030584,Topic 8: Sectionalism and Civil War (1820-1865),dim=History/Grade 8,dqd=Civics/Grade 7,rows=20
F3_dqd_label_drift,Central Florida Preparatory School,8347031150,Topic 8: Postwar America (1945?1960),dim=HS United States History/Higher-Ed,dqd=ELA/Higher-Ed,rows=31
F3_dqd_label_drift,Central Florida Preparatory School,8355591256,Topic 9,dim=HS Geometry/Regular 9–12,dqd=Math/Regular 9–12,rows=22
F3_dqd_label_drift,Central Florida Preparatory School,8362776921,Topic 8,dim=HS Algebra I/Regular 9–12,dqd=Math/Regular 9–12,rows=35
F3_dqd_label_drift,Central Florida Preparatory School,8362777143,Topic 5,dim=HS Economics/Higher-Ed,dqd=History/Higher-Ed,rows=44
F3_dqd_label_drift,Central Florida Preparatory School,8368439603,Topic 9: Civil Rights and Reform in the 1960s (1945–1968),dim=HS United States History/Higher-Ed,dqd=ELA/Higher-Ed,rows=24
F3_dqd_label_drift,Central Florida Preparatory School,8369992661,Topic 6,dim=HS Economics/Higher-Ed,dqd=History/Higher-Ed,rows=41
F3_dqd_label_drift,Central Florida Preparatory School,8369994919,Topic 9: Nationalism and the Spread of Democracy (1790–1914),dim=HS World History/Higher-Ed,dqd=History/Higher-Ed,rows=25
F3_dqd_label_drift,Central Florida Preparatory School,8373837481,Topic 10: The Age of Imperialism (1800–1914),dim=HS World History/Higher-Ed,dqd=History/Higher-Ed,rows=24
F3_dqd_label_drift,Crestwell School,7929054690,What Makes Us Who We Are?: Weekly Assessment: Week 2,dim=Reading/Grade 4,dqd=ELA/Grade 4,rows=10
F3_dqd_label_drift,Crestwell School,7929054711,Module Assessment: What Makes Us Who We Are?,dim=Reading/Grade 4,dqd=ELA/Grade 4,rows=21
F3_dqd_label_drift,Crestwell School,8030067964,Module Assessment: Come to Your Senses,dim=Reading/Grade 4,dqd=ELA/Grade 4,rows=23
F3_dqd_label_drift,Crestwell School,8030068539,Come to Your Senses: Weekly Assessment: Week 1,dim=Reading/Grade 4,dqd=ELA/Grade 4,rows=10
F3_dqd_label_drift,Crestwell School,8030068554,Module Assessment: Come to Your Senses,dim=Reading/Grade 4,dqd=ELA/Grade 4,rows=23
F3_dqd_label_drift,Crestwell School,8043769075,Come to Your Senses: Weekly Assessment: Week 2,dim=Reading/Grade 4,dqd=ELA/Grade 4,rows=13
F3_dqd_label_drift,Crestwell School,8043771169,Come to Your Senses: Weekly Assessment: Week 2,dim=Reading/Grade 4,dqd=ELA/Grade 4,rows=13
F3_dqd_label_drift,Crestwell School,8067707756,Let Freedom Ring!: Weekly Assessment: Week 2,dim=Reading/Grade 3,dqd=ELA/Grade 3,rows=10
F3_dqd_label_drift,Crestwell School,8076248252,Module Assessment: Natural Disasters,dim=Reading/Grade 5,dqd=ELA/Grade 5,rows=21
F3_dqd_label_drift,Crestwell School,8076251173,Module Assessment: Natural Disasters,dim=Reading/Grade 5,dqd=ELA/Grade 5,rows=21
