school,user_uid,item_id,item_name,submission,n_attempts,rowsum_recv,rowsum_poss,submission_grade,classification,flag
Athenian Academy of Technology and the Arts,73961516,7628347421,HW 12/10 Spiral Review,3,7,0.00,3.00,6.00,matches_neither,sg_exceeds_row_possible
Athenian Academy of Technology and the Arts,73961516,7628347421,HW 12/10 Spiral Review,1,7,0.00,6.00,3.00,matches_neither,""
Athenian Academy of Technology and the Arts,73961516,7628347421,HW 12/10 Spiral Review,4,7,1.00,5.00,5.00,matches_neither,""
Athenian Academy of Technology and the Arts,73961516,7628347421,HW 12/10 Spiral Review,2,7,0.00,3.00,5.00,matches_neither,sg_exceeds_row_possible
Athenian Academy of Technology and the Arts,73961516,7628347421,HW 12/10 Spiral Review,5,7,2.00,3.00,8.00,matches_neither,sg_exceeds_row_possible
Athenian Academy of Technology and the Arts,73961516,7628347421,HW 12/10 Spiral Review,6,7,3.00,4.00,8.00,matches_neither,sg_exceeds_row_possible
Athenian Academy of Technology and the Arts,85055385,7628347421,HW 12/10 Spiral Review,2,6,0.00,7.00,2.00,matches_neither,""
Athenian Academy of Technology and the Arts,85055385,7628347421,HW 12/10 Spiral Review,5,6,2.00,7.00,4.00,matches_neither,""
Athenian Academy of Technology and the Arts,85055385,7628347421,HW 12/10 Spiral Review,1,6,0.00,6.00,2.00,matches_neither,""
Athenian Academy of Technology and the Arts,85055385,7628347421,HW 12/10 Spiral Review,4,6,1.00,6.00,4.00,matches_neither,""
Athenian Academy of Technology and the Arts,85055385,7628347421,HW 12/10 Spiral Review,3,6,0.00,6.00,2.00,matches_neither,""
Athenian Academy of Technology and the Arts,56939036,7626416439,HW 12/9 Spiral Review,4,5,2.00,4.00,7.00,matches_neither,sg_exceeds_row_possible
Athenian Academy of Technology and the Arts,56939036,7626416439,HW 12/9 Spiral Review,3,5,4.00,6.00,7.00,matches_neither,sg_exceeds_row_possible
Athenian Academy of Technology and the Arts,56939036,7626416439,HW 12/9 Spiral Review,1,5,0.00,3.00,5.00,matches_neither,sg_exceeds_row_possible
Athenian Academy of Technology and the Arts,56939036,7626416439,HW 12/9 Spiral Review,2,5,1.00,4.00,6.00,matches_neither,sg_exceeds_row_possible
Athenian Academy of Technology and the Arts,56939036,7628391502,HW 12/10 Spiral Review,2,4,2.33,7.00,8.33,matches_neither,sg_exceeds_row_possible
Athenian Academy of Technology and the Arts,85652751,7628347421,HW 12/10 Spiral Review,3,4,3.00,4.00,8.00,matches_neither,sg_exceeds_row_possible
Athenian Academy of Technology and the Arts,85652751,7628347421,HW 12/10 Spiral Review,2,4,2.00,3.00,8.00,matches_neither,sg_exceeds_row_possible
Athenian Academy of Technology and the Arts,126606628,7628347421,HW 12/10 Spiral Review,3,4,4.00,5.00,8.00,matches_neither,sg_exceeds_row_possible
Athenian Academy of Technology and the Arts,85652751,7628347421,HW 12/10 Spiral Review,1,4,0.00,3.00,6.00,matches_neither,sg_exceeds_row_possible
Athenian Academy of Technology and the Arts,126606628,7628347421,HW 12/10 Spiral Review,1,4,2.00,6.00,5.00,matches_neither,""
Athenian Academy of Technology and the Arts,56939036,7628391502,HW 12/10 Spiral Review,1,4,2.00,9.00,6.00,matches_neither,""
Athenian Academy of Technology and the Arts,56939036,7628391502,HW 12/10 Spiral Review,3,4,5.33,7.00,11.33,matches_neither,sg_exceeds_row_possible
Athenian Academy of Technology and the Arts,126606628,7628347421,HW 12/10 Spiral Review,2,4,2.00,4.00,7.00,matches_neither,sg_exceeds_row_possible
Athenian Academy of Technology and the Arts,56939944,7626416439,HW 12/9 Spiral Review,1,4,0.33,8.00,1.33,matches_neither,""
Athenian Academy of Technology and the Arts,56939944,7626416439,HW 12/9 Spiral Review,2,4,2.00,7.00,4.00,matches_neither,""
Athenian Academy of Technology and the Arts,73961488,7626433775,HW 12/9 Spiral Review,1,4,2.00,8.00,6.00,matches_neither,""
Athenian Academy of Technology and the Arts,73961488,7626433775,HW 12/9 Spiral Review,2,4,1.00,4.00,9.00,matches_neither,sg_exceeds_row_possible
Athenian Academy of Technology and the Arts,56939944,7626416439,HW 12/9 Spiral Review,3,4,4.00,7.00,6.00,matches_neither,""
Athenian Academy of Technology and the Arts,73961488,7626433775,HW 12/9 Spiral Review,3,4,2.00,4.00,10.00,matches_neither,sg_exceeds_row_possible
Athenian Academy of Technology and the Arts,117497317,7801021169,HW 4/11 Chapter 8 Review,3,4,6.00,7.00,14.00,matches_neither,sg_exceeds_row_possible
Athenian Academy of Technology and the Arts,117497317,7801021169,HW 4/11 Chapter 8 Review,2,4,4.00,6.00,13.00,matches_neither,sg_exceeds_row_possible
Athenian Academy of Technology and the Arts,117497319,7801021169,HW 4/11 Chapter 8 Review,3,4,5.00,8.00,12.00,matches_neither,sg_exceeds_row_possible
Athenian Academy of Technology and the Arts,117497319,7801021169,HW 4/11 Chapter 8 Review,2,4,6.00,9.00,12.00,matches_neither,sg_exceeds_row_possible
Athenian Academy of Technology and the Arts,85217664,7801021169,HW 4/11 Chapter 8 Review,3,4,6.50,7.00,14.50,matches_neither,sg_exceeds_row_possible
Athenian Academy of Technology and the Arts,85217664,7801021169,HW 4/11 Chapter 8 Review,1,4,0.00,3.00,12.00,matches_neither,sg_exceeds_row_possible
Athenian Academy of Technology and the Arts,85217664,7801021169,HW 4/11 Chapter 8 Review,2,4,6.00,7.00,14.00,matches_neither,sg_exceeds_row_possible
Athenian Academy of Technology and the Arts,117497319,7801021169,HW 4/11 Chapter 8 Review,1,4,0.92,7.00,8.92,matches_neither,sg_exceeds_row_possible
Athenian Academy of Technology and the Arts,117497317,7801021169,HW 4/11 Chapter 8 Review,1,4,1.67,7.00,9.67,matches_neither,sg_exceeds_row_possible
Athenian Academy of Technology and the Arts,73961454,8002526684,Quiz #1,4,4,0.00,1.00,3.00,matches_neither,sg_exceeds_row_possible
Athenian Academy of Technology and the Arts,73961454,8002526684,Quiz #1,1,4,0.00,1.00,3.00,matches_neither,sg_exceeds_row_possible
Athenian Academy of Technology and the Arts,73961454,8002526684,Quiz #1,5,4,0.00,2.00,3.00,matches_neither,sg_exceeds_row_possible
Athenian Academy of Technology and the Arts,110145269,8122018182,Chapter 4 Practice Test #3,1,3,2.00,3.00,8.00,matches_neither,sg_exceeds_row_possible
Athenian Academy of Technology and the Arts,110145269,8122018182,Chapter 4 Practice Test #3,2,3,2.00,3.00,8.00,matches_neither,sg_exceeds_row_possible
Athenian Academy of Technology and the Arts,110354363,7628347421,HW 12/10 Spiral Review,2,3,3.00,4.00,8.00,matches_neither,sg_exceeds_row_possible
Athenian Academy of Technology and the Arts,56940720,7628391502,HW 12/10 Spiral Review,2,3,3.00,4.00,12.00,matches_neither,sg_exceeds_row_possible
Athenian Academy of Technology and the Arts,56939948,7628391502,HW 12/10 Spiral Review,1,3,2.25,10.00,5.25,matches_neither,""
Athenian Academy of Technology and the Arts,56940720,7628391502,HW 12/10 Spiral Review,1,3,3.33,4.00,12.00,matches_neither,sg_exceeds_row_possible
Athenian Academy of Technology and the Arts,123362967,7628391502,HW 12/10 Spiral Review,2,3,3.33,6.00,10.33,matches_neither,sg_exceeds_row_possible
Athenian Academy of Technology and the Arts,73961366,7628347421,HW 12/10 Spiral Review,1,3,1.00,2.00,8.00,matches_neither,sg_exceeds_row_possible
Athenian Academy of Technology and the Arts,73961366,7628347421,HW 12/10 Spiral Review,2,3,4.00,5.00,8.00,matches_neither,sg_exceeds_row_possible
Athenian Academy of Technology and the Arts,123362967,7628391502,HW 12/10 Spiral Review,1,3,1.50,11.00,3.50,matches_neither,""
Athenian Academy of Technology and the Arts,110354363,7628347421,HW 12/10 Spiral Review,1,3,1.00,5.00,5.00,matches_neither,""
Athenian Academy of Technology and the Arts,56939948,7628391502,HW 12/10 Spiral Review,2,3,5.00,9.00,8.17,matches_neither,""
Athenian Academy of Technology and the Arts,73961454,7617762025,HW 12/3 8.1,1,3,0.00,5.00,3.00,matches_neither,""
Athenian Academy of Technology and the Arts,73961454,7617762025,HW 12/3 8.1,2,3,0.00,5.00,3.00,matches_neither,""
Athenian Academy of Technology and the Arts,73961516,7617762025,HW 12/3 8.1,1,3,0.00,2.00,3.00,matches_neither,sg_exceeds_row_possible
Athenian Academy of Technology and the Arts,73961366,7617762025,HW 12/3 8.1,2,3,0.00,1.00,7.00,matches_neither,sg_exceeds_row_possible
Athenian Academy of Technology and the Arts,73961366,7617762025,HW 12/3 8.1,1,3,0.00,3.00,5.00,matches_neither,sg_exceeds_row_possible
Athenian Academy of Technology and the Arts,73961516,7617762025,HW 12/3 8.1,2,3,0.00,5.00,2.00,matches_neither,""
Athenian Academy of Technology and the Arts,123792248,7619625033,HW 12/4 7.2 - 7.3,1,3,1.00,9.00,2.00,matches_neither,""
Athenian Academy of Technology and the Arts,56939944,7619625033,HW 12/4 7.2 - 7.3,1,3,1.00,8.00,3.00,matches_neither,""
Athenian Academy of Technology and the Arts,123792248,7619625033,HW 12/4 7.2 - 7.3,2,3,5.00,9.00,6.00,matches_neither,""
Athenian Academy of Technology and the Arts,56939944,7619625033,HW 12/4 7.2 - 7.3,2,3,4.00,9.00,5.00,matches_neither,""
Athenian Academy of Technology and the Arts,56939036,7619625033,HW 12/4 7.2 - 7.3,2,3,1.00,8.00,3.00,matches_neither,""
Athenian Academy of Technology and the Arts,126606628,7619615379,HW 12/4 8.2,1,3,0.00,6.00,1.00,matches_neither,""
Athenian Academy of Technology and the Arts,126606628,7619615379,HW 12/4 8.2,2,3,0.00,4.00,3.00,matches_neither,""
Athenian Academy of Technology and the Arts,56939036,7623314096,HW 12/6,1,3,1.00,7.00,2.00,matches_neither,""
Athenian Academy of Technology and the Arts,56939036,7623314096,HW 12/6,2,3,3.33,7.00,4.33,matches_neither,""
Athenian Academy of Technology and the Arts,56940720,7626416439,HW 12/9 Spiral Review,1,3,3.00,6.00,6.00,matches_neither,""
Athenian Academy of Technology and the Arts,123362775,7626416439,HW 12/9 Spiral Review,2,3,5.00,6.00,9.00,matches_neither,sg_exceeds_row_possible
Athenian Academy of Technology and the Arts,73961510,7626433775,HW 12/9 Spiral Review,1,3,2.00,3.00,11.00,matches_neither,sg_exceeds_row_possible
Athenian Academy of Technology and the Arts,123362775,7626416439,HW 12/9 Spiral Review,1,3,4.00,6.00,8.00,matches_neither,sg_exceeds_row_possible
Athenian Academy of Technology and the Arts,56939948,7626416439,HW 12/9 Spiral Review,2,3,3.00,9.00,3.67,matches_neither,""
Athenian Academy of Technology and the Arts,73961366,7626433775,HW 12/9 Spiral Review,1,3,2.00,5.00,9.00,matches_neither,sg_exceeds_row_possible
Athenian Academy of Technology and the Arts,56940720,7626416439,HW 12/9 Spiral Review,2,3,4.33,6.00,8.33,matches_neither,sg_exceeds_row_possible
Athenian Academy of Technology and the Arts,73961510,7626433775,HW 12/9 Spiral Review,2,3,3.00,4.00,11.00,matches_neither,sg_exceeds_row_possible
Athenian Academy of Technology and the Arts,73961366,7626433775,HW 12/9 Spiral Review,2,3,2.00,3.00,11.00,matches_neither,sg_exceeds_row_possible
Athenian Academy of Technology and the Arts,130313961,7801021169,HW 4/11 Chapter 8 Review,1,3,3.83,10.00,8.83,matches_neither,""
Athenian Academy of Technology and the Arts,130313961,7801021169,HW 4/11 Chapter 8 Review,2,3,5.00,8.00,12.00,matches_neither,sg_exceeds_row_possible
Athenian Academy of Technology and the Arts,141355732,8203574006,2 Digit Addition,1,2,0.00,5.00,8.00,matches_neither,sg_exceeds_row_possible
Athenian Academy of Technology and the Arts,131861995,7687741861,Chapter 12,1,2,0.00,2.00,11.00,matches_neither,sg_exceeds_row_possible
Athenian Academy of Technology and the Arts,131770756,7687741861,Chapter 12,1,2,1.00,4.00,11.00,matches_neither,sg_exceeds_row_possible
Athenian Academy of Technology and the Arts,131793988,7702559165,Chapter 16,1,2,3.00,6.00,19.00,matches_neither,sg_exceeds_row_possible
Athenian Academy of Technology and the Arts,131811559,7702559175,Chapter 17,1,2,19.00,21.00,22.00,matches_neither,sg_exceeds_row_possible
Athenian Academy of Technology and the Arts,56940728,8122018182,Chapter 4 Practice Test #3,1,2,3.33,4.00,7.33,matches_neither,sg_exceeds_row_possible
Athenian Academy of Technology and the Arts,88723509,8122018182,Chapter 4 Practice Test #3,1,2,1.67,4.00,6.67,matches_neither,sg_exceeds_row_possible
Athenian Academy of Technology and the Arts,56939948,8122018182,Chapter 4 Practice Test #3,1,2,2.67,3.00,8.67,matches_neither,sg_exceeds_row_possible
Athenian Academy of Technology and the Arts,56940720,8122018182,Chapter 4 Practice Test #3,1,2,2.00,4.00,7.00,matches_neither,sg_exceeds_row_possible
Athenian Academy of Technology and the Arts,56940730,8122018182,Chapter 4 Practice Test #3,1,2,1.67,3.00,7.67,matches_neither,sg_exceeds_row_possible
Athenian Academy of Technology and the Arts,123362776,8122018182,Chapter 4 Practice Test #3,1,2,4.33,5.00,8.33,matches_neither,sg_exceeds_row_possible
Athenian Academy of Technology and the Arts,123362967,8122018182,Chapter 4 Practice Test #3,1,2,4.00,6.00,7.00,matches_neither,sg_exceeds_row_possible
Athenian Academy of Technology and the Arts,133344197,7480755450,Chapter 5,1,2,1.00,6.00,14.00,matches_neither,sg_exceeds_row_possible
Athenian Academy of Technology and the Arts,131770756,7485555213,Chapter 6,1,2,1.00,2.00,15.00,matches_neither,sg_exceeds_row_possible
Athenian Academy of Technology and the Arts,133064364,7337899008,Happy Healthy Me: Weekly Assessment: Week 3,1,2,13.00,16.00,15.00,matches_neither,""
Athenian Academy of Technology and the Arts,131770358,7337899786,Happy Healthy Me: Weekly Assessment: Week 4,1,2,3.00,7.00,14.00,matches_neither,sg_exceeds_row_possible
Athenian Academy of Technology and the Arts,123326286,7337899786,Happy Healthy Me: Weekly Assessment: Week 4,1,2,1.00,5.00,12.00,matches_neither,sg_exceeds_row_possible
Athenian Academy of Technology and the Arts,73961210,7628347421,HW 12/10 Spiral Review,1,2,3.00,6.00,6.00,matches_neither,""
Athenian Academy of Technology and the Arts,73961518,7628347421,HW 12/10 Spiral Review,1,2,1.00,7.00,3.00,matches_neither,""
Athenian Academy of Technology and the Arts,73961454,7628347421,HW 12/10 Spiral Review,1,2,1.00,4.00,6.00,matches_neither,sg_exceeds_row_possible
Athenian Academy of Technology and the Arts,110144463,7628347421,HW 12/10 Spiral Review,1,2,1.00,4.00,6.00,matches_neither,sg_exceeds_row_possible
Athenian Academy of Technology and the Arts,110145269,7628391502,HW 12/10 Spiral Review,1,2,3.33,10.00,6.33,matches_neither,""
Athenian Academy of Technology and the Arts,73961486,7628347421,HW 12/10 Spiral Review,1,2,1.00,3.00,7.00,matches_neither,sg_exceeds_row_possible
Athenian Academy of Technology and the Arts,132649303,7628347421,HW 12/10 Spiral Review,1,2,3.00,5.00,7.00,matches_neither,sg_exceeds_row_possible
Athenian Academy of Technology and the Arts,123362775,7628391502,HW 12/10 Spiral Review,1,2,4.00,5.00,11.00,matches_neither,sg_exceeds_row_possible
Athenian Academy of Technology and the Arts,73961376,7628391502,HW 12/10 Spiral Review,1,2,2.67,6.00,9.67,matches_neither,sg_exceeds_row_possible
Athenian Academy of Technology and the Arts,73961510,7628347421,HW 12/10 Spiral Review,1,2,2.00,3.00,8.00,matches_neither,sg_exceeds_row_possible
Athenian Academy of Technology and the Arts,73961200,7628347421,HW 12/10 Spiral Review,1,2,2.00,5.00,6.00,matches_neither,sg_exceeds_row_possible
Athenian Academy of Technology and the Arts,56939944,7628391502,HW 12/10 Spiral Review,1,2,5.58,9.00,9.58,matches_neither,sg_exceeds_row_possible
Athenian Academy of Technology and the Arts,110354363,7617762025,HW 12/3 8.1,1,2,0.00,2.00,6.00,matches_neither,sg_exceeds_row_possible
Athenian Academy of Technology and the Arts,131695852,7617762025,HW 12/3 8.1,1,2,0.00,2.00,6.00,matches_neither,sg_exceeds_row_possible
Athenian Academy of Technology and the Arts,73961354,7617762025,HW 12/3 8.1,1,2,0.00,3.00,5.00,matches_neither,sg_exceeds_row_possible
Athenian Academy of Technology and the Arts,73961336,7617762025,HW 12/3 8.1,1,2,0.00,3.00,5.00,matches_neither,sg_exceeds_row_possible
Athenian Academy of Technology and the Arts,110145269,7619625033,HW 12/4 7.2 - 7.3,1,2,1.00,8.00,3.00,matches_neither,""
Athenian Academy of Technology and the Arts,73961246,7619625033,HW 12/4 7.2 - 7.3,1,2,3.00,7.00,6.00,matches_neither,""
Athenian Academy of Technology and the Arts,56940716,7619625033,HW 12/4 7.2 - 7.3,1,2,3.00,7.00,6.00,matches_neither,""
Athenian Academy of Technology and the Arts,73961448,7619625033,HW 12/4 7.2 - 7.3,1,2,1.00,8.00,3.00,matches_neither,""
Athenian Academy of Technology and the Arts,56940720,7619625033,HW 12/4 7.2 - 7.3,1,2,4.00,6.00,8.00,matches_neither,sg_exceeds_row_possible
Athenian Academy of Technology and the Arts,98608531,7619625033,HW 12/4 7.2 - 7.3,1,2,6.00,8.00,8.00,matches_neither,""
Athenian Academy of Technology and the Arts,123362775,7619625033,HW 12/4 7.2 - 7.3,1,2,2.00,6.00,6.00,matches_neither,""
Athenian Academy of Technology and the Arts,73961376,7619625033,HW 12/4 7.2 - 7.3,1,2,3.00,8.00,5.00,matches_neither,""
Athenian Academy of Technology and the Arts,73961510,7619615379,HW 12/4 8.2,1,2,1.00,2.00,6.00,matches_neither,sg_exceeds_row_possible
Athenian Academy of Technology and the Arts,73961516,7619615379,HW 12/4 8.2,1,2,2.00,5.00,4.00,matches_neither,""
Athenian Academy of Technology and the Arts,73961518,7619615379,HW 12/4 8.2,1,2,0.00,3.00,4.00,matches_neither,sg_exceeds_row_possible
Athenian Academy of Technology and the Arts,85652955,7619615379,HW 12/4 8.2,1,2,0.00,1.00,6.00,matches_neither,sg_exceeds_row_possible
Athenian Academy of Technology and the Arts,110354363,7619615379,HW 12/4 8.2,1,2,1.00,2.00,6.00,matches_neither,sg_exceeds_row_possible
Athenian Academy of Technology and the Arts,73961200,7619615379,HW 12/4 8.2,1,2,1.00,2.00,6.00,matches_neither,sg_exceeds_row_possible
Athenian Academy of Technology and the Arts,56940720,7623314096,HW 12/6,1,2,6.00,7.00,7.00,matches_neither,""
Athenian Academy of Technology and the Arts,85217066,7623314096,HW 12/6,1,2,4.33,7.00,5.33,matches_neither,""
Athenian Academy of Technology and the Arts,73961246,7623314096,HW 12/6,1,2,3.67,7.00,4.67,matches_neither,""
Athenian Academy of Technology and the Arts,56939944,7623314096,HW 12/6,1,2,1.33,6.00,3.33,matches_neither,""
Athenian Academy of Technology and the Arts,56939948,7623314096,HW 12/6,1,2,1.00,7.00,2.00,matches_neither,""
Athenian Academy of Technology and the Arts,98608531,7623314096,HW 12/6,1,2,4.00,6.00,6.00,matches_neither,""
Athenian Academy of Technology and the Arts,123362775,7623314096,HW 12/6,1,2,2.00,5.00,5.00,matches_neither,""
Athenian Academy of Technology and the Arts,73961248,7623314096,HW 12/6,1,2,1.00,7.00,2.00,matches_neither,""
Athenian Academy of Technology and the Arts,56939946,7623314096,HW 12/6,1,2,4.00,6.00,6.00,matches_neither,""
Athenian Academy of Technology and the Arts,110144463,7626433775,HW 12/9 Spiral Review,1,2,1.00,6.00,7.00,matches_neither,sg_exceeds_row_possible
Athenian Academy of Technology and the Arts,126606628,7626433775,HW 12/9 Spiral Review,1,2,1.00,8.00,5.00,matches_neither,""
Athenian Academy of Technology and the Arts,56940726,7626416439,HW 12/9 Spiral Review,1,2,4.00,9.00,5.00,matches_neither,""
Athenian Academy of Technology and the Arts,85217066,7626416439,HW 12/9 Spiral Review,1,2,5.00,8.00,7.00,matches_neither,""
Athenian Academy of Technology and the Arts,110144462,7626433775,HW 12/9 Spiral Review,1,2,3.00,6.00,8.00,matches_neither,sg_exceeds_row_possible
Athenian Academy of Technology and the Arts,73961234,7626433775,HW 12/9 Spiral Review,1,2,2.00,6.00,6.00,matches_neither,""
Athenian Academy of Technology and the Arts,85652751,7626433775,HW 12/9 Spiral Review,1,2,2.00,7.00,7.00,matches_neither,""
Athenian Academy of Technology and the Arts,73961246,7626416439,HW 12/9 Spiral Review,1,2,6.33,9.00,7.33,matches_neither,""
Athenian Academy of Technology and the Arts,131695852,7626433775,HW 12/9 Spiral Review,1,2,1.00,4.00,8.00,matches_neither,sg_exceeds_row_possible
Athenian Academy of Technology and the Arts,113383155,7801021169,HW 4/11 Chapter 8 Review,1,2,1.67,7.00,9.67,matches_neither,sg_exceeds_row_possible
Athenian Academy of Technology and the Arts,117497949,7801021169,HW 4/11 Chapter 8 Review,1,2,6.00,7.00,14.00,matches_neither,sg_exceeds_row_possible
Athenian Academy of Technology and the Arts,131813998,7892310086,Module Assessment: Amazing Animals,1,2,0.00,6.00,17.00,matches_neither,sg_exceeds_row_possible
Athenian Academy of Technology and the Arts,123325884,7334634550,Nice to Meet You!: Weekly Assessment: Week 1,1,2,11.00,11.00,18.00,matches_neither,sg_exceeds_row_possible
Athenian Academy of Technology and the Arts,117497311,8002526684,Quiz #1,1,2,0.00,1.00,4.00,matches_neither,sg_exceeds_row_possible
Athenian Academy of Technology and the Arts,137498417,8002526684,Quiz #1,1,2,0.00,1.00,4.00,matches_neither,sg_exceeds_row_possible
Athenian Academy of Technology and the Arts,81575814,8002526684,Quiz #1,1,2,0.00,3.00,2.00,matches_neither,""
Athenian Academy of Technology and the Arts,137498415,8002526684,Quiz #1,1,2,0.00,1.00,4.00,matches_neither,sg_exceeds_row_possible
Athenian Academy of Technology and the Arts,98608520,8085496323,Quiz 1,1,2,0.00,2.00,3.00,matches_neither,sg_exceeds_row_possible
Athenian Academy of Technology and the Arts,132721640,8085496323,Quiz 1,1,2,0.00,1.00,4.00,matches_neither,sg_exceeds_row_possible
Athenian Academy of Technology and the Arts,85649705,8085496323,Quiz 1,1,2,0.00,2.00,3.00,matches_neither,sg_exceeds_row_possible
Athenian Academy of Technology and the Arts,135741689,8085496323,Quiz 1,1,2,0.00,1.00,4.00,matches_neither,sg_exceeds_row_possible
Athenian Academy of Technology and the Arts,137498414,8085496323,Quiz 1,1,2,0.00,2.00,3.00,matches_neither,sg_exceeds_row_possible
Athenian Academy of Technology and the Arts,137497393,8085496323,Quiz 1,1,2,0.00,2.00,2.00,matches_neither,""
Athenian Academy of Technology and the Arts,117497940,8085496323,Quiz 1,1,2,0.00,2.00,3.00,matches_neither,sg_exceeds_row_possible
Athenian Academy of Technology and the Arts,85649727,8085496323,Quiz 1,1,2,0.00,1.00,4.00,matches_neither,sg_exceeds_row_possible
Athenian Academy of Technology and the Arts,137857105,8085496323,Quiz 1,1,2,0.00,2.00,2.00,matches_neither,""
Athenian Academy of Technology and the Arts,73961436,8085496323,Quiz 1,1,2,1.00,4.00,2.00,matches_neither,""
Athenian Academy of Technology and the Arts,73961288,8085496323,Quiz 1,1,2,2.00,2.00,4.00,matches_neither,sg_exceeds_row_possible
Athenian Academy of Technology and the Arts,140435414,8085496323,Quiz 1,1,2,2.00,3.00,3.00,matches_neither,""
Athenian Academy of Technology and the Arts,85649716,8085496323,Quiz 1,1,2,0.00,3.00,2.00,matches_neither,""
Athenian Academy of Technology and the Arts,140605426,8085496323,Quiz 1,1,2,0.00,2.00,3.00,matches_neither,sg_exceeds_row_possible
Athenian Academy of Technology and the Arts,131771558,7337899081,There's Only One Me!: Weekly Assessment: Week 3,1,2,1.00,6.00,15.00,matches_neither,sg_exceeds_row_possible
Athenian Academy of Technology and the Arts,123325884,7338365147,Unit 7 Benchmark Test: Living Things,1,2,0.00,5.00,5.00,matches_neither,""
Athenian Academy of Technology and the Arts,123361670,7338365147,Unit 7 Benchmark Test: Living Things,1,2,1.00,2.00,8.00,matches_neither,sg_exceeds_row_possible
Athenian Academy of Technology and the Arts,134824341,7338365147,Unit 7 Benchmark Test: Living Things,1,2,0.00,3.00,7.00,matches_neither,sg_exceeds_row_possible
Athenian Academy of Technology and the Arts,123326449,7338365147,Unit 7 Benchmark Test: Living Things,1,2,0.00,1.00,9.00,matches_neither,sg_exceeds_row_possible
Athenian Academy of Technology and the Arts,123326468,7338365147,Unit 7 Benchmark Test: Living Things,1,2,0.00,1.00,9.00,matches_neither,sg_exceeds_row_possible
Athenian Academy of Technology and the Arts,123361673,7338365147,Unit 7 Benchmark Test: Living Things,1,2,0.00,2.00,7.00,matches_neither,sg_exceeds_row_possible
Athenian Academy of Technology and the Arts,125274084,7338365147,Unit 7 Benchmark Test: Living Things,1,2,0.00,3.00,7.00,matches_neither,sg_exceeds_row_possible
Athenian Academy of Technology and the Arts,125287571,7338365147,Unit 7 Benchmark Test: Living Things,1,2,1.00,4.00,7.00,matches_neither,sg_exceeds_row_possible
Athenian Academy of Technology and the Arts,131862914,7338365147,Unit 7 Benchmark Test: Living Things,1,2,0.00,1.00,8.00,matches_neither,sg_exceeds_row_possible
Athenian Academy of Technology and the Arts,123361705,7338365147,Unit 7 Benchmark Test: Living Things,1,2,0.00,4.00,6.00,matches_neither,sg_exceeds_row_possible
Athenian Academy of Technology and the Arts,123326459,7338365147,Unit 7 Benchmark Test: Living Things,1,2,0.00,2.00,8.00,matches_neither,sg_exceeds_row_possible
Athenian Academy of Technology and the Arts,123361674,7338365147,Unit 7 Benchmark Test: Living Things,1,2,0.00,2.00,7.00,matches_neither,sg_exceeds_row_possible
Athenian Academy of Technology and the Arts,134374836,7338365147,Unit 7 Benchmark Test: Living Things,1,2,0.00,2.00,7.00,matches_neither,sg_exceeds_row_possible
Athenian Academy of Technology and the Arts,117456243,7338365147,Unit 7 Benchmark Test: Living Things,1,2,3.00,6.00,7.00,matches_neither,sg_exceeds_row_possible
Athenian Academy of Technology and the Arts,73961336,8016821134,U.S. History Quiz 2,1,2,0.00,3.00,2.00,matches_neither,""
Athenian Academy of Technology and the Arts,73961510,8016821134,U.S. History Quiz 2,1,2,0.00,1.00,4.00,matches_neither,sg_exceeds_row_possible
Athenian Academy of Technology and the Arts,137498416,8016821134,U.S. History Quiz 2,1,2,0.00,3.00,2.00,matches_neither,""
Athenian Academy of Technology and the Arts,138457943,8016821134,U.S. History Quiz 2,1,2,0.00,3.00,2.00,matches_neither,""
Athenian Academy of Technology and the Arts,73961454,8016821134,U.S. History Quiz 2,1,2,0.00,3.00,2.00,matches_neither,""
Athenian Academy of Technology and the Arts,131695852,8016821134,U.S. History Quiz 2,1,2,0.00,2.00,3.00,matches_neither,sg_exceeds_row_possible
Athenian Academy of Technology and the Arts,73961518,8016821134,U.S. History Quiz 2,1,2,0.00,4.00,1.00,matches_neither,""
Athenian Academy of Technology and the Arts,73961354,8016821134,U.S. History Quiz 2,1,2,0.00,2.00,3.00,matches_neither,sg_exceeds_row_possible
Athenian Academy of Technology and the Arts,81575814,8016821134,U.S. History Quiz 2,1,2,1.00,4.00,2.00,matches_neither,""
Athenian Academy of Technology and the Arts,137498415,8016821134,U.S. History Quiz 2,1,2,0.00,2.00,3.00,matches_neither,sg_exceeds_row_possible
Athenian Academy of Technology and the Arts,131695592,8016821134,U.S. History Quiz 2,1,2,0.00,3.00,2.00,matches_neither,""
Athenian Academy of Technology and the Arts,73961302,8016821134,U.S. History Quiz 2,1,2,0.00,1.00,4.00,matches_neither,sg_exceeds_row_possible
Athenian Academy of Technology and the Arts,126606628,8016821134,U.S. History Quiz 2,1,2,0.00,4.00,1.00,matches_neither,""
Athenian Academy of Technology and the Arts,117497315,8016821134,U.S. History Quiz 2,1,2,0.00,3.00,1.00,matches_neither,""
Athenian Academy of Technology and the Arts,85652955,8016821134,U.S. History Quiz 2,1,2,0.00,2.00,3.00,matches_neither,sg_exceeds_row_possible
Athenian Academy of Technology and the Arts,117497312,8016821134,U.S. History Quiz 2,1,2,0.00,2.00,3.00,matches_neither,sg_exceeds_row_possible
Athenian Academy of Technology and the Arts,110144462,8016821134,U.S. History Quiz 2,1,2,0.00,1.00,4.00,matches_neither,sg_exceeds_row_possible
Athenian Academy of Technology and the Arts,85652751,8016821134,U.S. History Quiz 2,1,2,0.00,4.00,1.00,matches_neither,""
Athenian Academy of Technology and the Arts,73961210,8016821134,U.S. History Quiz 2,1,2,0.00,3.00,2.00,matches_neither,""
Athenian Academy of Technology and the Arts,137498414,8193578592,World History Quiz 1,1,2,0.00,3.00,1.00,matches_neither,""
Athenian Academy of Technology and the Arts,85649685,8193578592,World History Quiz 1,1,2,0.00,1.00,4.00,matches_neither,sg_exceeds_row_possible
Athenian Academy of Technology and the Arts,85649727,8193578592,World History Quiz 1,1,2,0.00,3.00,2.00,matches_neither,""
Athenian Academy of Technology and the Arts,137498413,8193578592,World History Quiz 1,1,2,0.00,2.00,2.00,matches_neither,""
Athenian Academy of Technology and the Arts,140605426,8193578592,World History Quiz 1,1,2,0.00,2.00,3.00,matches_neither,sg_exceeds_row_possible
Athenian Academy of Technology and the Arts,85649723,8193578592,World History Quiz 1,1,2,0.00,4.00,1.00,matches_neither,""
Athenian Academy of Technology and the Arts,117497940,8193578592,World History Quiz 1,1,2,1.00,3.00,2.00,matches_neither,""
Athenian Academy of Technology and the Arts,110144292,8193578592,World History Quiz 1,1,2,0.00,3.00,1.00,matches_neither,""
Athenian Academy of Technology and the Arts,124450250,8193578592,World History Quiz 1,1,2,0.00,2.00,1.00,matches_neither,""
Athenian Academy of Technology and the Arts,100886683,8193578592,World History Quiz 1,1,2,0.00,4.00,1.00,matches_neither,""
Athenian Academy of Technology and the Arts,85649705,8193578592,World History Quiz 1,1,2,0.00,2.00,2.00,matches_neither,""
Athenian Academy of Technology and the Arts,85649716,8193578592,World History Quiz 1,1,2,0.00,3.00,2.00,matches_neither,""
Athenian Academy of Technology and the Arts,135741689,8193578592,World History Quiz 1,1,2,1.00,3.00,2.00,matches_neither,""
Athenian Academy of Technology and the Arts,113383156,8193578592,World History Quiz 1,1,2,0.00,2.00,2.00,matches_neither,""
Athenian Academy of Technology and the Arts,73961288,8193578592,World History Quiz 1,1,2,0.00,3.00,2.00,matches_neither,""
Athenian Academy of Technology and the Arts,85649683,8193578592,World History Quiz 1,1,2,1.00,3.00,2.00,matches_neither,""
Athenian Academy of Technology and the Arts,137498414,8264944793,World History Quiz 4,1,2,4.00,7.00,17.00,matches_neither,sg_exceeds_row_possible
Athenian Academy of Technology and the Arts,85649688,8264944793,World History Quiz 4,1,2,2.00,10.00,12.00,matches_neither,sg_exceeds_row_possible
Athenian Academy of Technology and the Arts,85649731,8264944793,World History Quiz 4,1,2,5.00,12.00,11.00,matches_neither,""
Athenian Academy of Technology and the Arts,123362771,8264944793,World History Quiz 4,1,2,3.00,12.00,10.00,matches_neither,""
Athenian Academy of Technology and the Arts,140605426,8264944793,World History Quiz 4,1,2,2.00,5.00,14.00,matches_neither,sg_exceeds_row_possible
Athenian Academy of Technology and the Arts,85649738,8264944793,World History Quiz 4,1,2,4.00,12.00,10.00,matches_neither,""
Athenian Academy of Technology and the Arts,89121754,8264944793,World History Quiz 4,1,2,5.00,11.00,11.00,matches_neither,""
Athenian Academy of Technology and the Arts,139415473,8264944793,World History Quiz 4,1,2,4.00,14.00,8.00,matches_neither,""
Athenian Academy of Technology and the Arts,127397209,7635138239,Unit 9 Lesson 3 Braincheck,1,1,2.00,2.00,4.00,matches_neither,sg_exceeds_row_possible
Central Florida Preparatory School,132736073,7962000328,Topic 1: Origins of Civilization,1,4,2.00,7.00,12.00,matches_neither,sg_exceeds_row_possible
Central Florida Preparatory School,132736073,7962000328,Topic 1: Origins of Civilization,2,4,2.00,7.00,6.00,matches_neither,""
Central Florida Preparatory School,138506934,7999771774,Chapter 1 Test: Whole Number Place Value,1,3,0.00,4.00,7.50,matches_neither,sg_exceeds_row_possible
Central Florida Preparatory School,138506934,7999771774,Chapter 1 Test: Whole Number Place Value,2,3,2.00,4.00,10.00,matches_neither,sg_exceeds_row_possible
Central Florida Preparatory School,132358933,8018759369,Chapter 4 Test: Addition Concepts,2,3,1.00,1.00,8.00,matches_neither,sg_exceeds_row_possible
Central Florida Preparatory School,132358933,8018759369,Chapter 4 Test: Addition Concepts,1,3,0.00,2.00,6.00,matches_neither,sg_exceeds_row_possible
Central Florida Preparatory School,109877348,7807260114,Home Sweet Habitat: Weekly Assessment: Week 2,1,3,1.00,3.00,2.00,matches_neither,""
Central Florida Preparatory School,109877348,7807260114,Home Sweet Habitat: Weekly Assessment: Week 2,2,3,2.00,7.00,9.00,matches_neither,sg_exceeds_row_possible
Central Florida Preparatory School,116903216,8161441556,Mid-Year Test,2,3,5.00,25.00,14.00,matches_neither,""
Central Florida Preparatory School,138600387,8161437456,Mid-Year Test,2,3,5.00,31.00,12.00,matches_neither,""
Central Florida Preparatory School,116903216,8161441556,Mid-Year Test,1,3,5.00,17.00,20.00,matches_neither,sg_exceeds_row_possible
Central Florida Preparatory School,138600387,8161437456,Mid-Year Test,1,3,5.00,29.00,10.00,matches_neither,""
Central Florida Preparatory School,131833908,8095123351,Topic 2,2,3,1.00,3.00,6.00,matches_neither,sg_exceeds_row_possible
Central Florida Preparatory School,131833908,8095123351,Topic 2,1,3,0.00,1.00,6.00,matches_neither,sg_exceeds_row_possible
Central Florida Preparatory School,131833925,8241749400,Topic 5,2,3,1.00,2.00,7.25,matches_neither,sg_exceeds_row_possible
Central Florida Preparatory School,131833925,8241749400,Topic 5,1,3,0.00,3.00,5.75,matches_neither,sg_exceeds_row_possible
Central Florida Preparatory School,131942373,7963934901,Unit 1 Part 1,2,3,0.00,4.00,26.00,matches_neither,sg_exceeds_row_possible
Central Florida Preparatory School,84456629,7963934901,Unit 1 Part 1,1,3,0.00,10.00,20.00,matches_neither,sg_exceeds_row_possible
Central Florida Preparatory School,131833912,7963936946,Unit 1 Part 1,1,3,0.00,8.00,22.00,matches_neither,sg_exceeds_row_possible
Central Florida Preparatory School,116903218,7963934901,Unit 1 Part 1,2,3,0.00,1.00,29.00,matches_neither,sg_exceeds_row_possible
Central Florida Preparatory School,131833912,7963936946,Unit 1 Part 1,2,3,0.00,2.00,28.00,matches_neither,sg_exceeds_row_possible
Central Florida Preparatory School,116903204,7963936946,Unit 1 Part 1,1,3,0.00,5.00,25.00,matches_neither,sg_exceeds_row_possible
Central Florida Preparatory School,131942361,7963934901,Unit 1 Part 1,1,3,0.00,11.00,19.00,matches_neither,sg_exceeds_row_possible
Central Florida Preparatory School,131942361,7963934901,Unit 1 Part 1,2,3,0.00,5.00,25.00,matches_neither,sg_exceeds_row_possible
Central Florida Preparatory School,116903204,7963936946,Unit 1 Part 1,2,3,0.00,1.00,29.00,matches_neither,sg_exceeds_row_possible
Central Florida Preparatory School,84456629,7963934901,Unit 1 Part 1,2,3,0.00,3.00,27.00,matches_neither,sg_exceeds_row_possible
Central Florida Preparatory School,131942373,7963934901,Unit 1 Part 1,1,3,0.00,11.00,18.00,matches_neither,sg_exceeds_row_possible
Central Florida Preparatory School,116903218,7963934901,Unit 1 Part 1,1,3,0.00,12.00,18.00,matches_neither,sg_exceeds_row_possible
Central Florida Preparatory School,138948896,7963939073,Unit1 Part 1,2,3,0.00,13.00,15.00,matches_neither,sg_exceeds_row_possible
Central Florida Preparatory School,138948896,7963939073,Unit1 Part 1,1,3,0.00,21.00,7.00,matches_neither,""
Central Florida Preparatory School,131833908,8102312134,Unit 2 Part 1,2,3,3.00,19.00,15.00,matches_neither,""
Central Florida Preparatory School,138600396,8102310161,Unit 2 Part 1,2,3,8.00,26.00,9.00,matches_neither,""
Central Florida Preparatory School,116903209,8102313694,Unit 2 Part 1,1,3,0.00,4.00,18.00,matches_neither,sg_exceeds_row_possible
Central Florida Preparatory School,84456665,8102310357,Unit 2 Part 1,2,3,9.00,21.00,15.00,matches_neither,""
Central Florida Preparatory School,138600396,8102310161,Unit 2 Part 1,1,3,5.00,17.00,11.00,matches_neither,""
Central Florida Preparatory School,138600387,8102310161,Unit 2 Part 1,2,3,10.00,26.00,13.00,matches_neither,""
Central Florida Preparatory School,116903209,8102313694,Unit 2 Part 1,2,3,3.00,13.00,17.00,matches_neither,sg_exceeds_row_possible
Central Florida Preparatory School,84456665,8102310357,Unit 2 Part 1,1,3,2.00,15.00,10.00,matches_neither,""
Central Florida Preparatory School,131833908,8102312134,Unit 2 Part 1,1,3,0.00,10.00,17.00,matches_neither,sg_exceeds_row_possible
Central Florida Preparatory School,138600387,8102310161,Unit 2 Part 1,1,3,4.00,20.00,8.00,matches_neither,""
Central Florida Preparatory School,138600391,8255776872,Unit 3 Part 1,2,3,1.00,9.00,18.00,matches_neither,sg_exceeds_row_possible
Central Florida Preparatory School,138600387,8255770103,Unit 3 Part 1,1,3,0.00,3.00,18.00,matches_neither,sg_exceeds_row_possible
Central Florida Preparatory School,138600387,8255770103,Unit 3 Part 1,2,3,6.00,16.00,19.00,matches_neither,sg_exceeds_row_possible
Central Florida Preparatory School,138600396,8255770103,Unit 3 Part 1,1,3,9.00,18.00,18.00,matches_neither,""
Central Florida Preparatory School,138600396,8255770103,Unit 3 Part 1,2,3,8.00,20.00,12.00,matches_neither,""
Central Florida Preparatory School,123599622,8255737570,Unit 3 Part 1,2,3,5.00,18.00,12.00,matches_neither,""
Central Florida Preparatory School,116903218,8255770103,Unit 3 Part 1,1,3,4.00,7.00,24.00,matches_neither,sg_exceeds_row_possible
Central Florida Preparatory School,131942373,8255770103,Unit 3 Part 1,1,3,3.00,9.00,21.00,matches_neither,sg_exceeds_row_possible
Central Florida Preparatory School,131942373,8255770103,Unit 3 Part 1,2,3,0.00,12.00,15.00,matches_neither,sg_exceeds_row_possible
Central Florida Preparatory School,138600388,8255770520,Unit 3 Part 1,1,3,5.00,15.00,13.00,matches_neither,""
Central Florida Preparatory School,116903218,8255770103,Unit 3 Part 1,2,3,2.00,6.00,22.00,matches_neither,sg_exceeds_row_possible
Central Florida Preparatory School,138600391,8255776872,Unit 3 Part 1,1,3,4.00,15.00,16.00,matches_neither,sg_exceeds_row_possible
Central Florida Preparatory School,138600388,8255770520,Unit 3 Part 1,2,3,7.00,18.00,12.00,matches_neither,""
Central Florida Preparatory School,131942351,8255770103,Unit 3 Part 1,1,3,1.00,16.00,13.00,matches_neither,""
Central Florida Preparatory School,123599622,8255737570,Unit 3 Part 1,1,3,6.00,17.00,13.00,matches_neither,""
Central Florida Preparatory School,131942351,8255770103,Unit 3 Part 1,2,3,0.00,26.00,5.00,matches_neither,""
Central Florida Preparatory School,124866004,8255770103,Unit 3 Part 1,2,3,0.00,4.00,16.00,matches_neither,sg_exceeds_row_possible
Central Florida Preparatory School,124866004,8255770103,Unit 3 Part 1,1,3,2.00,5.00,20.00,matches_neither,sg_exceeds_row_possible
Central Florida Preparatory School,124292910,8352493441,Unit 4 Part 1,1,3,2.00,10.00,18.00,matches_neither,sg_exceeds_row_possible
Central Florida Preparatory School,131942361,8352493441,Unit 4 Part 1,1,3,2.00,21.00,9.00,matches_neither,""
Central Florida Preparatory School,131942339,8352493877,Unit 4 Part 1,2,3,1.00,4.00,27.00,matches_neither,sg_exceeds_row_possible
Central Florida Preparatory School,133182402,8352493441,Unit 4 Part 1,2,3,1.00,10.00,19.00,matches_neither,sg_exceeds_row_possible
Central Florida Preparatory School,131942339,8352493877,Unit 4 Part 1,1,3,0.00,1.00,26.00,matches_neither,sg_exceeds_row_possible
Central Florida Preparatory School,133182402,8352493441,Unit 4 Part 1,1,3,0.00,1.00,20.00,matches_neither,sg_exceeds_row_possible
Central Florida Preparatory School,131942361,8352493441,Unit 4 Part 1,2,3,8.00,12.00,24.00,matches_neither,sg_exceeds_row_possible
Central Florida Preparatory School,138600396,8352493441,Unit 4 Part 1,1,3,4.00,13.00,9.00,matches_neither,""
Central Florida Preparatory School,112187638,8352493877,Unit 4 Part 1,2,3,0.00,8.00,22.00,matches_neither,sg_exceeds_row_possible
Central Florida Preparatory School,124292910,8352493441,Unit 4 Part 1,2,3,4.00,16.00,18.00,matches_neither,sg_exceeds_row_possible
Central Florida Preparatory School,138600396,8352493441,Unit 4 Part 1,2,3,6.00,27.00,8.00,matches_neither,""
Central Florida Preparatory School,112187638,8352493877,Unit 4 Part 1,1,3,1.00,16.00,14.00,matches_neither,""
Central Florida Preparatory School,131942364,8283391522,Art Everywhere: Module 5 Assessment,1,2,2.00,12.00,13.00,matches_neither,sg_exceeds_row_possible
Central Florida Preparatory School,132358933,8262300500,Celebrate America: Module 6 Assesment,1,2,1.00,5.00,11.00,matches_neither,sg_exceeds_row_possible
Central Florida Preparatory School,134480621,8262300560,Celebrate America: Module 6 Assesment,1,2,0.00,4.00,18.00,matches_neither,sg_exceeds_row_possible
Central Florida Preparatory School,118931506,8262300586,Celebrate America: Module 6 Assesment,1,2,0.00,20.00,3.00,matches_neither,""
Central Florida Preparatory School,125369133,8262227805,Chapter 10 Test: Addition and Subtraction Relationships,1,2,0.90,4.00,6.90,matches_neither,sg_exceeds_row_possible
Central Florida Preparatory School,125369141,8345947558,Chapter 13 Test: Length in Customary Units,1,2,0.00,2.00,8.00,matches_neither,sg_exceeds_row_possible
Central Florida Preparatory School,131942364,7999771774,Chapter 1 Test: Whole Number Place Value,1,2,1.00,1.00,2.00,matches_neither,sg_exceeds_row_possible
Central Florida Preparatory School,118931503,8077264048,Chapter 4 Test: Addition Concepts,1,2,0.80,1.00,8.80,matches_neither,sg_exceeds_row_possible
Central Florida Preparatory School,118931439,8077264048,Chapter 4 Test: Addition Concepts,1,2,1.00,2.00,8.00,matches_neither,sg_exceeds_row_possible
Central Florida Preparatory School,118931447,8077264048,Chapter 4 Test: Addition Concepts,1,2,1.00,1.00,8.00,matches_neither,sg_exceeds_row_possible
Central Florida Preparatory School,132358880,8077264048,Chapter 4 Test: Addition Concepts,1,2,0.00,4.00,5.00,matches_neither,sg_exceeds_row_possible
Central Florida Preparatory School,132358919,8018759369,Chapter 4 Test: Addition Concepts,1,2,1.40,3.00,7.40,matches_neither,sg_exceeds_row_possible
Central Florida Preparatory School,138506900,8077264048,Chapter 4 Test: Addition Concepts,1,2,0.80,2.00,7.80,matches_neither,sg_exceeds_row_possible
Central Florida Preparatory School,125369131,8076260570,Chapter 4 Test: Equal Groups,1,2,0.00,7.00,1.00,matches_neither,""
Central Florida Preparatory School,138506886,8093370742,Chapter 5 Test: 2-Digit Addition,1,2,1.33,3.00,7.83,matches_neither,sg_exceeds_row_possible
Central Florida Preparatory School,131942347,8093370742,Chapter 5 Test: 2-Digit Addition,1,2,0.33,5.00,5.33,matches_neither,""
Central Florida Preparatory School,125369141,8093370742,Chapter 5 Test: 2-Digit Addition,1,2,1.33,4.00,7.33,matches_neither,sg_exceeds_row_possible
Central Florida Preparatory School,133934211,8093370742,Chapter 5 Test: 2-Digit Addition,1,2,0.33,4.00,5.33,matches_neither,sg_exceeds_row_possible
Central Florida Preparatory School,102065674,8093370742,Chapter 5 Test: 2-Digit Addition,1,2,1.00,7.00,4.00,matches_neither,""
Central Florida Preparatory School,125369113,8093370742,Chapter 5 Test: 2-Digit Addition,1,2,0.00,8.00,2.00,matches_neither,""
Central Florida Preparatory School,138506942,8093370742,Chapter 5 Test: 2-Digit Addition,1,2,0.00,1.00,7.33,matches_neither,sg_exceeds_row_possible
Central Florida Preparatory School,118931489,8093370742,Chapter 5 Test: 2-Digit Addition,1,2,0.00,1.00,7.33,matches_neither,sg_exceeds_row_possible
Central Florida Preparatory School,125369155,8102615314,Chapter 5 Test: Subtraction Concepts,1,2,1.33,3.00,8.33,matches_neither,sg_exceeds_row_possible
Central Florida Preparatory School,132358925,8123427408,Chapter 6 Test: Addition Strategies,1,2,1.33,6.00,8.33,matches_neither,sg_exceeds_row_possible
Central Florida Preparatory School,138506902,8123427408,Chapter 6 Test: Addition Strategies,1,2,1.00,5.00,7.00,matches_neither,sg_exceeds_row_possible
Central Florida Preparatory School,133741154,8123427408,Chapter 6 Test: Addition Strategies,1,2,1.00,4.00,9.00,matches_neither,sg_exceeds_row_possible
Central Florida Preparatory School,118931488,8123427408,Chapter 6 Test: Addition Strategies,1,2,1.00,5.00,9.00,matches_neither,sg_exceeds_row_possible
Central Florida Preparatory School,132358933,8123427408,Chapter 6 Test: Addition Strategies,1,2,2.00,3.00,10.00,matches_neither,sg_exceeds_row_possible
Central Florida Preparatory School,132358919,8123427408,Chapter 6 Test: Addition Strategies,1,2,4.00,7.00,10.00,matches_neither,sg_exceeds_row_possible
Central Florida Preparatory School,132358938,8123427408,Chapter 6 Test: Addition Strategies,1,2,0.00,3.00,10.00,matches_neither,sg_exceeds_row_possible
Central Florida Preparatory School,132358919,8164162137,Chapter 7 Test: Subtraction Strategies,1,2,0.00,7.00,1.00,matches_neither,""
Central Florida Preparatory School,109875259,7780237793,Home Sweet Habitat: Weekly Assessment: Week 1,2,2,0.00,1.00,5.00,matches_neither,sg_exceeds_row_possible
Central Florida Preparatory School,132736077,7796962804,Home Sweet Habitat: Weekly Assessment: Week 1,1,2,0.00,2.00,9.00,matches_neither,sg_exceeds_row_possible
Central Florida Preparatory School,132358906,7806926683,Home Sweet Habitat: Weekly Assessment: Week 1,1,2,2.00,4.00,10.00,matches_neither,sg_exceeds_row_possible
Central Florida Preparatory School,130408281,7806926683,Home Sweet Habitat: Weekly Assessment: Week 1,1,2,0.00,1.00,7.00,matches_neither,sg_exceeds_row_possible
Central Florida Preparatory School,118931440,7806926683,Home Sweet Habitat: Weekly Assessment: Week 1,1,2,0.00,2.00,10.00,matches_neither,sg_exceeds_row_possible
Central Florida Preparatory School,118931468,7806926683,Home Sweet Habitat: Weekly Assessment: Week 1,1,2,1.00,3.00,9.00,matches_neither,sg_exceeds_row_possible
Central Florida Preparatory School,95720379,7806926683,Home Sweet Habitat: Weekly Assessment: Week 1,1,2,7.00,9.00,9.00,matches_neither,""
Central Florida Preparatory School,132358906,7814288655,Home Sweet Habitat: Weekly Assessment: Week 2,1,2,0.00,5.00,7.00,matches_neither,sg_exceeds_row_possible
Central Florida Preparatory School,118931502,7807260114,Home Sweet Habitat: Weekly Assessment: Week 2,1,2,1.00,5.00,9.00,matches_neither,sg_exceeds_row_possible
Central Florida Preparatory School,113540701,7814288655,Home Sweet Habitat: Weekly Assessment: Week 2,2,2,0.00,3.00,8.00,matches_neither,sg_exceeds_row_possible
Central Florida Preparatory School,95720379,7814288655,Home Sweet Habitat: Weekly Assessment: Week 2,1,2,0.00,6.00,5.00,matches_neither,""
Central Florida Preparatory School,118931440,7814288655,Home Sweet Habitat: Weekly Assessment: Week 2,1,2,1.00,6.00,9.00,matches_neither,sg_exceeds_row_possible
Central Florida Preparatory School,130408281,7814288655,Home Sweet Habitat: Weekly Assessment: Week 2,2,2,1.00,4.00,9.00,matches_neither,sg_exceeds_row_possible
Central Florida Preparatory School,124292894,7807260114,Home Sweet Habitat: Weekly Assessment: Week 2,1,2,0.00,2.00,11.00,matches_neither,sg_exceeds_row_possible
Central Florida Preparatory School,95720370,7814288655,Home Sweet Habitat: Weekly Assessment: Week 2,1,2,1.00,4.00,10.00,matches_neither,sg_exceeds_row_possible
Central Florida Preparatory School,132502380,7814288655,Home Sweet Habitat: Weekly Assessment: Week 2,1,2,1.00,4.00,8.00,matches_neither,sg_exceeds_row_possible
Central Florida Preparatory School,104541345,7823076023,Home Sweet Habitat: Weekly Assessment: Week 3,1,2,0.00,4.00,4.00,matches_neither,""
Central Florida Preparatory School,109877348,7816901887,Home Sweet Habitat: Weekly Assessment: Week 3,1,2,0.00,3.00,10.00,matches_neither,sg_exceeds_row_possible
Central Florida Preparatory School,130408281,7823076023,Home Sweet Habitat: Weekly Assessment: Week 3,1,2,0.00,3.00,3.00,matches_neither,""
Central Florida Preparatory School,118931440,7823076023,Home Sweet Habitat: Weekly Assessment: Week 3,1,2,0.00,4.00,5.00,matches_neither,sg_exceeds_row_possible
Central Florida Preparatory School,132502380,7823076023,Home Sweet Habitat: Weekly Assessment: Week 3,1,2,0.00,3.00,5.00,matches_neither,sg_exceeds_row_possible
Central Florida Preparatory School,95720379,7823076023,Home Sweet Habitat: Weekly Assessment: Week 3,1,2,0.00,2.00,7.00,matches_neither,sg_exceeds_row_possible
Central Florida Preparatory School,109678881,7823076023,Home Sweet Habitat: Weekly Assessment: Week 3,1,2,0.00,2.00,6.00,matches_neither,sg_exceeds_row_possible
Central Florida Preparatory School,124292894,7816901887,Home Sweet Habitat: Weekly Assessment: Week 3,1,2,1.00,4.00,10.00,matches_neither,sg_exceeds_row_possible
Central Florida Preparatory School,113540701,7823076023,Home Sweet Habitat: Weekly Assessment: Week 3,1,2,0.00,5.00,4.00,matches_neither,""
Central Florida Preparatory School,118931468,7823076023,Home Sweet Habitat: Weekly Assessment: Week 3,1,2,1.00,3.00,6.00,matches_neither,sg_exceeds_row_possible
Central Florida Preparatory School,132358906,7823076023,Home Sweet Habitat: Weekly Assessment: Week 3,1,2,0.00,2.00,6.00,matches_neither,sg_exceeds_row_possible
Central Florida Preparatory School,118931501,7816901887,Home Sweet Habitat: Weekly Assessment: Week 3,1,2,1.00,5.00,9.00,matches_neither,sg_exceeds_row_possible
Central Florida Preparatory School,138600396,8161437456,Mid-Year Test,1,2,18.00,36.00,22.00,matches_neither,""
Central Florida Preparatory School,138600382,8161441556,Mid-Year Test,1,2,5.00,30.00,12.00,matches_neither,""
Central Florida Preparatory School,131833927,8161441556,Mid-Year Test,1,2,7.00,21.00,23.00,matches_neither,sg_exceeds_row_possible
Central Florida Preparatory School,138600400,8161441039,Mid-Year Test,1,2,9.00,22.00,23.00,matches_neither,sg_exceeds_row_possible
Central Florida Preparatory School,84456665,8161439965,Mid-Year Test,1,2,12.00,30.00,20.00,matches_neither,""
Central Florida Preparatory School,138948899,8161441039,Mid-Year Test,1,2,3.00,16.00,21.00,matches_neither,sg_exceeds_row_possible
Central Florida Preparatory School,131942361,8161437456,Mid-Year Test,1,2,9.00,24.00,30.00,matches_neither,sg_exceeds_row_possible
Central Florida Preparatory School,131833920,8161441556,Mid-Year Test,1,2,11.00,26.00,17.00,matches_neither,""
Central Florida Preparatory School,138600380,8161437456,Mid-Year Test,1,2,7.00,16.00,24.00,matches_neither,sg_exceeds_row_possible
Central Florida Preparatory School,132502379,8161441039,Mid-Year Test,1,2,11.00,33.00,15.00,matches_neither,""
Central Florida Preparatory School,138600383,8161439965,Mid-Year Test,1,2,0.00,19.00,27.00,matches_neither,sg_exceeds_row_possible
Central Florida Preparatory School,131833908,8161441556,Mid-Year Test,1,2,5.00,20.00,23.00,matches_neither,sg_exceeds_row_possible
Central Florida Preparatory School,138600391,8161441556,Mid-Year Test,1,2,6.00,18.00,23.00,matches_neither,sg_exceeds_row_possible
Central Florida Preparatory School,101766099,8161441556,Mid-Year Test,1,2,2.00,14.00,28.00,matches_neither,sg_exceeds_row_possible
Central Florida Preparatory School,134480621,8093860260,Module 3 Assessment: Amazing Animals (new),1,2,1.00,2.00,12.00,matches_neither,sg_exceeds_row_possible
Central Florida Preparatory School,138506935,8093860260,Module 3 Assessment: Amazing Animals (new),1,2,2.00,10.00,10.00,matches_neither,""
Central Florida Preparatory School,138506933,8135424102,Module 4 Assessment: Better Together,1,2,0.00,12.00,9.00,matches_neither,""
Central Florida Preparatory School,138506902,8135423983,Module 4 Assessment: Better Together,1,2,3.00,11.00,8.00,matches_neither,""
Central Florida Preparatory School,132358920,8135424102,Module 4 Assessment: Better Together,1,2,1.00,16.00,7.00,matches_neither,""
Central Florida Preparatory School,118931447,8135424102,Module 4 Assessment: Better Together,1,2,3.00,15.00,9.00,matches_neither,""
Central Florida Preparatory School,138506919,8135423983,Module 4 Assessment: Better Together,1,2,2.00,8.00,14.00,matches_neither,sg_exceeds_row_possible
Central Florida Preparatory School,132358910,8135424102,Module 4 Assessment: Better Together,1,2,2.00,17.00,6.00,matches_neither,""
Central Florida Preparatory School,132358925,8135423983,Module 4 Assessment: Better Together,1,2,5.00,8.00,17.00,matches_neither,sg_exceeds_row_possible
Central Florida Preparatory School,109676512,8135423983,Module 4 Assessment: Better Together,1,2,0.00,3.00,18.00,matches_neither,sg_exceeds_row_possible
Central Florida Preparatory School,138506894,8135424102,Module 4 Assessment: Better Together,1,2,0.00,12.00,11.00,matches_neither,""
Central Florida Preparatory School,138506900,8135424102,Module 4 Assessment: Better Together,1,2,2.00,15.00,8.00,matches_neither,""
Central Florida Preparatory School,121520477,8135424056,Module 4 Assessment: Better Together,1,2,3.00,14.00,11.00,matches_neither,""
Central Florida Preparatory School,138506869,8135424102,Module 4 Assessment: Better Together,1,2,2.00,15.00,10.00,matches_neither,""
Central Florida Preparatory School,125369117,8135424020,Module 4 Assessment: Better Together,1,2,5.00,12.00,12.00,matches_neither,""
Central Florida Preparatory School,132358934,8135424102,Module 4 Assessment: Better Together,1,2,0.00,14.00,8.00,matches_neither,""
Central Florida Preparatory School,132358882,8135424102,Module 4 Assessment: Better Together,1,2,0.00,13.00,10.00,matches_neither,""
Central Florida Preparatory School,132358933,8135423983,Module 4 Assessment: Better Together,1,2,5.00,10.00,13.00,matches_neither,sg_exceeds_row_possible
Central Florida Preparatory School,118931439,8135424102,Module 4 Assessment: Better Together,1,2,1.00,17.00,7.00,matches_neither,""
Central Florida Preparatory School,138506887,8135424056,Module 4 Assessment: Better Together,1,2,5.00,11.00,13.00,matches_neither,sg_exceeds_row_possible
Central Florida Preparatory School,125369110,8135423983,Module 4 Assessment: Better Together,1,2,0.00,3.00,16.00,matches_neither,sg_exceeds_row_possible
Central Florida Preparatory School,118931462,8135423983,Module 4 Assessment: Better Together,1,2,1.00,4.00,18.00,matches_neither,sg_exceeds_row_possible
Central Florida Preparatory School,118931488,8135423983,Module 4 Assessment: Better Together,1,2,0.00,1.00,22.00,matches_neither,sg_exceeds_row_possible
Central Florida Preparatory School,133741154,8135423983,Module 4 Assessment: Better Together,1,2,2.00,13.00,10.00,matches_neither,""
Central Florida Preparatory School,132358880,8135424102,Module 4 Assessment: Better Together,1,2,1.00,14.00,10.00,matches_neither,""
Central Florida Preparatory School,118931503,8135424102,Module 4 Assessment: Better Together,1,2,0.00,13.00,9.00,matches_neither,""
Central Florida Preparatory School,132358919,8135423983,Module 4 Assessment: Better Together,1,2,3.00,10.00,15.00,matches_neither,sg_exceeds_row_possible
Central Florida Preparatory School,125369108,8135424102,Module 4 Assessment: Better Together,1,2,1.00,14.00,10.00,matches_neither,""
Central Florida Preparatory School,138506886,8207006018,Once Upon a Time: Mod 4 Weekly Assessment: Week 1,1,2,0.00,1.00,5.00,matches_neither,sg_exceeds_row_possible
Central Florida Preparatory School,131942373,8087335627,Test Topic 2: Civilizations and Peoples of the Fertile Crescent,1,2,0.00,8.00,12.00,matches_neither,sg_exceeds_row_possible
Central Florida Preparatory School,138600387,8087335627,Test Topic 2: Civilizations and Peoples of the Fertile Crescent,1,2,0.00,13.00,7.00,matches_neither,""
Central Florida Preparatory School,131942370,8087335627,Test Topic 2: Civilizations and Peoples of the Fertile Crescent,1,2,1.00,10.00,11.00,matches_neither,sg_exceeds_row_possible
Central Florida Preparatory School,138600393,8087335627,Test Topic 2: Civilizations and Peoples of the Fertile Crescent,1,2,0.00,10.00,9.00,matches_neither,""
Central Florida Preparatory School,124292912,8087335627,Test Topic 2: Civilizations and Peoples of the Fertile Crescent,1,2,3.00,11.00,6.00,matches_neither,""
Central Florida Preparatory School,138600380,8087335627,Test Topic 2: Civilizations and Peoples of the Fertile Crescent,1,2,0.00,13.00,7.00,matches_neither,""
Central Florida Preparatory School,138600376,8087335627,Test Topic 2: Civilizations and Peoples of the Fertile Crescent,1,2,0.00,8.00,12.00,matches_neither,sg_exceeds_row_possible
Central Florida Preparatory School,124866004,8087335627,Test Topic 2: Civilizations and Peoples of the Fertile Crescent,1,2,0.00,12.00,8.00,matches_neither,""
Central Florida Preparatory School,124292910,8087335627,Test Topic 2: Civilizations and Peoples of the Fertile Crescent,1,2,0.00,5.00,10.00,matches_neither,sg_exceeds_row_possible
Central Florida Preparatory School,95720286,8087335627,Test Topic 2: Civilizations and Peoples of the Fertile Crescent,1,2,2.00,14.00,7.00,matches_neither,""
Central Florida Preparatory School,131942372,8087335627,Test Topic 2: Civilizations and Peoples of the Fertile Crescent,1,2,1.00,14.00,5.00,matches_neither,""
Central Florida Preparatory School,138600396,8087335627,Test Topic 2: Civilizations and Peoples of the Fertile Crescent,1,2,1.00,14.00,5.00,matches_neither,""
Central Florida Preparatory School,131942361,8087335627,Test Topic 2: Civilizations and Peoples of the Fertile Crescent,1,2,3.00,7.00,12.00,matches_neither,sg_exceeds_row_possible
Central Florida Preparatory School,131942351,8087335627,Test Topic 2: Civilizations and Peoples of the Fertile Crescent,1,2,0.00,11.00,9.00,matches_neither,""
Central Florida Preparatory School,103685335,8087335627,Test Topic 2: Civilizations and Peoples of the Fertile Crescent,1,2,0.00,9.00,11.00,matches_neither,sg_exceeds_row_possible
Central Florida Preparatory School,138600397,8087335627,Test Topic 2: Civilizations and Peoples of the Fertile Crescent,1,2,2.00,13.00,6.00,matches_neither,""
Central Florida Preparatory School,132736073,8087335627,Test Topic 2: Civilizations and Peoples of the Fertile Crescent,1,2,3.00,14.00,4.00,matches_neither,""
Central Florida Preparatory School,117468529,8087371742,Test Topic 2: European Colonization of North America (1500-1750),1,2,0.00,6.00,14.00,matches_neither,sg_exceeds_row_possible
Central Florida Preparatory School,116903191,8087369264,Test Topic 2: European Colonization of North America (1500-1750),1,2,2.00,6.00,16.00,matches_neither,sg_exceeds_row_possible
Central Florida Preparatory School,123599622,8087371742,Test Topic 2: European Colonization of North America (1500-1750),1,2,0.00,7.00,13.00,matches_neither,sg_exceeds_row_possible
Central Florida Preparatory School,138600395,8087369264,Test Topic 2: European Colonization of North America (1500-1750),1,2,0.00,4.00,15.00,matches_neither,sg_exceeds_row_possible
Central Florida Preparatory School,124866003,8087371742,Test Topic 2: European Colonization of North America (1500-1750),1,2,0.00,3.00,17.00,matches_neither,sg_exceeds_row_possible
Central Florida Preparatory School,74260688,8087369264,Test Topic 2: European Colonization of North America (1500-1750),1,2,0.00,7.00,13.00,matches_neither,sg_exceeds_row_possible
Central Florida Preparatory School,124865505,8087369264,Test Topic 2: European Colonization of North America (1500-1750),1,2,12.00,14.00,17.00,matches_neither,sg_exceeds_row_possible
Central Florida Preparatory School,131833906,8087369264,Test Topic 2: European Colonization of North America (1500-1750),1,2,0.00,3.00,17.00,matches_neither,sg_exceeds_row_possible
Central Florida Preparatory School,131837770,8087369264,Test Topic 2: European Colonization of North America (1500-1750),1,2,0.00,6.00,14.00,matches_neither,sg_exceeds_row_possible
Central Florida Preparatory School,124865992,8087371742,Test Topic 2: European Colonization of North America (1500-1750),1,2,0.00,8.00,12.00,matches_neither,sg_exceeds_row_possible
Central Florida Preparatory School,124865998,8087369264,Test Topic 2: European Colonization of North America (1500-1750),1,2,0.00,8.00,11.00,matches_neither,sg_exceeds_row_possible
Central Florida Preparatory School,116903219,8087369264,Test Topic 2: European Colonization of North America (1500-1750),1,2,2.00,7.00,15.00,matches_neither,sg_exceeds_row_possible
Central Florida Preparatory School,116903205,8087369264,Test Topic 2: European Colonization of North America (1500-1750),1,2,0.00,4.00,16.00,matches_neither,sg_exceeds_row_possible
Central Florida Preparatory School,117468530,8087371742,Test Topic 2: European Colonization of North America (1500-1750),1,2,2.00,7.00,14.00,matches_neither,sg_exceeds_row_possible
Central Florida Preparatory School,124865996,8087371742,Test Topic 2: European Colonization of North America (1500-1750),1,2,1.00,5.00,12.00,matches_neither,sg_exceeds_row_possible
Central Florida Preparatory School,131833911,8087369264,Test Topic 2: European Colonization of North America (1500-1750),1,2,1.00,5.00,16.00,matches_neither,sg_exceeds_row_possible
Central Florida Preparatory School,116903200,8087371742,Test Topic 2: European Colonization of North America (1500-1750),1,2,0.00,3.00,17.00,matches_neither,sg_exceeds_row_possible
Central Florida Preparatory School,93859323,8087369264,Test Topic 2: European Colonization of North America (1500-1750),1,2,0.00,8.00,12.00,matches_neither,sg_exceeds_row_possible
Central Florida Preparatory School,138600381,8087371742,Test Topic 2: European Colonization of North America (1500-1750),1,2,0.00,9.00,11.00,matches_neither,sg_exceeds_row_possible
Central Florida Preparatory School,131833925,8087341078,Test Topic 2: You and Your Government,1,2,7.00,14.00,9.00,matches_neither,""
Central Florida Preparatory School,109443531,8087341078,Test Topic 2: You and Your Government,1,2,0.00,6.00,14.00,matches_neither,sg_exceeds_row_possible
Central Florida Preparatory School,138600385,8087341078,Test Topic 2: You and Your Government,1,2,1.00,11.00,10.00,matches_neither,""
Central Florida Preparatory School,116903188,8087339728,Test Topic 2: You and Your Government,1,2,0.00,9.00,11.00,matches_neither,sg_exceeds_row_possible
Central Florida Preparatory School,131833917,8087341078,Test Topic 2: You and Your Government,1,2,1.00,14.00,6.00,matches_neither,""
Central Florida Preparatory School,101766099,8087339728,Test Topic 2: You and Your Government,1,2,0.00,7.00,12.00,matches_neither,sg_exceeds_row_possible
Central Florida Preparatory School,124292892,8087339728,Test Topic 2: You and Your Government,1,2,0.00,11.00,9.00,matches_neither,""
Central Florida Preparatory School,131833923,8087341078,Test Topic 2: You and Your Government,1,2,0.00,13.00,7.00,matches_neither,""
Central Florida Preparatory School,131833916,8087341078,Test Topic 2: You and Your Government,1,2,0.00,5.00,12.00,matches_neither,sg_exceeds_row_possible
Central Florida Preparatory School,138600398,8087339728,Test Topic 2: You and Your Government,1,2,3.00,14.00,9.00,matches_neither,""
Central Florida Preparatory School,131833927,8087339728,Test Topic 2: You and Your Government,1,2,0.00,13.00,6.00,matches_neither,""
Central Florida Preparatory School,131833921,8087339728,Test Topic 2: You and Your Government,1,2,0.00,5.00,13.00,matches_neither,sg_exceeds_row_possible
Central Florida Preparatory School,138600384,8087339728,Test Topic 2: You and Your Government,1,2,2.00,4.00,13.00,matches_neither,sg_exceeds_row_possible
Central Florida Preparatory School,116903216,8087339728,Test Topic 2: You and Your Government,1,2,2.00,7.00,14.00,matches_neither,sg_exceeds_row_possible
Central Florida Preparatory School,138792244,8087341078,Test Topic 2: You and Your Government,1,2,0.00,5.00,10.00,matches_neither,sg_exceeds_row_possible
Central Florida Preparatory School,138600382,8087339728,Test Topic 2: You and Your Government,1,2,2.00,12.00,3.00,matches_neither,""
Central Florida Preparatory School,138600400,8087341078,Test Topic 2: You and Your Government,1,2,2.00,6.00,10.00,matches_neither,sg_exceeds_row_possible
Central Florida Preparatory School,116903204,8087341078,Test Topic 2: You and Your Government,1,2,0.00,6.00,14.00,matches_neither,sg_exceeds_row_possible
Central Florida Preparatory School,131833920,8087339728,Test Topic 2: You and Your Government,1,2,5.00,15.00,8.00,matches_neither,""
Central Florida Preparatory School,131833913,8087341078,Test Topic 2: You and Your Government,1,2,0.00,4.00,16.00,matches_neither,sg_exceeds_row_possible
Central Florida Preparatory School,131833914,8087339728,Test Topic 2: You and Your Government,1,2,0.00,8.00,11.00,matches_neither,sg_exceeds_row_possible
Central Florida Preparatory School,131833912,8087341078,Test Topic 2: You and Your Government,1,2,0.00,3.00,17.00,matches_neither,sg_exceeds_row_possible
Central Florida Preparatory School,131837769,8087339728,Test Topic 2: You and Your Government,1,2,0.00,12.00,7.00,matches_neither,""
Central Florida Preparatory School,131833908,8087339728,Test Topic 2: You and Your Government,1,2,0.00,10.00,10.00,matches_neither,""
Central Florida Preparatory School,138600378,8087341078,Test Topic 2: You and Your Government,1,2,0.00,8.00,12.00,matches_neither,sg_exceeds_row_possible
Central Florida Preparatory School,131833928,8087339728,Test Topic 2: You and Your Government,1,2,0.00,4.00,12.00,matches_neither,sg_exceeds_row_possible
Central Florida Preparatory School,124292916,8087341078,Test Topic 2: You and Your Government,1,2,1.00,6.00,11.00,matches_neither,sg_exceeds_row_possible
Central Florida Preparatory School,138948899,8087341078,Test Topic 2: You and Your Government,1,2,1.00,7.00,12.00,matches_neither,sg_exceeds_row_possible
Central Florida Preparatory School,120103762,8087341078,Test Topic 2: You and Your Government,1,2,4.00,16.00,6.00,matches_neither,""
Central Florida Preparatory School,131833905,8087341078,Test Topic 2: You and Your Government,1,2,0.00,3.00,13.00,matches_neither,sg_exceeds_row_possible
Central Florida Preparatory School,138600391,8087339728,Test Topic 2: You and Your Government,1,2,3.00,11.00,12.00,matches_neither,sg_exceeds_row_possible
Central Florida Preparatory School,138600379,8087341078,Test Topic 2: You and Your Government,1,2,0.00,10.00,8.00,matches_neither,""
Central Florida Preparatory School,124292876,8087339728,Test Topic 2: You and Your Government,1,2,3.00,5.00,15.00,matches_neither,sg_exceeds_row_possible
Central Florida Preparatory School,125369109,8337186770,The Big Outdoors: Module 7 Assessment,1,2,6.00,9.00,13.00,matches_neither,sg_exceeds_row_possible
Central Florida Preparatory School,134480621,8337186770,The Big Outdoors: Module 7 Assessment,1,2,0.00,3.00,14.00,matches_neither,sg_exceeds_row_possible
Central Florida Preparatory School,118931468,7779943180,Time to Grow!: Weekly Assessment: Week 1,1,2,8.00,8.00,32.00,matches_neither,sg_exceeds_row_possible
Central Florida Preparatory School,132502380,7779943180,Time to Grow!: Weekly Assessment: Week 1,1,2,8.00,16.00,40.00,matches_neither,sg_exceeds_row_possible
Central Florida Preparatory School,124292902,7787866945,Time to Grow!: Weekly Assessment: Week 2,1,2,1.00,6.00,13.00,matches_neither,sg_exceeds_row_possible
Central Florida Preparatory School,113540701,7787866945,Time to Grow!: Weekly Assessment: Week 2,1,2,0.50,6.00,9.50,matches_neither,sg_exceeds_row_possible
Central Florida Preparatory School,104541345,7787866945,Time to Grow!: Weekly Assessment: Week 2,1,2,2.00,4.00,10.00,matches_neither,sg_exceeds_row_possible
Central Florida Preparatory School,95720333,7780237758,Time to Grow!: Weekly Assessment: Week 3,1,2,1.00,4.00,8.00,matches_neither,sg_exceeds_row_possible
Central Florida Preparatory School,109877348,7791692190,Time to Grow!: Weekly Assessment: Week 3,1,2,1.00,5.00,9.00,matches_neither,sg_exceeds_row_possible
Central Florida Preparatory School,95720277,7791692190,Time to Grow!: Weekly Assessment: Week 3,1,2,0.00,4.00,9.00,matches_neither,sg_exceeds_row_possible
Central Florida Preparatory School,133432639,7799001172,Time to Grow!: Weekly Assessment: Week 3,1,2,1.00,2.00,12.00,matches_neither,sg_exceeds_row_possible
Central Florida Preparatory School,118931440,7799001172,Time to Grow!: Weekly Assessment: Week 3,1,2,0.00,4.00,9.00,matches_neither,sg_exceeds_row_possible
Central Florida Preparatory School,113540701,7799001172,Time to Grow!: Weekly Assessment: Week 3,1,2,1.00,4.00,9.00,matches_neither,sg_exceeds_row_possible
Central Florida Preparatory School,131942386,7780237758,Time to Grow!: Weekly Assessment: Week 3,1,2,0.00,6.00,5.00,matches_neither,""
Central Florida Preparatory School,118931502,7791692190,Time to Grow!: Weekly Assessment: Week 3,1,2,0.00,4.00,9.00,matches_neither,sg_exceeds_row_possible
Central Florida Preparatory School,109875268,7780237758,Time to Grow!: Weekly Assessment: Week 3,1,2,0.00,8.00,4.00,matches_neither,""
Central Florida Preparatory School,132489834,8057835840,Topic 1,1,2,10.00,14.00,31.00,matches_neither,sg_exceeds_row_possible
Central Florida Preparatory School,138555762,8057835840,Topic 1,1,2,10.00,20.00,25.00,matches_neither,sg_exceeds_row_possible
Central Florida Preparatory School,124321293,8057835840,Topic 1,1,2,10.00,18.00,27.00,matches_neither,sg_exceeds_row_possible
Central Florida Preparatory School,133245810,8057835840,Topic 1,1,2,10.00,23.00,22.00,matches_neither,""
Central Florida Preparatory School,118305521,8057835840,Topic 1,1,2,10.00,21.00,24.00,matches_neither,sg_exceeds_row_possible
Central Florida Preparatory School,134679732,8057835840,Topic 1,1,2,10.00,16.00,29.00,matches_neither,sg_exceeds_row_possible
Central Florida Preparatory School,93860189,8057835840,Topic 1,1,2,10.00,20.00,25.00,matches_neither,sg_exceeds_row_possible
Central Florida Preparatory School,131833921,8331695850,Topic 10: The United States and the World: Make Decisions,1,2,4.00,9.00,13.00,matches_neither,sg_exceeds_row_possible
Central Florida Preparatory School,131833925,8331697612,Topic 10: The United States and the World: Make Decisions,1,2,2.00,5.00,11.00,matches_neither,sg_exceeds_row_possible
Central Florida Preparatory School,138792244,8331697612,Topic 10: The United States and the World: Make Decisions,1,2,0.00,6.00,13.00,matches_neither,sg_exceeds_row_possible
Central Florida Preparatory School,131833912,8331697612,Topic 10: The United States and the World: Make Decisions,1,2,2.00,4.00,14.00,matches_neither,sg_exceeds_row_possible
Central Florida Preparatory School,116903204,8331697612,Topic 10: The United States and the World: Make Decisions,1,2,1.00,1.00,19.00,matches_neither,sg_exceeds_row_possible
Central Florida Preparatory School,101766099,8331695850,Topic 10: The United States and the World: Make Decisions,1,2,2.00,5.00,14.00,matches_neither,sg_exceeds_row_possible
Central Florida Preparatory School,116903188,8331695850,Topic 10: The United States and the World: Make Decisions,1,2,3.00,6.00,15.00,matches_neither,sg_exceeds_row_possible
Central Florida Preparatory School,109443531,8331697612,Topic 10: The United States and the World: Make Decisions,1,2,5.00,6.00,17.00,matches_neither,sg_exceeds_row_possible
Central Florida Preparatory School,93987571,8331697612,Topic 10: The United States and the World: Make Decisions,1,2,2.00,5.00,15.00,matches_neither,sg_exceeds_row_possible
Central Florida Preparatory School,138600391,8331695850,Topic 10: The United States and the World: Make Decisions,1,2,1.00,6.00,13.00,matches_neither,sg_exceeds_row_possible
Central Florida Preparatory School,131833920,8331695850,Topic 10: The United States and the World: Make Decisions,1,2,1.00,6.00,12.00,matches_neither,sg_exceeds_row_possible
Central Florida Preparatory School,138600382,8331695850,Topic 10: The United States and the World: Make Decisions,1,2,0.00,14.00,5.00,matches_neither,""
Central Florida Preparatory School,138600400,8331697612,Topic 10: The United States and the World: Make Decisions,1,2,2.00,8.00,12.00,matches_neither,sg_exceeds_row_possible
Central Florida Preparatory School,131833928,8331695850,Topic 10: The United States and the World: Make Decisions,1,2,1.00,5.00,11.00,matches_neither,sg_exceeds_row_possible
Central Florida Preparatory School,138600384,8331695850,Topic 10: The United States and the World: Make Decisions,1,2,1.00,4.00,12.00,matches_neither,sg_exceeds_row_possible
Central Florida Preparatory School,131833905,8331697612,Topic 10: The United States and the World: Make Decisions,1,2,0.00,2.00,17.00,matches_neither,sg_exceeds_row_possible
Central Florida Preparatory School,131833916,8331697612,Topic 10: The United States and the World: Make Decisions,1,2,3.00,7.00,15.00,matches_neither,sg_exceeds_row_possible
Central Florida Preparatory School,132358884,8331697612,Topic 10: The United States and the World: Make Decisions,1,2,1.00,14.00,6.00,matches_neither,""
Central Florida Preparatory School,131833914,8331695850,Topic 10: The United States and the World: Make Decisions,1,2,0.00,2.00,18.00,matches_neither,sg_exceeds_row_possible
Central Florida Preparatory School,131833913,8331697612,Topic 10: The United States and the World: Make Decisions,1,2,2.00,2.00,17.00,matches_neither,sg_exceeds_row_possible
Central Florida Preparatory School,131833905,8347029347,Topic 11: The Economy and You: Apply Math Skills to Social Studies,1,2,1.00,1.00,19.00,matches_neither,sg_exceeds_row_possible
Central Florida Preparatory School,138792244,8347029347,Topic 11: The Economy and You: Apply Math Skills to Social Studies,1,2,1.00,5.00,13.00,matches_neither,sg_exceeds_row_possible
Central Florida Preparatory School,93987571,8347029347,Topic 11: The Economy and You: Apply Math Skills to Social Studies,1,2,3.00,9.00,14.00,matches_neither,sg_exceeds_row_possible
Central Florida Preparatory School,131833921,8347028845,Topic 11: The Economy and You: Apply Math Skills to Social Studies,1,2,0.00,1.00,15.00,matches_neither,sg_exceeds_row_possible
Central Florida Preparatory School,131833917,8347029347,Topic 11: The Economy and You: Apply Math Skills to Social Studies,1,2,4.00,6.00,18.00,matches_neither,sg_exceeds_row_possible
Central Florida Preparatory School,138600400,8347029347,Topic 11: The Economy and You: Apply Math Skills to Social Studies,1,2,1.00,1.00,16.00,matches_neither,sg_exceeds_row_possible
Central Florida Preparatory School,131833912,8347029347,Topic 11: The Economy and You: Apply Math Skills to Social Studies,1,2,0.00,1.00,18.00,matches_neither,sg_exceeds_row_possible
Central Florida Preparatory School,131833928,8347028845,Topic 11: The Economy and You: Apply Math Skills to Social Studies,1,2,2.00,5.00,12.00,matches_neither,sg_exceeds_row_possible
Central Florida Preparatory School,138600391,8347028845,Topic 11: The Economy and You: Apply Math Skills to Social Studies,1,2,0.00,7.00,11.00,matches_neither,sg_exceeds_row_possible
Central Florida Preparatory School,116903204,8347029347,Topic 11: The Economy and You: Apply Math Skills to Social Studies,1,2,1.00,2.00,18.00,matches_neither,sg_exceeds_row_possible
Central Florida Preparatory School,131833916,8347029347,Topic 11: The Economy and You: Apply Math Skills to Social Studies,1,2,2.00,3.00,14.00,matches_neither,sg_exceeds_row_possible
Central Florida Preparatory School,131833913,8347029347,Topic 11: The Economy and You: Apply Math Skills to Social Studies,1,2,1.00,2.00,18.00,matches_neither,sg_exceeds_row_possible
Central Florida Preparatory School,109443531,8347029347,Topic 11: The Economy and You: Apply Math Skills to Social Studies,1,2,0.00,2.00,16.00,matches_neither,sg_exceeds_row_possible
Central Florida Preparatory School,131833923,8347029347,Topic 11: The Economy and You: Apply Math Skills to Social Studies,1,2,14.00,15.00,18.00,matches_neither,sg_exceeds_row_possible
Central Florida Preparatory School,131833925,8347029347,Topic 11: The Economy and You: Apply Math Skills to Social Studies,1,2,3.00,5.00,15.00,matches_neither,sg_exceeds_row_possible
Central Florida Preparatory School,138600379,8347029347,Topic 11: The Economy and You: Apply Math Skills to Social Studies,1,2,1.00,4.00,12.00,matches_neither,sg_exceeds_row_possible
Central Florida Preparatory School,133432638,8347029347,Topic 11: The Economy and You: Apply Math Skills to Social Studies,1,2,2.00,7.00,14.00,matches_neither,sg_exceeds_row_possible
Central Florida Preparatory School,101766099,8347028845,Topic 11: The Economy and You: Apply Math Skills to Social Studies,1,2,2.00,2.00,16.00,matches_neither,sg_exceeds_row_possible
Central Florida Preparatory School,138600378,8347029347,Topic 11: The Economy and You: Apply Math Skills to Social Studies,1,2,4.00,5.00,15.00,matches_neither,sg_exceeds_row_possible
Central Florida Preparatory School,131833916,8368389451,Topic 12: Government and the Economy: Express Ideas Effectively,1,2,2.00,8.00,9.00,matches_neither,sg_exceeds_row_possible
Central Florida Preparatory School,131833905,8368389451,Topic 12: Government and the Economy: Express Ideas Effectively,1,2,1.00,3.00,17.00,matches_neither,sg_exceeds_row_possible
Central Florida Preparatory School,101766099,8368388717,Topic 12: Government and the Economy: Express Ideas Effectively,1,2,1.00,6.00,15.00,matches_neither,sg_exceeds_row_possible
Central Florida Preparatory School,131833912,8368389451,Topic 12: Government and the Economy: Express Ideas Effectively,1,2,1.00,2.00,19.00,matches_neither,sg_exceeds_row_possible
Central Florida Preparatory School,138948899,8368389451,Topic 12: Government and the Economy: Express Ideas Effectively,1,2,0.00,1.00,19.00,matches_neither,sg_exceeds_row_possible
Central Florida Preparatory School,138600379,8368389451,Topic 12: Government and the Economy: Express Ideas Effectively,1,2,0.00,6.00,10.00,matches_neither,sg_exceeds_row_possible
Central Florida Preparatory School,131833923,8368389451,Topic 12: Government and the Economy: Express Ideas Effectively,1,2,0.00,5.00,15.00,matches_neither,sg_exceeds_row_possible
Central Florida Preparatory School,131833928,8368388717,Topic 12: Government and the Economy: Express Ideas Effectively,1,2,0.00,10.00,10.00,matches_neither,""
Central Florida Preparatory School,131833908,8368388717,Topic 12: Government and the Economy: Express Ideas Effectively,1,2,0.00,13.00,7.00,matches_neither,""
Central Florida Preparatory School,131833913,8368389451,Topic 12: Government and the Economy: Express Ideas Effectively,1,2,0.00,10.00,10.00,matches_neither,""
Central Florida Preparatory School,116903204,8368389451,Topic 12: Government and the Economy: Express Ideas Effectively,1,2,0.00,1.00,19.00,matches_neither,sg_exceeds_row_possible
Central Florida Preparatory School,138600400,8368389451,Topic 12: Government and the Economy: Express Ideas Effectively,1,2,0.00,2.00,17.00,matches_neither,sg_exceeds_row_possible
Central Florida Preparatory School,117468529,8064184316,Topic 1: The Early Americas and European Exploration,1,2,0.00,9.00,11.00,matches_neither,sg_exceeds_row_possible
Central Florida Preparatory School,116903200,8064184316,Topic 1: The Early Americas and European Exploration,1,2,0.00,1.00,19.00,matches_neither,sg_exceeds_row_possible
Central Florida Preparatory School,131833923,7962236175,Topic 1: Who Are We?: Get Involved in Your Community,1,2,0.00,4.00,13.00,matches_neither,sg_exceeds_row_possible
Central Florida Preparatory School,138600375,8095122686,Topic 2,1,2,1.00,4.00,7.33,matches_neither,sg_exceeds_row_possible
Central Florida Preparatory School,131833929,8095123351,Topic 2,1,2,1.00,1.00,7.00,matches_neither,sg_exceeds_row_possible
Central Florida Preparatory School,93987215,8095122686,Topic 2,1,2,0.33,6.00,4.33,matches_neither,""
Central Florida Preparatory School,131837771,8095125773,Topic 2,1,2,0.00,7.00,5.00,matches_neither,""
Central Florida Preparatory School,138600391,8095123351,Topic 2,1,2,0.00,1.00,6.00,matches_neither,sg_exceeds_row_possible
Central Florida Preparatory School,124292892,8095123351,Topic 2,1,2,2.00,3.00,7.00,matches_neither,sg_exceeds_row_possible
Central Florida Preparatory School,138600381,8095125581,Topic 2,1,2,0.00,11.00,2.00,matches_neither,""
Central Florida Preparatory School,131837769,8095123351,Topic 2,2,2,2.00,3.00,6.00,matches_neither,sg_exceeds_row_possible
Central Florida Preparatory School,131833913,8095125773,Topic 2,1,2,1.00,3.00,12.50,matches_neither,sg_exceeds_row_possible
Central Florida Preparatory School,116903191,8095125773,Topic 2,1,2,1.00,6.00,11.00,matches_neither,sg_exceeds_row_possible
Central Florida Preparatory School,116903205,8095125773,Topic 2,1,2,0.00,4.00,12.00,matches_neither,sg_exceeds_row_possible
Central Florida Preparatory School,131833906,8095125773,Topic 2,1,2,1.50,4.00,10.50,matches_neither,sg_exceeds_row_possible
Central Florida Preparatory School,116903204,8095125773,Topic 2,1,2,1.00,4.00,13.00,matches_neither,sg_exceeds_row_possible
Central Florida Preparatory School,131833921,8095123351,Topic 2,1,2,0.00,3.00,6.00,matches_neither,sg_exceeds_row_possible
Central Florida Preparatory School,131833911,8095125773,Topic 2,1,2,0.33,4.00,10.33,matches_neither,sg_exceeds_row_possible
Central Florida Preparatory School,124865505,8095125773,Topic 2,1,2,2.67,5.00,13.67,matches_neither,sg_exceeds_row_possible
Central Florida Preparatory School,138948896,8095125581,Topic 2,1,2,0.00,1.00,1.00,matches_neither,""
Central Florida Preparatory School,112187638,8095122686,Topic 2,1,2,1.00,7.00,4.00,matches_neither,""
Central Florida Preparatory School,116903216,8095123351,Topic 2,1,2,2.00,7.00,4.00,matches_neither,""
Central Florida Preparatory School,84456634,8095122686,Topic 2,1,2,0.00,2.00,6.00,matches_neither,sg_exceeds_row_possible
Central Florida Preparatory School,138600395,8095125773,Topic 2,1,2,2.50,7.00,8.50,matches_neither,sg_exceeds_row_possible
Central Florida Preparatory School,138600382,8095123351,Topic 2,1,2,1.00,6.00,3.00,matches_neither,""
Central Florida Preparatory School,138600397,8118219310,Topic 3,1,2,2.00,5.00,5.00,matches_neither,""
Central Florida Preparatory School,113307131,8118219310,Topic 3,1,2,0.00,2.00,4.00,matches_neither,sg_exceeds_row_possible
Central Florida Preparatory School,138600387,8118219310,Topic 3,1,2,0.00,1.00,4.33,matches_neither,sg_exceeds_row_possible
Central Florida Preparatory School,95720286,8118219310,Topic 3,1,2,1.00,3.00,4.00,matches_neither,sg_exceeds_row_possible
Central Florida Preparatory School,138600380,8118219310,Topic 3,1,2,1.00,3.00,5.00,matches_neither,sg_exceeds_row_possible
Central Florida Preparatory School,109443531,8118221170,Topic 3,1,2,0.00,1.00,8.00,matches_neither,sg_exceeds_row_possible
Central Florida Preparatory School,138600376,8118219310,Topic 3,1,2,1.00,2.00,6.00,matches_neither,sg_exceeds_row_possible
Central Florida Preparatory School,131942370,8118219310,Topic 3,1,2,0.00,3.00,4.00,matches_neither,sg_exceeds_row_possible
Central Florida Preparatory School,134825450,8118219310,Topic 3,1,2,2.00,4.00,5.00,matches_neither,sg_exceeds_row_possible
Central Florida Preparatory School,138948896,8118223184,Topic 3,1,2,0.00,9.00,4.00,matches_neither,""
Central Florida Preparatory School,116903209,8118223184,Topic 3,1,2,0.00,3.00,9.00,matches_neither,sg_exceeds_row_possible
Central Florida Preparatory School,124865992,8118223184,Topic 3,1,2,0.00,1.00,10.00,matches_neither,sg_exceeds_row_possible
Central Florida Preparatory School,132502379,8118221170,Topic 3,1,2,0.00,1.00,4.00,matches_neither,sg_exceeds_row_possible
Central Florida Preparatory School,124292912,8118219310,Topic 3,1,2,1.00,3.00,4.00,matches_neither,sg_exceeds_row_possible
Central Florida Preparatory School,124292910,8118219310,Topic 3,1,2,1.00,4.00,5.00,matches_neither,sg_exceeds_row_possible
Central Florida Preparatory School,131942351,8118219310,Topic 3,1,2,0.00,2.00,7.00,matches_neither,sg_exceeds_row_possible
Central Florida Preparatory School,138600396,8118219310,Topic 3,1,2,0.00,4.00,3.00,matches_neither,""
Central Florida Preparatory School,131942373,8118219310,Topic 3,1,2,1.00,3.00,7.00,matches_neither,sg_exceeds_row_possible
Central Florida Preparatory School,138600381,8118223184,Topic 3,1,2,2.00,10.00,6.00,matches_neither,""
Central Florida Preparatory School,131942361,8118221170,Topic 3,1,2,3.00,5.00,8.00,matches_neither,sg_exceeds_row_possible
Central Florida Preparatory School,124292912,8117833095,Topic 3 Test: Ancient Egypt and Kush (3000 BCE - 600 BCE),1,2,5.00,10.00,8.00,matches_neither,""
Central Florida Preparatory School,131942361,8117833095,Topic 3 Test: Ancient Egypt and Kush (3000 BCE - 600 BCE),1,2,0.00,1.00,16.00,matches_neither,sg_exceeds_row_possible
Central Florida Preparatory School,138600376,8117833095,Topic 3 Test: Ancient Egypt and Kush (3000 BCE - 600 BCE),1,2,0.00,1.00,12.00,matches_neither,sg_exceeds_row_possible
Central Florida Preparatory School,116903218,8117833095,Topic 3 Test: Ancient Egypt and Kush (3000 BCE - 600 BCE),1,2,0.00,2.00,17.00,matches_neither,sg_exceeds_row_possible
Central Florida Preparatory School,138600396,8117833095,Topic 3 Test: Ancient Egypt and Kush (3000 BCE - 600 BCE),1,2,3.00,12.00,7.00,matches_neither,""
Central Florida Preparatory School,116907520,8117833095,Topic 3 Test: Ancient Egypt and Kush (3000 BCE - 600 BCE),1,2,0.00,4.00,14.00,matches_neither,sg_exceeds_row_possible
Central Florida Preparatory School,131942351,8117833095,Topic 3 Test: Ancient Egypt and Kush (3000 BCE - 600 BCE),1,2,1.00,1.00,17.00,matches_neither,sg_exceeds_row_possible
Central Florida Preparatory School,138600387,8117833095,Topic 3 Test: Ancient Egypt and Kush (3000 BCE - 600 BCE),1,2,0.00,5.00,13.00,matches_neither,sg_exceeds_row_possible
Central Florida Preparatory School,95720286,8117833095,Topic 3 Test: Ancient Egypt and Kush (3000 BCE - 600 BCE),1,2,3.00,8.00,13.00,matches_neither,sg_exceeds_row_possible
Central Florida Preparatory School,103685335,8117833095,Topic 3 Test: Ancient Egypt and Kush (3000 BCE - 600 BCE),1,2,0.00,1.00,19.00,matches_neither,sg_exceeds_row_possible
Central Florida Preparatory School,124866004,8117833095,Topic 3 Test: Ancient Egypt and Kush (3000 BCE - 600 BCE),1,2,0.00,1.00,18.00,matches_neither,sg_exceeds_row_possible
Central Florida Preparatory School,131837769,8117831628,"Topic 3 Test: State, Local, and Tribal Governments Matter",1,2,2.00,9.00,11.00,matches_neither,sg_exceeds_row_possible
Central Florida Preparatory School,116903216,8117831628,"Topic 3 Test: State, Local, and Tribal Governments Matter",1,2,5.00,11.00,12.00,matches_neither,sg_exceeds_row_possible
Central Florida Preparatory School,109443531,8117832042,"Topic 3 Test: State, Local, and Tribal Governments Matter",1,2,3.00,10.00,8.00,matches_neither,""
Central Florida Preparatory School,131833928,8117831628,"Topic 3 Test: State, Local, and Tribal Governments Matter",1,2,1.00,1.00,13.00,matches_neither,sg_exceeds_row_possible
Central Florida Preparatory School,138600385,8117832042,"Topic 3 Test: State, Local, and Tribal Governments Matter",1,2,3.00,8.00,11.00,matches_neither,sg_exceeds_row_possible
Central Florida Preparatory School,116903204,8117832042,"Topic 3 Test: State, Local, and Tribal Governments Matter",1,2,1.00,2.00,16.00,matches_neither,sg_exceeds_row_possible
Central Florida Preparatory School,124292876,8117831628,"Topic 3 Test: State, Local, and Tribal Governments Matter",1,2,0.00,6.00,11.00,matches_neither,sg_exceeds_row_possible
Central Florida Preparatory School,116903190,8117832042,"Topic 3 Test: State, Local, and Tribal Governments Matter",1,2,0.00,3.00,9.00,matches_neither,sg_exceeds_row_possible
Central Florida Preparatory School,138948899,8117832042,"Topic 3 Test: State, Local, and Tribal Governments Matter",1,2,1.00,2.00,12.00,matches_neither,sg_exceeds_row_possible
Central Florida Preparatory School,131833908,8117831628,"Topic 3 Test: State, Local, and Tribal Governments Matter",1,2,3.00,8.00,13.00,matches_neither,sg_exceeds_row_possible
Central Florida Preparatory School,138600398,8117831628,"Topic 3 Test: State, Local, and Tribal Governments Matter",1,2,1.00,8.00,9.00,matches_neither,sg_exceeds_row_possible
Central Florida Preparatory School,138600391,8117831628,"Topic 3 Test: State, Local, and Tribal Governments Matter",1,2,1.00,6.00,8.00,matches_neither,sg_exceeds_row_possible
Central Florida Preparatory School,138600382,8117831628,"Topic 3 Test: State, Local, and Tribal Governments Matter",1,2,4.00,13.00,9.00,matches_neither,""
Central Florida Preparatory School,138600379,8117832042,"Topic 3 Test: State, Local, and Tribal Governments Matter",1,2,1.00,8.00,9.00,matches_neither,sg_exceeds_row_possible
Central Florida Preparatory School,131833927,8117831628,"Topic 3 Test: State, Local, and Tribal Governments Matter",1,2,1.00,7.00,12.00,matches_neither,sg_exceeds_row_possible
Central Florida Preparatory School,109443538,8117831628,"Topic 3 Test: State, Local, and Tribal Governments Matter",1,2,1.00,4.00,8.00,matches_neither,sg_exceeds_row_possible
Central Florida Preparatory School,138792244,8117832042,"Topic 3 Test: State, Local, and Tribal Governments Matter",1,2,3.00,8.00,10.00,matches_neither,sg_exceeds_row_possible
Central Florida Preparatory School,131833913,8117832042,"Topic 3 Test: State, Local, and Tribal Governments Matter",1,2,1.00,2.00,15.00,matches_neither,sg_exceeds_row_possible
Central Florida Preparatory School,138600378,8117832042,"Topic 3 Test: State, Local, and Tribal Governments Matter",1,2,2.00,5.00,11.00,matches_neither,sg_exceeds_row_possible
Central Florida Preparatory School,124292916,8117832042,"Topic 3 Test: State, Local, and Tribal Governments Matter",1,2,1.00,6.00,12.00,matches_neither,sg_exceeds_row_possible
Central Florida Preparatory School,101766099,8117831628,"Topic 3 Test: State, Local, and Tribal Governments Matter",1,2,2.00,2.00,13.00,matches_neither,sg_exceeds_row_possible
Central Florida Preparatory School,131833912,8117832042,"Topic 3 Test: State, Local, and Tribal Governments Matter",1,2,1.00,7.00,13.00,matches_neither,sg_exceeds_row_possible
Central Florida Preparatory School,132358884,8117832042,"Topic 3 Test: State, Local, and Tribal Governments Matter",1,2,3.00,10.00,11.00,matches_neither,sg_exceeds_row_possible
Central Florida Preparatory School,131833905,8117832042,"Topic 3 Test: State, Local, and Tribal Governments Matter",1,2,4.00,12.00,8.00,matches_neither,""
Central Florida Preparatory School,120103762,8117832042,"Topic 3 Test: State, Local, and Tribal Governments Matter",1,2,4.00,14.00,7.00,matches_neither,""
Central Florida Preparatory School,116903188,8117831628,"Topic 3 Test: State, Local, and Tribal Governments Matter",1,2,3.00,7.00,10.00,matches_neither,sg_exceeds_row_possible
Central Florida Preparatory School,125746295,8117832042,"Topic 3 Test: State, Local, and Tribal Governments Matter",1,2,7.00,13.00,12.00,matches_neither,""
Central Florida Preparatory School,138555762,8332051196,Topic 4,1,2,0.00,1.00,2.00,matches_neither,sg_exceeds_row_possible
Central Florida Preparatory School,124865992,8188066941,Topic 4: A Constitution for the United States (1776-Present),1,2,1.00,1.00,19.00,matches_neither,sg_exceeds_row_possible
Central Florida Preparatory School,116903205,8188045441,Topic 4: A Constitution for the United States (1776-Present),1,2,0.00,1.00,18.00,matches_neither,sg_exceeds_row_possible
Central Florida Preparatory School,124865505,8188045441,Topic 4: A Constitution for the United States (1776-Present),1,2,15.00,16.00,19.00,matches_neither,sg_exceeds_row_possible
Central Florida Preparatory School,131833911,8188045441,Topic 4: A Constitution for the United States (1776-Present),1,2,2.00,5.00,17.00,matches_neither,sg_exceeds_row_possible
Central Florida Preparatory School,116903191,8188045441,Topic 4: A Constitution for the United States (1776-Present),1,2,1.00,4.00,16.00,matches_neither,sg_exceeds_row_possible
Central Florida Preparatory School,116903200,8188066941,Topic 4: A Constitution for the United States (1776-Present),1,2,0.00,1.00,19.00,matches_neither,sg_exceeds_row_possible
Central Florida Preparatory School,124865998,8188045441,Topic 4: A Constitution for the United States (1776-Present),1,2,1.00,6.00,15.00,matches_neither,sg_exceeds_row_possible
Central Florida Preparatory School,124292910,8140761677,Topic 4: Early Civilizations of India (2600 BCE - 540 CE),1,2,2.00,9.00,6.00,matches_neither,""
Central Florida Preparatory School,95720286,8140761677,Topic 4: Early Civilizations of India (2600 BCE - 540 CE),1,2,3.00,11.00,6.00,matches_neither,""
Central Florida Preparatory School,131942351,8140761677,Topic 4: Early Civilizations of India (2600 BCE - 540 CE),1,2,2.00,14.00,4.00,matches_neither,""
Central Florida Preparatory School,138600376,8140761677,Topic 4: Early Civilizations of India (2600 BCE - 540 CE),1,2,2.00,14.00,5.00,matches_neither,""
Central Florida Preparatory School,133182402,8140761677,Topic 4: Early Civilizations of India (2600 BCE - 540 CE),1,2,2.00,9.00,10.00,matches_neither,sg_exceeds_row_possible
Central Florida Preparatory School,131942361,8140761677,Topic 4: Early Civilizations of India (2600 BCE - 540 CE),1,2,4.00,7.00,11.00,matches_neither,sg_exceeds_row_possible
Central Florida Preparatory School,124292912,8140761677,Topic 4: Early Civilizations of India (2600 BCE - 540 CE),1,2,4.00,14.00,6.00,matches_neither,""
Central Florida Preparatory School,138600387,8140761677,Topic 4: Early Civilizations of India (2600 BCE - 540 CE),1,2,3.00,12.00,5.00,matches_neither,""
Central Florida Preparatory School,103685335,8140761677,Topic 4: Early Civilizations of India (2600 BCE - 540 CE),1,2,1.00,4.00,14.00,matches_neither,sg_exceeds_row_possible
Central Florida Preparatory School,131942370,8140761677,Topic 4: Early Civilizations of India (2600 BCE - 540 CE),1,2,3.00,7.00,11.00,matches_neither,sg_exceeds_row_possible
Central Florida Preparatory School,134825450,8140761677,Topic 4: Early Civilizations of India (2600 BCE - 540 CE),1,2,4.00,15.00,6.00,matches_neither,""
Central Florida Preparatory School,116903218,8140761677,Topic 4: Early Civilizations of India (2600 BCE - 540 CE),1,2,4.00,10.00,10.00,matches_neither,""
Central Florida Preparatory School,131942373,8140761677,Topic 4: Early Civilizations of India (2600 BCE - 540 CE),1,2,0.00,1.00,15.00,matches_neither,sg_exceeds_row_possible
Central Florida Preparatory School,131833905,8134704459,Topic 4: Our Founding Documents: Listen to Many Voices,1,2,5.00,10.00,12.00,matches_neither,sg_exceeds_row_possible
Central Florida Preparatory School,131833920,8134700619,Topic 4: Our Founding Documents: Listen to Many Voices,1,2,0.00,2.00,17.00,matches_neither,sg_exceeds_row_possible
Central Florida Preparatory School,93987571,8134704459,Topic 4: Our Founding Documents: Listen to Many Voices,1,2,1.00,1.00,19.00,matches_neither,sg_exceeds_row_possible
Central Florida Preparatory School,138600398,8134700619,Topic 4: Our Founding Documents: Listen to Many Voices,1,2,2.00,10.00,6.00,matches_neither,""
Central Florida Preparatory School,131833928,8134700619,Topic 4: Our Founding Documents: Listen to Many Voices,1,2,4.00,9.00,11.00,matches_neither,sg_exceeds_row_possible
Central Florida Preparatory School,138792244,8134704459,Topic 4: Our Founding Documents: Listen to Many Voices,1,2,0.00,5.00,13.00,matches_neither,sg_exceeds_row_possible
Central Florida Preparatory School,138600379,8134704459,Topic 4: Our Founding Documents: Listen to Many Voices,1,2,2.00,12.00,10.00,matches_neither,""
Central Florida Preparatory School,138600384,8134700619,Topic 4: Our Founding Documents: Listen to Many Voices,1,2,3.00,9.00,8.00,matches_neither,""
Central Florida Preparatory School,131833921,8134700619,Topic 4: Our Founding Documents: Listen to Many Voices,1,2,3.00,10.00,13.00,matches_neither,sg_exceeds_row_possible
Central Florida Preparatory School,131833916,8134704459,Topic 4: Our Founding Documents: Listen to Many Voices,1,2,0.00,16.00,1.00,matches_neither,""
Central Florida Preparatory School,116714096,8118215773,Topic 4: The Americas (Prehistory?A.D. 1570),1,2,4.00,8.00,16.00,matches_neither,sg_exceeds_row_possible
Central Florida Preparatory School,113297765,8118215773,Topic 4: The Americas (Prehistory?A.D. 1570),1,2,4.00,5.00,19.00,matches_neither,sg_exceeds_row_possible
Central Florida Preparatory School,109444201,8118215773,Topic 4: The Americas (Prehistory?A.D. 1570),1,2,4.00,9.00,15.00,matches_neither,sg_exceeds_row_possible
Central Florida Preparatory School,131809829,8118215773,Topic 4: The Americas (Prehistory?A.D. 1570),1,2,1.00,5.00,16.00,matches_neither,sg_exceeds_row_possible
Central Florida Preparatory School,131809828,8118215773,Topic 4: The Americas (Prehistory?A.D. 1570),1,2,4.00,10.00,14.00,matches_neither,sg_exceeds_row_possible
Central Florida Preparatory School,131833918,8118215773,Topic 4: The Americas (Prehistory?A.D. 1570),1,2,2.00,10.00,12.00,matches_neither,sg_exceeds_row_possible
Central Florida Preparatory School,124866003,8241880942,Topic 5,1,2,1.00,2.00,5.50,matches_neither,sg_exceeds_row_possible
Central Florida Preparatory School,131833911,8241881061,Topic 5,1,2,2.00,5.00,4.00,matches_neither,""
Central Florida Preparatory School,138600390,8241746024,Topic 5,1,2,0.00,1.00,9.00,matches_neither,sg_exceeds_row_possible
Central Florida Preparatory School,116903218,8241749400,Topic 5,1,2,1.25,3.00,9.00,matches_neither,sg_exceeds_row_possible
Central Florida Preparatory School,124292916,8241881061,Topic 5,1,2,1.00,1.00,7.00,matches_neither,sg_exceeds_row_possible
Central Florida Preparatory School,138600398,8241748258,Topic 5,1,2,1.50,4.00,7.25,matches_neither,sg_exceeds_row_possible
Central Florida Preparatory School,131833921,8241748258,Topic 5,1,2,0.50,2.00,4.25,matches_neither,sg_exceeds_row_possible
Central Florida Preparatory School,138600387,8140761678,Topic 5: Early Civilizations of China (1700 BCE - 220 CE),1,2,2.00,6.00,12.00,matches_neither,sg_exceeds_row_possible
Central Florida Preparatory School,116907520,8140761678,Topic 5: Early Civilizations of China (1700 BCE - 220 CE),1,2,2.00,4.00,18.00,matches_neither,sg_exceeds_row_possible
Central Florida Preparatory School,116903218,8140761678,Topic 5: Early Civilizations of China (1700 BCE - 220 CE),1,2,0.00,1.00,18.00,matches_neither,sg_exceeds_row_possible
Central Florida Preparatory School,131942370,8140761678,Topic 5: Early Civilizations of China (1700 BCE - 220 CE),1,2,2.00,3.00,18.00,matches_neither,sg_exceeds_row_possible
Central Florida Preparatory School,124292910,8140761678,Topic 5: Early Civilizations of China (1700 BCE - 220 CE),1,2,6.00,13.00,8.00,matches_neither,""
Central Florida Preparatory School,131833921,8140495628,Topic 5: Our Constitutional Government: Join in Civil Conversations,1,2,2.00,4.00,14.00,matches_neither,sg_exceeds_row_possible
Central Florida Preparatory School,138600378,8140495691,Topic 5: Our Constitutional Government: Join in Civil Conversations,1,2,4.00,9.00,11.00,matches_neither,sg_exceeds_row_possible
Central Florida Preparatory School,116903204,8140495691,Topic 5: Our Constitutional Government: Join in Civil Conversations,1,2,0.00,1.00,16.00,matches_neither,sg_exceeds_row_possible
Central Florida Preparatory School,116903216,8140495628,Topic 5: Our Constitutional Government: Join in Civil Conversations,1,2,1.00,10.00,11.00,matches_neither,sg_exceeds_row_possible
Central Florida Preparatory School,109443531,8140495691,Topic 5: Our Constitutional Government: Join in Civil Conversations,1,2,4.00,14.00,8.00,matches_neither,""
Central Florida Preparatory School,138948899,8140495691,Topic 5: Our Constitutional Government: Join in Civil Conversations,1,2,1.00,1.00,19.00,matches_neither,sg_exceeds_row_possible
Central Florida Preparatory School,116903188,8140495628,Topic 5: Our Constitutional Government: Join in Civil Conversations,1,2,0.00,12.00,8.00,matches_neither,""
Central Florida Preparatory School,131833912,8140495691,Topic 5: Our Constitutional Government: Join in Civil Conversations,1,2,2.00,10.00,8.00,matches_neither,""
Central Florida Preparatory School,131833928,8140495628,Topic 5: Our Constitutional Government: Join in Civil Conversations,1,2,1.00,7.00,11.00,matches_neither,sg_exceeds_row_possible
Central Florida Preparatory School,138600382,8140495628,Topic 5: Our Constitutional Government: Join in Civil Conversations,1,2,0.00,16.00,4.00,matches_neither,""
Central Florida Preparatory School,101766099,8140495628,Topic 5: Our Constitutional Government: Join in Civil Conversations,1,2,1.00,3.00,16.00,matches_neither,sg_exceeds_row_possible
Central Florida Preparatory School,138600384,8140495628,Topic 5: Our Constitutional Government: Join in Civil Conversations,1,2,1.00,8.00,9.00,matches_neither,sg_exceeds_row_possible
Central Florida Preparatory School,138600398,8140495628,Topic 5: Our Constitutional Government: Join in Civil Conversations,1,2,3.00,11.00,9.00,matches_neither,""
Central Florida Preparatory School,124865505,8231589034,Topic 5: The Early Republic (1789-1825),1,2,14.00,16.00,18.00,matches_neither,sg_exceeds_row_possible
Central Florida Preparatory School,116903200,8231594660,Topic 5: The Early Republic (1789-1825),1,2,0.00,1.00,18.00,matches_neither,sg_exceeds_row_possible
Central Florida Preparatory School,125369367,8247281686,Topic 5: World War I and the 1920s,1,2,6.00,9.00,20.00,matches_neither,sg_exceeds_row_possible
Central Florida Preparatory School,93859324,8247281686,Topic 5: World War I and the 1920s,1,2,1.00,4.00,18.00,matches_neither,sg_exceeds_row_possible
Central Florida Preparatory School,138555731,8247281686,Topic 5: World War I and the 1920s,1,2,5.00,14.00,14.00,matches_neither,""
Central Florida Preparatory School,74262896,8247281686,Topic 5: World War I and the 1920s,1,2,8.00,15.00,16.00,matches_neither,sg_exceeds_row_possible
Central Florida Preparatory School,118395895,8247281686,Topic 5: World War I and the 1920s,1,2,5.00,11.00,17.00,matches_neither,sg_exceeds_row_possible
Central Florida Preparatory School,38459739,8247281686,Topic 5: World War I and the 1920s,1,2,3.00,7.00,19.00,matches_neither,sg_exceeds_row_possible
Central Florida Preparatory School,118737267,8247281686,Topic 5: World War I and the 1920s,1,2,6.00,13.00,16.00,matches_neither,sg_exceeds_row_possible
Central Florida Preparatory School,38459685,8247281686,Topic 5: World War I and the 1920s,1,2,5.00,10.00,18.00,matches_neither,sg_exceeds_row_possible
Central Florida Preparatory School,133630202,8247281686,Topic 5: World War I and the 1920s,1,2,4.00,6.00,21.00,matches_neither,sg_exceeds_row_possible
Central Florida Preparatory School,132358929,8247281686,Topic 5: World War I and the 1920s,1,2,3.00,7.00,17.00,matches_neither,sg_exceeds_row_possible
Central Florida Preparatory School,124865987,8247281686,Topic 5: World War I and the 1920s,1,2,5.00,16.00,12.00,matches_neither,""
Central Florida Preparatory School,127334760,8247281686,Topic 5: World War I and the 1920s,1,2,6.00,13.00,16.00,matches_neither,sg_exceeds_row_possible
Central Florida Preparatory School,118395893,8247281686,Topic 5: World War I and the 1920s,1,2,6.00,13.00,16.00,matches_neither,sg_exceeds_row_possible
Central Florida Preparatory School,138555753,8247281686,Topic 5: World War I and the 1920s,1,2,5.00,12.00,16.00,matches_neither,sg_exceeds_row_possible
Central Florida Preparatory School,84456629,8239060045,Topic 6: Ancient Greece (2000 BCE - 300 BCE),1,2,4.00,8.00,9.00,matches_neither,sg_exceeds_row_possible
Central Florida Preparatory School,138600380,8239060045,Topic 6: Ancient Greece (2000 BCE - 300 BCE),1,2,1.00,15.00,5.00,matches_neither,""
Central Florida Preparatory School,138600396,8239060045,Topic 6: Ancient Greece (2000 BCE - 300 BCE),1,2,1.00,13.00,6.00,matches_neither,""
Central Florida Preparatory School,131942370,8239060045,Topic 6: Ancient Greece (2000 BCE - 300 BCE),1,2,0.00,1.00,15.00,matches_neither,sg_exceeds_row_possible
Central Florida Preparatory School,124292910,8239060045,Topic 6: Ancient Greece (2000 BCE - 300 BCE),1,2,4.00,7.00,13.00,matches_neither,sg_exceeds_row_possible
Central Florida Preparatory School,113307131,8239060045,Topic 6: Ancient Greece (2000 BCE - 300 BCE),1,2,1.00,2.00,16.00,matches_neither,sg_exceeds_row_possible
Central Florida Preparatory School,131942373,8239060045,Topic 6: Ancient Greece (2000 BCE - 300 BCE),1,2,4.00,6.00,14.00,matches_neither,sg_exceeds_row_possible
Central Florida Preparatory School,124866004,8239060045,Topic 6: Ancient Greece (2000 BCE - 300 BCE),1,2,0.00,4.00,12.00,matches_neither,sg_exceeds_row_possible
Central Florida Preparatory School,138600387,8239060045,Topic 6: Ancient Greece (2000 BCE - 300 BCE),1,2,4.00,12.00,7.00,matches_neither,""
Central Florida Preparatory School,131942351,8239060045,Topic 6: Ancient Greece (2000 BCE - 300 BCE),1,2,1.00,9.00,9.00,matches_neither,""
Central Florida Preparatory School,124292912,8239060045,Topic 6: Ancient Greece (2000 BCE - 300 BCE),1,2,5.00,11.00,9.00,matches_neither,""
Central Florida Preparatory School,116903216,8140495629,Topic 6: The Constitution Protects Your Rights: Defend All Rights,1,2,3.00,9.00,13.00,matches_neither,sg_exceeds_row_possible
Central Florida Preparatory School,131833921,8140495629,Topic 6: The Constitution Protects Your Rights: Defend All Rights,1,2,3.00,8.00,13.00,matches_neither,sg_exceeds_row_possible
Central Florida Preparatory School,101766099,8140495629,Topic 6: The Constitution Protects Your Rights: Defend All Rights,1,2,0.00,6.00,13.00,matches_neither,sg_exceeds_row_possible
Central Florida Preparatory School,138600384,8140495629,Topic 6: The Constitution Protects Your Rights: Defend All Rights,1,2,1.00,7.00,13.00,matches_neither,sg_exceeds_row_possible
Central Florida Preparatory School,116903205,8356514540,Topic 7,1,2,1.00,2.00,8.50,matches_neither,sg_exceeds_row_possible
Central Florida Preparatory School,124865505,8356514540,Topic 7,1,2,1.00,2.00,9.50,matches_neither,sg_exceeds_row_possible
Central Florida Preparatory School,138600395,8356514540,Topic 7,1,2,1.00,3.00,7.50,matches_neither,sg_exceeds_row_possible
Central Florida Preparatory School,116714101,8326852201,Topic 7: Absolutism and Revolution,1,2,2.00,7.00,15.00,matches_neither,sg_exceeds_row_possible
Central Florida Preparatory School,116714096,8326852201,Topic 7: Absolutism and Revolution,1,2,2.00,7.00,15.00,matches_neither,sg_exceeds_row_possible
Central Florida Preparatory School,113297765,8326852201,Topic 7: Absolutism and Revolution,1,2,4.00,13.00,11.00,matches_neither,""
Central Florida Preparatory School,131809829,8326852201,Topic 7: Absolutism and Revolution,1,2,4.00,8.00,16.00,matches_neither,sg_exceeds_row_possible
Central Florida Preparatory School,113335582,8326852201,Topic 7: Absolutism and Revolution,1,2,4.00,11.00,13.00,matches_neither,sg_exceeds_row_possible
Central Florida Preparatory School,139603766,8326852201,Topic 7: Absolutism and Revolution,1,2,4.00,12.00,12.00,matches_neither,""
Central Florida Preparatory School,109444201,8326852201,Topic 7: Absolutism and Revolution,1,2,5.00,14.00,11.00,matches_neither,""
Central Florida Preparatory School,131809828,8326852201,Topic 7: Absolutism and Revolution,1,2,4.00,6.00,18.00,matches_neither,sg_exceeds_row_possible
Central Florida Preparatory School,138555767,8326852201,Topic 7: Absolutism and Revolution,1,2,4.00,13.00,11.00,matches_neither,""
Central Florida Preparatory School,131833918,8326852201,Topic 7: Absolutism and Revolution,1,2,4.00,13.00,11.00,matches_neither,""
Central Florida Preparatory School,124321290,8326852201,Topic 7: Absolutism and Revolution,1,2,4.00,6.00,18.00,matches_neither,sg_exceeds_row_possible
Central Florida Preparatory School,116714094,8326852201,Topic 7: Absolutism and Revolution,1,2,3.00,7.00,16.00,matches_neither,sg_exceeds_row_possible
Central Florida Preparatory School,131833903,8231865506,Topic 7: Branches of the U.S. Government: Collaborate With Others,1,2,0.00,17.00,3.00,matches_neither,""
Central Florida Preparatory School,131833925,8231874273,Topic 7: Branches of the U.S. Government: Collaborate With Others,1,2,2.00,6.00,10.00,matches_neither,sg_exceeds_row_possible
Central Florida Preparatory School,138600391,8231865506,Topic 7: Branches of the U.S. Government: Collaborate With Others,1,2,0.00,1.00,18.00,matches_neither,sg_exceeds_row_possible
Central Florida Preparatory School,131833920,8231865506,Topic 7: Branches of the U.S. Government: Collaborate With Others,1,2,0.00,7.00,14.00,matches_neither,sg_exceeds_row_possible
Central Florida Preparatory School,138600381,8331748638,Topic 7: Society and Culture Before the Civil War (1820-1860),1,2,1.00,4.00,14.00,matches_neither,sg_exceeds_row_possible
Central Florida Preparatory School,109443778,8331747140,Topic 7: Society and Culture Before the Civil War (1820-1860),1,2,2.00,4.00,16.00,matches_neither,sg_exceeds_row_possible
Central Florida Preparatory School,124865996,8331748638,Topic 7: Society and Culture Before the Civil War (1820-1860),1,2,1.00,7.00,13.00,matches_neither,sg_exceeds_row_possible
Central Florida Preparatory School,116903219,8331747140,Topic 7: Society and Culture Before the Civil War (1820-1860),1,2,10.00,15.00,14.00,matches_neither,""
Central Florida Preparatory School,116903191,8331747140,Topic 7: Society and Culture Before the Civil War (1820-1860),1,2,3.00,10.00,11.00,matches_neither,sg_exceeds_row_possible
Central Florida Preparatory School,124866003,8331748638,Topic 7: Society and Culture Before the Civil War (1820-1860),1,2,1.00,1.00,18.00,matches_neither,sg_exceeds_row_possible
Central Florida Preparatory School,124865505,8331747140,Topic 7: Society and Culture Before the Civil War (1820-1860),1,2,5.00,12.00,6.00,matches_neither,""
Central Florida Preparatory School,74260688,8331747140,Topic 7: Society and Culture Before the Civil War (1820-1860),1,2,2.00,4.00,14.00,matches_neither,sg_exceeds_row_possible
Central Florida Preparatory School,124865998,8331747140,Topic 7: Society and Culture Before the Civil War (1820-1860),1,2,1.00,6.00,11.00,matches_neither,sg_exceeds_row_possible
Central Florida Preparatory School,138600387,8273238667,Topic 7: The Roman Republic (800 BCE - 30 BCE),1,2,3.00,7.00,10.00,matches_neither,sg_exceeds_row_possible
Central Florida Preparatory School,124292910,8273238667,Topic 7: The Roman Republic (800 BCE - 30 BCE),1,2,2.00,3.00,14.00,matches_neither,sg_exceeds_row_possible
Central Florida Preparatory School,138600396,8273238667,Topic 7: The Roman Republic (800 BCE - 30 BCE),1,2,0.00,17.00,3.00,matches_neither,""
Central Florida Preparatory School,131942361,8273238667,Topic 7: The Roman Republic (800 BCE - 30 BCE),1,2,3.00,4.00,15.00,matches_neither,sg_exceeds_row_possible
Central Florida Preparatory School,131942370,8273238667,Topic 7: The Roman Republic (800 BCE - 30 BCE),1,2,0.00,2.00,18.00,matches_neither,sg_exceeds_row_possible
Central Florida Preparatory School,124292912,8273238667,Topic 7: The Roman Republic (800 BCE - 30 BCE),1,2,2.00,18.00,4.00,matches_neither,""
Central Florida Preparatory School,131942373,8273238667,Topic 7: The Roman Republic (800 BCE - 30 BCE),1,2,0.00,4.00,14.00,matches_neither,sg_exceeds_row_possible
Central Florida Preparatory School,131942351,8273238667,Topic 7: The Roman Republic (800 BCE - 30 BCE),1,2,3.00,11.00,10.00,matches_neither,""
Central Florida Preparatory School,138600380,8273238667,Topic 7: The Roman Republic (800 BCE - 30 BCE),1,2,1.00,5.00,10.00,matches_neither,sg_exceeds_row_possible
Central Florida Preparatory School,116907520,8273238667,Topic 7: The Roman Republic (800 BCE - 30 BCE),1,2,0.00,8.00,12.00,matches_neither,sg_exceeds_row_possible
Central Florida Preparatory School,138600378,8253266377,Topic 8: How Elections Work: Vote Responsibly,1,2,5.00,10.00,11.00,matches_neither,sg_exceeds_row_possible
Central Florida Preparatory School,138600400,8253266377,Topic 8: How Elections Work: Vote Responsibly,1,2,3.00,10.00,10.00,matches_neither,""
Central Florida Preparatory School,138948899,8253266377,Topic 8: How Elections Work: Vote Responsibly,1,2,0.00,4.00,14.00,matches_neither,sg_exceeds_row_possible
Central Florida Preparatory School,131833920,8253258668,Topic 8: How Elections Work: Vote Responsibly,1,2,6.00,14.00,8.00,matches_neither,""
Central Florida Preparatory School,101766099,8253258668,Topic 8: How Elections Work: Vote Responsibly,1,2,1.00,2.00,18.00,matches_neither,sg_exceeds_row_possible
Central Florida Preparatory School,131833925,8253266377,Topic 8: How Elections Work: Vote Responsibly,1,2,3.00,8.00,12.00,matches_neither,sg_exceeds_row_possible
Central Florida Preparatory School,138600398,8253258668,Topic 8: How Elections Work: Vote Responsibly,1,2,3.00,15.00,5.00,matches_neither,""
Central Florida Preparatory School,138600384,8253258668,Topic 8: How Elections Work: Vote Responsibly,1,2,1.00,5.00,13.00,matches_neither,sg_exceeds_row_possible
Central Florida Preparatory School,131833905,8253266377,Topic 8: How Elections Work: Vote Responsibly,1,2,0.00,4.00,16.00,matches_neither,sg_exceeds_row_possible
Central Florida Preparatory School,93987571,8253266377,Topic 8: How Elections Work: Vote Responsibly,1,2,6.00,11.00,12.00,matches_neither,sg_exceeds_row_possible
Central Florida Preparatory School,131833912,8253266377,Topic 8: How Elections Work: Vote Responsibly,1,2,0.00,5.00,14.00,matches_neither,sg_exceeds_row_possible
Central Florida Preparatory School,138600382,8253258668,Topic 8: How Elections Work: Vote Responsibly,1,2,1.00,14.00,6.00,matches_neither,""
Central Florida Preparatory School,132502379,8253266377,Topic 8: How Elections Work: Vote Responsibly,1,2,2.00,10.00,10.00,matches_neither,""
Central Florida Preparatory School,124292916,8253266377,Topic 8: How Elections Work: Vote Responsibly,1,2,5.00,9.00,14.00,matches_neither,sg_exceeds_row_possible
Central Florida Preparatory School,138600379,8253266377,Topic 8: How Elections Work: Vote Responsibly,1,2,9.00,15.00,13.00,matches_neither,""
Central Florida Preparatory School,131833903,8253258668,Topic 8: How Elections Work: Vote Responsibly,1,2,0.00,3.00,15.00,matches_neither,sg_exceeds_row_possible
Central Florida Preparatory School,138792244,8253266377,Topic 8: How Elections Work: Vote Responsibly,1,2,1.00,5.00,13.00,matches_neither,sg_exceeds_row_possible
Central Florida Preparatory School,132358884,8253266377,Topic 8: How Elections Work: Vote Responsibly,1,2,0.00,11.00,7.00,matches_neither,""
Central Florida Preparatory School,74260688,8347029866,Topic 8: Sectionalism and Civil War (1820-1865),1,2,2.00,9.00,7.00,matches_neither,""
Central Florida Preparatory School,116903219,8347029866,Topic 8: Sectionalism and Civil War (1820-1865),1,2,2.00,5.00,11.00,matches_neither,sg_exceeds_row_possible
Central Florida Preparatory School,116903191,8347029866,Topic 8: Sectionalism and Civil War (1820-1865),1,2,4.00,11.00,8.00,matches_neither,""
Central Florida Preparatory School,138600392,8347029866,Topic 8: Sectionalism and Civil War (1820-1865),1,2,2.00,12.00,9.00,matches_neither,""
Central Florida Preparatory School,124865996,8347030584,Topic 8: Sectionalism and Civil War (1820-1865),1,2,0.00,5.00,12.00,matches_neither,sg_exceeds_row_possible
Central Florida Preparatory School,116903209,8347030584,Topic 8: Sectionalism and Civil War (1820-1865),1,2,1.00,5.00,13.00,matches_neither,sg_exceeds_row_possible
Central Florida Preparatory School,124865992,8347030584,Topic 8: Sectionalism and Civil War (1820-1865),1,2,2.00,9.00,11.00,matches_neither,sg_exceeds_row_possible
Central Florida Preparatory School,93859323,8347029866,Topic 8: Sectionalism and Civil War (1820-1865),1,2,3.00,9.00,8.00,matches_neither,""
Central Florida Preparatory School,116903205,8347029866,Topic 8: Sectionalism and Civil War (1820-1865),1,2,1.00,5.00,13.00,matches_neither,sg_exceeds_row_possible
Central Florida Preparatory School,124865505,8347029866,Topic 8: Sectionalism and Civil War (1820-1865),1,2,2.00,13.00,6.00,matches_neither,""
Central Florida Preparatory School,131833911,8347029866,Topic 8: Sectionalism and Civil War (1820-1865),1,2,6.00,8.00,18.00,matches_neither,sg_exceeds_row_possible
Central Florida Preparatory School,124866003,8347030584,Topic 8: Sectionalism and Civil War (1820-1865),1,2,2.00,4.00,15.00,matches_neither,sg_exceeds_row_possible
Central Florida Preparatory School,109443778,8347029866,Topic 8: Sectionalism and Civil War (1820-1865),1,2,5.00,7.00,16.00,matches_neither,sg_exceeds_row_possible
Central Florida Preparatory School,138600395,8347029866,Topic 8: Sectionalism and Civil War (1820-1865),1,2,1.00,3.00,14.00,matches_neither,sg_exceeds_row_possible
Central Florida Preparatory School,117468529,8347030584,Topic 8: Sectionalism and Civil War (1820-1865),1,2,1.00,4.00,14.00,matches_neither,sg_exceeds_row_possible
Central Florida Preparatory School,116903200,8347030584,Topic 8: Sectionalism and Civil War (1820-1865),1,2,0.00,1.00,19.00,matches_neither,sg_exceeds_row_possible
Central Florida Preparatory School,93860113,8347029866,Topic 8: Sectionalism and Civil War (1820-1865),1,2,3.00,12.00,10.00,matches_neither,""
Central Florida Preparatory School,124865976,8347030584,Topic 8: Sectionalism and Civil War (1820-1865),1,2,2.00,12.00,7.00,matches_neither,""
Central Florida Preparatory School,138600381,8347030584,Topic 8: Sectionalism and Civil War (1820-1865),1,2,0.00,5.00,11.00,matches_neither,sg_exceeds_row_possible
Central Florida Preparatory School,123599621,8347030584,Topic 8: Sectionalism and Civil War (1820-1865),1,2,4.00,7.00,13.00,matches_neither,sg_exceeds_row_possible
Central Florida Preparatory School,131833906,8347029866,Topic 8: Sectionalism and Civil War (1820-1865),1,2,5.00,7.00,15.00,matches_neither,sg_exceeds_row_possible
Central Florida Preparatory School,138600387,8326856475,Topic 8: The Roman and Byzantine Empires (30 BCE - 1453 CE),1,2,7.00,18.00,9.00,matches_neither,""
Central Florida Preparatory School,124292912,8326856475,Topic 8: The Roman and Byzantine Empires (30 BCE - 1453 CE),1,2,5.00,17.00,6.00,matches_neither,""
Central Florida Preparatory School,138600380,8326856475,Topic 8: The Roman and Byzantine Empires (30 BCE - 1453 CE),1,2,13.00,18.00,15.00,matches_neither,""
Central Florida Preparatory School,131942373,8326856475,Topic 8: The Roman and Byzantine Empires (30 BCE - 1453 CE),1,2,10.00,13.00,17.00,matches_neither,sg_exceeds_row_possible
Central Florida Preparatory School,124292910,8326856475,Topic 8: The Roman and Byzantine Empires (30 BCE - 1453 CE),1,2,9.00,19.00,10.00,matches_neither,""
Central Florida Preparatory School,131942370,8326856475,Topic 8: The Roman and Byzantine Empires (30 BCE - 1453 CE),1,2,16.00,17.00,19.00,matches_neither,sg_exceeds_row_possible
Central Florida Preparatory School,84456629,8326856475,Topic 8: The Roman and Byzantine Empires (30 BCE - 1453 CE),1,2,11.00,18.00,13.00,matches_neither,""
Central Florida Preparatory School,138600376,8326856475,Topic 8: The Roman and Byzantine Empires (30 BCE - 1453 CE),1,2,13.00,14.00,18.00,matches_neither,sg_exceeds_row_possible
Central Florida Preparatory School,124866004,8326856475,Topic 8: The Roman and Byzantine Empires (30 BCE - 1453 CE),1,2,13.00,14.00,19.00,matches_neither,sg_exceeds_row_possible
Central Florida Preparatory School,131942351,8326856475,Topic 8: The Roman and Byzantine Empires (30 BCE - 1453 CE),1,2,7.00,19.00,8.00,matches_neither,""
Central Florida Preparatory School,138600393,8326856475,Topic 8: The Roman and Byzantine Empires (30 BCE - 1453 CE),1,2,15.00,17.00,17.00,matches_neither,""
Central Florida Preparatory School,116907520,8352495237,Topic 9: Civilizations of East Asia and Southeast Asia (250 BCE - 1644 CE),1,2,1.00,7.00,12.00,matches_neither,sg_exceeds_row_possible
Central Florida Preparatory School,103685335,8352495237,Topic 9: Civilizations of East Asia and Southeast Asia (250 BCE - 1644 CE),1,2,1.00,5.00,14.00,matches_neither,sg_exceeds_row_possible
Central Florida Preparatory School,124292910,8352495237,Topic 9: Civilizations of East Asia and Southeast Asia (250 BCE - 1644 CE),1,2,0.00,3.00,13.00,matches_neither,sg_exceeds_row_possible
Central Florida Preparatory School,124292912,8352495237,Topic 9: Civilizations of East Asia and Southeast Asia (250 BCE - 1644 CE),1,2,1.00,9.00,7.00,matches_neither,""
Central Florida Preparatory School,113307131,8352495237,Topic 9: Civilizations of East Asia and Southeast Asia (250 BCE - 1644 CE),1,2,2.00,6.00,16.00,matches_neither,sg_exceeds_row_possible
Central Florida Preparatory School,138600393,8352495237,Topic 9: Civilizations of East Asia and Southeast Asia (250 BCE - 1644 CE),1,2,2.00,5.00,14.00,matches_neither,sg_exceeds_row_possible
Central Florida Preparatory School,138600387,8352495237,Topic 9: Civilizations of East Asia and Southeast Asia (250 BCE - 1644 CE),1,2,2.00,9.00,8.00,matches_neither,""
Central Florida Preparatory School,131942361,8352495237,Topic 9: Civilizations of East Asia and Southeast Asia (250 BCE - 1644 CE),1,2,1.00,6.00,13.00,matches_neither,sg_exceeds_row_possible
Central Florida Preparatory School,131942351,8352495237,Topic 9: Civilizations of East Asia and Southeast Asia (250 BCE - 1644 CE),1,2,0.00,4.00,11.00,matches_neither,sg_exceeds_row_possible
Central Florida Preparatory School,124866004,8352495237,Topic 9: Civilizations of East Asia and Southeast Asia (250 BCE - 1644 CE),1,2,1.00,1.00,17.00,matches_neither,sg_exceeds_row_possible
Central Florida Preparatory School,138600396,8352495237,Topic 9: Civilizations of East Asia and Southeast Asia (250 BCE - 1644 CE),1,2,10.00,13.00,16.00,matches_neither,sg_exceeds_row_possible
Central Florida Preparatory School,95720286,8352495237,Topic 9: Civilizations of East Asia and Southeast Asia (250 BCE - 1644 CE),1,2,3.00,9.00,11.00,matches_neither,sg_exceeds_row_possible
Central Florida Preparatory School,134825450,8352495237,Topic 9: Civilizations of East Asia and Southeast Asia (250 BCE - 1644 CE),1,2,1.00,9.00,9.00,matches_neither,""
Central Florida Preparatory School,131942373,8352495237,Topic 9: Civilizations of East Asia and Southeast Asia (250 BCE - 1644 CE),1,2,3.00,3.00,17.00,matches_neither,sg_exceeds_row_possible
Central Florida Preparatory School,133182402,8352495237,Topic 9: Civilizations of East Asia and Southeast Asia (250 BCE - 1644 CE),1,2,1.00,7.00,13.00,matches_neither,sg_exceeds_row_possible
Central Florida Preparatory School,131942370,8352495237,Topic 9: Civilizations of East Asia and Southeast Asia (250 BCE - 1644 CE),1,2,1.00,2.00,18.00,matches_neither,sg_exceeds_row_possible
Central Florida Preparatory School,138600380,8352495237,Topic 9: Civilizations of East Asia and Southeast Asia (250 BCE - 1644 CE),1,2,7.00,12.00,14.00,matches_neither,sg_exceeds_row_possible
Central Florida Preparatory School,138600398,8288332885,Topic 9: The Media and You: Find Accurate Information,1,2,5.00,15.00,9.00,matches_neither,""
Central Florida Preparatory School,131833913,8288339726,Topic 9: The Media and You: Find Accurate Information,1,2,1.00,2.00,19.00,matches_neither,sg_exceeds_row_possible
Central Florida Preparatory School,116903204,8288339726,Topic 9: The Media and You: Find Accurate Information,1,2,0.00,1.00,18.00,matches_neither,sg_exceeds_row_possible
Central Florida Preparatory School,124865976,8368256753,Topic 9 The Reconstruction Era,1,2,0.00,1.00,13.00,matches_neither,sg_exceeds_row_possible
Central Florida Preparatory School,116903205,8368249539,Topic 9 The Reconstruction Era,1,2,0.00,7.00,13.00,matches_neither,sg_exceeds_row_possible
Central Florida Preparatory School,124866003,8368256753,Topic 9 The Reconstruction Era,1,2,0.00,5.00,13.00,matches_neither,sg_exceeds_row_possible
Central Florida Preparatory School,138600395,8368249539,Topic 9 The Reconstruction Era,1,2,0.00,8.00,11.00,matches_neither,sg_exceeds_row_possible
Central Florida Preparatory School,124865998,8368249539,Topic 9 The Reconstruction Era,1,2,0.00,10.00,10.00,matches_neither,""
Central Florida Preparatory School,116903209,8368256753,Topic 9 The Reconstruction Era,1,2,0.00,5.00,10.00,matches_neither,sg_exceeds_row_possible
Central Florida Preparatory School,74260688,8368249539,Topic 9 The Reconstruction Era,1,2,0.00,9.00,11.00,matches_neither,sg_exceeds_row_possible
Central Florida Preparatory School,131837770,8368249539,Topic 9 The Reconstruction Era,1,2,0.00,10.00,10.00,matches_neither,""
Central Florida Preparatory School,116903219,8368249539,Topic 9 The Reconstruction Era,1,2,3.00,11.00,10.00,matches_neither,""
Central Florida Preparatory School,138600392,8368249539,Topic 9 The Reconstruction Era,1,2,1.00,13.00,6.00,matches_neither,""
Central Florida Preparatory School,116903191,8368249539,Topic 9 The Reconstruction Era,1,2,2.00,9.00,8.00,matches_neither,""
Central Florida Preparatory School,117468530,8368256753,Topic 9 The Reconstruction Era,1,2,0.00,7.00,11.00,matches_neither,sg_exceeds_row_possible
Central Florida Preparatory School,123599621,8368256753,Topic 9 The Reconstruction Era,1,2,1.00,5.00,13.00,matches_neither,sg_exceeds_row_possible
Central Florida Preparatory School,124865992,8368256753,Topic 9 The Reconstruction Era,1,2,0.00,6.00,13.00,matches_neither,sg_exceeds_row_possible
Central Florida Preparatory School,124865996,8368256753,Topic 9 The Reconstruction Era,1,2,1.00,10.00,9.00,matches_neither,""
Central Florida Preparatory School,138948896,8368256753,Topic 9 The Reconstruction Era,1,2,0.00,10.00,10.00,matches_neither,""
Central Florida Preparatory School,131833911,8368249539,Topic 9 The Reconstruction Era,1,2,0.00,8.00,9.00,matches_neither,sg_exceeds_row_possible
Central Florida Preparatory School,116903200,8368256753,Topic 9 The Reconstruction Era,1,2,0.00,5.00,15.00,matches_neither,sg_exceeds_row_possible
Central Florida Preparatory School,138600381,8368256753,Topic 9 The Reconstruction Era,1,2,1.00,6.00,9.00,matches_neither,sg_exceeds_row_possible
Central Florida Preparatory School,131833906,8368249539,Topic 9 The Reconstruction Era,1,2,0.00,7.00,13.00,matches_neither,sg_exceeds_row_possible
Central Florida Preparatory School,117468529,8368256753,Topic 9 The Reconstruction Era,1,2,0.00,9.00,8.00,matches_neither,""
Central Florida Preparatory School,93859323,8368249539,Topic 9 The Reconstruction Era,1,2,0.00,14.00,6.00,matches_neither,""
Central Florida Preparatory School,138600391,7963937400,Unit 1 Part 1,1,2,2.00,25.00,6.00,matches_neither,""
Central Florida Preparatory School,138792244,7963936946,Unit 1 Part 1,1,2,0.00,20.00,10.00,matches_neither,""
Central Florida Preparatory School,131942351,7963934901,Unit 1 Part 1,1,2,1.00,11.00,18.00,matches_neither,sg_exceeds_row_possible
Central Florida Preparatory School,133182402,7963934901,Unit 1 Part 1,1,2,0.00,8.00,12.00,matches_neither,sg_exceeds_row_possible
Central Florida Preparatory School,131833905,7963936946,Unit 1 Part 1,1,2,0.00,7.00,23.00,matches_neither,sg_exceeds_row_possible
Central Florida Preparatory School,138600385,7963936946,Unit 1 Part 1,1,2,0.00,25.00,5.00,matches_neither,""
Central Florida Preparatory School,138600387,7963934901,Unit 1 Part 1,1,2,0.00,20.00,9.00,matches_neither,""
Central Florida Preparatory School,138600400,7963936946,Unit 1 Part 1,1,2,0.00,21.00,9.00,matches_neither,""
Central Florida Preparatory School,116907520,7963936200,Unit 1 Part 1,1,2,0.00,9.00,17.00,matches_neither,sg_exceeds_row_possible
Central Florida Preparatory School,138600397,7963934901,Unit 1 Part 1,1,2,5.00,16.00,15.00,matches_neither,""
Central Florida Preparatory School,109443531,7963936946,Unit 1 Part 1,1,2,0.00,21.00,9.00,matches_neither,""
Central Florida Preparatory School,124865996,7963939073,Unit1 Part 1,1,2,2.00,17.00,10.00,matches_neither,""
Central Florida Preparatory School,117468529,7963939073,Unit1 Part 1,2,2,3.00,19.00,9.00,matches_neither,""
Central Florida Preparatory School,125369131,8088414126,Unit 2 Benchmark: Technology In Our World,1,2,3.00,7.00,6.00,matches_neither,""
Central Florida Preparatory School,138600398,8102312134,Unit 2 Part 1,1,2,3.00,15.00,8.00,matches_neither,""
Central Florida Preparatory School,138600382,8102312134,Unit 2 Part 1,1,2,4.00,25.00,5.00,matches_neither,""
Central Florida Preparatory School,138792244,8102310648,Unit 2 Part 1,1,2,2.00,15.00,16.00,matches_neither,sg_exceeds_row_possible
Central Florida Preparatory School,84456633,8102310357,Unit 2 Part 1,1,2,4.00,19.00,12.00,matches_neither,""
Central Florida Preparatory School,93987215,8102310357,Unit 2 Part 1,1,2,2.00,11.00,19.00,matches_neither,sg_exceeds_row_possible
Central Florida Preparatory School,131942359,8102310357,Unit 2 Part 1,1,2,4.00,22.00,8.00,matches_neither,""
Central Florida Preparatory School,112187638,8102310357,Unit 2 Part 1,1,2,1.00,2.00,25.00,matches_neither,sg_exceeds_row_possible
Central Florida Preparatory School,124866004,8102310161,Unit 2 Part 1,1,2,7.00,13.00,19.00,matches_neither,sg_exceeds_row_possible
Central Florida Preparatory School,116903204,8102310648,Unit 2 Part 1,2,2,1.00,8.00,24.00,matches_neither,sg_exceeds_row_possible
Central Florida Preparatory School,138948896,8102313694,Unit 2 Part 1,1,2,4.00,11.00,22.00,matches_neither,sg_exceeds_row_possible
Central Florida Preparatory School,116903190,8102310648,Unit 2 Part 1,1,2,1.00,15.00,13.00,matches_neither,""
Central Florida Preparatory School,131942373,8102310161,Unit 2 Part 1,1,2,1.00,5.00,22.00,matches_neither,sg_exceeds_row_possible
Central Florida Preparatory School,124865992,8102313694,Unit 2 Part 1,1,2,3.00,12.00,20.00,matches_neither,sg_exceeds_row_possible
Central Florida Preparatory School,138600383,8102310357,Unit 2 Part 1,1,2,0.00,4.00,24.00,matches_neither,sg_exceeds_row_possible
Central Florida Preparatory School,125369158,8087303194,Unit 3 Benchmark Test: Objects in the Sky,1,2,2.00,5.00,5.00,matches_neither,""
Central Florida Preparatory School,138506887,8087303194,Unit 3 Benchmark Test: Objects in the Sky,1,2,0.00,8.00,2.00,matches_neither,""
Central Florida Preparatory School,131833908,8255776872,Unit 3 Part 1,1,2,1.00,10.00,19.00,matches_neither,sg_exceeds_row_possible
Central Florida Preparatory School,131833920,8255776872,Unit 3 Part 1,1,2,2.00,20.00,11.00,matches_neither,""
Central Florida Preparatory School,131833913,8255775972,Unit 3 Part 1,1,2,4.00,6.00,22.00,matches_neither,sg_exceeds_row_possible
Central Florida Preparatory School,131942339,8255770520,Unit 3 Part 1,2,2,1.00,9.00,21.00,matches_neither,sg_exceeds_row_possible
Central Florida Preparatory School,138600382,8255776872,Unit 3 Part 1,1,2,2.00,19.00,12.00,matches_neither,""
Central Florida Preparatory School,84456629,8255770103,Unit 3 Part 1,1,2,2.00,3.00,24.00,matches_neither,sg_exceeds_row_possible
Central Florida Preparatory School,95720366,8255770520,Unit 3 Part 1,1,2,0.00,15.00,16.00,matches_neither,sg_exceeds_row_possible
Central Florida Preparatory School,138600400,8255775972,Unit 3 Part 1,1,2,1.00,11.00,14.00,matches_neither,sg_exceeds_row_possible
Central Florida Preparatory School,138600386,8255770520,Unit 3 Part 1,1,2,0.00,9.00,20.00,matches_neither,sg_exceeds_row_possible
Central Florida Preparatory School,112187638,8255770520,Unit 3 Part 1,1,2,1.00,19.00,12.00,matches_neither,""
Central Florida Preparatory School,113307131,8255770103,Unit 3 Part 1,1,2,5.00,22.00,10.00,matches_neither,""
Central Florida Preparatory School,116903216,8255776872,Unit 3 Part 1,1,2,6.00,17.00,14.00,matches_neither,""
Central Florida Preparatory School,116903190,8255775972,Unit 3 Part 1,1,2,0.00,8.00,21.00,matches_neither,sg_exceeds_row_possible
Central Florida Preparatory School,131833927,8255776872,Unit 3 Part 1,1,2,3.00,11.00,19.00,matches_neither,sg_exceeds_row_possible
Central Florida Preparatory School,116903189,8255770520,Unit 3 Part 1,1,2,4.00,13.00,15.00,matches_neither,sg_exceeds_row_possible
Central Florida Preparatory School,138948899,8255775972,Unit 3 Part 1,1,2,1.00,18.00,12.00,matches_neither,""
Central Florida Preparatory School,138600376,8255770103,Unit 3 Part 1,1,2,3.00,12.00,22.00,matches_neither,sg_exceeds_row_possible
Central Florida Preparatory School,131942351,8352493441,Unit 4 Part 1,1,2,1.00,14.00,17.00,matches_neither,sg_exceeds_row_possible
Central Florida Preparatory School,109348739,8352493877,Unit 4 Part 1,1,2,1.00,17.00,14.00,matches_neither,""
Central Florida Preparatory School,95718931,8352493877,Unit 4 Part 1,1,2,0.00,21.00,7.00,matches_neither,""
Central Florida Preparatory School,138600380,8352493441,Unit 4 Part 1,1,2,2.00,3.00,27.00,matches_neither,sg_exceeds_row_possible
Central Florida Preparatory School,138600383,8352493877,Unit 4 Part 1,1,2,1.00,8.00,21.00,matches_neither,sg_exceeds_row_possible
Central Florida Preparatory School,116907520,8352493877,Unit 4 Part 1,1,2,0.00,23.00,7.00,matches_neither,""
Central Florida Preparatory School,95720366,8352493877,Unit 4 Part 1,1,2,0.00,8.00,21.00,matches_neither,sg_exceeds_row_possible
Central Florida Preparatory School,116903218,8352493441,Unit 4 Part 1,1,2,1.00,18.00,13.00,matches_neither,""
Central Florida Preparatory School,84456633,8352493877,Unit 4 Part 1,1,2,0.00,10.00,20.00,matches_neither,sg_exceeds_row_possible
Central Florida Preparatory School,138600393,8352493441,Unit 4 Part 1,1,2,1.00,15.00,16.00,matches_neither,sg_exceeds_row_possible
Central Florida Preparatory School,138600375,8352493877,Unit 4 Part 1,2,2,0.00,2.00,27.00,matches_neither,sg_exceeds_row_possible
Central Florida Preparatory School,134825450,8352493441,Unit 4 Part 1,1,2,0.00,11.00,18.00,matches_neither,sg_exceeds_row_possible
Central Florida Preparatory School,84456634,8352493877,Unit 4 Part 1,1,2,0.00,17.00,12.00,matches_neither,""
Central Florida Preparatory School,138600386,8352493877,Unit 4 Part 1,1,2,0.00,4.00,26.00,matches_neither,sg_exceeds_row_possible
Central Florida Preparatory School,124866004,8352493441,Unit 4 Part 1,1,2,12.00,14.00,22.00,matches_neither,sg_exceeds_row_possible
Central Florida Preparatory School,103685335,8352493441,Unit 4 Part 1,1,2,1.00,10.00,21.00,matches_neither,sg_exceeds_row_possible
Central Florida Preparatory School,113307131,8352493441,Unit 4 Part 1,1,2,0.00,17.00,12.00,matches_neither,""
Central Florida Preparatory School,124292910,8352493442,Unit 4 Part 2,1,2,0.00,3.00,2.00,matches_neither,""
Central Florida Preparatory School,124866004,8352493442,Unit 4 Part 2,1,2,0.00,2.00,2.00,matches_neither,""
Central Florida Preparatory School,138600383,8352493878,Unit 4 Part 2,1,2,0.00,1.00,3.00,matches_neither,sg_exceeds_row_possible
Central Florida Preparatory School,131942373,8352493442,Unit 4 Part 2,1,2,2.00,3.00,4.00,matches_neither,sg_exceeds_row_possible
Central Florida Preparatory School,132358972,7891731481,Unit 5 Benchmark Test: Matter,1,2,0.00,1.00,9.00,matches_neither,sg_exceeds_row_possible
Central Florida Preparatory School,138506883,7891731481,Unit 5 Benchmark Test: Matter,1,2,2.00,6.00,6.00,matches_neither,""
Central Florida Preparatory School,125369167,7891731481,Unit 5 Benchmark Test: Matter,1,2,8.00,9.00,9.00,matches_neither,""
Central Florida Preparatory School,104541345,7795974019,Unit 8 Test: Forces and Motion,1,2,6.00,9.00,7.00,matches_neither,""
Central Florida Preparatory School,132358906,7795974019,Unit 8 Test: Forces and Motion,1,2,5.00,8.00,7.00,matches_neither,""
Central Florida Preparatory School,130408281,7795974019,Unit 8 Test: Forces and Motion,1,2,1.00,2.00,7.00,matches_neither,sg_exceeds_row_possible
Central Florida Preparatory School,109678881,7795974019,Unit 8 Test: Forces and Motion,1,2,4.00,6.00,7.00,matches_neither,sg_exceeds_row_possible
Central Florida Preparatory School,118931489,8337316233,Weather Wise: Mod 6 Weekly Assessment: Week 1,1,2,1.00,1.00,3.00,matches_neither,sg_exceeds_row_possible
Crestwell School,134955435,7928760621,Chapter 14 Test: Measurement,4,4,1.00,3.00,5.00,matches_neither,sg_exceeds_row_possible
Crestwell School,134955435,7928760621,Chapter 14 Test: Measurement,3,4,1.00,3.00,6.00,matches_neither,sg_exceeds_row_possible
Crestwell School,134955435,7928760621,Chapter 14 Test: Measurement,1,4,0.00,2.00,6.00,matches_neither,sg_exceeds_row_possible
Crestwell School,134955423,8165582446,Chapter 10 Test: Add and Subtract Fractions,2,3,1.00,3.00,13.00,matches_neither,sg_exceeds_row_possible
Crestwell School,134955518,8165582446,Chapter 10 Test: Add and Subtract Fractions,1,3,0.50,3.00,11.50,matches_neither,sg_exceeds_row_possible
Crestwell School,139014148,8165582446,Chapter 10 Test: Add and Subtract Fractions,2,3,5.00,7.00,13.00,matches_neither,sg_exceeds_row_possible
Crestwell School,134955321,8165582446,Chapter 10 Test: Add and Subtract Fractions,2,3,4.50,9.00,9.50,matches_neither,""
Crestwell School,134955518,8165582446,Chapter 10 Test: Add and Subtract Fractions,2,3,1.00,3.00,13.00,matches_neither,sg_exceeds_row_possible
Crestwell School,138910491,8165582446,Chapter 10 Test: Add and Subtract Fractions,2,3,2.00,6.00,11.00,matches_neither,sg_exceeds_row_possible
Crestwell School,139014148,8165582446,Chapter 10 Test: Add and Subtract Fractions,1,3,0.00,4.00,11.00,matches_neither,sg_exceeds_row_possible
Crestwell School,134955293,8165582446,Chapter 10 Test: Add and Subtract Fractions,1,3,0.00,3.00,12.00,matches_neither,sg_exceeds_row_possible
Crestwell School,134955423,8165582446,Chapter 10 Test: Add and Subtract Fractions,1,3,0.50,3.00,10.50,matches_neither,sg_exceeds_row_possible
Crestwell School,134955421,8165582446,Chapter 10 Test: Add and Subtract Fractions,2,3,4.00,8.00,11.00,matches_neither,sg_exceeds_row_possible
Crestwell School,134955421,8165582446,Chapter 10 Test: Add and Subtract Fractions,1,3,1.50,9.00,6.50,matches_neither,""
Crestwell School,134955321,8165582446,Chapter 10 Test: Add and Subtract Fractions,1,3,1.00,6.00,7.50,matches_neither,sg_exceeds_row_possible
Crestwell School,138910491,8165582446,Chapter 10 Test: Add and Subtract Fractions,1,3,0.00,1.00,13.00,matches_neither,sg_exceeds_row_possible
Crestwell School,134955530,8165582446,Chapter 10 Test: Add and Subtract Fractions,2,3,0.50,4.00,11.50,matches_neither,sg_exceeds_row_possible
Crestwell School,134955530,8165582446,Chapter 10 Test: Add and Subtract Fractions,1,3,0.00,4.00,11.00,matches_neither,sg_exceeds_row_possible
Crestwell School,134955348,8165582446,Chapter 10 Test: Add and Subtract Fractions,2,3,2.00,4.00,13.00,matches_neither,sg_exceeds_row_possible
Crestwell School,134955293,8165582446,Chapter 10 Test: Add and Subtract Fractions,2,3,2.00,7.00,10.00,matches_neither,sg_exceeds_row_possible
Crestwell School,138921987,8165582446,Chapter 10 Test: Add and Subtract Fractions,2,3,5.00,9.00,11.00,matches_neither,sg_exceeds_row_possible
Crestwell School,134955290,7928762314,Chapter 10 Test: Addition and Subtraction Relationships,2,3,1.47,4.00,6.97,matches_neither,sg_exceeds_row_possible
Crestwell School,134955448,7928762314,Chapter 10 Test: Addition and Subtraction Relationships,3,3,0.25,4.00,5.17,matches_neither,sg_exceeds_row_possible
Crestwell School,134955290,7928762314,Chapter 10 Test: Addition and Subtraction Relationships,1,3,2.55,6.00,5.55,matches_neither,""
Crestwell School,134955448,7928762314,Chapter 10 Test: Addition and Subtraction Relationships,2,3,0.00,3.00,6.17,matches_neither,sg_exceeds_row_possible
Crestwell School,134955448,7928762324,Chapter 11 Test: Geometry: Three-Dimensional Solids,2,3,0.50,4.00,4.50,matches_neither,""
Crestwell School,134955410,7928760601,Chapter 11 Test: Geometry: Three-Dimensional Solids,1,3,0.00,2.00,5.50,matches_neither,sg_exceeds_row_possible
Crestwell School,134955265,7928760601,Chapter 11 Test: Geometry: Three-Dimensional Solids,2,3,1.00,1.00,7.00,matches_neither,sg_exceeds_row_possible
Crestwell School,134955410,7928760601,Chapter 11 Test: Geometry: Three-Dimensional Solids,2,3,0.75,3.00,5.75,matches_neither,sg_exceeds_row_possible
Crestwell School,134955448,7928762324,Chapter 11 Test: Geometry: Three-Dimensional Solids,1,3,0.75,1.00,5.75,matches_neither,sg_exceeds_row_possible
Crestwell School,134955265,7928760601,Chapter 11 Test: Geometry: Three-Dimensional Solids,1,3,0.75,2.00,5.75,matches_neither,sg_exceeds_row_possible
Crestwell School,134955290,7928762324,Chapter 11 Test: Geometry: Three-Dimensional Solids,2,3,0.50,1.00,5.50,matches_neither,sg_exceeds_row_possible
Crestwell School,134955290,7928762324,Chapter 11 Test: Geometry: Three-Dimensional Solids,1,3,0.50,2.00,4.50,matches_neither,sg_exceeds_row_possible
Crestwell School,134955400,7928760601,Chapter 11 Test: Geometry: Three-Dimensional Solids,1,3,0.50,3.00,5.50,matches_neither,sg_exceeds_row_possible
Crestwell School,134955480,8344400868,Chapter 12 Test: Geometry: Two-Dimensional Shapes,1,3,0.33,1.00,5.33,matches_neither,sg_exceeds_row_possible
Crestwell School,134955480,8344400868,Chapter 12 Test: Geometry: Two-Dimensional Shapes,2,3,0.00,3.00,5.00,matches_neither,sg_exceeds_row_possible
Crestwell School,134955352,8344401173,Chapter 12 Test: Geometry: Two-Dimensional Shapes,2,3,0.33,1.00,6.33,matches_neither,sg_exceeds_row_possible
Crestwell School,134955352,8344401173,Chapter 12 Test: Geometry: Two-Dimensional Shapes,1,3,0.00,2.00,4.33,matches_neither,sg_exceeds_row_possible
Crestwell School,134955480,7928762361,Chapter 14 Test: Measurement,2,3,0.00,1.00,7.00,matches_neither,sg_exceeds_row_possible
Crestwell School,134955290,7928762361,Chapter 14 Test: Measurement,1,3,1.00,3.00,5.00,matches_neither,sg_exceeds_row_possible
Crestwell School,134955352,7928760621,Chapter 14 Test: Measurement,2,3,6.00,7.00,7.00,matches_neither,""
Crestwell School,134955352,7928760621,Chapter 14 Test: Measurement,1,3,0.00,3.00,5.00,matches_neither,sg_exceeds_row_possible
Crestwell School,134955290,7928762361,Chapter 14 Test: Measurement,2,3,0.00,3.00,5.00,matches_neither,sg_exceeds_row_possible
Crestwell School,134955480,7928762361,Chapter 14 Test: Measurement,1,3,0.00,1.00,6.00,matches_neither,sg_exceeds_row_possible
Crestwell School,134955349,8374685060,Chapter 15 Test: Time,1,3,0.00,2.00,4.00,matches_neither,sg_exceeds_row_possible
Crestwell School,134955349,8374685060,Chapter 15 Test: Time,2,3,0.00,1.00,6.00,matches_neither,sg_exceeds_row_possible
Crestwell School,138820623,8374687049,Chapter 15 Test: Time,2,3,0.50,3.00,5.50,matches_neither,sg_exceeds_row_possible
Crestwell School,138820623,8374687049,Chapter 15 Test: Time,1,3,0.00,2.00,5.50,matches_neither,sg_exceeds_row_possible
Crestwell School,134955307,8086937886,Chapter 6 Test: Multiply Decimals,1,3,0.00,6.00,4.25,matches_neither,""
Crestwell School,134955307,8086937886,Chapter 6 Test: Multiply Decimals,2,3,1.50,7.00,5.50,matches_neither,""
Crestwell School,134955481,8342380774,Module 10 Assessment : Dare to Dream,2,3,1.00,3.00,20.00,matches_neither,sg_exceeds_row_possible
Crestwell School,134955481,8342380774,Module 10 Assessment : Dare to Dream,1,3,1.00,2.00,22.00,matches_neither,sg_exceeds_row_possible
Crestwell School,134955313,8235188190,The Big Outdoors: Weekly Assessment: Week 3,1,3,1.00,1.00,11.00,matches_neither,sg_exceeds_row_possible
Crestwell School,134955313,8235188190,The Big Outdoors: Weekly Assessment: Week 3,2,3,0.00,3.00,8.00,matches_neither,sg_exceeds_row_possible
Crestwell School,134955295,7925711744,Wild West: Weekly Assessment: Week 1,1,3,1.00,4.00,7.00,matches_neither,sg_exceeds_row_possible
Crestwell School,134955465,7925711744,Wild West: Weekly Assessment: Week 1,1,3,0.00,5.00,4.00,matches_neither,""
Crestwell School,134955295,7925711744,Wild West: Weekly Assessment: Week 1,2,3,1.00,3.00,8.00,matches_neither,sg_exceeds_row_possible
Crestwell School,134955465,7925711744,Wild West: Weekly Assessment: Week 1,2,3,0.00,6.00,4.00,matches_neither,""
Crestwell School,134955338,8165582446,Chapter 10 Test: Add and Subtract Fractions,1,2,1.00,3.00,13.00,matches_neither,sg_exceeds_row_possible
Crestwell School,134955443,8165582446,Chapter 10 Test: Add and Subtract Fractions,1,2,3.00,7.00,11.00,matches_neither,sg_exceeds_row_possible
Crestwell School,134955456,7928762314,Chapter 10 Test: Addition and Subtraction Relationships,1,2,1.50,6.00,5.50,matches_neither,""
Crestwell School,134955349,7928762314,Chapter 10 Test: Addition and Subtraction Relationships,1,2,1.00,4.00,7.50,matches_neither,sg_exceeds_row_possible
Crestwell School,134955493,7928760601,Chapter 11 Test: Geometry: Three-Dimensional Solids,1,2,0.00,3.00,4.00,matches_neither,sg_exceeds_row_possible
Crestwell School,134955451,7928762324,Chapter 11 Test: Geometry: Three-Dimensional Solids,1,2,0.25,4.00,4.25,matches_neither,""
Crestwell School,138820624,7928760601,Chapter 11 Test: Geometry: Three-Dimensional Solids,1,2,0.75,1.00,5.75,matches_neither,sg_exceeds_row_possible
Crestwell School,134955480,7928762324,Chapter 11 Test: Geometry: Three-Dimensional Solids,2,2,0.75,5.00,3.75,matches_neither,""
Crestwell School,138820623,7928760601,Chapter 11 Test: Geometry: Three-Dimensional Solids,1,2,0.00,2.00,6.00,matches_neither,sg_exceeds_row_possible
Crestwell School,134955493,8344401173,Chapter 12 Test: Geometry: Two-Dimensional Shapes,1,2,0.33,1.00,6.33,matches_neither,sg_exceeds_row_possible
Crestwell School,134955385,8344401173,Chapter 12 Test: Geometry: Two-Dimensional Shapes,1,2,0.67,1.00,6.67,matches_neither,sg_exceeds_row_possible
Crestwell School,134955290,8344400868,Chapter 12 Test: Geometry: Two-Dimensional Shapes,1,2,0.33,2.00,5.33,matches_neither,sg_exceeds_row_possible
Crestwell School,134955448,8344400868,Chapter 12 Test: Geometry: Two-Dimensional Shapes,1,2,0.33,3.00,5.33,matches_neither,sg_exceeds_row_possible
Crestwell School,134955435,8344401173,Chapter 12 Test: Geometry: Two-Dimensional Shapes,2,2,2.33,3.00,7.33,matches_neither,sg_exceeds_row_possible
Crestwell School,134955410,8344401173,Chapter 12 Test: Geometry: Two-Dimensional Shapes,1,2,1.00,3.00,6.00,matches_neither,sg_exceeds_row_possible
Crestwell School,134955349,8344400868,Chapter 12 Test: Geometry: Two-Dimensional Shapes,1,2,0.33,3.00,5.33,matches_neither,sg_exceeds_row_possible
Crestwell School,134955448,8353966578,Chapter 13 Test: Fraction Concepts,1,2,0.33,2.00,6.33,matches_neither,sg_exceeds_row_possible
Crestwell School,134955480,8353966578,Chapter 13 Test: Fraction Concepts,1,2,0.00,2.00,6.00,matches_neither,sg_exceeds_row_possible
Crestwell School,134955376,7928762361,Chapter 14 Test: Measurement,1,2,0.00,2.00,6.00,matches_neither,sg_exceeds_row_possible
Crestwell School,134955285,7928760621,Chapter 14 Test: Measurement,1,2,0.00,1.00,3.00,matches_neither,sg_exceeds_row_possible
Crestwell School,134955265,7928760621,Chapter 14 Test: Measurement,1,2,0.00,2.00,5.00,matches_neither,sg_exceeds_row_possible
Crestwell School,134955493,7928760621,Chapter 14 Test: Measurement,1,2,0.00,2.00,3.00,matches_neither,sg_exceeds_row_possible
Crestwell School,134955448,7928762361,Chapter 14 Test: Measurement,1,2,2.00,2.00,7.00,matches_neither,sg_exceeds_row_possible
Crestwell School,134955481,7928762361,Chapter 14 Test: Measurement,1,2,0.00,2.00,6.00,matches_neither,sg_exceeds_row_possible
Crestwell School,138820623,7928760621,Chapter 14 Test: Measurement,1,2,0.00,2.00,6.00,matches_neither,sg_exceeds_row_possible
Crestwell School,134955400,8374687049,Chapter 15 Test: Time,1,2,0.50,4.00,4.50,matches_neither,""
Crestwell School,134955495,8374687049,Chapter 15 Test: Time,1,2,0.00,2.00,5.00,matches_neither,sg_exceeds_row_possible
Crestwell School,134955290,8374685060,Chapter 15 Test: Time,1,2,0.00,3.00,5.00,matches_neither,sg_exceeds_row_possible
Crestwell School,134955376,8374685060,Chapter 15 Test: Time,1,2,1.00,3.00,6.00,matches_neither,sg_exceeds_row_possible
Crestwell School,134955448,8374685060,Chapter 15 Test: Time,1,2,0.50,4.00,4.50,matches_neither,""
Crestwell School,138820623,7928760644,Chapter 16 Test: Graphing,1,2,0.00,1.00,8.00,matches_neither,sg_exceeds_row_possible
Crestwell School,134955435,7928760644,Chapter 16 Test: Graphing,1,2,0.00,2.00,7.00,matches_neither,sg_exceeds_row_possible
Crestwell School,138820624,7928760644,Chapter 16 Test: Graphing,1,2,0.00,2.00,5.00,matches_neither,sg_exceeds_row_possible
Crestwell School,134955400,7928760644,Chapter 16 Test: Graphing,1,2,0.00,4.00,5.00,matches_neither,sg_exceeds_row_possible
Crestwell School,134955410,7928760644,Chapter 16 Test: Graphing,1,2,0.33,3.00,5.33,matches_neither,sg_exceeds_row_possible
Crestwell School,134955385,7928760644,Chapter 16 Test: Graphing,1,2,0.00,6.00,3.00,matches_neither,""
Crestwell School,134955458,8362714330,Chapter 18 Test: Represent and Interpret Data,1,2,0.67,2.00,8.50,matches_neither,sg_exceeds_row_possible
Crestwell School,134955387,8362714330,Chapter 18 Test: Represent and Interpret Data,1,2,0.67,2.00,9.67,matches_neither,sg_exceeds_row_possible
Crestwell School,134955319,8362714330,Chapter 18 Test: Represent and Interpret Data,1,2,1.50,3.00,7.50,matches_neither,sg_exceeds_row_possible
Crestwell School,138921979,8362714330,Chapter 18 Test: Represent and Interpret Data,1,2,0.75,2.00,8.08,matches_neither,sg_exceeds_row_possible
Crestwell School,134955332,8362714330,Chapter 18 Test: Represent and Interpret Data,1,2,1.00,2.00,8.50,matches_neither,sg_exceeds_row_possible
Crestwell School,134955336,8362714330,Chapter 18 Test: Represent and Interpret Data,1,2,2.33,4.00,8.33,matches_neither,sg_exceeds_row_possible
Crestwell School,136697026,7610639442,Chapter 1 Test: Counting and Number Sense,1,2,0.00,6.00,3.00,matches_neither,""
Crestwell School,138921983,8007341041,Chapter 2 Test: Addition and Subtraction Strategies,1,2,2.00,3.00,3.50,matches_neither,""
Crestwell School,134955388,8007341041,Chapter 2 Test: Addition and Subtraction Strategies,1,2,3.17,6.00,11.17,matches_neither,sg_exceeds_row_possible
Crestwell School,134955338,8027627909,Chapter 2 Test: Multiply by 1-Digit Numbers,1,2,6.00,14.00,19.00,matches_neither,sg_exceeds_row_possible
Crestwell School,138921987,8027627909,Chapter 2 Test: Multiply by 1-Digit Numbers,1,2,7.00,18.00,15.00,matches_neither,""
Crestwell School,134955530,8027627909,Chapter 2 Test: Multiply by 1-Digit Numbers,1,2,2.00,11.00,17.00,matches_neither,sg_exceeds_row_possible
Crestwell School,134955293,8027627909,Chapter 2 Test: Multiply by 1-Digit Numbers,1,2,7.00,19.00,15.00,matches_neither,""
Crestwell School,134955257,8027627909,Chapter 2 Test: Multiply by 1-Digit Numbers,1,2,2.00,9.00,12.00,matches_neither,sg_exceeds_row_possible
Crestwell School,134955443,8027627909,Chapter 2 Test: Multiply by 1-Digit Numbers,1,2,6.00,16.00,13.00,matches_neither,""
Crestwell School,134955321,8027627909,Chapter 2 Test: Multiply by 1-Digit Numbers,1,2,3.00,10.00,17.00,matches_neither,sg_exceeds_row_possible
Crestwell School,134955348,8027627909,Chapter 2 Test: Multiply by 1-Digit Numbers,1,2,4.00,12.00,18.00,matches_neither,sg_exceeds_row_possible
Crestwell School,138820627,8007293705,Chapter 3 Test: Basic Facts,1,2,6.00,9.00,14.00,matches_neither,sg_exceeds_row_possible
Crestwell School,139014148,8027627916,Chapter 3 Test: Multiply by 2-Digit Numbers,1,2,2.00,4.00,15.00,matches_neither,sg_exceeds_row_possible
Crestwell School,134955260,8078663411,Chapter 5 Test: Multiply Decimals and Whole Numbers,1,2,0.00,2.00,7.67,matches_neither,sg_exceeds_row_possible
Crestwell School,134955430,8078663411,Chapter 5 Test: Multiply Decimals and Whole Numbers,1,2,1.75,6.00,3.75,matches_neither,""
Crestwell School,134955377,8078663411,Chapter 5 Test: Multiply Decimals and Whole Numbers,1,2,0.67,3.00,7.67,matches_neither,sg_exceeds_row_possible
Crestwell School,134955295,8078663411,Chapter 5 Test: Multiply Decimals and Whole Numbers,1,2,1.67,2.00,9.67,matches_neither,sg_exceeds_row_possible
Crestwell School,134955520,8078663411,Chapter 5 Test: Multiply Decimals and Whole Numbers,1,2,1.00,4.00,7.00,matches_neither,sg_exceeds_row_possible
Crestwell School,134955465,8078663411,Chapter 5 Test: Multiply Decimals and Whole Numbers,1,2,2.17,5.00,6.83,matches_neither,sg_exceeds_row_possible
Crestwell School,134955465,8086937886,Chapter 6 Test: Multiply Decimals,1,2,1.25,6.00,6.25,matches_neither,""
Crestwell School,134955409,8086937886,Chapter 6 Test: Multiply Decimals,1,2,2.00,4.00,9.00,matches_neither,sg_exceeds_row_possible
Crestwell School,134955492,7998806394,Chapter 7 Test: Divide Decimals,2,2,1.17,5.00,5.17,matches_neither,""
Crestwell School,134955307,7998804078,Chapter 7 Test: Divide Decimals,1,2,2.33,5.00,7.33,matches_neither,sg_exceeds_row_possible
Crestwell School,134955481,8236188852,Chapter 7 Test: Subtraction Strategies,1,2,2.00,3.00,7.00,matches_neither,sg_exceeds_row_possible
Crestwell School,134955313,8236188852,Chapter 7 Test: Subtraction Strategies,1,2,1.00,3.00,6.00,matches_neither,sg_exceeds_row_possible
Crestwell School,134955360,8236188852,Chapter 7 Test: Subtraction Strategies,1,2,2.00,2.00,7.00,matches_neither,sg_exceeds_row_possible
Crestwell School,134955533,8236188852,Chapter 7 Test: Subtraction Strategies,1,2,0.00,1.00,5.00,matches_neither,sg_exceeds_row_possible
Crestwell School,134955448,7928762286,Chapter 8 Test: More Addition Strategies,1,2,0.00,3.00,6.00,matches_neither,sg_exceeds_row_possible
Crestwell School,134955349,7928762286,Chapter 8 Test: More Addition Strategies,1,2,1.00,5.00,6.00,matches_neither,sg_exceeds_row_possible
Crestwell School,134955290,7928762286,Chapter 8 Test: More Addition Strategies,1,2,0.00,4.00,6.00,matches_neither,sg_exceeds_row_possible
Crestwell School,134955348,8030068539,Come to Your Senses: Weekly Assessment: Week 1,1,2,3.00,3.00,10.00,matches_neither,sg_exceeds_row_possible
Crestwell School,134955448,8342380774,Module 10 Assessment : Dare to Dream,2,2,3.00,11.00,14.00,matches_neither,sg_exceeds_row_possible
Crestwell School,134955349,8200418372,Module 6 Assessment: Celebrate America,1,2,2.00,9.00,11.00,matches_neither,sg_exceeds_row_possible
Crestwell School,134955522,8200418372,Module 6 Assessment: Celebrate America,1,2,0.00,6.00,16.00,matches_neither,sg_exceeds_row_possible
Crestwell School,134955456,8200418372,Module 6 Assessment: Celebrate America,1,2,0.00,13.00,9.00,matches_neither,""
Crestwell School,134955313,8200418372,Module 6 Assessment: Celebrate America,1,2,2.00,7.00,18.00,matches_neither,sg_exceeds_row_possible
Crestwell School,134955360,8200418372,Module 6 Assessment: Celebrate America,1,2,4.00,15.00,9.00,matches_neither,""
Crestwell School,139014149,7925370852,Module Assessment: Be a Super Citizen,1,2,10.00,14.00,15.00,matches_neither,sg_exceeds_row_possible
Crestwell School,134955512,7925370852,Module Assessment: Be a Super Citizen,1,2,8.00,9.00,19.00,matches_neither,sg_exceeds_row_possible
Crestwell School,138820627,7925370852,Module Assessment: Be a Super Citizen,1,2,10.00,19.00,12.00,matches_neither,""
Crestwell School,138921982,7925370852,Module Assessment: Be a Super Citizen,1,2,5.00,20.00,7.00,matches_neither,""
Crestwell School,134955284,7925370852,Module Assessment: Be a Super Citizen,1,2,9.00,12.00,16.00,matches_neither,sg_exceeds_row_possible
Crestwell School,134955506,7925370852,Module Assessment: Be a Super Citizen,1,2,6.00,17.00,8.00,matches_neither,""
Crestwell School,134955258,8030012753,Module Assessment: Look Around and Explore!,1,2,5.00,8.00,14.00,matches_neither,sg_exceeds_row_possible
Crestwell School,134955488,8085881867,Module Assessment: There's Only One Me!,1,2,0.00,8.00,10.00,matches_neither,sg_exceeds_row_possible
Crestwell School,134955533,8235188190,The Big Outdoors: Weekly Assessment: Week 3,2,2,1.00,7.00,5.00,matches_neither,""
Crestwell School,134955460,7929054690,What Makes Us Who We Are?: Weekly Assessment: Week 2,1,2,4.00,4.00,10.00,matches_neither,sg_exceeds_row_possible
Crestwell School,134955415,7929054690,What Makes Us Who We Are?: Weekly Assessment: Week 2,1,2,3.00,6.00,6.00,matches_neither,""
Crestwell School,134955429,7925711744,Wild West: Weekly Assessment: Week 1,1,2,1.00,6.00,3.00,matches_neither,""
Crestwell School,134955510,7925711744,Wild West: Weekly Assessment: Week 1,1,2,0.00,3.00,7.00,matches_neither,sg_exceeds_row_possible
Crestwell School,134955450,7925711744,Wild West: Weekly Assessment: Week 1,1,2,1.00,3.00,8.00,matches_neither,sg_exceeds_row_possible
Crestwell School,134955430,7925711744,Wild West: Weekly Assessment: Week 1,1,2,0.00,5.00,4.00,matches_neither,""
Crestwell School,134955409,7925711744,Wild West: Weekly Assessment: Week 1,1,2,1.00,2.00,9.00,matches_neither,sg_exceeds_row_possible
Crestwell School,134955523,8320411747,Chapter 14 Test: Length in Metric Units,1,1,4.50,5.00,5.50,matches_neither,""
Crestwell School,138921982,8067688682,Module Assessment: Look Around and Explore!,1,1,4.00,11.00,7.00,matches_neither,""
